# .PCD v0.7 - Point Cloud Data file format
VERSION 0.7
FIELDS x y z intensity
SIZE 4 4 4 4
TYPE F F F F
COUNT 1 1 1 1
WIDTH 25049
HEIGHT 1
VIEWPOINT 0 0 0 1 0 0 0
POINTS 25049
DATA ascii
2.1760161 -0.33334947 -0.0026281173 1
2.5575032 -0.39180478 0.0041546281 1
3.0344048 -0.46551585 0.022137109 2
4.6665583 -0.72138524 1.4436543 9
1.9065367 -0.29166752 -0.01290888 1
4.6692309 -0.71502358 0.76539093 2
4.6295886 -0.7303533 0.26611564 25
4.660141 -0.71700943 1.100763 3
4.6928139 -0.71649444 0.59864575 5
4.6253414 -0.71927649 1.7841089 4
4.6065655 -0.71426708 1.6041117 4
4.6526556 -0.71797967 1.2694641 3
3.7343268 -0.57366854 0.045320787 2
4.7329631 -0.7272945 0.090582184 2
4.6753788 -0.72272682 0.43117806 2
4.6853852 -0.7187494 0.93451631 2
4.5886521 -0.72937959 1.7748275 7
4.6004057 -0.72913325 1.6031935 4
3.720716 -0.58442765 0.046783801 2
4.62744 -0.72456396 0.76334214 2
4.6374769 -0.73285002 0.43184423 2
4.6269045 -0.72993219 1.2657253 3
2.5484416 -0.39974433 0.0056796372 1
3.03284 -0.47632521 0.022119312 2
2.1691437 -0.34026438 -0.0012817712 1
4.651433 -0.73040605 0.93175679 2
4.663558 -0.73357177 0.096600659 2
4.64082 -0.73422438 1.4390894 9
4.6459265 -0.73164797 1.0992938 3
4.6824622 -0.73185819 0.59849226 5
1.8979528 -0.29735884 -0.01083662 1
3.7188301 -0.59696901 0.046762384 2
4.6211472 -0.73948711 0.76311338 2
4.5290518 -0.73555106 1.7593749 4
4.5711007 -0.74025142 1.5969174 4
4.5894237 -0.73985499 1.260131 7
4.6193037 -0.74589723 0.43212587 2
2.5394258 -0.40717104 0.0072051892 1
4.6175809 -0.74101073 0.92899829 2
3.0313199 -0.48659018 0.022102136 2
4.6082659 -0.74161059 1.0949442 2
2.1565359 -0.34583235 0.001425631 1
4.6682377 -0.7457189 0.59827828 5
1.8894042 -0.30265132 -0.0087637287 1
4.6415052 -0.74610519 0.098353334 2
4.5996594 -0.74358034 1.4315012 9
2.1708353 -0.35567486 -0.0022143754 1
3.0141716 -0.49431288 0.024615262 2
4.5713 -0.75352299 1.2576296 3
4.6302862 -0.75563562 0.59768718 4
4.614676 -0.75518954 0.76288491 2
2.5381365 -0.41579235 0.0071901977 1
4.5994415 -0.75395626 0.9276064 2
4.5784287 -0.75261843 1.0915567 2
3.7520607 -0.61591357 0.042288899 2
4.5189219 -0.75031805 1.7572931 4
4.5623698 -0.75330859 1.424669 4
1.8922775 -0.30972925 -0.0098175695 1
4.6206989 -0.76288897 0.43202204 2
4.5531859 -0.75388128 1.5933189 4
4.6625419 -0.76637316 0.096191421 2
4.4487276 -0.74962485 0.27556211 20
2.1677368 -0.3631413 -0.0017750371 1
4.5882463 -0.76547438 0.59703386 4
4.5805688 -0.76627237 0.76123953 2
3.7421362 -0.62792307 0.04325635 2
4.482059 -0.76051623 1.7480115 6
4.5523582 -0.76488 1.0886467 2
4.5317025 -0.76349723 1.2517253 7
4.6338649 -0.78187865 0.43168697 2
1.8950229 -0.31751731 -0.01087219 1
4.5652885 -0.7658028 0.92484641 2
4.6677771 -0.78418177 0.095452696 2
2.536679 -0.42532521 0.0071745217 1
4.4851241 -0.75978732 1.5781138 4
3.0202136 -0.50687897 0.023330785 2
4.5286789 -0.76504803 1.418591 4
4.619391 -0.79499334 0.26600841 25
2.1530321 -0.36903891 0.0013849488 1
2.5391293 -0.4350501 0.006388939 1
3.0301864 -0.51961738 0.021414323 2
4.5469594 -0.77927661 0.92345446 2
4.5423717 -0.77725929 0.75939232 2
4.4671607 -0.77300924 1.5745164 4
4.4912281 -0.77509815 1.4117599 8
3.7281563 -0.63987112 0.044717282 2
4.5065551 -0.77444035 1.0833352 2
4.5736651 -0.78050464 0.59681791 4
1.9016 -0.32563165 -0.012968536 1
4.5153308 -0.77799189 1.2495321 3
4.6572347 -0.79935771 0.096137568 2
4.4526677 -0.77256006 1.7407849 4
4.5798116 -0.79030192 0.4326596 2
2.1594894 -0.37809703 -0.00044140063 1
2.5396068 -0.44445777 0.0059883902 1
4.5436506 -0.79400945 0.7595681 2
4.5591745 -0.7946443 0.59660435 4
4.5403671 -0.79467613 0.92308623 2
4.5117345 -0.79174483 1.0842706 2
3.7181585 -0.6517418 0.045685459 2
4.4815302 -0.78851891 1.2445568 3
4.6839347 -0.82095993 0.093442537 2
4.4414821 -0.78476757 1.5691335 4
1.8948232 -0.33149987 -0.011416388 1
3.0167611 -0.52838725 0.023295034 2
4.4847145 -0.79030967 1.4109783 4
4.3967323 -0.77892673 1.7263622 6
4.5180187 -0.79616684 0.43378922 2
1.8880286 -0.33731747 -0.0098654339 1
2.1620731 -0.38652766 -0.0013611033 1
4.5173311 -0.80589926 0.75832903 2
2.5323207 -0.4525063 0.007128051 1
4.4162807 -0.79441673 1.3980963 8
4.3826642 -0.79243684 1.7232529 4
4.4004221 -0.7936008 1.5601798 4
4.6438537 -0.83090144 0.096795797 2
4.5052552 -0.80172116 0.59576398 4
3.0188653 -0.53982168 0.022644322 2
4.4670157 -0.79819697 0.91691417 2
3.7237551 -0.66631705 0.044673845 2
4.4399323 -0.79743224 1.2383454 3
4.4582024 -0.79866135 1.0779997 2
4.4956055 -0.8086316 0.4341481 2
4.5025105 -0.81765831 0.59573758 4
2.1703763 -0.39600781 -0.0036412 1
4.471333 -0.81406492 0.75608027 2
2.5346699 -0.46225876 0.006343008 1
4.3983278 -0.80606151 1.2321336 3
3.0248163 -0.55197567 0.021360451 2
4.3267298 -0.79819161 1.708832 4
3.7253921 -0.68024069 0.044157814 2
1.8869193 -0.34411812 -0.0098767495 1
4.428122 -0.80946559 1.0746121 2
4.4603662 -0.81329429 0.91654724 2
4.6253214 -0.84447891 0.098191701 2
4.4097028 -0.80933589 1.3973157 4
4.3631964 -0.80286634 1.5521204 4
4.4613624 -0.81879669 0.43473858 2
2.1518161 -0.40062946 0.00042659312 1
4.3088088 -0.81066012 1.7046947 4
4.4489031 -0.82625622 0.75504392 2
3.0074148 -0.55988646 0.023874609 2
4.3876309 -0.82134771 1.3935101 4
1.8933853 -0.35231039 -0.01197277 1
4.4643087 -0.82707131 0.59514862 4
4.3394513 -0.80922878 1.0640213 2
3.7386875 -0.69634598 0.04215765 2
2.5292599 -0.47061101 0.0070985584 1
4.4223123 -0.82256013 0.91344929 2
4.3642907 -0.81902015 1.5529888 4
4.4231691 -0.82800645 0.43540603 2
4.3644896 -0.81585193 1.2271605 3
4.6144433 -0.86021495 0.098876439 2
2.1581423 -0.40977907 -0.0014008135 1
4.3911104 -0.8316614 0.75218952 2
3.7129099 -0.70520508 0.04510472 2
4.4339604 -0.83770555 0.59468561 4
4.2642698 -0.81794834 1.6933594 4
4.4085455 -0.84142703 0.43561256 2
4.3327842 -0.82385182 1.0635165 2
4.3345218 -0.82615501 1.2228063 3
4.3268757 -0.82867098 1.5449284 4
4.3769655 -0.83618438 1.3919716 4
2.5314584 -0.48082554 0.0063122683 1
4.5997467 -0.87432122 0.099917583 2
3.0034828 -0.57076299 0.024172617 2
1.8921638 -0.35946733 -0.011984746 1
4.3880243 -0.83308494 0.91069156 2
4.4388018 -0.85568362 0.59478408 4
2.1567101 -0.4179149 -0.0014137581 1
4.2969761 -0.8367604 1.3768256 7
3.0131896 -0.58369315 0.022256127 2
1.890977 -0.36628118 -0.01199648 1
4.3645797 -0.843458 0.75095069 2
4.2130342 -0.82247728 1.5190163 4
4.2499528 -0.83158201 1.6902498 4
3.7201252 -0.72090369 0.043845285 2
4.3695178 -0.84559834 0.90930146 2
2.5144262 -0.48693016 0.0093797036 1
4.366251 -0.85021496 0.43635771 2
4.3025308 -0.83469528 1.0601295 2
4.5732708 -0.88607275 0.10202716 2
4.2888727 -0.83402514 1.215977 3
2.1438453 -0.42341793 0.0012938938 1
4.330328 -0.85278457 0.74931115 2
3.7079268 -0.73219895 0.0450611 2
4.2801914 -0.84609854 1.0577042 2
4.3196917 -0.85187584 0.90518111 2
2.5166414 -0.49666354 0.0085938768 1
4.2167754 -0.84061944 1.6820004 4
4.5350409 -0.89535171 0.10520425 2
4.2331772 -0.84191495 1.5243485 2
4.3926897 -0.86296141 0.59407151 4
1.8859764 -0.37235862 -0.010965487 1
3.0034606 -0.59291369 0.023505319 2
4.2705078 -0.84614646 1.2134776 6
4.2709947 -0.84741771 1.3722652 7
4.3280249 -0.85871875 0.43702725 2
3.7268381 -0.74962395 0.042319048 2
2.1538994 -0.43338555 -0.0014392223 1
4.2103281 -0.85094297 1.3609018 7
2.5188222 -0.50642222 0.007808656 1
4.2803912 -0.85874003 0.74686199 1
4.2737818 -0.85859287 0.90140289 1
1.8847448 -0.37915292 -0.010976579 1
4.1873789 -0.85020185 1.6747799 6
4.3172383 -0.8724581 0.43715754 2
4.1844296 -0.84768015 1.5136131 4
4.4968052 -0.90437794 0.10838293 2
4.3191228 -0.86448258 0.59292275 3
4.2500372 -0.85579485 1.0543185 2
4.2869916 -0.86514109 1.2165467 3
2.9975784 -0.60283792 0.024121391 2
4.2578764 -0.86992943 0.74582881 1
4.2474079 -0.8689577 0.89933091 1
2.1486347 -0.44034261 -0.00054514915 1
2.5248132 -0.51697922 0.0062532737 1
2.9935989 -0.61311567 0.024420377 2
4.2497554 -0.87449217 1.3691939 7
4.157969 -0.85958165 1.6675594 6
4.4741778 -0.91632128 0.11013826 2
4.2336922 -0.87004691 1.2084824 3
1.8929549 -0.38784906 -0.013593372 1
4.2887187 -0.87421852 0.59246147 3
4.243217 -0.87004656 1.0538143 2
4.2082734 -0.86795992 1.5198377 4
4.2848611 -0.88174433 0.43771282 2
3.7145514 -0.76087177 0.043534998 2
2.1433487 -0.44727352 0.00034977475 1
4.1842837 -0.87539601 1.2010386 2
4.4359183 -0.92488533 0.11331679 2
4.2366266 -0.88237935 0.89862508 1
4.2431588 -0.88257492 0.74519891 1
4.1739526 -0.87825239 1.6726775 6
4.1480474 -0.87092763 1.5064255 6
4.1813841 -0.87594455 1.3563186 7
1.8897785 -0.39427367 -0.013084232 1
2.9934552 -0.62417948 0.024087356 2
2.5326836 -0.52798218 0.0043124794 1
4.254384 -0.88294369 0.59193784 3
3.7041781 -0.77243972 0.044503585 2
4.1819119 -0.87298858 1.0465885 2
4.2603002 -0.89243197 0.4381136 2
2.1361334 -0.45376563 0.0016975827 1
3.6976516 -0.78476143 0.044977553 2
4.2127681 -0.89184552 0.74376142 1
2.5116975 -0.53300977 0.0081506176 1
2.9971344 -0.63604879 0.02312028 2
4.0954833 -0.87509584 1.4947985 4
4.2317872 -0.89390534 0.59160322 3
4.1630173 -0.88749194 1.3532716 7
4.4327407 -0.94058305 0.11329253 2
4.1420093 -0.88001138 1.0420042 2
4.2024035 -0.89081311 0.89587176 1
4.0839801 -0.87454444 1.6490067 4
4.1503553 -0.88367802 1.1960679 2
1.8979182 -0.40304467 -0.015701551 1
4.2259398 -0.9008972 0.43870714 2
4.1153631 -0.89453357 1.5001327 4
4.1331735 -0.89342219 1.0412616 2
2.5194981 -0.5440318 0.0062101618 1
2.1403301 -0.46264204 0.000324341 1
1.8795831 -0.40627494 -0.01102102 1
4.1784601 -0.90008342 0.74212313 1
4.1681757 -0.89901799 0.89311826 1
2.9891794 -0.64548326 0.024053151 2
4.2287226 -0.90888125 0.59157872 3
3.6794462 -0.79456544 0.046937093 2
4.0998831 -0.89308631 1.6541252 6
4.4100308 -0.95209599 0.11504859 2
4.089375 -0.88591373 1.1867688 2
4.2032981 -0.91164482 0.43906972 2
4.1522999 -0.90057135 1.3517362 7
4.137836 -0.90784454 0.89070761 1
2.5176618 -0.55303252 0.0061952393 1
2.1502051 -0.47279358 -0.0024090374 1
4.1597567 -0.91147655 0.74129206 1
4.1943383 -0.9170717 0.59105736 3
2.9869885 -0.65612972 0.024035994 2
1.8763459 -0.41263658 -0.010510774 1
3.7193904 -0.81689739 0.041472197 2
4.0708995 -0.89701647 1.1842731 2
4.3522577 -0.95581895 0.12000837 2
4.0993366 -0.90435863 1.3418875 7
4.1503887 -0.91744536 1.509035 8
4.1068339 -0.90297639 1.0383581 2
4.0741744 -0.90261972 1.6479341 6
4.1708746 -0.92012542 0.4396275 1
2.1372073 -0.47799128 0.00029907358 1
2.9847586 -0.66676301 0.024019744 2
4.0977559 -0.91431153 0.88744324 3
4.1137233 -0.91672081 0.73904818 1
4.1677604 -0.92675841 0.59066051 3
2.5177116 -0.56244558 0.0057955221 1
3.7010934 -0.82666284 0.043432057 2
4.0254631 -0.90498662 1.4804513 4
1.8730878 -0.41898009 -0.01000041 1
4.0716872 -0.91228741 1.1848691 2
4.0107274 -0.90356106 1.6314635 4
4.1755233 -0.9366259 0.43945014 1
4.0727277 -0.91064376 1.0344952 2
4.0387244 -0.90607387 1.3305259 6
4.2945166 -0.95915979 0.12496967 2
2.1375065 -0.48608777 -0.00016635761 1
1.8811144 -0.4278217 -0.012618112 1
2.5177248 -0.57186872 0.0053959587 1
4.0109587 -0.91665411 1.4777522 4
4.1333585 -0.93450892 0.59013826 3
4.0832982 -0.92515856 0.73761302 1
4.0454354 -0.92148483 1.1811373 5
4.260128 -0.96735352 0.12779468 2
4.0432892 -0.92211038 1.3320168 6
4.0907359 -0.92794502 0.88707942 3
4.0821838 -0.94434768 0.29270446 10
3.6866474 -0.83718103 0.044896852 2
4.0001001 -0.91605657 1.6293864 4
4.1313524 -0.94214886 0.44023904 1
2.9805682 -0.67696315 0.024320332 2
4.0424914 -0.91895634 1.0311128 2
2.1491728 -0.49677947 -0.0033535236 1
3.9517646 -0.91978538 1.617028 4
4.0528655 -0.93339211 0.73617792 1
2.4966612 -0.57651228 0.0092352098 1
2.9878902 -0.68976653 0.022720259 2
4.0209913 -0.93202317 1.3282149 6
4.0238614 -0.92972207 1.0291706 2
4.008925 -0.94248676 0.29658648 8
3.9508281 -0.91773701 1.4643433 4
3.6818449 -0.8498109 0.045123402 2
4.0661888 -0.93754846 0.88518149 1
4.1067553 -0.94381326 0.58974248 2
1.8796897 -0.43459716 -0.01262904 1
4.2063184 -0.97088718 0.13240217 2
4.0114641 -0.92872983 1.1761682 5
4.1008344 -0.95050263 0.4407571 1
2.13767 -0.50225854 -0.0011191624 1
3.9321747 -0.92812467 1.4607091 4
3.9932706 -0.93761921 1.0257459 2
4.0298734 -0.94317502 0.73510242 1
2.5058398 -0.58804798 0.0068835439 1
4.031589 -0.94468319 0.88238698 1
2.9890482 -0.70124757 0.022038817 2
3.6727953 -0.86147428 0.045806561 2
4.0798054 -0.95288295 0.58930236 2
1.8647254 -0.43828928 -0.0090097198 1
3.921948 -0.92755628 1.6097679 4
4.175477 -0.97939122 0.13482557 2
3.9715731 -0.93549722 1.3190802 6
4.0660834 -0.95769644 0.44131055 1
3.9353919 -0.94006938 0.30042604 6
3.9579232 -0.93121922 1.1680659 5
4.0414958 -0.95909238 0.58871609 2
4.0472298 -0.96840322 0.44159439 1
3.9214125 -0.94024998 1.4588997 6
2.509582 -0.59835529 0.005711515 1
1.8689036 -0.44633254 -0.010585519 1
2.143568 -0.51170772 -0.0029477112 1
4.0033097 -0.95195413 0.73386681 1
3.9779224 -0.94706106 0.87792796 1
3.8777983 -0.9409532 0.30343899 4
3.9112527 -0.93965781 1.6076866 6
3.9416142 -0.94322217 1.3137646 6
3.6910896 -0.87952071 0.043060523 2
3.9552777 -0.94354194 1.0214006 2
2.9789715 -0.71007872 0.023286024 2
4.160481 -0.99143457 0.13586839 2
3.9508903 -0.9443351 1.1674235 5
4.1570716 -1.006171 0.13584268 2
1.8730474 -0.4544012 -0.01216214 1
3.8396482 -0.94616926 0.3053675 3
3.9689631 -0.9586935 0.73222798 1
2.5037374 -0.60640538 0.0064650988 1
4.018631 -0.97665834 0.44207183 1
3.8954506 -0.948654 1.4535207 4
2.9688692 -0.71884531 0.024532959 2
3.9053886 -0.94815385 1.1605968 4
3.6591272 -0.88568228 0.046750251 2
3.9707987 -0.96021479 0.87756073 1
2.1266887 -0.51577973 0.00066664844 1
4.0070853 -0.96597177 0.58819276 2
3.9154744 -0.95166695 1.3092051 6
3.8930109 -0.94987857 1.6035503 6
3.9134319 -0.94828248 1.0165772 2
3.8411176 -0.95101559 1.590165 6
3.8365641 -0.9591012 0.30534446 3
3.9386685 -0.96545178 0.73079246 1
3.9023075 -0.96130723 1.1605747 4
3.9921362 -0.98448604 0.44251266 1
3.6638026 -0.9005329 0.045735981 2
3.9045823 -0.96366626 1.3076687 6
4.1187735 -1.0124025 0.13902213 2
3.879317 -0.9546259 1.012713 1
2.9740973 -0.73128402 0.023247521 2
3.9423356 -0.96816373 0.87531942 3
2.1306348 -0.5247882 -0.00070800283 1
3.8391824 -0.94946283 1.4410034 6
2.5074081 -0.61674803 0.0052938275 1
1.8677746 -0.4602353 -0.011132206 1
4.01543 -0.98299599 0.58835483 2
3.8255265 -0.97076124 0.30575532 3
2.1346321 -0.53344119 -0.0020824862 1
3.866406 -0.96705168 1.1552956 4
2.9698133 -0.74087447 0.023546608 2
3.8209605 -0.95862478 1.437411 6
3.8747623 -0.97019339 1.3023559 6
3.8665717 -0.9652974 1.0114907 1
3.6531644 -0.91098166 0.046705429 2
3.8965678 -0.96984196 0.72874993 1
3.9305325 -0.98418307 0.44364929 1
3.807853 -0.95715368 1.5819188 6
4.0005736 -0.99363726 0.58814412 2
3.9099994 -0.97496229 0.87273723 1
2.4976952 -0.62382483 0.006818525 1
1.869987 -0.46788278 -0.012186922 1
4.0688815 -1.0155059 0.14327092 2
2.1290562 -0.54015744 -0.0011886032 1
3.9068062 -0.98704594 0.72943234 1
3.8720281 -0.9793998 0.86964542 1
3.9486611 -0.99569911 0.58734316 2
2.9672856 -0.75144625 0.023527188 2
1.8684998 -0.47427824 -0.012199238 1
3.798774 -0.96739781 1.4329255 4
2.4956858 -0.63230109 0.0068026613 1
3.8362644 -0.97400248 1.1509444 4
3.8120751 -0.97254038 1.5839506 6
3.8459294 -0.97464186 1.0093062 1
3.8600097 -0.98103935 1.300064 6
3.6500382 -0.92394096 0.046681982 2
3.911639 -0.99420154 0.4439356 1
3.7891273 -0.97659838 0.30757442 3
4.0151563 -1.0173091 0.14787775 2
2.123457 -0.5468325 -0.00029622033 1
3.8705063 -0.99252492 0.72769362 1
3.6584101 -0.93983251 0.045174684 2
3.842591 -0.98827064 1.0092828 1
3.898721 -0.99788725 0.58657277 2
3.7825327 -0.97932702 1.5767319 6
3.8118639 -0.98221254 1.1475198 4
3.8791664 -1.0006385 0.44449246 1
2.4991395 -0.64310819 0.0056291283 1
3.8298764 -0.98397827 0.86621064 1
3.8066278 -0.98443431 1.4355774 6
2.9645941 -0.76253927 0.023507917 2
1.8555983 -0.47849697 -0.0090844305 1
3.8108125 -0.9837262 1.290972 8
4.0271044 -1.035468 0.14642797 2
3.7451792 -0.97952002 0.30983099 2
3.7603064 -0.98852593 1.571568 6
2.1177514 -0.55387008 0.00059766829 1
3.8082743 -0.99461353 1.0054185 1
3.7655175 -0.98811793 1.4266318 6
3.8303621 -0.99854845 0.86652738 1
3.6473365 -0.95147252 0.046141032 2
3.7834625 -0.98996121 1.1434785 4
3.9849668 -1.0397575 0.14996544 2
2.5007591 -0.65302002 0.004842801 1
3.8602626 -1.0034145 0.58598787 2
2.9581685 -0.77211148 0.024122234 2
3.7808297 -0.99032968 1.2856586 8
3.8456552 -1.0014385 0.72655946 1
3.7340877 -0.99076599 0.3102411 2
1.8502563 -0.4842228 -0.0080538131 1
3.8562031 -1.010052 0.44485578 1
1.8710548 -0.49671656 -0.014322482 1
3.8093672 -1.0064772 0.72482264 1
3.6882319 -0.99269634 0.31260681 2
3.7419691 -0.99789888 1.5674337 6
3.8529487 -1.0160846 0.58590245 2
3.9621212 -1.0488214 0.15172288 2
3.6325507 -0.96139258 0.04760351 2
3.8038039 -1.0060643 0.86445886 1
2.4852514 -0.65848392 0.0075246366 1
2.1196535 -0.56244713 -0.00032385037 1
2.9517145 -0.78165168 0.02473807 2
3.7660387 -1.0007253 1.2833681 5
3.7281995 -0.9925155 1.418578 6
3.7533171 -0.99634111 1.1391287 4
3.802454 -1.0104885 0.44583949 1
3.7702951 -0.99904686 1.0010781 1
3.6974771 -1.000162 1.5561051 6
2.1215208 -0.57104158 -0.0012449819 1
3.7474272 -1.01002 1.2803223 8
3.6062343 -0.96816671 0.050552525 2
3.790468 -1.0158746 0.72399199 1
3.8146634 -1.0205239 0.58532065 1
3.6732581 -1.0026531 0.3132354 2
2.4849136 -0.66786784 0.0071235532 1
2.9566779 -0.79417849 0.023451701 2
3.7515197 -1.0083194 0.99913609 1
1.8619219 -0.50148529 -0.01224908 1
3.6871285 -0.99565619 1.4096329 5
3.7945721 -1.0180062 0.86392391 3
3.74417 -1.0081096 1.138178 4
3.9277134 -1.0546693 0.15454972 2
3.7642095 -1.0146838 0.44651443 1
3.7325909 -1.0202214 1.2780325 5
3.6761909 -1.0066854 1.4078261 5
2.9539678 -0.80470467 0.023433315 2
2.4788554 -0.67572975 0.0078790123 1
3.7831221 -1.028265 0.72376698 1
2.1158311 -0.57764584 -0.00035076251 1
3.7212219 -1.0143691 0.99575418 1
3.6604741 -1.0041467 1.5468329 6
3.7182603 -1.016534 0.44734514 1
3.6544044 -1.0114549 0.31408146 2
3.7487504 -1.0200523 0.86015153 3
3.656563 -0.99541116 0.043596473 2
3.7821918 -1.0262594 0.58483225 1
1.8565091 -0.5071907 -0.011218264 1
3.9125481 -1.0654798 0.15559563 2
3.7006581 -1.010553 1.1316656 4
3.6301708 -1.0021106 0.046546023 2
1.8510808 -0.51286066 -0.010187241 1
3.6501853 -1.0135204 1.4024515 5
3.7458673 -1.0307326 0.58428222 1
3.8819809 -1.0719821 0.15806645 2
2.1326761 -0.59034503 -0.0049018804 1
3.7273188 -1.0301849 0.99693108 1
2.9416919 -0.81262755 0.024999082 2
3.6798487 -1.0199372 1.2681872 5
3.6916299 -1.023374 0.44778869 1
3.6309459 -1.0099443 1.5396169 6
3.7256374 -1.0269533 0.72092229 1
2.4822407 -0.68613452 0.0067071868 1
3.6857579 -1.0205332 1.1297891 4
3.6143696 -1.0142672 0.3161228 2
3.7279506 -1.0286165 0.85859543 1
3.6128116 -1.0276272 0.31599239 2
3.6312118 -1.0238565 1.5406226 6
3.674037 -1.0295899 0.99067199 1
2.9351091 -0.82204407 0.025614213 2
2.1043937 -0.5907433 0.0014365572 1
3.5999534 -1.0075736 0.049991183 2
3.6763523 -1.0329815 1.2681648 5
1.8623904 -0.52311575 -0.013849213 1
3.6730049 -1.0337858 1.4086739 7
2.4780183 -0.69447815 0.0070770266 1
3.6836092 -1.0295124 0.71888524 1
3.8667746 -1.0825418 0.15911151 2
3.6670282 -1.0293701 1.127295 4
3.6917715 -1.0327868 0.85567492 3
3.6784818 -1.0337743 0.44796047 1
3.719197 -1.0376247 0.58388805 1
3.5883334 -1.0337855 0.31716692 2
3.6610186 -1.0365286 0.71785587 1
3.6130006 -1.0318764 1.5364904 6
3.6389465 -1.0347598 1.1232563 4
3.648165 -1.038578 0.44848293 1
2.102396 -0.59828687 0.0014225568 1
2.4737678 -0.70280558 0.0074469214 1
3.6632857 -1.0388751 0.85343713 1
3.6425645 -1.0374868 1.2620991 5
2.9494131 -0.83729106 0.022745138 2
1.862488 -0.53032875 -0.014383463 1
3.5773833 -1.0149781 0.052445333 2
3.7002256 -1.0464873 0.58361632 1
3.6056671 -1.0287943 1.3934853 5
3.6590366 -1.0393984 0.98921102 1
3.8170252 -1.0833182 0.16336671 2
2.1117222 -0.60864377 -0.0013112559 1
3.5992949 -1.037361 1.117364 4
3.6089718 -1.0411365 1.2560347 7
3.55792 -1.0387516 0.3186655 2
3.6506388 -1.0458621 0.58285201 1
3.6228738 -1.0396847 0.71602046 1
2.9466939 -0.84726357 0.022728153 2
3.5723262 -1.032354 1.3863273 5
3.6613796 -1.0533535 0.98991007 1
3.624331 -1.0489454 1.5405799 6
3.5740736 -1.0270419 0.052424934 2
3.6253672 -1.0460241 0.4488495 1
3.7826431 -1.0881106 0.16619465 2
2.4694889 -0.71110898 0.0078176027 1
1.8532755 -0.53493643 -0.012309084 1
3.6501369 -1.0491384 0.85256338 3
3.6428881 -1.0603322 0.85220206 6
3.6234226 -1.0564226 0.98557031 1
2.9437959 -0.85775363 0.022710018 2
3.6231437 -1.053636 0.71620011 1
3.5501964 -1.0413208 1.5210334 6
3.6048691 -1.0496058 0.047945101 2
2.4634194 -0.71840996 0.0085742278 1
3.6335933 -1.0549427 0.58261365 1
1.8404288 -0.53808355 -0.0091912234 1
3.5650442 -1.0439436 1.3854144 5
2.105917 -0.61513674 -0.0004181402 1
3.597636 -1.0506763 1.1176517 6
3.586535 -1.0484738 1.2522359 5
3.5718341 -1.0444314 0.44983751 1
3.5522568 -1.0514472 0.31875229 2
3.7789016 -1.1015235 0.16617265 2
3.6107712 -1.0622405 0.58228248 1
2.1038344 -0.62268752 -0.00043094202 1
3.5850067 -1.0564165 0.71436548 1
3.5682476 -1.057103 0.44981682 1
3.5783987 -1.0557228 0.050895579 2
3.5978246 -1.064546 1.1182487 6
3.585495 -1.0592451 0.98123282 1
3.5429182 -1.0528194 1.5199842 6
2.4665027 -0.72928637 0.0074003893 1
3.5575423 -1.0561098 1.384499 5
3.7177517 -1.09815 0.17149769 2
3.5563717 -1.0540859 1.2469244 4
2.9274435 -0.86488456 0.024908489 2
1.8385267 -0.54503703 -0.0092040747 1
3.612283 -1.06607 0.8497932 3
3.5199251 -1.0555279 0.32036033 2
2.0978868 -0.62951303 0.00046323409 1
3.5620427 -1.0641065 0.71333611 1
3.4818726 -1.0576748 0.32229519 2
3.6757729 -1.100013 0.1750405 2
3.5674648 -1.0700629 1.1138995 6
2.473433 -0.74087948 0.00545809 1
3.5397928 -1.0601829 0.97593504 1
1.845952 -0.55437648 -0.011823647 1
3.5527577 -1.0666934 1.2469039 7
3.5020807 -1.0549709 1.5096861 6
3.597157 -1.0754832 0.84875035 3
3.5860059 -1.0724267 0.049387116 2
2.9339528 -0.87810045 0.023306504 2
3.5797672 -1.0749532 0.44948393 1
3.5704944 -1.0649225 0.58167183 1
3.5202849 -1.0587193 1.3764502 5
2.0957553 -0.63703746 0.00044987453 1
2.4709117 -0.74971765 0.0054433327 1
2.9271638 -0.88741422 0.023922633 2
3.5415733 -1.0770248 1.2453706 4
3.479959 -1.0618056 1.5045279 6
3.4905221 -1.0633293 1.3701845 5
3.5467625 -1.077593 1.1110988 4
3.5437615 -1.0750139 0.97687244 1
3.56674 -1.0802321 0.84634423 3
3.5335121 -1.0692933 0.71200532 1
3.5802486 -1.0815988 0.5818668 1
3.5861194 -1.0862894 0.048870433 2
3.5416074 -1.0772747 0.45016193 1
3.4705937 -1.0677007 0.32270893 2
1.8440853 -0.56101835 -0.011835386 4
2.1010551 -0.64680856 -0.0013776761 1
3.5298409 -1.081829 0.71198529 2
2.447696 -0.75228995 0.0096687106 1
3.5439637 -1.0870962 0.84461927 3
1.8495895 -0.56989408 -0.013932149 1
2.9241271 -0.8978309 0.023904532 2
3.5271125 -1.083218 0.18819091 1
3.487921 -1.0864904 0.32149357 2
3.493917 -1.0752177 1.1030463 3
3.6165662 -1.1093854 0.044390425 2
3.5593076 -1.0890871 0.581568 1
3.4927888 -1.0758497 1.2362854 7
3.4458492 -1.0631859 1.3603514 4
3.5058744 -1.0771899 0.97253513 1
3.539818 -1.0904208 0.45010191 1
3.4393497 -1.0628541 1.4942324 5
3.5211489 -1.0911565 0.58099014 1
3.5070291 -1.0884844 0.71095729 1
2.4601409 -0.76562798 0.0065692877 1
3.4628224 -1.0801288 1.2309774 4
3.4983227 -1.0867891 0.84085119 3
3.3987765 -1.0636227 1.4839364 5
3.4384296 -1.0845858 0.32408082 2
3.5634251 -1.1070495 0.050809246 2
3.4581234 -1.0777153 1.0977743 3
1.8384376 -0.57373333 -0.011335957 1
3.4566326 -1.0756128 0.96676087 1
2.9248288 -0.9094016 0.023254329 2
3.5690854 -1.1097924 0.18389133 2
3.4978552 -1.0911828 0.45085946 1
2.0951364 -0.65319735 -0.00048353148 1
3.4384794 -1.0742673 1.35944 4
2.0929234 -0.66071224 -0.00049657084 1
1.8401877 -0.58148313 -0.01239109 1
3.4236302 -1.0829628 1.3567436 4
3.440372 -1.0865643 1.2271805 4
3.4232757 -1.0931854 0.32471326 2
3.3914421 -1.074525 1.4828887 5
3.4487674 -1.088214 1.0968269 7
3.4793689 -1.0944598 0.83946872 3
2.4481611 -0.77151442 0.0084827822 1
3.4983003 -1.0977147 0.58066028 1
3.503289 -1.10092 0.71093673 1
2.9179418 -0.91863894 0.023870114 2
3.4979219 -1.1047876 0.45076066 1
3.4491484 -1.0866934 0.96626121 1
3.5975161 -1.1314867 0.045834038 2
3.3840733 -1.0853888 1.4818412 5
2.0832489 -0.66588527 0.0013057808 1
3.4861705 -1.1091542 0.71021169 1
2.9110281 -0.92784369 0.024486957 2
3.4119101 -1.1029013 0.32512808 2
3.5822649 -1.1406677 0.04729927 2
2.4436603 -0.77967179 0.0088534988 1
3.4189076 -1.0905669 0.9628846 1
3.4179161 -1.0928423 1.2233839 4
3.4623063 -1.1026148 0.83825588 4
3.4280741 -1.0950904 1.0940266 5
3.4712455 -1.1099638 0.45120803 1
3.4811738 -1.1059277 0.58042359 1
3.3827434 -1.0833442 1.3478037 4
1.8308572 -0.58579731 -0.010316163 1
3.4557145 -1.1130329 0.70878255 1
2.4578321 -0.79374373 0.0053673876 1
3.4376342 -1.108241 0.83636302 6
3.3753119 -1.0941486 1.3468918 4
3.3748298 -1.0956144 1.4802798 7
3.3796177 -1.1057956 0.32673961 2
2.0772779 -0.67217702 0.0022007145 1
3.4716578 -1.1164687 0.58031189 1
1.8362402 -0.59472203 -0.012414027 1
3.4186666 -1.1054444 1.0930793 3
3.4636223 -1.1210603 0.45126554 1
3.4179063 -1.1061648 1.2241189 4
2.9097302 -0.93880153 0.024152329 2
3.4075978 -1.1002833 0.96190524 1
3.5669932 -1.1497588 0.048765521 2
3.3697512 -1.1029696 1.085647 3
2.0824144 -0.68200862 0.00037311792 1
3.5177069 -1.1477852 0.054691542 2
2.4420466 -0.79831421 0.0080517456 1
3.4328775 -1.119163 0.70775551 1
2.9102726 -0.95036811 0.023501337 2
1.8342339 -0.60133046 -0.012425134 1
3.345597 -1.0977049 1.3406291 4
3.3618805 -1.1046072 1.4776919 5
3.3739164 -1.1171671 0.32682818 2
3.4236228 -1.1216397 0.45198518 1
3.4319315 -1.1198224 0.83617258 4
3.4621089 -1.1269394 0.58019876 1
3.3905959 -1.1081032 0.96020806 1
3.3991632 -1.1134539 1.2210786 6
3.3549109 -1.1241196 0.32767889 2
3.4100428 -1.1251495 0.70672935 1
2.441191 -0.8076486 0.0076523428 1
3.3750405 -1.1146767 0.83138436 1
3.3529472 -1.1132263 1.3432857 4
3.3990748 -1.1267343 1.221814 6
2.9182789 -0.96439767 0.021583013 2
3.4986641 -1.1553315 0.056652516 2
3.3678458 -1.1155498 1.0859367 5
3.3602092 -1.1110681 0.20162331 1
2.0912127 -0.69308949 -0.0023632878 1
3.3287137 -1.1068816 1.4694536 5
3.4525311 -1.1373625 0.58008528 1
3.3735785 -1.1158082 0.95850986 1
3.3969646 -1.1263106 0.45243287 1
1.8248566 -0.60554618 -0.010349844 1
3.3635156 -1.128288 1.2153748 8
2.0870085 -0.69997579 -0.0019220093 1
3.3471348 -1.1219066 1.0831372 3
3.4946866 -1.1677444 0.056632247 2
2.4365704 -0.81575131 0.0080229566 1
3.3872099 -1.1309921 0.70570499 1
3.4068379 -1.1358435 0.57938731 1
1.8154744 -0.60969979 -0.0082749045 1
3.3454251 -1.1238885 1.3423735 4
3.367429 -1.1254052 0.83102494 1
3.3321111 -1.1296873 0.32874784 2
3.2974026 -1.1095375 1.4617282 7
3.388597 -1.1340145 0.96088701 1
2.9074736 -0.97231519 0.022833934 2
3.3892972 -1.1371092 0.45249155 1
2.8966444 -0.98015201 0.024084166 2
3.4906659 -1.1801373 0.05661216 2
3.3055274 -1.1338122 0.33003223 2
3.295429 -1.1218543 1.4622226 5
3.3786831 -1.1424112 0.8323679 1
2.0790863 -0.70561218 -0.00057283964 1
3.3782711 -1.1397052 0.5789668 1
3.3470445 -1.1334319 0.95607448 1
3.3341756 -1.1332788 1.3405715 4
1.8244054 -0.6198861 -0.011415935 1
2.437511 -0.8256973 0.0072379839 1
3.385216 -1.1436327 0.7057845 1
3.3620179 -1.1400592 1.0862063 3
3.3242621 -1.1283489 1.2081817 6
3.3683243 -1.1434096 0.45282304 1
3.3459299 -1.1421083 0.5784862 1
2.8970258 -0.99173063 0.02343375 2
3.3243451 -1.1389439 0.95365864 1
2.0729966 -0.7118172 0.00032161156 1
2.4235346 -0.83064538 0.0095377378 1
3.3510089 -1.1454245 0.70415658 1
3.3672061 -1.1518444 0.83166754 1
1.8296279 -0.62891024 -0.013513689 1
3.3265922 -1.1438466 1.3396597 6
3.3244176 -1.1405693 1.0806288 3
3.2542775 -1.1148661 0.210484 1
3.339777 -1.1470113 0.45331138 1
3.2696214 -1.1260766 1.4560399 5
3.2865183 -1.1403763 0.33088464 2
3.4377215 -1.175992 0.063035242 2
3.316668 -1.1388748 1.2074056 6
3.3401127 -1.153334 0.57843608 1
2.8898859 -1.0007589 0.0240502 2
1.822017 -0.63362384 -0.011960403 1
2.4281273 -0.84183025 0.0079801632 1
3.3255358 -1.1508896 0.82824284 1
2.0742662 -0.72051102 -0.00059792661 1
3.3319492 -1.1521407 0.70333248 1
3.2903776 -1.1404488 0.9498046 1
3.3016131 -1.1468239 1.2051226 6
3.2618399 -1.1448416 0.3320621 2
3.4299183 -1.1869066 0.063511029 2
3.2694147 -1.1389339 1.4570485 5
3.2599778 -1.1341058 1.3244802 4
3.3377228 -1.1595068 0.45325264 1
3.2812476 -1.1388998 1.0741237 3
3.3053341 -1.1561357 0.70210636 1
2.4178293 -0.84793854 0.0095084449 1
3.2914517 -1.1522713 0.82550061 1
3.4014499 -1.1906372 0.066712976 2
3.2303057 -1.136713 1.3182199 4
1.8143958 -0.63829261 -0.010406605 1
3.2791209 -1.152095 1.2013274 6
3.2752044 -1.148231 0.94834888 1
2.8864534 -1.011045 0.024034023 2
2.0828667 -0.73175704 -0.0033335099 1
3.3248029 -1.1612709 0.57823175 1
3.2884033 -1.15562 0.45417061 1
3.2582028 -1.1479907 1.4549752 5
3.2371728 -1.1491528 0.33324027 2
3.2810705 -1.1518365 1.0747226 5
3.2921319 -1.1639888 0.70158541 1
3.2108333 -1.1520748 0.3345291 2
3.2846265 -1.1667072 0.45415217 1
3.2252889 -1.1487186 1.4467399 8
3.2661247 -1.1589773 1.0728523 5
3.3019304 -1.1664771 0.57790506 1
2.0803783 -0.73922771 -0.0033450751 1
3.2455149 -1.1533254 1.1952677 4
1.8104126 -0.64419043 -0.0098954048 1
2.4149346 -0.85657662 0.0094945533 1
2.862479 -1.0141516 0.02750366 2
3.2043314 -1.1404175 1.3128505 4
3.2712584 -1.159849 0.94832927 1
3.3711271 -1.1935393 0.070164099 2
3.2762053 -1.1600014 0.82446128 1
3.2547107 -1.1688627 1.1978933 8
3.284363 -1.1743417 0.70136601 1
3.2106309 -1.1648211 0.33429298 2
2.0706398 -0.74371129 -0.0015425893 1
3.2830346 -1.1722922 0.57764131 1
3.2453828 -1.1646276 1.0700557 3
3.3821888 -1.2101904 0.068162628 2
3.2079644 -1.1538382 1.3146167 4
2.8777938 -1.0304083 0.024318574 2
3.2542334 -1.1690054 0.45468116 1
3.2523067 -1.1711801 1.4554534 7
3.2150645 -1.1523257 0.94160241 1
1.8064123 -0.65006912 -0.0093840528 1
3.2368262 -1.1603452 0.21058826 1
3.2703421 -1.1709672 0.82427281 2
2.41941 -0.86781716 0.0079380283 1
3.2590122 -1.1793118 0.82357371 2
2.0717785 -0.75244081 -0.0024627943 1
2.4202909 -0.87734258 0.0071534584 1
3.2330363 -1.1712691 0.21057132 1
2.8705382 -1.039325 0.024936769 2
3.2185864 -1.1664205 0.94254291 1
3.2601688 -1.1772267 0.57731491 1
3.2408023 -1.1771792 0.45485708 1
3.2246397 -1.1701432 1.0672579 3
3.3555987 -1.2141792 0.071118288 2
3.250232 -1.1752548 0.69974011 1
3.2211165 -1.169804 1.1918343 8
3.1636355 -1.150725 1.30479 4
1.8261479 -0.66400468 -0.015654393 1
3.2282765 -1.1755191 1.4497846 9
3.2291574 -1.1843902 0.33296975 2
3.2749329 -1.1955851 0.57760417 1
3.2115605 -1.1792253 1.1906835 5
2.8743989 -1.0522159 0.023651991 2
3.2187936 -1.1849996 1.4482267 7
3.3570156 -1.2281073 0.070355497 2
2.4062152 -0.88199216 0.0094539216 1
3.2274017 -1.1800008 0.69871533 1
2.0655553 -0.758555 -0.0015658488 1
3.1450255 -1.1566324 1.3012056 4
3.2305937 -1.1820689 0.82134372 4
3.1778915 -1.1661097 1.0601391 3
3.2140207 -1.1773283 0.21198122 1
3.2063279 -1.1889811 0.33403918 2
3.1959064 -1.1710851 0.94012803 1
1.8166314 -0.6679644 -0.013578351 1
3.2066767 -1.1777718 0.45546374 1
2.0702937 -0.76862228 -0.0033939399 1
1.8143659 -0.67449266 -0.01358966 1
2.8707857 -1.0624481 0.023636172 2
3.175997 -1.1750731 0.81673074 5
3.1835098 -1.1934338 0.33511028 2
3.1530387 -1.1737379 1.4307445 10
3.3378718 -1.234569 0.072319493 2
3.1410542 -1.1677965 1.3011875 4
3.19188 -1.1824231 0.94010997 1
3.1479096 -1.1678693 1.0557971 3
3.1538455 -1.1682078 0.21731652 1
3.2708201 -1.2072086 0.57758635 1
2.3995111 -0.88923585 0.010211074 1
3.176343 -1.1795216 0.45599347 1
3.2064588 -1.1852944 0.69779283 1
3.1853809 -1.1825093 1.1861353 5
2.0676763 -0.77604085 -0.0034061624 1
3.1151099 -1.1708016 1.2958199 4
3.1665859 -1.1883587 1.1830972 5
3.1647851 -1.1880141 0.45613134 1
3.2085001 -1.1973766 0.57661515 1
3.1580219 -1.1827383 0.93625855 1
1.8120799 -0.6810264 -0.013599721 1
2.8523166 -1.0671946 0.026156131 2
3.3261726 -1.2436626 0.073292352 2
3.2186899 -1.2036121 0.82096714 3
2.4001513 -0.89916056 0.0094254119 1
3.1930156 -1.1932211 0.69727331 1
3.2051783 -1.2058072 1.44665 8
3.2208264 -1.2056599 0.21051683 1
3.1663096 -1.1998327 0.3358537 2
3.1346333 -1.1756208 1.054237 4
2.0540798 -0.77937609 -0.00069385645 1
3.1630361 -1.202907 1.4358466 7
3.1441133 -1.1927109 1.1793045 5
3.1776836 -1.2003702 0.69665235 1
3.1268926 -1.1853549 1.0536011 1
3.3107343 -1.2513058 0.074762069 2
3.1921473 -1.2066672 0.81890708 3
2.3970776 -0.9077363 0.0094121499 1
3.1465192 -1.1911726 0.93528295 1
2.8431008 -1.0752732 0.027090577 2
1.8097694 -0.68753517 -0.013611338 1
3.1001372 -1.1777592 1.2931279 4
3.1781452 -1.1989887 0.57616657 1
3.1588299 -1.1985637 0.45615429 1
3.2164693 -1.2176757 0.21049908 1
3.1414306 -1.2038759 0.33703399 1
2.0550706 -0.78810632 -0.0016140633 1
3.1511264 -1.2031895 0.69542843 1
3.1472251 -1.206942 0.45629209 1
3.1871221 -1.2152095 0.5763641 1
3.140835 -1.2072768 1.4306935 7
3.2915702 -1.2574472 0.076726526 2
3.1135798 -1.1929656 1.05204 3
3.1201336 -1.1939158 0.93239033 1
3.0849528 -1.1851716 1.2904353 3
3.1803324 -1.2157476 0.81820786 3
3.1140954 -1.1946923 1.1740018 5
3.1466131 -1.2185922 0.33647183 1
3.2122738 -1.2290835 0.21048021 1
1.8055146 -0.69369769 -0.013099695 1
2.8540022 -1.0914732 0.024538526 2
2.3901429 -0.91533679 0.010169116 1
3.1158252 -1.2055529 0.93237305 1
3.2647696 -1.2612234 0.079682484 2
3.066098 -1.1919703 1.4106447 14
3.1409955 -1.2179636 0.45631397 1
3.0908201 -1.1975201 1.0489357 3
2.3796751 -0.92108607 0.011699132 1
3.1243856 -1.2064003 0.69420505 1
2.0595317 -0.79860669 -0.0034429147 1
3.1677794 -1.2213929 0.57609987 1
2.8428726 -1.098812 0.025790762 2
3.0916488 -1.1987276 1.1702099 5
3.0608566 -1.1884475 1.285515 6
1.806769 -0.70155883 -0.01415411 1
3.1237917 -1.222577 0.3375439 1
3.1407778 -1.2135475 0.81495869 2
2.8372529 -1.1082184 0.026092216 2
2.380187 -0.93099022 0.010913684 1
2.0604477 -0.80738896 -0.0043624346 1
3.1109161 -1.2139053 0.693685 1
3.0513229 -1.1972073 1.2841603 10
3.1241663 -1.2238698 1.1777421 7
3.1051018 -1.2168503 0.4569611 1
3.1065638 -1.2285862 0.33828908 1
3.0800283 -1.2098508 1.4157641 8
3.0738037 -1.2035081 1.0467572 7
3.2345016 -1.2628156 0.083135396 2
3.13745 -1.2225926 0.57565236 1
3.0994189 -1.2103629 0.81153905 2
1.7953765 -0.70459783 -0.011556056 1
3.0894542 -1.208038 0.92948121 1
3.0430963 -1.2156278 0.34175733 1
3.1032262 -1.2229497 0.69346827 5
3.0652828 -1.2160071 1.4126672 8
3.1085768 -1.2302394 0.45678833 1
3.0514679 -1.2066919 1.0436547 4
3.0212953 -1.193786 0.22756603 1
1.7929852 -0.71105707 -0.011566527 1
3.0522766 -1.2085185 1.1637585 12
3.1127424 -1.2257605 0.57529831 1
3.07112 -1.2119673 0.80931044 8
2.3751705 -0.93877983 0.011286467 1
2.0540619 -0.81335694 -0.0034664029 1
3.0742028 -1.2146817 0.92802745 2
3.0526576 -1.210178 1.2854812 6
3.2301505 -1.2742976 0.08311794 2
2.8316028 -1.1175936 0.026392799 2
2.0405476 -0.816082 -0.000753714 1
3.0841496 -1.2281215 0.69264698 1
3.0277426 -1.208311 0.92250115 1
3.0994303 -1.2326088 0.57512903 1
3.0389113 -1.226437 0.34174037 1
3.0611217 -1.2238653 1.1663855 5
2.8224435 -1.1250051 0.027329948 2
3.2075133 -1.2779309 0.085581347 2
3.0491593 -1.218254 1.0439473 3
3.0934613 -1.2396988 1.4218955 8
3.0650277 -1.2269169 1.2894771 5
3.1099217 -1.2434831 0.45665467 1
3.0042119 -1.1994069 0.22879864 1
2.3664799 -0.94511414 0.012430831 1
1.8013535 -0.72173047 -0.014707191 1
3.0780766 -1.2272476 0.81031424 3
3.0443277 -1.2327408 1.4090385 15
3.0724995 -1.236129 0.69222867 1
2.3779988 -0.95892709 0.0093322201 1
3.1883571 -1.2834505 0.087547041 2
2.8185756 -1.1350446 0.027314264 2
3.0388842 -1.223654 0.80706668 5
2.0413868 -0.82482964 -0.0016735189 1
3.0313721 -1.2245424 1.1610836 4
3.0227873 -1.2226268 1.2800993 7
3.0346596 -1.2234744 0.92392153 1
1.8062068 -0.73072809 -0.016804034 1
3.0339587 -1.2247016 1.0420785 3
3.105644 -1.2545319 0.45663846 1
3.0728822 -1.2347648 0.57474375 1
3.0400369 -1.2400149 0.34139708 1
3.0426555 -1.22703 0.22467618 1
2.9912534 -1.219982 1.0355797 2
3.0571256 -1.2425827 0.69160956 1
2.0421896 -0.83359516 -0.0025924782 1
3.0797722 -1.2501441 0.57491112 1
3.1691999 -1.2888513 0.089513756 2
3.0267711 -1.2327745 0.92342675 1
3.0456836 -1.2431436 0.45779571 1
3.0096231 -1.2312504 1.4002931 7
2.9858305 -1.2207692 1.2720591 6
2.3545146 -0.95981693 0.01356206 1
2.8328042 -1.1529322 0.024127532 2
3.0142004 -1.2307066 1.1584243 6
3.0344648 -1.2349877 0.80704981 5
2.9987707 -1.2357727 0.34355912 1
1.8000144 -0.73611385 -0.015771253 1
3.0407114 -1.2515287 0.92580706 1
3.0059981 -1.2401735 0.45852539 1
2.0518417 -0.8464008 -0.0057783802 1
3.0452271 -1.2509755 0.69119298 1
2.3548627 -0.9696939 0.012780358 1
3.0209839 -1.2420207 0.8061862 3
2.8141952 -1.1570731 0.026651541 2
2.9972363 -1.2362341 1.1557695 6
3.1535006 -1.2961919 0.090986706 2
2.9998093 -1.2402809 1.3987374 10
3.0895362 -1.2711229 0.2192899 1
2.9703743 -1.2244381 1.0327879 2
3.0123281 -1.2438809 1.279624 5
3.0900793 -1.2676351 0.57514209 1
1.7867681 -0.73824161 -0.012648186 1
2.9631124 -1.2335271 0.34539759 1
2.993011 -1.2442975 0.22819872 1
2.0471475 -0.85300785 -0.0053388574 1
2.36607 -0.98404479 0.0096790055 1
2.9908979 -1.2421755 0.80378622 3
3.0449975 -1.2619539 0.57444847 1
3.0409236 -1.2617933 0.69117486 2
3.0070171 -1.2502743 0.92195731 1
2.9820902 -1.2424051 1.1534864 4
1.7860458 -0.74539232 -0.013182192 1
3.0098586 -1.2553228 1.2800511 6
3.1416898 -1.3043789 0.091959178 2
2.9661648 -1.234984 1.0327691 5
2.9741035 -1.2421002 1.392557 6
2.940419 -1.2364048 0.34646863 1
2.7919431 -1.1596054 0.029804876 2
2.9924836 -1.2470515 0.45870265 1
2.9843748 -1.253356 0.91954362 1
2.9582694 -1.2561188 0.34514368 1
2.9573445 -1.2474656 1.3889445 6
2.9692218 -1.2485594 1.033986 2
2.9829433 -1.251274 0.80342764 3
1.7852979 -0.75255775 -0.013714782 1
2.7806554 -1.1665266 0.031056482 2
3.1335256 -1.3140099 0.092435017 2
2.9922843 -1.2542717 0.68874627 1
2.0262313 -0.85291415 -0.00081045763 1
2.3590705 -0.99099588 0.010435755 1
2.9999921 -1.2559659 0.57375532 1
2.9778185 -1.2529918 1.1534681 6
2.9641852 -1.2477179 0.45919344 1
2.9479315 -1.2420642 1.2657691 5
2.9523199 -1.2653258 0.34523481 1
2.9845977 -1.2620113 0.57355464 1
2.9584785 -1.2525862 0.68712234 1
3.0191689 -1.284229 1.2844706 6
2.0305128 -0.8631776 -0.0026396425 1
2.9993911 -1.2774457 1.4022776 5
2.7839322 -1.1794658 0.029770697 2
2.9427197 -1.2506627 1.1470337 10
2.9562516 -1.2539911 0.916412 1
3.0960407 -1.3113669 0.096880421 2
2.9469833 -1.252838 0.45944911 1
2.9639318 -1.2557273 0.80205017 3
2.3429961 -0.99412799 0.01312139 1
2.9412355 -1.2491806 1.0299553 1
1.793432 -0.7634303 -0.01685714 1
2.9332113 -1.2582996 1.1458849 4
2.950706 -1.2610258 0.68690443 1
3.0880892 -1.3202646 0.097358249 2
2.0277097 -0.87008297 -0.002652226 1
2.967572 -1.266654 0.57332301 1
2.7909956 -1.1934747 0.027851757 2
1.7874055 -0.76806378 -0.01582364 1
2.3379526 -1.0013213 0.013494122 1
2.9571512 -1.2797486 0.34467328 1
2.9134958 -1.2490991 1.0259255 5
2.9821 -1.2764053 0.22796628 1
2.9382756 -1.2634048 1.3858281 4
2.9396324 -1.2572087 0.80016112 2
2.9189484 -1.2526538 0.45994186 1
2.9575267 -1.2700745 1.2701901 6
2.9119174 -1.2469774 0.91112685 1
2.9142315 -1.2736517 0.34694308 1
2.7832556 -1.2018642 0.028469134 2
1.7776818 -0.77146858 -0.013748494 1
2.024739 -0.87735176 -0.0026652198 1
2.8983982 -1.2586218 1.3755409 4
2.9293482 -1.2693161 0.45961079 1
2.9261403 -1.2637448 0.79929382 1
2.8948443 -1.2518699 0.90943193 1
3.0725827 -1.3265604 0.098827213 2
2.9477859 -1.2782872 1.2688361 5
2.928884 -1.268719 1.1458664 6
2.9243109 -1.262117 0.68568164 3
2.9092021 -1.2594535 1.0259082 5
2.9668906 -1.2787575 0.57336485 1
2.334518 -1.009662 0.013479068 1
2.9330912 -1.2766762 0.57285774 1
2.9227185 -1.2783418 1.1454707 6
2.8732255 -1.2680758 0.34910578 1
3.068011 -1.3374751 0.09880878 2
2.8943343 -1.2623358 0.79672509 2
2.3382702 -1.0210999 0.011921445 1
2.0092118 -0.87923181 0.00050123985 1
2.786377 -1.2148856 0.027183546 2
1.7732797 -0.77709961 -0.013238517 1
2.881655 -1.2635539 1.3719292 9
2.9121273 -1.2741792 0.45986721 1
2.9183326 -1.2779354 1.2625781 4
2.9126282 -1.2693474 0.68526113 2
2.8598356 -1.2487385 0.23900367 1
2.881285 -1.2596269 1.0218787 4
2.8795979 -1.257448 0.90797859 1
2.8670306 -1.2774847 0.34919754 1
2.7677026 -1.2185125 0.029703887 2
2.9228768 -1.2922002 1.2647892 12
2.3329687 -1.0286655 0.012292543 1
2.851701 -1.2597101 1.1314912 5
2.8352134 -1.2502654 0.90269238 1
3.0415597 -1.3388921 0.10176741 1
2.8936038 -1.2733451 0.68444192 2
2.8774595 -1.2684363 0.23684275 1
2.0151446 -0.89030397 -0.0017819077 1
2.9085143 -1.278355 0.57250369 1
2.8606458 -1.2627628 1.0190843 2
2.8808537 -1.2686542 0.7958582 4
2.8692453 -1.2677609 0.46067423 1
2.8773143 -1.2737939 1.3719127 6
1.7794936 -0.78730959 -0.015858715 1
2.8399906 -1.2628878 0.79244089 3
2.8499436 -1.2738851 1.3652207 8
2.0121026 -0.89752871 -0.0017944067 1
2.8685448 -1.2795731 0.4605788 1
2.3312378 -1.037786 0.011892632 1
2.8702536 -1.2813745 1.2527382 4
2.8382156 -1.2649797 1.015981 5
2.8876276 -1.2814754 0.57221127 1
2.8437765 -1.2682686 1.1307194 5
2.7671251 -1.2299399 0.029052364 2
2.8709273 -1.2756104 0.68342096 3
2.8272784 -1.2587444 0.90219671 1
1.7785828 -0.79447985 -0.016391911 1
3.0187688 -1.3417177 0.10422865 1
2.8350306 -1.2760338 0.35081416 1
2.8689735 -1.2881624 0.12405477 1
2.0090361 -0.90473622 -0.0018068186 1
2.8594379 -1.2812307 0.57179612 1
2.822104 -1.2710998 0.46146342 1
2.8176098 -1.2678604 1.0131862 3
2.8153896 -1.2631946 0.68059456 3
2.8261383 -1.2753668 1.3595546 9
2.835659 -1.2744305 0.90385652 1
2.3167281 -1.0417598 0.01419189 1
2.8176563 -1.2693123 1.1261729 5
1.7704401 -0.79885405 -0.014838423 1
2.799711 -1.2627705 1.2362307 6
2.8247604 -1.2700176 0.24109448 1
2.7518439 -1.2354826 0.030937711 2
2.8208518 -1.2670344 0.79106301 4
2.8215256 -1.2820332 0.35134283 1
2.7776735 -1.2656128 1.3467022 11
2.8183393 -1.2764586 0.68097889 7
2.7772996 -1.273478 0.35372621 1
2.7879996 -1.2665635 1.0088497 7
2.792186 -1.269686 0.46199638 8
2.3167412 -1.0516332 0.013406563 1
2.7584105 -1.2501115 0.029018601 2
2.8019392 -1.2705553 0.78968549 4
2.8201082 -1.2764175 0.57119757 1
2.0200181 -0.91863734 -0.0054535787 1
2.790035 -1.2656567 0.13420753 1
2.794934 -1.268676 0.24357928 1
2.7935922 -1.2719264 1.2357678 7
2.78212 -1.2631097 0.89737374 1
1.7571366 -0.80050534 -0.011718817 1
2.8115015 -1.2785269 1.125779 11
2.7831156 -1.2711703 0.57063264 1
2.0205863 -0.92710954 -0.0063738734 1
2.7347598 -1.2659429 0.35599864 1
2.7435207 -1.2545701 0.030906407 2
2.7681274 -1.2717108 1.2304043 10
2.7625871 -1.2677803 1.1163296 11
2.8157704 -1.2873018 0.68106192 10
2.7659965 -1.2661058 0.13692029 1
2.7574809 -1.2683048 1.3420655 9
2.7568457 -1.2656019 0.46264705 1
2.7888522 -1.2774101 0.89879376 5
2.7872515 -1.2781149 1.0094512 3
1.7596949 -0.80920494 -0.013294863 1
2.7812214 -1.2731392 0.78813982 4
2.3113449 -1.0591054 0.013778812 1
2.7451801 -1.258117 0.2480291 1
1.9961348 -0.92468345 -0.00093608967 1
2.759485 -1.2773575 1.0054225 5
2.7231467 -1.2723345 0.35641867 1
2.7361217 -1.2679341 0.46298423 9
2.7371571 -1.2693932 1.2237037 5
2.7546575 -1.2759746 1.1155581 5
2.7471881 -1.26937 0.1388886 1
2.7535803 -1.270873 0.02835256 2
2.7643685 -1.2767568 0.78693408 8
2.309679 -1.0677553 0.013379011 1
2.7640679 -1.2758058 0.67843711 11
2.7204831 -1.2545873 0.56963819 23
2.7537446 -1.2733313 0.89470828 3
1.7605915 -0.81680626 -0.014349792 1
2.728379 -1.2616113 0.24926393 1
2.7478497 -1.2756971 1.340508 12
2.3095832 -1.0776426 0.012593724 1
2.7128108 -1.2685074 1.1076183 6
2.7026982 -1.2652462 1.2161125 3
2.724113 -1.2715098 0.89134032 3
2.7492054 -1.2806697 0.028336305 2
2.7288187 -1.2714655 0.67671579 13
1.9929726 -0.93183768 -0.00094817678 1
2.7143481 -1.2634294 0.56959164 43
2.7153876 -1.2724967 1.3322779 7
2.7079015 -1.2769712 0.35705712 1
1.7560517 -0.82233179 -0.013838738 1
2.7211795 -1.2691966 0.14184907 1
2.7335536 -1.277253 1.0017039 4
2.7382479 -1.2766067 0.78487855 9
2.7348959 -1.2763163 0.24817602 1
2.7353895 -1.2793418 0.46288961 10
1.9933199 -0.94060844 -0.0018696114 1
2.7135737 -1.2761364 0.67609859 13
2.3005409 -1.0834137 0.013737479 1
2.7266245 -1.2829897 0.78418261 9
2.7057598 -1.2797054 1.3307216 9
2.701978 -1.2755771 0.46350217 10
2.7060075 -1.2738678 0.14332195 1
2.700491 -1.2736534 0.99675137 4
2.7088184 -1.2759802 0.25030386 1
2.72804 -1.2872646 1.1117529 5
2.7161357 -1.2795236 0.8908456 4
2.6998899 -1.2849113 0.35725927 1
2.6983523 -1.27486 1.2160964 3
1.7602586 -0.83188713 -0.015937021 1
2.7281497 -1.2814865 0.56988043 88
2.7161241 -1.2771633 0.033394709 2
2.2932653 -1.0899634 0.014495459 1
2.726037 -1.293522 0.030840961 2
2.6869102 -1.2811335 1.2142972 3
2.7093909 -1.2902941 1.1087183 5
2.7074337 -1.2835753 0.56959015 64
2.6864419 -1.2902517 0.35778895 1
1.7504234 -0.83495677 -0.013859976 1
2.6786213 -1.2786289 1.3240314 6
2.6939683 -1.2834904 0.4635646 10
2.6944318 -1.2801318 0.14429809 1
2.7005529 -1.2825561 0.78212774 9
2.7037535 -1.2832458 0.67578119 12
1.9989275 -0.95187253 -0.0041523143 1
2.6835871 -1.2773786 0.99457538 3
2.7045445 -1.2858136 0.88987142 2
2.6917987 -1.2797012 0.25153846 1
2.2788739 -1.0931343 0.016797565 1
1.9921436 -0.95736927 -0.0032565549 1
2.6853302 -1.2870549 0.78109199 9
2.6827688 -1.2886233 0.99517727 3
2.6654978 -1.2840152 1.3214488 6
2.6921139 -1.2894554 0.67536443 11
2.6975932 -1.2906541 0.56948298 69
2.7215817 -1.3032213 0.030825036 2
1.7475744 -0.84123915 -0.013871745 1
2.6787076 -1.2879416 0.4637849 11
2.6729901 -1.295506 0.35831857 1
2.6765866 -1.2841694 0.25259471 1
2.6836545 -1.2898427 1.1041758 5
2.6936154 -1.2914201 0.1437865 2
2.6684153 -1.2840148 1.2107173 3
2.6929429 -1.2920429 0.88889831 3
1.7412182 -0.84586728 -0.012838025 1
2.6593397 -1.2926561 1.3209193 4
2.6685877 -1.2943081 1.101896 4
2.717093 -1.312906 0.030809117 2
2.6784182 -1.2958759 0.14525881 6
2.6804633 -1.2955966 0.67494714 10
2.6823134 -1.2950876 0.56928349 69
2.2999327 -1.1130755 0.011380713 1
2.6701088 -1.2914656 0.78005719 7
2.6705768 -1.2930709 0.88648969 2
2.679358 -1.2971293 0.25186411 1
1.9871091 -0.9636718 -0.0028142021 1
2.6639996 -1.293497 1.2107009 2
2.6523378 -1.2972176 0.35928467 1
2.672987 -1.2956079 0.99423617 2
2.6670609 -1.2940276 0.46392703 14
1.9785426 -0.96826857 -0.0014633938 1
2.6406887 -1.303166 0.35970631 1
2.6444578 -1.2970783 1.3178247 4
2.6349716 -1.2911147 1.2044472 2
2.6598034 -1.2973495 0.67402965 9
2.6656675 -1.3009627 0.78004116 7
2.6778586 -1.3046359 0.56926775 69
1.7487799 -0.85713416 -0.01598032 1
2.6590047 -1.3017787 0.46398997 12
2.6623678 -1.3029447 1.101503 4
2.6641228 -1.3014767 0.25292096 1
2.6578512 -1.2999648 0.99236894 2
2.6489182 -1.2933662 0.1487174 6
2.6553943 -1.2974005 0.88503712 2
2.7018886 -1.3174428 0.032696806 2
2.2890303 -1.1178792 0.012909761 1
2.6409402 -1.3033742 0.99019474 3
2.6697686 -1.3124176 0.56919146 69
2.6301811 -1.2958642 0.15068737 6
2.2692971 -1.1183603 0.016370751 1
2.6463504 -1.302451 0.67351282 11
1.9804864 -0.97789472 -0.0028384023 1
1.7493312 -0.86509979 -0.017035186 1
2.7151191 -1.3356663 0.029507833 2
2.6578481 -1.3100903 0.25308445 1
2.6578889 -1.31242 1.1014886 4
2.636544 -1.3024918 0.46436766 13
2.6365254 -1.3047912 1.3167831 4
2.6362023 -1.3125641 0.3596907 1
2.6540205 -1.3069707 0.77934694 7
2.6545048 -1.3085827 0.88550091 2
2.6200159 -1.2953668 1.2017586 2
2.629308 -1.3057235 0.67279541 14
2.6239367 -1.3043518 0.1509198 7
1.9736391 -0.98328948 -0.0019407439 1
2.6208858 -1.3023978 0.77661318 9
2.7034204 -1.3418576 0.03076141 2
2.6464367 -1.3162798 0.88500601 4
2.6181619 -1.3073397 1.31266 4
2.6330645 -1.3132913 1.2061998 3
1.7359678 -0.86631453 -0.013913715 1
2.6322176 -1.3114904 1.0969455 5
2.2689831 -1.1281878 0.015585537 1
2.6329126 -1.3110338 0.98956192 3
2.6320591 -1.3118734 0.46435258 9
2.6418939 -1.310506 0.56878024 95
2.6242986 -1.3188759 0.36011147 1
2.6262805 -1.3068712 0.25574926 1
2.6213162 -1.3168911 0.98831302 3
2.6132088 -1.3141428 0.46465272 10
2.599818 -1.3097873 1.3085384 4
2.6212327 -1.3133084 0.67257977 13
2.6266229 -1.3146033 0.56858218 91
2.6212251 -1.3145763 0.15065698 11
1.9667759 -0.98863316 -0.001044739 1
2.6312294 -1.3204173 0.88355595 4
2.6090336 -1.3086526 0.77591759 10
2.607362 -1.3127275 1.2008362 3
1.7397896 -0.87627679 -0.016012842 1
2.6233289 -1.3299966 0.35987756 1
2.6199951 -1.3153368 0.25591281 2
2.6222012 -1.318702 1.0957973 4
2.691483 -1.3484634 0.032014821 2
2.2684326 -1.1384295 0.014799224 1
2.6134503 -1.3223864 0.77675229 11
2.6102471 -1.3247968 0.46459708 3
2.6479471 -1.3386734 0.038979568 2
2.597615 -1.3193849 1.1994843 4
2.5983393 -1.3183779 1.091633 5
2.6208148 -1.3273344 0.25536188 1
2.6165614 -1.3266881 0.98829776 5
2.6069157 -1.3204988 0.88090754 6
2.2680357 -1.1482718 0.014013544 1
1.9562449 -0.99256229 0.00075975712 1
1.7350689 -0.88166893 -0.015501695 1
2.609338 -1.3195477 0.67216402 14
2.6075475 -1.3172901 0.56832248 95
2.5812638 -1.3125783 1.304417 6
2.6080494 -1.3339437 0.36051756 1
2.6200206 -1.3261374 0.15014417 1
1.9563289 -1.0013174 -0.00016018508 1
2.590297 -1.3258483 1.0908632 9
2.5791547 -1.3216052 1.195906 5
2.2640898 -1.1563705 0.014000735 1
2.6119359 -1.3324152 0.67254889 3
2.6226749 -1.3364359 0.56864297 10
2.5905526 -1.3287268 1.3085083 10
2.6592157 -1.3560748 0.036108691 2
2.668643 -1.3622198 0.14268424 1
2.5999982 -1.3272116 0.77588749 10
2.6049404 -1.3324409 0.98704845 9
2.616399 -1.3394886 0.46434566 2
1.7372396 -0.89050597 -0.017076939 1
2.6141367 -1.3486539 0.35984802 1
2.6162436 -1.3366603 0.25534672 1
2.6023729 -1.3297771 0.88089293 10
2.5835285 -1.3347408 1.1981198 3
2.6168327 -1.3611307 0.35939679 1
2.6075792 -1.3412457 0.67253464 8
2.7066629 -1.3927742 0.13671273 1
2.6041071 -1.3430305 0.98765075 6
2.5948291 -1.341872 1.3110607 9
2.6120186 -1.3483413 0.46433258 1
1.7410874 -0.90022296 -0.019177103 1
2.6101913 -1.3453227 0.88255268 10
2.6102509 -1.3475281 1.0961293 9
2.6703942 -1.3735725 0.03323802 2
2.6180744 -1.3457699 0.56862754 3
1.9494228 -1.0065694 0.00073690695 1
2.2531128 -1.1609085 0.015531791 1
2.6132023 -1.3454716 0.77757102 10
2.6205196 -1.3504739 0.25443766 1
2.6177053 -1.3727361 0.359056 1
2.5921643 -1.3515177 1.3115593 6
2.5861096 -1.3470345 1.1998876 3
2.6049962 -1.354534 0.98856205 4
2.6103098 -1.3536955 0.67292178 4
2.6455588 -1.3730134 0.14464074 1
2.6076062 -1.3571632 0.46431673 1
2.620796 -1.3582493 0.56873435 1
2.5916526 -1.3469046 0.88062358 3
2.2528212 -1.1703407 0.014747571 1
1.9530857 -1.0167395 -0.0010915275 1
2.5946112 -1.3470458 0.77619797 3
2.6036885 -1.3529836 0.25567511 1
2.6483121 -1.3736116 0.036396027 2
2.6163371 -1.3617339 1.098379 6
1.7209651 -0.89740837 -0.013966386 1
2.6132138 -1.3815795 0.35904133 1
2.5740168 -1.3531729 1.3074397 4
2.6094372 -1.364352 0.6731081 4
2.599025 -1.3647254 1.2043278 2
2.6375368 -1.3801428 0.14512295 1
2.6023262 -1.3642486 0.98885691 3
2.5889578 -1.3586388 0.46461895 1
2.2559795 -1.1815672 0.013190265 1
1.9532416 -1.0251652 -0.002011203 1
2.6063426 -1.3654431 0.25494608 1
2.6543467 -1.3879882 0.034478076 2
2.6008368 -1.3613021 0.7772029 3
2.6039085 -1.3607093 0.56850821 1
2.5890155 -1.3565773 0.88084877 1
2.5839677 -1.3561449 1.0923302 4
1.7249242 -0.90681672 -0.016063651 1
2.5945673 -1.3735117 1.2043151 3
2.5978837 -1.3694893 0.67269397 2
2.6013732 -1.3748708 0.98946005 3
2.5815961 -1.3681374 1.3110195 9
2.5977995 -1.3707583 0.15007339 1
2.6182053 -1.3849429 0.4638558 1
1.9412618 -1.0273405 0.00025044053 1
1.723695 -0.9135893 -0.016596204 1
2.6176031 -1.3811151 0.77922654 3
2.5824351 -1.3641428 0.25689897 1
2.5881045 -1.3671615 0.88131392 1
2.6047821 -1.3722739 0.56858534 1
2.2556055 -1.1910299 0.012406013 1
2.688355 -1.4169878 0.02748297 2
2.6004384 -1.3757662 1.0968418 7
2.6115091 -1.3936633 0.35880658 1
2.6969712 -1.4348441 0.02492814 2
2.571878 -1.375042 1.1998432 3
2.6035488 -1.386732 0.77836168 2
2.582926 -1.3772886 0.88129747 1
2.6243503 -1.4123079 0.35770023 1
2.5573695 -1.3687806 1.3053563 10
2.6056619 -1.3914306 1.0990897 5
2.5860808 -1.378883 0.25598878 1
2.6204789 -1.3961399 0.14608459 1
2.2458842 -1.197153 0.013549802 1
2.5889211 -1.3782693 0.67247754 2
1.9356614 -1.0340835 0.00069183682 1
2.5967925 -1.3872801 0.46419388 1
2.6137552 -1.3898909 0.56881237 1
1.7185457 -0.91950351 -0.016085844 1
2.5976775 -1.38643 0.98975199 4
2.5883718 -1.3918149 0.25525916 1
2.6125042 -1.4010613 0.56885809 1
2.5736985 -1.3854849 0.98634434 3
2.2400331 -1.2042567 0.013923661 1
2.6053641 -1.3986802 0.67366379 3
2.5525224 -1.3720443 0.15500638 1
2.5793979 -1.3857419 0.77647895 5
1.9321164 -1.0410163 0.00068035675 1
2.6423805 -1.4338895 0.35626632 1
2.5725818 -1.3862108 0.46461353 1
2.591259 -1.3969921 1.2060653 3
2.5781848 -1.3864779 0.88128299 1
2.6955123 -1.4462814 0.024277838 2
2.5869887 -1.3933307 1.0960568 4
1.7102822 -0.92298114 -0.014529751 1
2.5833862 -1.3942059 1.3145806 4
2.6748414 -1.447507 0.027119249 2
2.5793951 -1.3966682 0.67244697 1
2.2341609 -1.2113266 0.014296253 1
2.5683677 -1.3979187 1.3114864 4
2.6036394 -1.4154087 1.2105057 2
1.937144 -1.0525101 -0.0016030929 1
2.543123 -1.3821536 0.46515077 1
2.6014385 -1.4106228 0.88509667 1
2.6178265 -1.4185102 0.1450621 1
2.5596793 -1.3904934 1.0911393 4
2.6200325 -1.4169385 0.56905657 1
2.6002991 -1.4114094 0.99188071 3
1.7139461 -0.93275607 -0.016627984 1
2.583416 -1.3996083 0.77731317 2
2.5914865 -1.4191046 0.35909003 1
2.5569804 -1.387404 0.25792617 1
2.556993 -1.3963881 0.6714319 1
1.9301029 -1.0576082 -0.00070524914 1
2.5261467 -1.3868363 1.3001816 4
2.5781553 -1.4063764 0.56840354 1
2.5919633 -1.4187877 0.9912495 2
2.6059453 -1.424063 0.14604104 1
2.6158097 -1.4302294 0.88771343 1
2.5489209 -1.3969023 0.46489948 1
2.5058961 -1.3844472 0.36410069 1
2.6765549 -1.4612379 0.025834501 2
2.5258939 -1.3823376 0.26059452 1
2.5840383 -1.4159057 1.0975363 4
2.5871313 -1.4139861 0.77814788 1
2.2315159 -1.2206327 0.013897543 1
2.5676441 -1.4084512 1.202472 2
1.7105975 -0.93922222 -0.016638545 1
2.4803522 -1.3814089 0.36539868 1
2.5298615 -1.4004445 1.3027333 6
2.5416484 -1.3997754 0.6708166 1
2.5367298 -1.4006388 0.98229295 2
2.5300584 -1.398333 0.46520224 1
2.6402674 -1.4538028 0.031531192 2
2.5647464 -1.4136813 0.77643585 1
1.9177315 -1.0602322 0.001555151 1
2.5739896 -1.4222839 1.0963905 2
2.2342186 -1.2323331 0.012340072 1
2.5862114 -1.4267304 0.88434976 1
2.5765812 -1.4179127 0.56844974 1
1.6988968 -0.9407804 -0.014037834 1
2.5199897 -1.394269 1.1913215 5
2.5170746 -1.3883474 0.15794282 1
2.545635 -1.4046376 0.25807616 1
2.4707482 -1.3739924 0.16388774 1
1.9108601 -1.0648948 0.0024533754 1
2.5122905 -1.3954029 0.66940135 1
2.571944 -1.4266289 0.56843638 1
2.5035579 -1.4056929 0.36363682 1
2.5301275 -1.4122413 1.3042592 4
2.5762277 -1.434761 1.0978855 2
2.5164742 -1.4025289 0.46538514 1
2.5068903 -1.3981063 1.1890818 2
2.5223277 -1.4030395 0.87620294 1
2.6493649 -1.4703044 0.028978603 2
2.5405707 -1.4144071 0.98381966 3
1.6990681 -0.94873047 -0.015092619 1
2.5441456 -1.4141996 0.77489471 2
2.2230916 -1.2365465 0.013871738 1
2.5739894 -1.4318863 0.25466412 1
1.9037954 -1.0698564 0.0033509193 1
2.510545 -1.4081742 0.87523222 1
2.4611356 -1.3843557 1.1783763 2
2.5042417 -1.403891 0.15841252 1
1.7027521 -0.95825368 -0.017190257 1
2.5604584 -1.4343506 0.77691787 2
2.212178 -1.2403045 0.015405377 1
2.5004878 -1.4004892 0.66898704 2
2.5437887 -1.4287223 1.091838 3
2.5413988 -1.4251875 0.25751302 1
2.567028 -1.4357787 0.56842226 1
2.5844467 -1.4540265 1.3222075 6
2.479526 -1.4039129 0.36482465 1
2.6408348 -1.4778291 0.029599546 2
2.5512683 -1.432055 0.98658198 2
2.5011444 -1.4056801 0.46560881 1
2.4781709 -1.4147016 0.36459258 1
2.5403953 -1.4364315 0.8800022 1
2.5328753 -1.4308587 0.77469647 1
2.5026484 -1.4132694 0.66937298 3
2.2113431 -1.2501073 0.014620566 1
2.5273485 -1.4305457 0.98317564 2
2.5608542 -1.4477956 0.25499466 1
2.4967499 -1.4170237 1.2970463 4
2.5376067 -1.4313211 0.56798404 1
2.6184766 -1.4776257 0.032758836 2
1.6859691 -0.95688474 -0.013022969 1
1.9103452 -1.082353 0.00061385735 1
2.5278826 -1.4330275 1.1970718 1
2.5172579 -1.4262713 0.465121 1
2.4473758 -1.3838557 0.16584703 1
2.5560224 -1.4473324 1.0955952 2
2.4777281 -1.4151847 0.46589726 1
2.4945407 -1.4197824 0.66916078 1
2.4968252 -1.4245788 0.97853822 2
2.4405212 -1.4043835 0.36665544 1
2.5258064 -1.4444275 1.3072969 7
2.6064885 -1.4830776 0.034013722 2
2.6116343 -1.488228 0.8905127 1
2.6011167 -1.4860086 1.2175474 3
2.1967685 -1.2522476 0.016924897 1
2.5192554 -1.4349988 0.77383399 2
1.9100308 -1.0910976 -0.00030521324 1
2.5133734 -1.4352511 1.0872846 2
1.6826946 -0.96294153 -0.013033037 1
2.5117333 -1.4286222 0.56760561 1
2.4863782 -1.4179066 0.26213649 1
2.4322238 -1.3867499 0.1673236 1
1.897992 -1.0928047 0.001955068 1
2.4791944 -1.4213989 0.56710893 1
2.4034986 -1.3813041 0.17078696 1
2.4946511 -1.4467359 0.36292711 1
2.6586866 -1.5316617 1.3493655 4
2.4881716 -1.4321278 1.0827463 3
2.5796206 -1.4831167 0.99424875 1
2.589592 -1.4850903 0.036222164 2
2.4944887 -1.4370792 1.1908087 2
2.4512181 -1.4090691 0.86897391 1
2.4792144 -1.4227675 0.66854626 1
2.462415 -1.4180931 0.46612126 1
1.6878107 -0.97372895 -0.015653361 1
2.4676237 -1.4189141 0.26355362 1
2.5160487 -1.4449446 0.7739898 3
2.2044218 -1.2668397 0.014209614 1
1.8993245 -1.102502 0.00058256794 1
2.4575291 -1.4268613 0.46610814 1
2.2071056 -1.2782035 0.012654549 1
2.5944896 -1.505953 1.2184104 4
2.574173 -1.4884461 0.03811365 2
2.4687908 -1.4305837 0.8720699 1
2.8264496 -1.6329972 0.80486703 1
2.4713025 -1.4341583 1.0800933 8
2.4448049 -1.4147823 0.66683143 1
1.684646 -0.97949362 -0.015662482 1
2.4482236 -1.4153893 0.5666399 1
2.64659 -1.5334367 1.0071843 1
2.4090858 -1.3957707 0.16928416 1
2.4856329 -1.4451065 1.2980329 4
2.4990671 -1.4484285 0.25978357 1
2.513644 -1.4700115 0.36138272 1
1.8921613 -1.1073633 0.0014805378 1
2.4399323 -1.4234912 0.66681838 1
2.3939502 -1.3984143 0.17076036 1
2.4538677 -1.4384909 1.2898085 4
2.4641664 -1.4360492 0.56699061 1
2.4810777 -1.4492649 0.87444812 1
2.4283545 -1.4216381 0.46664816 1
2.5625179 -1.4975063 0.99298787 1
2.5790546 -1.5039635 0.036194343 2
2.4664457 -1.4414363 0.26263252 1
2.1905696 -1.2796344 0.01534386 1
2.4606671 -1.4416207 1.1845449 1
2.7617836 -1.6097758 0.79908067 1
1.6844766 -0.98776692 -0.016716821 1
2.4610112 -1.4404519 1.0789474 3
2.4671247 -1.4549037 0.36399332 1
2.438488 -1.4341843 0.66700548 1
2.4511249 -1.4463539 0.46600285 1
2.4347765 -1.4471108 0.36572874 1
2.4238508 -1.4326433 1.2820976 5
2.4428344 -1.4401776 0.97231793 2
1.8949161 -1.1183848 -0.00034841691 1
2.5567732 -1.5032386 0.039354451 2
2.4388461 -1.4405786 1.1800778 2
2.4431968 -1.4396105 0.86988974 1
2.4347332 -1.4312296 0.56655186 1
2.4560528 -1.4492158 1.0789354 3
2.4492924 -1.4417924 0.76885897 1
2.1759734 -1.2815582 0.017649068 1
2.4129291 -1.421302 0.16727056 1
2.4632015 -1.4512194 0.26244092 1
1.6693935 -0.98706496 -0.013071331 1
2.4074249 -1.442601 0.36713722 1
1.8879032 -1.1228637 0.00055011438 1
2.4387231 -1.4458791 0.66729248 1
2.4007707 -1.4258325 0.86461562 1
2.4970849 -1.484298 1.0891025 4
2.3671455 -1.4054483 0.17321813 1
2.3905737 -1.4246628 1.2733618 4
2.4075925 -1.4263849 0.56614667 1
2.4219828 -1.4409392 0.46654341 1
2.4072196 -1.4330655 1.17294 2
2.5416148 -1.5059197 0.041246969 2
2.5743423 -1.528684 0.99696875 2
2.1783454 -1.2932851 0.016093148 1
2.5063498 -1.4881305 0.25741747 1
1.6693518 -0.99500948 -0.014124485 1
2.4580927 -1.4585462 0.77020288 3
2.4412203 -1.4632461 1.0777776 4
1.6677815 -1.0016843 -0.014656186 1
2.4027061 -1.4384215 0.86556071 1
2.4010291 -1.4353224 0.66537845 1
2.1910377 -1.3106097 0.012219528 1
2.5262051 -1.5089552 0.04313796 2
2.4489121 -1.4705402 1.2928488 4
2.4022863 -1.4416322 1.1729268 2
1.8756526 -1.1246998 0.0028119152 1
2.4619086 -1.4719115 0.77103919 2
2.4084039 -1.4444745 0.4667269 1
2.4268148 -1.4491309 0.56655711 1
2.4090555 -1.443505 0.9679758 2
2.3794079 -1.4239563 0.17072307 1
2.4600294 -1.4727831 0.2616989 1
2.4022017 -1.4515963 0.36712295 1
2.3574319 -1.4223015 0.17319326 1
1.8818491 -1.1373721 7.5352691e-05 1
2.3940248 -1.449569 1.2774404 2
2.3943658 -1.4428535 0.66526562 1
2.4252656 -1.4598185 0.56660527 1
2.41258 -1.457129 0.96950537 6
2.3738492 -1.4327821 0.86220008 1
2.3793676 -1.4387449 0.4672682 1
2.1727912 -1.3108176 0.015296723 1
2.4109061 -1.4683696 0.36623651 1
1.6675044 -1.0099472 -0.015709696 1
2.4325893 -1.466876 0.76865035 2
2.4376149 -1.473368 1.0781409 2
2.4104197 -1.4550894 0.26633811 1
2.383672 -1.4426316 1.1693503 2
2.5207384 -1.518398 0.043124344 2
2.3824086 -1.4541206 1.2753761 2
2.377394 -1.4442081 0.66455275 1
2.3906083 -1.4555585 0.96640939 1
2.3898466 -1.4564772 0.46690047 1
2.3975484 -1.4713659 0.36677077 1
1.8710597 -1.1404581 0.0018826331 1
2.5070233 -1.5222969 0.044697359 2
2.1649101 -1.3165632 0.016057212 1
2.4561248 -1.4961804 1.0834063 3
2.3720756 -1.443697 0.86266506 1
2.3931556 -1.4555793 0.16721985 1
1.6673614 -1.0179116 -0.016763952 1
2.4276235 -1.4769762 0.26399875 1
2.4021146 -1.4651631 1.1755736 1
2.407963 -1.4617008 0.56637901 1
2.4155633 -1.4683721 0.76744908 3
2.3592081 -1.4515839 1.2697231 5
2.3515313 -1.4549928 0.36938733 1
2.4048889 -1.4708767 0.56640166 1
2.3475962 -1.4390843 0.17317259 1
1.8706734 -1.1488248 0.0009677909 1
2.3758385 -1.4547405 0.66474515 1
2.4918792 -1.5246558 0.046594176 2
2.3707511 -1.4537741 0.8631354 1
2.3848212 -1.4649812 0.46689123 1
2.4006586 -1.4753077 1.1764565 2
2.4108772 -1.4801145 1.0743505 3
2.3619092 -1.4497707 0.96208495 1
1.6522886 -1.0169363 -0.013113856 1
2.3900206 -1.4646242 0.76540512 10
2.1738255 -1.3323888 0.012960874 1
2.3747737 -1.4568113 0.26900172 1
2.3589461 -1.4615277 1.1666442 2
2.3520448 -1.4517995 0.66363108 1
2.3886337 -1.474772 0.76573026 3
2.3638396 -1.4631681 1.0649107 4
1.8700603 -1.1575476 4.757251e-05 1
2.1577215 -1.3326374 0.015652044 1
2.4714293 -1.5243119 0.049437262 2
1.6522843 -1.0245768 -0.014168036 1
2.3294568 -1.4448855 1.2620122 4
2.3758831 -1.4649236 0.56596458 1
2.3704245 -1.4664078 0.96453762 1
2.3541555 -1.4578735 0.46747178 1
2.3324573 -1.4412602 0.17464881 1
4.3441153 -2.6649437 1.1419117 3
2.3816636 -1.472512 0.26773468 1
2.3343487 -1.4564776 0.37013829 1
2.3571854 -1.4650447 0.56570953 1
1.8610998 -1.1612033 0.0014001023 1
2.3657832 -1.4716394 0.66471696 1
2.3474283 -1.4652181 0.46749759 1
2.3574212 -1.4734293 1.2722609 2
2.3274887 -1.4495744 0.17463531 1
2.3620043 -1.4727765 0.963907 2
2.3370011 -1.4561106 0.85975993 1
2.3769617 -1.4833025 1.0690434 3
1.6502475 -1.0318238 -0.014700724 1
2.3917971 -1.4889113 0.76656425 2
2.1696424 -1.3509589 0.011776 1
2.4608502 -1.5304508 0.050374255 2
2.3436952 -1.4642239 1.163958 3
2.3494129 -1.4643384 0.27058405 1
2.3259325 -1.4626931 0.37034297 1
2.3455224 -1.4781694 1.2701943 2
1.8486191 -1.1630945 0.0036601501 1
2.366318 -1.4848685 0.76451474 2
2.2952254 -1.4416066 0.17859571 1
2.3191948 -1.4699225 0.37043875 1
2.3451276 -1.4752321 1.0629973 3
2.3586931 -1.4780539 0.56581539 1
2.3452516 -1.473207 0.86165899 1
2.4471664 -1.5340312 0.051947657 2
2.3287084 -1.4664112 1.161272 2
2.3591282 -1.4845197 0.46708727 1
1.6532903 -1.0418079 -0.016799029 1
2.3465924 -1.4753736 0.96204299 1
2.3257239 -1.4611913 0.27253911 1
2.1633196 -1.3576751 0.01214972 1
2.326458 -1.459512 0.66270262 1
2.343508 -1.4870843 1.1666019 2
2.2700374 -1.4371979 0.18156238 3
1.8578619 -1.177931 1.2632826e-05 1
1.6464376 -1.0457057 -0.015765682 1
2.385155 -1.522794 0.36583102 1
2.3515732 -1.4900004 0.96387869 1
2.3459716 -1.483824 0.76297504 1
2.1486416 -1.3591844 0.014454664 1
2.3078601 -1.459366 0.66189003 1
2.3132908 -1.4675212 0.4680241 1
2.3098352 -1.4626585 0.85734141 1
2.4301319 -1.5354382 0.05415589 2
2.3342147 -1.4779023 0.27109373 1
2.3502698 -1.4926617 1.2732587 2
2.3569956 -1.4885676 0.5658626 1
2.3767159 -1.5064487 1.0712775 3
2.307184 -1.472455 0.27340746 1
2.3598292 -1.5067798 0.96633059 3
2.3231432 -1.4803078 0.66307533 1
2.3377185 -1.5045899 0.36855218 1
2.2802134 -1.4547818 0.17931396 1
2.3484743 -1.4948386 0.56578809 1
2.3081615 -1.4730061 0.8578068 1
2.3307281 -1.4858263 0.76194268 1
2.1422963 -1.3658115 0.014827967 1
1.8571174 -1.1866578 -0.00090674998 1
2.3218827 -1.4850515 1.1621356 2
2.3065431 -1.4747046 0.46805039 1
2.4315269 -1.5482868 0.052871887 2
1.629758 -1.043435 -0.011598015 1
2.3548965 -1.5044584 1.0674945 3
2.286238 -1.4639586 1.2547745 4
2.1326137 -1.3703194 0.015974464 1
2.3105805 -1.4907383 1.2639968 5
2.4094872 -1.5464 0.05603322 2
2.314666 -1.4864532 0.66286194 1
1.8530418 -1.1933066 -0.00091792707 1
2.3181849 -1.4928719 1.0603173 2
2.2870703 -1.4839207 0.37149248 1
2.3299396 -1.4982049 0.86161768 1
2.2802329 -1.4660963 0.1785557 1
2.3012066 -1.4813681 0.95645511 3
2.3357794 -1.5019667 0.26981354 1
2.3027327 -1.4775947 0.56505042 1
2.3167706 -1.4933254 1.1621225 1
2.3200395 -1.4946876 0.46760067 1
2.315501 -1.4877365 0.76091135 1
1.6392502 -1.0575248 -0.015785163 1
1.6258476 -1.0572091 -0.012661831 1
1.8407202 -1.1947174 0.0013430131 1
2.2935646 -1.4852837 0.75920177 1
2.3145158 -1.4965283 0.56533849 1
2.3592319 -1.541743 0.3664467 1
2.3044341 -1.4948748 0.95798188 2
2.3440371 -1.5188525 0.26836771 1
2.3152199 -1.5052123 1.2670609 4
2.2842643 -1.47861 0.66134924 1
2.3874891 -1.5443747 0.059193835 2
2.28124 -1.4787565 0.85538948 1
2.3014009 -1.4943415 0.46790329 1
2.3163533 -1.5032438 1.0610584 2
2.3017693 -1.4952784 1.1594377 1
2.1427941 -1.3874024 0.012484918 1
2.2684813 -1.4699535 0.17953613 1
2.3045688 -1.5072408 1.0595375 3
2.1347117 -1.392933 0.013244842 1
2.2959604 -1.5009481 0.95735323 2
2.3120086 -1.5229962 0.3691684 1
2.2835019 -1.4950234 1.155862 1
2.2968123 -1.4994732 0.17455348 1
2.3854859 -1.5550151 0.058545798 2
1.630355 -1.068258 -0.015282979 1
2.2985115 -1.4999126 0.76020706 1
2.2808523 -1.4878322 0.66143674 1
1.8349774 -1.2002677 0.0017876284 1
2.3220389 -1.5164368 0.27014494 1
2.3026202 -1.5004531 0.5652042 1
2.2807872 -1.4946181 1.2578136 4
2.2661223 -1.4804468 0.8539421 1
2.3063419 -1.5090379 0.46765381 1
2.2583182 -1.4861113 0.17951024 1
1.6234473 -1.0720199 -0.014248524 1
1.8373973 -1.2110628 -4.1982537e-05 1
2.2718122 -1.4989176 1.154068 6
2.2974489 -1.5086558 0.56519151 1
2.276608 -1.4972762 0.75849771 1
2.3177011 -1.5251933 0.86205482 1
2.3635328 -1.5527868 0.061707787 2
2.128263 -1.3994929 0.013619394 1
2.2807579 -1.4992118 0.66172355 1
2.2725432 -1.4973 0.95394903 2
2.264966 -1.4911612 0.27568173 1
2.274653 -1.4994287 1.0538692 8
2.3048272 -1.5216869 1.2670351 2
2.2933791 -1.5225062 0.37003052 1
2.2910709 -1.5107274 0.46787852 1
2.2989535 -1.5212051 0.56529814 1
2.3548641 -1.5590467 0.062329087 2
2.1185071 -1.4038777 0.014766106 1
1.8299711 -1.2155194 0.00085638132 1
2.2727778 -1.5096774 1.0546105 4
2.2737021 -1.5129585 1.2588128 4
2.2831213 -1.5273786 0.37034535 1
2.263387 -1.5048772 1.1531647 2
1.6149154 -1.074697 -0.012691977 1
2.2640796 -1.5032434 0.95332086 1
2.2531896 -1.4941516 0.17949617 1
2.2791812 -1.5117648 0.85726207 1
2.2548187 -1.4959673 0.27620602 1
2.2404397 -1.4844419 0.65961146 1
2.2747891 -1.5075656 0.75882393 3
2.265775 -1.5057644 0.46834043 1
2.2631361 -1.5251826 0.3713184 1
2.2461569 -1.5057673 1.2516186 4
2.2575011 -1.5112314 0.46840748 1
2.2459476 -1.5022179 0.95084292 1
2.248944 -1.5007981 0.66039926 1
2.2595959 -1.5091013 0.75779253 1
2.1235149 -1.4178993 0.012436603 1
2.3907075 -1.5929868 0.56703448 1
2.2529881 -1.5061845 0.27583396 1
2.2528088 -1.5080514 1.0512046 4
2.2354069 -1.4979274 1.1469179 2
2.2640142 -1.5133333 0.85581487 1
2.3428788 -1.5630999 0.063585825 2
1.6096168 -1.0794445 -0.012179234 1
1.8274225 -1.2231456 0.00039146133 1
2.2480385 -1.5021898 0.17948408 1
2.3454382 -1.5746212 0.56629807 1
2.2246566 -1.5110769 0.37349486 1
2.2175081 -1.496865 1.1433429 2
2.254426 -1.5200226 1.0527009 2
2.2622919 -1.5259131 0.46815756 1
2.2521038 -1.5143127 0.66088521 1
1.8136733 -1.2229164 0.0031072802 1
2.2723088 -1.5297664 0.85771465 1
2.2704272 -1.529865 0.95637667 1
2.2248666 -1.5030732 1.246475 5
2.3245766 -1.5623198 0.066114224 2
2.2431185 -1.5098073 0.17947282 1
1.6091373 -1.0873575 -0.0132332 1
2.2560599 -1.5182551 0.75795037 2
2.125176 -1.4297965 0.010878095 1
2.2262051 -1.4999228 0.27814996 1
1.599165 -1.0885741 -0.011153749 1
2.1237628 -1.439177 0.010094285 1
2.2186198 -1.5035093 0.65917367 1
2.3000479 -1.556384 0.56556129 1
2.237911 -1.5177976 0.17945945 1
2.2520087 -1.5291718 0.95389837 1
2.2295887 -1.5149649 1.0481658 3
2.2570322 -1.5339732 0.46814382 1
2.1961434 -1.493935 1.1388783 3
2.2394822 -1.5181593 0.75675148 7
2.2306929 -1.5136225 0.85244423 1
1.8127143 -1.2315747 0.0021882602 1
2.197197 -1.4959477 1.2392806 4
2.325758 -1.5749804 0.064831145 2
2.2009599 -1.50714 0.37468588 1
2.2591429 -1.533282 0.2740182 1
2.2273133 -1.5275543 1.2505553 6
2.2326753 -1.5257716 0.17944661 1
2.2518485 -1.5392931 0.85625511 1
1.8149537 -1.242411 0.00035970422 1
2.2101228 -1.5091991 0.65896273 1
2.1991873 -1.5052174 0.94495004 2
2.2285175 -1.5263777 0.46868688 1
2.2946818 -1.5645761 0.56554902 1
2.1022565 -1.4362044 0.013944557 1
2.31513 -1.5803701 0.065769263 2
2.2404015 -1.5342647 1.0519207 3
2.2023768 -1.5194733 0.37423572 1
2.2004445 -1.5086836 1.1415368 2
2.2505295 -1.5376432 0.75843251 1
1.6080769 -1.1032034 -0.015341758 1
2.2720394 -1.553561 0.27203554 1
2.0989304 -1.4448068 0.013546061 1
2.2459369 -1.5440431 0.5647518 1
1.8007828 -1.2426859 0.0030753135 1
2.2162414 -1.5252949 0.65964764 1
2.202318 -1.516624 0.75401247 1
2.3194895 -1.5952592 0.063851483 2
2.1984768 -1.5187218 1.1424156 2
1.5866908 -1.0971087 -0.0096054422 2
2.2409742 -1.548912 1.2566971 5
2.2008574 -1.5163318 0.18340975 1
2.2280922 -1.5367306 0.95140773 1
2.203136 -1.5212471 0.46915048 1
2.2528534 -1.5521678 0.8571986 1
2.2351179 -1.5422517 1.0519084 3
2.2664123 -1.5620627 0.27202266 1
2.1869807 -1.52095 0.37487921 1
2.214699 -1.5378054 0.85240585 1
2.192827 -1.5208205 0.65853685 1
2.240613 -1.552049 0.56473988 1
2.2164986 -1.5437945 1.2505296 2
2.2218561 -1.5420685 0.17942148 1
2.1966875 -1.5268321 0.94646537 1
1.8077824 -1.2568114 -0.0001165995 1
2.1912868 -1.5245843 0.46929663 1
2.2100775 -1.5373051 1.0473725 3
2.2973905 -1.5928086 0.067014083 2
2.10181 -1.4581959 0.011602371 3
2.2058547 -1.5357459 1.1459637 2
1.5795472 -1.1009191 -0.008571581 4
2.2017705 -1.5282339 0.75450873 2
2.2396343 -1.5555297 0.27433801 1
2.2080541 -1.5468642 0.37311539 1
2.2398241 -1.5714395 1.2597505 4
2.2040541 -1.5399492 0.65952402 1
2.2207308 -1.5548285 0.95199925 1
2.2193985 -1.5657264 0.37200928 1
2.2057936 -1.546011 0.46880844 1
2.2316935 -1.5581585 0.56466591 1
2.1948802 -1.5364187 0.27862394 1
2.2209597 -1.5563236 1.0511289 2
2.2853806 -1.5965189 0.068271533 2
1.7871838 -1.2525955 0.0044186665 1
1.5885097 -1.1153282 -0.012759074 1
2.180295 -1.525651 0.18487549 1
2.1941452 -1.5391847 1.1441712 3
2.2353115 -1.5640928 0.85621566 1
2.0886929 -1.4601427 0.013521746 1
2.2178533 -1.5507507 0.75669944 1
1.7862959 -1.260885 0.0034992986 1
2.1997252 -1.5526407 1.0473477 2
2.2898901 -1.6109939 0.066353917 2
2.1442957 -1.511569 0.18958589 1
2.1931369 -1.5507408 1.246401 4
2.153872 -1.5221443 1.1343642 3
2.208874 -1.5582308 0.95075428 1
2.2138686 -1.560357 0.85381478 1
2.2101386 -1.5543468 0.56435335 1
2.1708179 -1.5284823 0.65781409 1
2.1725352 -1.5344955 0.46947181 1
2.1943533 -1.5599148 0.37331107 1
2.0981848 -1.4776438 0.010033405 3
2.1764827 -1.5351681 0.28004518 1
1.5878615 -1.1232316 -0.013813179 1
2.1846554 -1.5393721 0.75380594 2
2.0772433 -1.4735479 0.013886443 4
2.1922383 -1.5700291 0.37307969 1
2.1787167 -1.5502553 0.469181 1
2.1671884 -1.5373586 0.65790147 1
2.217907 -1.5713629 0.56458205 1
1.7915519 -1.2739649 0.00076147495 1
2.1796136 -1.5467609 0.75379407 2
2.268127 -1.6078558 0.069517471 1
2.1518257 -1.5320611 1.1352432 8
1.5842019 -1.1286547 -0.013821559 1
2.1472211 -1.524895 0.18833117 5
2.2083671 -1.5695034 0.95166767 2
2.1779897 -1.5471064 0.27931762 1
2.1847153 -1.55373 1.0450752 3
2.1954618 -1.5591464 0.85189104 1
2.1624563 -1.5408187 1.2381814 6
2.216145 -1.5986309 0.37109616 1
2.2095811 -1.580681 0.8547464 1
2.1733327 -1.5531214 0.65858859 1
2.0721612 -1.4809558 0.013873966 4
2.1928451 -1.5654874 0.5642091 1
1.5740045 -1.1299167 -0.011741658 1
2.2658098 -1.6182085 0.068869829 2
2.1624875 -1.5509545 1.1396825 3
2.181947 -1.5625798 0.94764966 1
2.1628745 -1.5479894 0.28037989 1
2.1504824 -1.5418999 0.46972597 1
1.7887641 -1.2814975 0.00029678675 1
2.1761501 -1.5592539 1.0443091 2
2.1452088 -1.5348334 0.18782237 1
2.16031 -1.5507498 1.2391952 4
2.1791754 -1.5579678 0.75429106 1
2.1203017 -1.5338209 1.2278981 5
2.1976299 -1.5972438 0.3719604 1
2.2037787 -1.584851 0.56449848 1
1.7748125 -1.2811644 0.0030145834 1
2.1467791 -1.5458691 0.65727872 1
2.0718629 -1.4917535 0.012704105 1
2.1705534 -1.5634352 0.75393963 1
2.2505493 -1.61944 0.070763484 1
2.1782064 -1.5701827 0.85091132 1
2.1625898 -1.5585383 0.18433088 1
2.1604402 -1.5589284 0.94455677 1
2.1675725 -1.5647335 1.0435436 2
2.1467972 -1.5507257 0.46967393 1
1.5669726 -1.133347 -0.010706367 1
2.1461568 -1.5476401 0.28162205 1
2.1412468 -1.5473789 1.1352201 3
1.5709507 -1.1445719 -0.013327002 1
2.1722465 -1.5741363 0.56400418 1
2.1275358 -1.5456468 0.84420943 1
1.7656453 -1.2841297 0.0043682433 1
2.170171 -1.578164 1.0454156 3
2.1417413 -1.5605049 1.2366071 5
2.232094 -1.6182885 0.073292598 1
2.1264009 -1.548209 1.1325375 3
2.1454203 -1.5597345 0.94269586 5
2.160969 -1.572331 0.46918565 1
2.1651621 -1.5711657 0.75392717 1
2.0683165 -1.5002809 0.012305705 1
2.1577163 -1.5651166 0.65826494 1
2.1829786 -1.5853847 0.2769531 1
2.1726673 -1.591076 0.37326282 1
2.1895235 -1.5892969 0.17934798 1
2.1356905 -1.5623496 0.18679196 1
2.1344721 -1.5599922 0.65715539 1
2.0456026 -1.4950823 0.016544623 1
2.1477733 -1.5847545 0.37456504 1
2.1166046 -1.5519916 0.47012752 1
2.1273949 -1.5603398 1.1343061 2
2.2233002 -1.623939 0.073915705 1
1.7675594 -1.2949913 0.0025393877 1
1.5717313 -1.1535897 -0.014903182 1
2.1272106 -1.5581423 0.94021928 2
2.1408203 -1.5686804 1.0397503 5
2.1254354 -1.5555547 0.8446759 1
2.1403248 -1.5649379 0.7518822 1
2.1347966 -1.567001 1.236082 4
2.1895697 -1.5982023 0.56441462 1
2.1322203 -1.5605987 0.28195614 1
1.759946 -1.299046 0.0034389833 1
2.1355679 -1.5722843 0.65754306 3
2.0181794 -1.4862906 0.021942778 1
2.214494 -1.6295451 0.074539304 1
2.1072068 -1.5538108 0.84275335 1
2.1504245 -1.5885408 1.1423075 3
2.1420045 -1.5818475 0.46936044 1
2.1449571 -1.5832353 1.0420004 4
2.1358566 -1.5877017 0.3749918 1
2.1638103 -1.5996073 1.2473556 4
2.1090429 -1.5564512 0.93774402 3
2.1110113 -1.5560066 0.18976407 1
2.1613636 -1.5896004 0.563981 1
1.564641 -1.1569803 -0.01386754 1
2.1187713 -1.5623628 0.28284097 1
2.1381578 -1.5749012 0.75221056 1
2.1148858 -1.5749717 1.2329818 2
2.097563 -1.5589324 0.93650049 1
2.122345 -1.5736371 0.65703326 1
2.1190605 -1.5761272 0.46978694 1
2.1306536 -1.5949359 0.37498072 1
2.1364801 -1.5831839 0.56360954 1
2.1345074 -1.5845889 0.18527882 1
2.0098825 -1.4911885 0.022704327 6
2.2104633 -1.6386031 0.074209914 1
2.1198468 -1.5731341 0.75084269 1
1.7649266 -1.3122249 0.00070130063 1
2.1506026 -1.5989863 1.0446271 3
1.5466156 -1.1523811 -0.0091758016 1
2.1323588 -1.5869995 1.1387347 3
2.1326921 -1.5840079 0.28067937 1
2.0986435 -1.5589819 0.84226292 1
2.1875761 -1.6332309 0.077692784 1
1.7590677 -1.3170761 0.0011463705 1
2.1453693 -1.6062685 1.0446159 4
2.0738006 -1.5645002 0.37847558 1
2.1229138 -1.5871162 0.18626121 1
2.128747 -1.5919533 0.84750855 1
2.1345184 -1.5927767 0.56365728 1
2.1024234 -1.5705653 0.65612364 1
2.1240337 -1.5898288 0.94265097 1
2.0737777 -1.5549141 1.1235892 3
2.0767782 -1.5584277 1.2221993 12
2.1329513 -1.5979046 0.46929881 1
2.1176341 -1.5830464 0.75116986 1
1.9984127 -1.4937239 0.024239851 9
2.0967293 -1.5691935 0.28407192 1
1.5473343 -1.1613679 -0.010750971 1
2.1252692 -1.599697 0.75251538 1
2.1161556 -1.590884 0.56340599 1
2.076067 -1.5692837 1.2237265 6
2.0840695 -1.5733609 0.47036165 1
2.0809493 -1.5715971 1.1271387 4
1.748268 -1.3187588 0.0029561159 1
2.0093048 -1.5121592 0.020364994 25
2.0873699 -1.5709342 0.65551257 1
1.5528684 -1.1735215 -0.013893831 1
2.098294 -1.5805267 0.18923374 1
2.0963199 -1.5809209 0.93832546 1
2.1114259 -1.5928651 1.037822 2
2.1739948 -1.635155 0.079268798 1
2.0945268 -1.5782821 0.84319746 1
2.1025226 -1.5849707 0.28280681 1
2.0665345 -1.5710714 0.37857342 1
2.0859025 -1.5833745 0.84270769 1
2.080353 -1.5771875 0.65540147 1
2.1267142 -1.6103657 0.56369537 1
2.095624 -1.5919433 0.93923938 2
2.0641978 -1.5666642 0.1936972 1
2.0706329 -1.5748079 0.47054949 1
1.7468555 -1.3273423 0.0020367468 1
2.0753062 -1.5801612 1.2252539 5
2.174403 -1.6480105 0.077986598 1
2.1119559 -1.6054666 1.039318 2
2.113085 -1.6028887 0.75182551 1
2.0006793 -1.5173532 0.021126924 31
2.0643301 -1.5712147 1.124011 6
1.5517374 -1.1816918 -0.014947527 1
2.0611143 -1.5784364 0.37856191 1
2.084281 -1.5829387 0.28422925 1
2.1781878 -1.6628659 0.076068103 1
2.0542438 -1.5750571 1.1226645 3
2.1095612 -1.6153487 1.040059 2
2.0080063 -1.5339065 0.018024229 1
2.073046 -1.5837822 0.65529072 1
2.0617344 -1.5801593 0.47061756 1
1.7451762 -1.3362448 0.0011170035 1
2.0618699 -1.5821135 1.2226787 3
2.0585213 -1.574393 0.19368528 1
2.0693271 -1.5843505 0.93522316 1
2.1144805 -1.6135249 0.56356335 1
1.5538594 -1.1918874 -0.017046416 1
2.0693071 -1.581715 0.7477479 1
2.0992243 -1.605492 0.84556317 1
2.0865102 -1.5967307 0.28332165 1
2.0601735 -1.5897739 0.37822154 1
2.0764694 -1.6012666 0.93767643 1
2.1216824 -1.6307034 0.56379253 1
2.0613155 -1.6016021 0.37777311 1
2.0372615 -1.5697625 0.19616011 1
2.0588527 -1.5866177 0.84029698 1
2.0500534 -1.5779217 0.65418231 1
1.7436862 -1.3448414 0.00019816567 1
2.0387537 -1.5742186 0.47104365 1
2.0841384 -1.6104995 1.2319002 4
2.06194 -1.5897397 0.28546074 1
2.1564085 -1.6591126 0.079234116 1
1.5279846 -1.1814723 -0.0097424174 1
2.0794737 -1.6014709 0.7494297 1
2.0609736 -1.5921705 1.1262144 3
2.0259373 -1.5591785 0.012217036 1
2.0911922 -1.6137577 1.0370342 4
2.0570862 -1.6014898 1.2247082 3
2.0495644 -1.5944153 1.1244228 3
2.0754907 -1.6108027 0.84362924 1
2.0270734 -1.5707977 0.010660998 1
2.0456917 -1.5867888 0.7463699 1
2.0557914 -1.6089555 0.37776291 1
2.1431117 -1.6604346 0.080812119 1
2.0915842 -1.6232969 0.28150815 1
2.1212296 -1.6470225 0.94752222 1
2.0728886 -1.6083015 0.18968505 1
1.5272043 -1.1890227 -0.010795455 1
2.0453093 -1.5898523 1.0272263 4
2.0525613 -1.5912805 0.65466964 1
1.7390567 -1.3510851 0.0001883768 1
2.0714886 -1.6043677 0.56294149 1
2.0460405 -1.5911977 0.47071502 1
1.7220359 -1.3478396 0.0038163252 1
2.064512 -1.6119733 0.65575647 1
2.021652 -1.578028 0.010649597 1
1.5261916 -1.1968665 -0.011847573 1
2.0382731 -1.595947 1.0268393 4
2.0352874 -1.5916042 0.83836412 1
2.046546 -1.598937 0.74703783 1
2.0818303 -1.6239166 0.56323063 1
2.0799341 -1.625365 0.18768591 1
2.0591369 -1.6112386 0.93642259 1
2.0954609 -1.6380309 0.28042156 1
2.0440688 -1.6017214 1.1244118 2
2.127975 -1.6608616 0.082706772 1
2.0148089 -1.5805211 1.2123883 2
2.0312889 -1.6016216 0.37906766 1
2.0373826 -1.5960625 0.47078368 1
1.726651 -1.3611498 0.0010796373 1
2.0599554 -1.6208493 0.74905914 1
2.1206782 -1.6672463 0.083014227 1
2.0643587 -1.6255802 0.8436076 1
2.0272202 -1.5963647 0.19513293 1
2.0446618 -1.6235975 0.37774092 1
2.0215838 -1.5971805 1.2164813 2
2.0476835 -1.6155709 0.47037444 1
2.0162098 -1.5852479 0.010639483 1
2.0416317 -1.6113952 1.1252911 2
2.107142 -1.6589113 0.27843943 1
2.0368211 -1.6022447 0.65435004 1
2.0730624 -1.6288964 0.56315923 1
1.5312535 -1.209419 -0.014991005 1
2.0567083 -1.6210002 0.93702829 1
2.0374322 -1.6068223 1.0279586 3
1.5270994 -1.2149214 -0.014999047 1
2.0642846 -1.6338313 0.56308836 1
2.0249248 -1.6197927 0.37871692 1
2.0176349 -1.6042811 1.1199402 2
2.1180377 -1.6772265 0.082367353 1
2.0279768 -1.6084789 0.19412896 1
2.0130329 -1.6020039 1.2154435 6
2.0200412 -1.6056561 0.47092164 1
2.0256987 -1.6092563 1.0264412 3
2.0448856 -1.6234716 0.93578517 1
1.7219646 -1.3673375 0.0010702541 1
2.0652728 -1.6382679 0.28255126 1
2.0502152 -1.624226 0.655536 1
2.0138371 -1.5948505 0.0098561766 1
2.0197666 -1.6012689 0.74532127 1
2.0493529 -1.6256193 0.84216452 1
1.5107588 -1.2108978 -0.010828511 1
2.0869913 -1.6633753 0.56361657 1
1.7218579 -1.3771018 -0.00030327207 1
2.0320339 -1.6216785 0.6547274 1
1.9990613 -1.5947739 0.012164318 1
2.0624983 -1.6476419 0.84502023 1
2.0130553 -1.6083632 0.19560993 1
2.005095 -1.6039186 0.92899859 2
2.0396988 -1.6331664 1.1279413 3
2.1029189 -1.6774659 0.084262885 1
2.0479562 -1.638319 1.0332123 3
2.0142484 -1.6084778 0.7453115 1
2.0270803 -1.6227424 0.47059241 1
1.9923205 -1.5972297 1.210305 3
2.0065286 -1.6174674 0.37958318 1
2.0436637 -1.6336967 0.28433114 1
2.0404227 -1.6386181 0.56282651 1
2.0318863 -1.6352912 0.84118843 1
2.0201535 -1.6307538 1.2215784 3
2.0324225 -1.6352279 0.1916208 1
2.0201685 -1.6239698 0.65431768 1
1.7217056 -1.3868866 -0.0016769824 1
2.0152102 -1.6250128 0.47074193 1
2.0088656 -1.6184226 0.93083662 1
2.0921855 -1.6816609 0.085204296 1
1.5124575 -1.2213756 -0.012927029 1
1.9963626 -1.6046959 0.011380161 1
2.0127594 -1.622816 1.0260417 4
2.0333381 -1.6372802 0.28485915 1
2.0123882 -1.6238495 1.1216993 3
1.9962611 -1.6208887 0.37990105 1
2.003731 -1.6123103 0.74479192 2
1.9965228 -1.6197181 0.28843379 1
1.9999148 -1.6234744 0.93020904 1
2.059541 -1.6661681 0.56329596 1
2.0111592 -1.6290528 0.65410757 1
2.0000434 -1.6191508 0.0090514543 1
1.9945992 -1.6213032 1.1181289 3
1.9953427 -1.6317593 0.37956211 1
2.0280845 -1.6475202 0.47025299 1
2.0225267 -1.6422416 1.0298003 4
1.7060143 -1.3848791 0.0014968455 1
2.081742 -1.6854351 0.086146533 1
2.001651 -1.623064 0.19558793 1
1.5037246 -1.2232097 -0.011368188 1
2.0228593 -1.6404297 0.84070003 1
1.9840368 -1.6141888 1.2113104 3
2.0090876 -1.6281375 0.74596655 3
1.7027662 -1.3922037 0.0010323459 1
1.9728011 -1.6100065 0.65200335 1
1.994453 -1.626284 0.0090408577 1
1.995699 -1.6290765 0.74511045 11
2.0295942 -1.6575741 0.84259963 1
2.0111358 -1.6430423 0.28609312 1
1.9588894 -1.6055152 1.2046325 7
2.0255156 -1.6572523 0.47016189 1
2.0005834 -1.647664 0.37878481 1
1.9722922 -1.6149796 1.1132226 6
1.9929553 -1.6277318 0.19607627 1
1.9773654 -1.6170074 0.92681187 2
2.0712976 -1.6891539 0.087089621 1
2.0256841 -1.6510175 0.56274617 1
1.5070612 -1.2346414 -0.013988341 1
2.0138011 -1.6469911 1.0290357 4
1.9488513 -1.6088479 1.2030838 3
1.6994903 -1.3995279 0.00056881161 1
1.9682418 -1.6232383 1.1136566 4
2.0115204 -1.6548347 0.84067911 1
1.9913228 -1.6405859 1.024882 3
2.0623901 -1.6940569 0.087714277 1
1.4968035 -1.2352129 -0.011907323 1
2.0075331 -1.6482011 0.56249642 1
1.9936765 -1.6383575 0.65368778 1
1.9884188 -1.6364444 0.28805444 1
1.9885291 -1.6349415 0.74493057 1
1.9735619 -1.621086 0.012896045 1
1.9794762 -1.6302705 0.92834103 2
2.0042536 -1.6519029 0.47055057 1
1.9887024 -1.6497593 0.37921318 1
1.9780723 -1.6273593 0.19755752 1
1.4910619 -1.239382 -0.011391844 1
1.9860984 -1.6593874 0.37898439 1
2.0519414 -1.6976736 0.088657364 1
1.9693775 -1.6319078 0.19804406 1
1.9566029 -1.6253313 1.1118672 4
1.9702719 -1.6377988 1.2123052 2
1.993283 -1.6538885 1.0267555 4
1.982772 -1.6435375 0.28804421 1
2.0027304 -1.6594955 0.84019107 1
1.6976933 -1.4080652 -0.000349479 1
1.97079 -1.6348368 0.9277159 3
1.9818245 -1.6404307 0.65327847 1
1.9710129 -1.6306016 0.012112746 1
2.0016537 -1.6615798 0.47046125 1
2.0111637 -1.6629285 0.56266558 1
1.9890771 -1.6470621 0.7455985 1
1.9745002 -1.6450934 0.0097838137 1
1.9865319 -1.6715598 0.3785353 1
1.4838105 -1.2422923 -0.010355741 1
1.9775572 -1.6473124 0.56211668 1
1.9823515 -1.6525601 0.65366775 1
1.9479281 -1.625123 0.74169302 2
2.0036635 -1.6716309 0.19156912 1
1.9556671 -1.6374664 1.2092191 1
1.9835552 -1.6585681 0.47076982 1
1.9479867 -1.6298336 1.1109667 2
2.0384383 -1.6987419 0.090236045 1
1.9647987 -1.6423098 1.0210936 2
1.9509056 -1.6291492 0.29108152 1
1.6958616 -1.4166199 -0.0012669078 1
1.949872 -1.6293329 0.92462528 3
2.0062237 -1.6741868 0.84161401 1
1.9833677 -1.6693301 1.0271116 2
1.954627 -1.6422117 0.74303776 2
1.9642748 -1.648391 0.010932743 1
1.958153 -1.6443853 0.65246129 1
1.6849675 -1.4177406 0.00054262654 1
1.9685839 -1.6579993 0.47099867 1
1.9363583 -1.6318125 1.1091771 3
2.0022564 -1.6965212 0.37699014 1
2.0295258 -1.7035033 0.090861514 1
1.9716839 -1.6589388 0.93015838 1
1.9237757 -1.6183656 0.29358169 1
1.984225 -1.6645412 0.56234622 1
1.4825245 -1.2500837 -0.01140801 1
1.9636896 -1.651008 0.83587241 1
1.9519649 -1.6408919 0.19901891 1
1.9142779 -1.6148576 1.1969002 1
1.9176255 -1.6291198 1.1999686 2
1.9659355 -1.6675782 0.47090971 1
1.9872152 -1.6959707 0.37763834 1
1.9507689 -1.6533306 0.92706925 1
2.0038114 -1.6960815 0.84302557 1
1.9520311 -1.6517359 0.74336714 2
2.02668 -1.7132612 0.090216205 1
1.9615479 -1.6575674 0.56200671 1
1.6830812 -1.4262546 -0.00037584387 1
1.9386487 -1.6398969 0.65155494 1
1.9600945 -1.6566544 0.010536375 1
1.9549609 -1.6557944 0.28927031 1
1.9457186 -1.6511959 1.1136179 3
1.9554601 -1.6554683 0.19751711 1
1.4901216 -1.2652624 -0.015595673 1
1.9715713 -1.6713761 1.0255945 2
1.4813249 -1.2669075 -0.014036363 1
1.9658082 -1.6784056 1.0255848 2
1.9509187 -1.6625308 0.74386531 3
1.9220973 -1.6430975 1.1082675 3
1.9757833 -1.6812319 0.5623861 1
1.9354968 -1.6512588 0.29087359 1
1.9031252 -1.6284969 1.1968815 2
2.0177326 -1.7179527 0.090841576 1
1.9538851 -1.6798773 0.37960207 1
1.6841489 -1.4372755 -0.0022035956 1
1.9494545 -1.6655984 0.47117892 1
1.9573861 -1.6661657 0.0097541846 1
1.9632485 -1.6755182 0.93075478 1
1.974098 -1.6828181 0.19352843 1
1.9370489 -1.652249 0.83346504 1
1.9268603 -1.6416826 0.65114552 3
1.980426 -1.7000926 0.19153439 1
1.9206927 -1.6635789 0.38157296 1
1.9516128 -1.672825 0.56202227 1
1.676212 -1.4407984 -0.0012975809 1
1.8857008 -1.6253072 1.1927751 8
1.9492031 -1.6776309 1.1180539 4
1.9540111 -1.6803479 1.024074 3
1.9511179 -1.6761435 0.28835949 1
1.9453831 -1.67233 0.92828828 1
2.0072651 -1.7213356 0.091790833 1
1.9299381 -1.6566551 0.74216717 3
1.9708245 -1.6924338 0.83966905 1
1.963642 -1.6832567 0.006657382 1
1.9314811 -1.6622342 0.47149417 1
1.9166101 -1.6446985 0.65084267 1
1.4710546 -1.2672594 -0.011949166 1
1.6682763 -1.4442897 -0.00039669409 1
1.9488467 -1.6826533 0.0089655826 1
1.9892696 -1.7182794 0.094322525 1
1.8853569 -1.6338969 1.0082418 12
1.9286536 -1.6686238 0.83392799 1
1.9179845 -1.6730289 0.38134286 1
1.8918761 -1.6420587 1.1968671 3
1.9394553 -1.6807851 0.4711239 1
1.925596 -1.6694255 1.1127033 2
1.9382415 -1.6763462 0.19749333 1
1.9196628 -1.6596669 0.74164861 2
1.9246492 -1.6631657 0.65172863 2
1.4696444 -1.2750449 -0.013002178 1
1.9696271 -1.7037309 0.28547943 1
1.9305793 -1.6715916 0.92642921 1
1.9641516 -1.6953032 0.56237036 1
1.9141815 -1.6646677 0.56149316 1
1.9576874 -1.7055771 0.28618619 1
1.9368255 -1.6887523 0.92888224 1
1.9773266 -1.7202398 0.095582321 1
1.9430356 -1.6896085 0.0089555895 1
1.9067588 -1.6596571 0.65092188 2
1.6633 -1.4502705 -0.00040595097 1
1.9154536 -1.6678129 0.7418071 1
1.9336543 -1.6877056 0.47111407 1
1.9182637 -1.6850926 0.38089401 1
1.8891513 -1.6513214 1.1978819 3
1.907994 -1.6661531 1.1091326 2
1.4682012 -1.2828395 -0.014055004 1
1.9035997 -1.661062 1.0142589 4
1.9530861 -1.7013142 0.83869308 1
1.9053003 -1.6600556 0.2019597 1
1.9170135 -1.685693 1.1135721 2
1.8976179 -1.6642559 0.74044329 1
1.9683927 -1.7247211 0.096207418 1
1.8973631 -1.6788464 0.38198066 1
1.886386 -1.6605949 1.1988983 6
1.9306662 -1.6943668 0.28868648 1
1.8875841 -1.658253 0.91994226 2
1.8870221 -1.6564493 0.8291319 1
1.4696494 -1.2931395 -0.016154343 1
1.9342228 -1.6939877 0.0097184228 1
1.8964893 -1.6625518 0.65061259 1
1.8875359 -1.6564974 0.2039391 1
1.9220903 -1.6832311 0.56175214 1
1.8904338 -1.6614369 1.0123653 8
1.9338856 -1.699827 0.47094315 1
1.6612576 -1.4587636 -0.0013246662 1
1.8744297 -1.6546019 0.64950651 1
1.8768202 -1.6721371 0.38306761 1
1.9147232 -1.6945837 0.47129306 1
1.8658533 -1.6525499 1.0997673 6
1.9000996 -1.6784899 0.20094365 1
1.9224612 -1.6996181 0.92824662 1
1.9320171 -1.7113751 1.2168353 5
1.6518098 -1.4608841 2.9468309e-05 1
1.9056928 -1.6809264 0.5615319 1
1.9428746 -1.7169158 0.28652373 1
1.8861897 -1.6694771 1.0127318 4
1.9340477 -1.7075605 0.7451728 1
1.9105649 -1.6854746 0.014345774 1
1.8993123 -1.6787927 0.83198678 3
1.4681232 -1.3009489 -0.017207162 1
1.962433 -1.7317406 0.096196771 1
1.8707184 -1.6678637 1.1028732 3
1.8484192 -1.6463355 0.91407233 5
1.8795484 -1.6701441 0.65019339 1
1.8676802 -1.6614612 0.20541213 1
1.886586 -1.6813368 0.47188315 1
1.858034 -1.6580919 1.1927261 5
1.884838 -1.6774 0.83054471 1
1.8967288 -1.6881243 0.29135555 1
1.8920385 -1.6973083 0.3815214 1
1.9079963 -1.6945349 0.013563528 1
1.6499658 -1.4690689 -0.00088826107 1
1.8986762 -1.6860768 0.56149262 1
1.449311 -1.2932887 -0.011989908 1
1.95675 -1.7383908 0.09618672 1
1.923613 -1.7133504 1.0236453 4
1.880392 -1.672199 0.73974574 1
1.6480867 -1.4772552 -0.001806039 1
1.8532617 -1.6642339 1.0993037 3
1.8351079 -1.6445458 0.20987931 1
1.8689003 -1.6746187 0.82886386 5
1.9347219 -1.7306951 0.09967339 1
1.8749156 -1.6785784 0.73973638 1
1.8762823 -1.6841129 0.47199237 1
1.8782911 -1.6808081 0.65048277 5
1.8958306 -1.7030604 1.2080984 2
1.8961664 -1.6999183 0.92514735 1
1.4479885 -1.3007804 -0.013043335 1
1.8751072 -1.6766882 0.56112462 1
1.9013751 -1.7041111 0.29009092 1
1.9050928 -1.7039329 0.012779837 1
1.869042 -1.6773838 1.0112051 3
1.8545045 -1.6765794 0.38381514 1
1.443293 -1.3062477 -0.013051113 1
1.6383584 -1.4795793 -0.0004518448 1
1.8524141 -1.6710773 0.73786402 4
1.8399439 -1.6647073 1.0970681 6
1.842674 -1.6650841 0.91528445 1
1.8491851 -1.6742284 1.1937308 2
1.8686799 -1.6898135 0.47202241 1
1.8732436 -1.6908342 0.83052504 1
1.9225283 -1.732708 0.10093389 1
1.8617274 -1.6785879 0.64977509 1
1.8469797 -1.6672117 0.20688389 1
1.8810232 -1.6943128 0.56135368 1
1.8937042 -1.7099122 0.29025924 1
1.9077331 -1.7188703 0.010449342 1
1.8923652 -1.7104515 1.0187285 2
1.8469371 -1.6822001 0.3839145 1
1.8604141 -1.6966149 1.1998727 3
1.6213658 -1.4753889 0.003177894 1
1.8374796 -1.671419 0.82573968 1
1.8422207 -1.6735998 0.64886791 1
1.8595746 -1.694149 0.47209126 1
1.8926717 -1.7219967 0.92697346 1
1.8597509 -1.6899534 0.7393769 1
1.8718936 -1.6987002 0.56128263 1
1.4472315 -1.3193926 -0.01619515 1
1.8379751 -1.6714952 0.20737103 1
1.8411864 -1.6780932 1.0992826 3
1.9221383 -1.7451618 0.099651113 1
1.9132229 -1.7364647 0.0073472001 1
1.8627309 -1.6966019 1.0126908 3
1.8949337 -1.7236354 0.28935164 1
1.8571707 -1.7038144 0.38269699 1
1.8548405 -1.7124702 0.38246942 1
1.8568048 -1.6977035 0.56109369 1
1.6218251 -1.4866868 0.001349278 1
1.8415446 -1.6904196 0.47240135 1
1.8654935 -1.7075732 0.74072063 1
1.9128714 -1.7497338 0.10027757 1
1.8061265 -1.6589007 1.0903723 3
1.862921 -1.7079451 0.92203689 1
1.8628894 -1.7113533 1.2029399 3
1.8053422 -1.6545247 0.21183906 1
1.8255185 -1.6730037 0.82477528 1
1.4482166 -1.3300015 -0.018293563 1
1.8227782 -1.6685067 0.64796221 1
1.8605388 -1.7054381 0.29274958 1
1.8478249 -1.6957009 1.0104204 3
1.9054636 -1.7423254 0.0077233193 1
1.8610331 -1.7295235 0.38158274 1
1.814617 -1.6783859 1.1875497 6
1.8605498 -1.716579 0.92264414 1
1.841319 -1.6957809 0.64954656 1
1.8392608 -1.6990253 0.47231269 1
1.4295341 -1.3220201 -0.013075841 1
1.8866173 -1.7376819 0.10471763 1
1.6256337 -1.5000345 -0.001388511 1
1.8273685 -1.6844987 0.73698789 1
1.7851975 -1.6473341 0.21431729 1
1.851299 -1.7095468 1.0126718 3
1.8136998 -1.676813 1.0943687 5
1.8779616 -1.7281228 0.56162214 1
1.8522843 -1.7087362 0.29309866 1
1.8288702 -1.6871777 0.82619709 1
1.9044169 -1.7523899 0.0065546352 1
1.8145405 -1.6900675 1.1895897 3
1.8413403 -1.7131914 1.1045941 3
1.8517073 -1.7205526 0.92201841 3
1.8344637 -1.7172595 0.3831093 1
1.8486136 -1.7129675 0.5611344 1
1.8171452 -1.6907674 0.47274286 1
1.8633887 -1.7281383 0.1085234 1
1.817472 -1.6880369 0.82523441 2
1.7886033 -1.6614107 0.21281563 1
1.8282807 -1.6999418 1.0081428 4
1.6178384 -1.5029473 -0.00048686002 1
1.8088657 -1.6781605 0.64774364 1
1.8867453 -1.7486203 0.009637286 1
1.8303995 -1.6990703 0.73799348 1
1.4192675 -1.3219664 -0.010993944 1
1.8169357 -1.688526 0.29667664 1
1.8420337 -1.7356794 0.38211277 1
1.8246614 -1.7106136 1.1952206 7
1.824857 -1.7091038 0.4723739 1
1.8402436 -1.7214882 0.92077774 5
1.8210474 -1.7004883 0.64892983 1
1.4234967 -1.3346268 -0.0141365 1
1.8087215 -1.6918449 0.8247475 1
1.8277707 -1.7079681 0.73832238 1
1.6155316 -1.5113775 -0.0014044403 1
1.8310977 -1.7144357 1.0103933 2
1.8038439 -1.6907464 1.0947956 4
1.8399459 -1.7187803 0.11232838 1
1.8456527 -1.7222687 0.56118512 1
1.8040606 -1.687957 0.29756466 1
1.8882424 -1.76164 0.0076939473 1
1.7799429 -1.6651236 0.21330419 1
1.8019615 -1.6947975 0.64802462 2
1.7599002 -1.6577066 0.21578313 1
1.7944233 -1.6898957 0.82330638 1
1.8226396 -1.7193671 1.1023502 6
1.8042774 -1.7020431 0.47276407 1
1.8341357 -1.7286389 1.0126435 2
1.8473679 -1.7401191 0.92353797 2
1.6062831 -1.5129112 -4.880911e-05 3
1.8370649 -1.7258171 0.56111664 1
1.8081784 -1.7009292 0.11804152 1
1.7989022 -1.698741 1.1880331 7
1.8306661 -1.7226007 0.7393288 1
1.8590722 -1.747102 0.013871069 1
1.4160635 -1.337126 -0.013099809 2
1.8328167 -1.7398571 0.38232169 1
1.795307 -1.6917008 0.29791448 1
1.6024941 -1.5199862 -0.00051270565 1
1.7599934 -1.6693982 0.2147783 1
1.8241551 -1.7341604 1.1993041 7
1.8152825 -1.7245393 1.1018965 4
1.8162292 -1.7219914 0.82783175 1
1.8279397 -1.7315249 0.73965877 1
1.7994095 -1.7046982 0.11866746 1
1.8005065 -1.7053169 0.648314 1
1.4159423 -1.3459051 -0.014674271 1
1.7866974 -1.6975871 0.47307494 1
1.8604282 -1.7595764 0.56170297 1
1.8022987 -1.7103754 0.91521859 6
7.5813007 -7.0918593 2.5198548 4
1.8157206 -1.7225285 0.29467568 1
1.8530351 -1.7537376 0.013861067 1
1.8265073 -1.7467258 0.38231173 1
1.83944 -1.7528932 0.56139547 1
1.7841142 -1.7025099 0.64760637 1
1.8148495 -1.7346982 0.91921067 4
1.7539426 -1.6759977 0.21476853 1
1.7699596 -1.6960018 1.181862 5
1.7717912 -1.6960711 0.47330517 1
1.8061949 -1.7286777 1.1009966 3
1.7874638 -1.7060554 0.11993026 1
1.794046 -1.7138658 0.82519662 1
1.6069552 -1.5353284 -0.0037049307 1
3.0818415 -2.9174831 0.88620448 1
1.4082586 -1.3486155 -0.013637302 1
1.8524058 -1.766045 0.012304719 1
1.8117654 -1.7450212 0.38296136 1
1.7986661 -1.7208692 1.0065987 3
1.794939 -1.7157137 0.29646012 1
1.7837627 -1.7146804 0.64799541 1
1.8463053 -1.772658 0.012295454 1
1.7697803 -1.7019212 0.12246281 1
1.7849481 -1.7178638 0.8247093 1
7.6990047 -7.3054276 2.5642278 4
1.7985028 -1.7446076 0.3835007 1
1.733431 -1.6689628 0.21724744 1
1.7743664 -1.7109601 0.47305545 1
1.7857614 -1.7220461 1.0965375 4
1.6013951 -1.541373 -0.0037138115 3
1.4033853 -1.3539326 -0.013644916 1
1.7948133 -1.7275969 0.2957336 1
1.7697655 -1.7048714 0.91088927 5
1.7979635 -1.7287964 0.73760796 1
1.7876949 -1.7252213 1.1905687 2
1.8272585 -1.7542986 0.56126541 1
1.8008863 -1.7415581 0.56083995 1
1.8249484 -1.7683082 0.29123959 1
1.7782084 -1.7248044 0.91395837 2
1.7881535 -1.7468913 0.38382143 1
1.7649504 -1.7156041 1.1844078 3
1.8032265 -1.7503837 0.47208625 1
1.7725391 -1.7201492 1.0028148 3
1.7334274 -1.6806331 0.21624379 1
1.7732639 -1.7187693 0.82374609 1
1.7467173 -1.6919353 0.12626918 1
1.7746568 -1.7187591 0.735569 1
1.8473005 -1.786005 0.010353397 1
1.7807451 -1.7238009 0.64818549 4
1.4001265 -1.3602977 -0.014175791 2
1.5875978 -1.5390675 -0.00099309057 2
1.7967719 -1.7445549 1.1018678 1
1.784145 -1.7459884 1.1936265 3
1.7816901 -1.7374876 0.73708296 2
1.8368703 -1.7885324 0.011503682 3
1.7661313 -1.721881 0.64757955 1
1.7827467 -1.742986 0.47247785 1
1.7626023 -1.7239834 1.0929605 4
1.7394252 -1.6997162 0.90686935 2
1.7828596 -1.7403903 0.29571488 1
1.7504954 -1.722778 0.38622788 1
1.7558534 -1.7141173 0.82182789 2
1.7408748 -1.6981761 0.12626013 1
1.579475 -1.5420697 -9.1453025e-05 1
1.8295892 -1.7811326 0.56154549 1
1.3954449 -1.3653321 -0.014183255 1
1.7218878 -1.6813344 0.21723005 1
7.4578643 -7.1772895 2.5136995 3
1.5769646 -1.5504282 -0.001009049 2
1.7785647 -1.7466083 0.73741132 2
1.7573105 -1.7254192 0.64737123 1
1.8038161 -1.7692391 0.018840723 9
1.7614383 -1.7362416 1.187466 3
1.7370139 -1.7113131 1.086722 2
1.7549047 -1.7265084 0.91147774 2
1.7588757 -1.7429413 0.38512066 1
1.7709743 -1.7437997 0.47262922 1
1.79749 -1.7627143 0.56100023 1
1.7711133 -1.7412305 0.29642352 1
7.4498024 -7.2198157 2.5181878 3
1.3907462 -1.3703475 -0.014190567 1
1.7378551 -1.7071317 0.12561531 1
1.7642424 -1.7341638 0.82420492 1
1.716086 -1.6874926 0.2172213 1
1.728586 -1.7254888 0.38697898 1
1.7220368 -1.7037265 0.12783234 1
1.7655433 -1.7440876 0.56045508 1
1.5772148 -1.5614893 -0.0028370491 2
1.7326049 -1.7155778 0.81990147 1
1.7017136 -1.6853365 0.21870594 1
1.7395003 -1.7256669 1.0893831 3
1.3804817 -1.3699834 -0.012107589 1
1.7665375 -1.7533104 1.1915584 2
1.7362748 -1.7222524 0.4734205 1
7.4189868 -7.2404742 2.5166507 3
1.7222141 -1.7059417 0.301797 1
1.7631277 -1.746541 0.91454738 6
1.7439195 -1.7252123 0.7340185 2
1.8061622 -1.7838753 0.016511997 9
1.7499213 -1.7303045 0.64726299 1
1.7084023 -1.7176567 0.38806874 1
1.5662518 -1.5617074 -0.0010251913 2
1.7566602 -1.7476053 0.56038761 1
1.7943786 -1.784844 0.018049648 7
1.375767 -1.3749474 -0.012114656 1
1.7301099 -1.7298601 1.1802707 2
1.7446212 -1.7424368 0.47301134 1
1.7542913 -1.7508215 1.0042845 2
1.7177478 -1.7134845 0.30160871 1
1.7373198 -1.7334908 0.91022915 1
1.7015777 -1.6969713 0.21770203 1
1.7408174 -1.7342232 0.73434854 2
1.7496674 -1.7421306 0.64765275 1
1.7579359 -1.7522899 0.82514191 1
8.7259626 -8.576108 3.3218703 1
1.7133279 -1.7071216 0.1284595 1
1.7522057 -1.7567818 0.6482411 1
1.7910103 -1.7939954 0.017266924 9
1.7207465 -1.7279322 0.81988376 1
1.7285222 -1.7369199 0.90960497 2
1.7024715 -1.7237628 0.38806027 1
1.7215148 -1.7318242 0.47348306 1
1.7248 -1.7353321 1.0884759 3
1.5580853 -1.5645865 -0.00012381257 2
1.7594477 -1.7681148 1.0072892 3
1.7046179 -1.7104772 0.12908654 1
1.3793035 -1.3880033 -0.015257643 1
1.7075752 -1.7154375 0.30213943 1
1.7563345 -1.7594781 0.56049657 1
1.7013772 -1.7086158 0.21669829 1
1.7291499 -1.734859 0.73366296 2
1.7571729 -1.7686104 1.1925657 3
1.5637693 -1.5811242 -0.0037706613 2
1.7234226 -1.7405554 0.64663953 1
1.6841977 -1.7035236 0.21868004 1
1.7044412 -1.7285669 1.1751268 2
1.7382457 -1.7605069 0.47283387 1
6.9499726 -6.9338498 2.7701404 1
1.707312 -1.7271439 0.30141255 1
1.7274808 -1.7466501 0.82202202 1
1.7217473 -1.7396277 0.73348463 3
1.7820191 -1.797629 0.018031262 7
1.3662865 -1.3848261 -0.012128592 1
1.7225319 -1.7430978 0.90959656 1
1.7673277 -1.7826241 0.56084591 1
1.6894553 -1.7227894 0.38860023 1
1.7226677 -1.7439706 0.99899709 2
1.6930976 -1.7110194 0.13035065 1
1.7611719 -1.7889346 0.56083697 1
1.6962607 -1.7310934 1.0831213 3
1.7388861 -1.7723233 1.0050129 2
1.3724684 -1.400629 -0.016316909 1
1.7545174 -1.790704 1.1961371 7
1.6997335 -1.7324871 0.90589368 2
1.6975551 -1.7289799 0.81795746 1
1.6983781 -1.7282127 0.12779744 1
1.5500346 -1.578476 -0.001049715 4
1.6811281 -1.7123523 0.21817476 1
1.7112225 -1.743101 0.30014896 1
1.711512 -1.7415639 0.7329697 4
1.7730291 -1.8012303 0.018796643 1
1.7202463 -1.7495364 0.64683044 1
1.709538 -1.7440995 0.47346601 1
1.6947756 -1.7401602 0.38771379 1
1.6943786 -1.751892 0.38726586 1
1.6766165 -1.7197633 0.21791688 1
1.7006713 -1.7489491 1.1781858 2
1.7161545 -1.7618219 1.0004855 2
1.6939617 -1.7379179 0.30157602 1
1.6868379 -1.7286967 0.12906201 1
1.3567339 -1.394629 -0.012143854 1
1.5418385 -1.5812757 -0.0001471757 4
14.826431 -14.930051 3.05527 2
1.7606443 -1.8008862 0.56094813 1
1.7176108 -1.7643903 0.47305724 1
1.7012854 -1.7482191 1.0866711 3
1.7167535 -1.7589709 0.73431468 2
14.905403 -15.020924 3.823607 1
1.7085649 -1.7500141 0.64642364 1
1.7765014 -1.8172885 0.016081233 3
1.7165786 -1.770321 0.64741087 1
1.7646981 -1.8180481 0.01761857 3
1.7150216 -1.7673856 0.56010556 1
1.5473498 -1.5978684 -0.0037943686 1
1.695266 -1.749517 0.73244494 3
1.3546515 -1.4022485 -0.013196114 1
1.6748645 -1.7299881 0.21716204 1
1.6933151 -1.7502356 0.90710896 1
1.6925172 -1.7515157 1.0857738 3
1.6750081 -1.7335302 0.47409129 1
1.6911284 -1.7608066 0.38703856 1
1.6697556 -1.7234929 0.13159701 1
1.6781609 -1.7340535 0.30282372 1
1.7211168 -1.7791363 1.0034904 2
1.7027817 -1.7632787 1.181253 3
1.6883968 -1.7439111 0.81841815 1
1.7285528 -1.7934712 0.5605135 1
1.5336413 -1.595078 -0.0010725954 1
1.7556653 -1.8215579 0.01838409 4
1.6527359 -1.7182002 0.13413298 1
14.84154 -15.155463 3.0756774 2
1.705351 -1.7754562 1.0008456 4
8.6802378 -8.9030561 3.8285477 3
1.6794767 -1.7611235 0.3874692 1
1.6878384 -1.7589527 1.08621 5
1.3471152 -1.4043705 -0.012157585 2
6.9291477 -7.1003942 2.0729196 4
1.7104666 -1.7764448 0.64740235 1
1.7115726 -1.7783173 0.73514366 1
1.6647214 -1.7317303 0.21790083 1
1.6972884 -1.7656449 0.29958588 1
1.7026098 -1.7737896 0.47312069 1
1.6814485 -1.7638018 0.47355387 1
1.6612542 -1.7446352 1.1699606 3
1.6934789 -1.7708153 0.64659804 1
1.6465725 -1.7245989 0.22013305 1
1.6566955 -1.7365291 0.90155333 1
1.6793563 -1.7618854 1.0853122 5
1.6861959 -1.7797436 0.38647339 1
1.6468024 -1.7241085 0.13412479 1
1.68317 -1.7616024 0.73242837 3
1.6624829 -1.7417368 0.81601548 1
1.6995292 -1.7802612 0.29849955 1
1.7111803 -1.7881945 0.56026679 1
1.7562242 -1.8348492 0.016442481 6
1.5308607 -1.6033593 -0.0019904899 1
1.3476779 -1.4147371 -0.0142547 1
1.7005943 -1.7829529 1.0012136 2
1.6770281 -1.7725095 1.1781535 3
1.6817408 -1.7869033 0.38635528 1
1.6709861 -1.7593629 0.64539737 1
1.6395355 -1.7287666 0.22037466 1
1.6478329 -1.7409462 1.076852 9
1.6909547 -1.7853258 0.47310582 1
1.657879 -1.7492586 0.90308475 2
1.7365373 -1.8267171 0.020301357 6
1.6466461 -1.7353784 0.13284585 1
1.6912632 -1.7816297 0.73411304 1
1.5310327 -1.6141638 -0.0038172461 1
1.7192417 -1.8083574 0.56055713 1
1.7002134 -1.794365 1.0027113 3
1.6964601 -1.7888936 0.29813319 1
14.840322 -15.362081 3.0932252 2
1.349776 -1.4262604 -0.016874813 1
1.3424294 -1.4280925 -0.015836367 1
11.131577 -11.595133 1.325176 2
1.7278146 -1.8297771 0.021066284 6
1.6414734 -1.747812 1.1668683 10
1.6737118 -1.7798325 0.47341812 1
1.6620833 -1.7679303 1.0835174 5
1.6630317 -1.7675629 0.99404442 4
1.6504743 -1.7537553 0.90276849 1
1.6335677 -1.7346286 0.22036655 1
1.667568 -1.770184 0.81886452 1
1.6409535 -1.7409745 0.13283828 1
1.6716027 -1.7730114 0.73241287 1
1.528446 -1.6221777 -0.004734538 1
1.699434 -1.7997952 0.56025267 1
1.6793969 -1.797551 0.38601759 1
1.690284 -1.7949631 0.29812595 1
1.5107294 -1.6149951 -0.00064638112 1
1.675387 -1.7885954 0.64657456 1
1.6620451 -1.7800138 0.47357011 1
1.6532273 -1.7675158 0.81742406 1
1.6330601 -1.7462059 0.21936315 1
1.6307819 -1.7453591 0.89968354 2
1.6876878 -1.8000808 0.56012481 1
1.6341132 -1.7522767 1.1663477 5
1.6498424 -1.7789049 0.38787764 1
1.6462644 -1.7642869 1.080395 3
1.678582 -1.7952352 0.29883552 1
1.6319107 -1.7442701 0.13346542 1
1.6624216 -1.7763991 0.73206657 1
1.7184626 -1.8334216 0.021831263 7
1.6606951 -1.7780596 0.99516594 3
1.315904 -1.4108592 -0.0074801641 1
1.5075595 -1.623494 -0.0015651254 1
1.6453475 -1.7687129 0.55934417 1
1.655152 -1.7804 0.64557183 1
1.6317511 -1.7626139 1.1678768 6
1.641055 -1.7697315 0.99139237 3
1.6304275 -1.7564279 0.81455284 1
1.6542178 -1.7847986 0.47360149 1
1.6374979 -1.7673367 1.0794982 3
1.6686379 -1.7953503 0.7335819 2
1.7121269 -1.8395586 0.021823281 7
1.3323323 -1.4379724 -0.015849788 1
7.0150685 -7.4407907 2.1201806 1
1.62673 -1.7523414 0.21935523 1
1.617734 -1.7415199 0.13536602 1
1.6528882 -1.7812876 0.30133972 1
1.6516016 -1.7938265 0.38721037 1
1.6593475 -1.8140277 0.3861044 1
1.6453167 -1.7877992 0.47367483 1
1.6265428 -1.7659243 0.90151531 3
1.6070721 -1.7437073 0.22183621 7
1.5006233 -1.6274871 -0.0011166704 1
1.6721804 -1.8095045 0.5600493 1
1.6461481 -1.7853839 0.81836289 1
11.089829 -11.800784 1.3310218 2
1.6283195 -1.7712667 1.1688955 5
1.7054516 -1.8459868 0.021815363 9
1.6631178 -1.8045987 0.29917806 1
1.6337652 -1.7763155 1.0803795 2
1.6771616 -1.8175633 0.73543322 1
1.3297806 -1.4458071 -0.016901867 1
1.6346419 -1.7758818 0.99138397 3
1.6060013 -1.741842 0.13663019 1
1.6340692 -1.7994573 0.38763461 1
1.3197697 -1.4447224 -0.014817314 1
1.6252869 -1.7790166 1.0794824 3
1.6015629 -1.7515203 0.89719921 1
1.6064749 -1.7552534 0.22083288 1
1.6056827 -1.7530609 0.13535009 1
1.628805 -1.7841589 1.1714518 7
1.7074381 -1.8603637 0.019487057 25
11.108671 -11.903767 1.3353587 2
1.6467907 -1.7950501 0.55962628 1
1.6309584 -1.7849104 0.47390789 1
1.634186 -1.7871791 0.9928835 4
1.6237123 -1.7738631 0.81549239 1
1.6327128 -1.7840513 0.30240133 1
1.5016667 -1.6399723 -0.0033985989 1
1.6521378 -1.8028802 0.73305768 1
1.6058151 -1.7668166 0.21982995 1
1.6787324 -1.8419265 0.56045043 1
1.6278564 -1.8052987 0.38762769 1
1.6312127 -1.7922206 0.64515078 1
1.6187074 -1.7857127 1.1699049 6
11.424141 -12.341281 2.5470521 1
1.6143374 -1.7775233 0.90149939 3
1.623842 -1.7869692 0.30275288 1
1.6234362 -1.7892705 0.47393975 1
1.3121639 -1.4466411 -0.013778801 1
1.613848 -1.7791009 1.0776957 2
1.638705 -1.8045353 0.99588811 4
1.5969406 -1.755909 0.13597892 1
11.429241 -12.337339 1.9528035 2
1.6796266 -1.8434771 0.025667783 16
1.5013117 -1.6510477 -0.0052265003 1
1.4876844 -1.6478457 -0.002503694 1
1.6125488 -1.7914995 1.1698979 3
1.6180921 -1.7891738 0.55925483 1
1.5946672 -1.7816473 0.3898178 1
1.6732544 -1.8494734 0.02565917 16
1.6261549 -1.8000139 0.73135161 1
1.6141423 -1.7883663 0.81595469 1
1.5983013 -1.7744774 0.4744944 1
1.6209122 -1.7992138 1.0821368 2
1.6165137 -1.7930601 0.99136299 4
1.6168966 -1.7892423 0.64454693 1
1.5916451 -1.7638108 0.22131656 1
1.5828437 -1.7529225 0.13788007 1
1.6365722 -1.8132863 0.30023342 1
1.6135615 -1.7891092 0.90272361 2
1.3071806 -1.4513606 -0.013784995 1
1.4727805 -1.6431291 0.00067462958 1
1.3126262 -1.467436 -0.017973527 1
1.6068146 -1.7963682 1.0794606 3
11.149046 -12.205632 1.9283704 2
1.5909107 -1.7753468 0.22031264 1
1.5985461 -1.7886914 1.1668144 5
1.5983937 -1.7857821 0.9879669 4
1.6249299 -1.8132561 0.30094376 1
1.6106528 -1.7970643 0.81642461 1
1.5847956 -1.7673166 0.1359645 1
1.6188194 -1.8038627 0.64513636 1
1.6060523 -1.793412 0.90240794 2
1.6668651 -1.855458 0.025652351 16
1.6218529 -1.8126646 0.47360489 1
1.6254339 -1.8096918 0.55954415 1
1.599254 -1.7991706 0.38893077 1
1.5754375 -1.7707661 0.22204843 5
1.5707164 -1.764222 0.13786536 1
1.5994668 -1.8006878 0.47407815 1
1.5953767 -1.7963331 1.0776739 3
1.5882733 -1.7871356 0.98682988 2
11.101044 -12.238754 1.9276552 2
1.6657342 -1.8672111 0.024097493 18
1.469734 -1.6512843 -0.00024244835 1
1.3010688 -1.4650229 -0.015366087 1
1.5964345 -1.794005 0.81498545 1
1.6038486 -1.803535 0.90332288 2
11.186242 -12.327311 1.3533051 2
11.152423 -12.280781 0.76971436 2
1.6157514 -1.8201822 1.1760345 5
1.6237103 -1.825247 0.30021772 1
1.5766853 -1.787377 0.39024222 1
11.098785 -12.307963 0.7694394 2
1.5955657 -1.8056036 0.81593186 1
10.981107 -12.187159 1.3412319 4
1.4653422 -1.6579994 -0.00070404465 1
1.5758381 -1.7885959 1.1626993 7
1.6093115 -1.8242282 0.47358924 1
1.5706503 -1.7778709 0.221792 1
1.5870348 -1.7975266 0.90085405 1
1.6484303 -1.8618079 0.027182927 18
1.5844275 -1.7960074 0.98757452 2
11.006734 -12.224836 1.9213581 8
1.598724 -1.8103439 0.30272302 1
1.297063 -1.4713612 -0.015895991 1
1.6123588 -1.8283999 1.0856729 7
1.5669678 -1.7730507 0.13722146 1
1.5785047 -1.8019406 0.38957566 1
1.5852494 -1.8109009 1.078548 3
1.2881256 -1.4717258 -0.014333453 1
1.469745 -1.6751089 -0.0043508108 1
10.960042 -12.258919 1.9208133 6
1.5687538 -1.787474 0.13530637 1
1.5615554 -1.7808126 0.22228245 1
1.5760348 -1.8004655 0.47438499 1
1.5667827 -1.7916265 1.1616668 3
1.5834693 -1.8075212 0.98907375 2
1.5752491 -1.7975967 0.89961594 1
1.5731207 -1.793847 0.81306237 1
1.6315101 -1.856022 0.030269843 16
1.5956237 -1.815426 0.55928367 1
1.5730822 -1.7916892 0.64312351 1
1.5895002 -1.8133739 0.30307475 1
1.5772781 -1.8138428 0.38912895 1
1.5775276 -1.8092477 0.64391267 1
1.59734 -1.8300875 0.55945522 1
1.5760046 -1.814584 1.1678113 3
1.5774896 -1.8113347 0.81496346 1
1.5593638 -1.7908474 0.22152913 1
1.4548885 -1.6701969 -0.0011732491 1
1.593722 -1.8330092 0.47365484 1
1.5690461 -1.8032289 0.89960915 1
1.557353 -1.7914438 0.98341942 2
1.5412627 -1.7697724 0.14038776 1
1.5786871 -1.8168455 1.0785406 3
1.6299936 -1.8679993 0.028715335 16
1.2802304 -1.4736997 -0.013295269 1
1.5604447 -1.8075007 0.39000085 1
10.928329 -12.314079 1.9224663 2
1.5832375 -1.819062 0.30306807 1
1.5732882 -1.8206898 0.90206409 1
1.5597786 -1.8188055 0.38955453 1
1.5671867 -1.8173115 1.166779 2
1.5712842 -1.8148909 0.64390552 1
1.5582911 -1.8057122 0.47453153 1
1.5403825 -1.7812002 0.13910806 1
10.994866 -12.47626 1.9364647 4
1.4359304 -1.6610929 0.003370364 1
1.2802734 -1.4840888 -0.0153921 1
1.5956317 -1.8488193 1.0865406 3
1.5748 -1.8181144 0.55909234 1
1.574562 -1.8235199 0.99018902 2
1.5848653 -1.8336785 0.30198371 1
1.5397323 -1.7818327 0.22401111 1
1.568297 -1.8142861 0.81447983 1
1.6287392 -1.8797065 0.027161036 18
1.5820402 -1.8384775 0.55938101 1
1.5676531 -1.8235034 0.64409804 1
1.5539763 -1.811451 0.8989799 1
1.5613641 -1.8334248 0.38888857 1
1.5507337 -1.8112757 1.1626712 3
1.5638752 -1.8248888 1.0776368 2
1.5823582 -1.8458835 0.47360122 1
1.580236 -1.8421607 0.99357021 4
1.5649649 -1.8225839 0.81494856 1
1.5319345 -1.7834754 0.1397384 1
1.4343402 -1.6703643 0.0019983693 1
1.5351956 -1.7885593 0.22375555 1
1.2777122 -1.4915925 -0.016443375 1
1.6222407 -1.8855226 0.02715355 18
1.5667105 -1.8258624 0.30359244 1
1.5500555 -1.8048472 0.72724211 1
1.5456018 -1.8110491 0.64289767 1
1.2702903 -1.4930557 -0.015402889 1
1.4375437 -1.6857792 -0.0011927306 1
1.6031497 -1.8762507 0.031015247 18
14.766821 -16.974663 2.4343643 3
1.5396661 -1.80988 1.0714041 4
1.528368 -1.7919288 0.13909481 1
1.5693966 -1.8556314 0.38767296 1
1.527714 -1.7925544 0.22399762 1
1.5482898 -1.8211982 1.1642023 5
1.5698775 -1.8416967 0.30232823 1
1.562273 -1.8344743 0.99017513 2
1.5536737 -1.8258835 0.47427613 1
1.5520205 -1.8170214 0.55884129 1
1.5581057 -1.8289268 0.90143436 1
1.5560662 -1.8251849 0.81446582 1
1.5577806 -1.8551755 0.3881112 1
1.5189226 -1.7950156 0.22449464 1
1.5601575 -1.8427718 0.81637323 2
1.5350988 -1.8123217 0.13591304 1
1.2626133 -1.4947072 -0.014357587 1
1.4355493 -1.6953509 -0.0025578442 1
1.5992279 -1.8849409 0.030239524 18
1.5378847 -1.8156337 0.7272355 1
1.4990646 -1.7769645 1.1467741 23
1.5308713 -1.8124366 1.0705137 4
1.5667003 -1.8467429 0.55931377 1
1.5687823 -1.8549153 0.99393898 2
1.5556957 -1.838273 0.3034052 1
1.5388644 -1.819549 0.89835656 1
1.5524246 -1.8316724 0.64389092 1
1.5525948 -1.8374956 0.47411528 1
1.5367959 -1.8307089 0.98640287 3
1.5294087 -1.8248973 1.1616318 4
1.5332319 -1.8278707 0.47450989 1
1.5246166 -1.8179082 1.0705056 15
1.5487812 -1.857713 0.38832408 1
1.5901532 -1.8876836 0.031006275 16
1.5382844 -1.8281378 0.64328706 1
1.5446665 -1.8341551 0.5589509 1
1.4979455 -1.7818871 0.14353982 1
1.5512078 -1.8453313 0.81588805 1
1.5153091 -1.8034605 0.22398908 1
1.5403109 -1.8340514 0.9001959 1
1.5506427 -1.8453484 0.30321792 1
1.5498062 -1.8422874 0.72959459 1
1.4284222 -1.6990149 -0.0021100431 1
1.2574612 -1.4992504 -0.014364191 1
1.4174967 -1.6982138 -0.00029683451 1
1.532104 -1.8394412 0.4743419 1
1.2585689 -1.5111074 -0.016984107 1
1.5861775 -1.8963572 0.030225415 18
1.5165653 -1.8327476 0.39051503 1
1.5605106 -1.867057 0.64546722 1
1.543529 -1.8457568 0.55906212 1
1.5228341 -1.8272307 0.98413646 2
1.5300505 -1.8342229 0.30518624 1
1.5211588 -1.8245149 0.89711189 1
1.5242171 -1.8267024 0.81206441 1
1.5201534 -1.8205451 0.72654366 1
1.5155189 -1.8164308 0.22273728 1
1.5259271 -1.8322649 1.0731677 4
1.4994822 -1.7962592 0.141625 1
1.5005678 -1.8038648 1.1523987 9
1.5068171 -1.8239917 1.1575164 7
1.5309156 -1.8510361 0.47417405 1
1.5057582 -1.8213465 1.0682682 6
1.5429485 -1.8631418 0.90387368 1
1.5370642 -1.8533494 0.72958106 1
1.5720048 -1.8930497 0.032538913 16
1.5308075 -1.8452071 0.64367056 1
1.4907231 -1.7986115 0.14225337 1
1.5384918 -1.8718126 0.38808948 1
1.5242147 -1.8360273 0.55875856 1
1.4141533 -1.7062674 -0.0012134084 1
1.2508608 -1.5126886 -0.015945513 1
1.5571773 -1.8792193 0.30051053 1
1.4925715 -1.8021722 0.22596699 5
1.529462 -1.8457946 0.81420493 1
1.5241406 -1.8416758 0.98638862 2
1.4082633 -1.7113376 -0.0012199662 1
1.2481374 -1.5201412 -0.016997004 1
1.5253704 -1.8590029 1.16776 3
1.4932051 -1.8192599 1.0660369 4
1.5269233 -1.8558145 0.81491309 1
1.5177834 -1.8471198 0.9863804 3
1.5064437 -1.8466505 0.39028159 1
1.5258065 -1.8580337 0.47412658 1
1.4946829 -1.8160378 0.13970272 1
1.5250492 -1.8542939 0.30409482 1
1.5060019 -1.8323398 0.89648229 1
1.5229639 -1.8496935 0.72855884 1
1.5629309 -1.8956652 0.03330506 13
1.5270079 -1.8537385 0.64386189 1
1.5410697 -1.8690102 0.55928582 1
1.4914526 -1.8135828 0.22496341 1
1.5280887 -1.8858718 0.38785571 1
1.5053474 -1.8481246 1.1621159 4
1.5044055 -1.8455702 1.0722569 3
1.5088906 -1.8495315 0.98562169 3
1.5047437 -1.8438032 0.89770675 1
1.4884088 -1.8213875 0.13969567 1
1.4826465 -1.8158816 0.22545527 1
1.5166489 -1.8530445 0.55886346 1
1.523061 -1.8643281 0.81538337 1
1.5242442 -1.8643137 0.72956592 1
1.5173664 -1.8582234 0.30426753 1
1.5551175 -1.8997453 0.033684533 13
1.5103561 -1.8469371 0.64305955 1
1.4148512 -1.7313226 -0.0057774605 1
1.2366998 -1.5172269 -0.01438988 1
1.5206697 -1.865031 0.47407916 1
1.4949023 -1.8421608 0.72651696 1
1.4695066 -1.8115191 0.14286944 1
1.4924002 -1.8558648 0.39037836 1
1.5104002 -1.8658435 0.47419247 1
1.4793884 -1.8284104 1.0655781 6
1.4974966 -1.848878 0.98410875 4
1.4738393 -1.8181332 0.22594631 1
1.5510561 -1.9083232 0.032903481 12
1.5243932 -1.8769327 0.64464426 1
1.5153608 -1.8646237 0.5589754 1
1.2339387 -1.5246501 -0.015440883 1
1.503949 -1.8544835 0.81299108 1
1.5147591 -1.8682483 0.30372193 1
1.4038931 -1.7303954 -0.0039639398 1
1.5051277 -1.8609473 1.1646719 3
1.4933344 -1.8430957 0.89646822 1
1.4936486 -1.8515272 0.55861294 1
1.506501 -1.8743793 1.0775801 2
1.5025947 -1.8659918 0.81393856 1
1.5001225 -1.8607982 0.64324456 1
1.3904831 -1.7264193 -0.0012397065 1
1.5469561 -1.9169034 0.032123774 13
1.5189534 -1.8844203 0.73056728 1
1.4607388 -1.8137308 0.14349905 1
1.4700806 -1.8264668 0.22544108 1
1.4919943 -1.8545417 0.89769232 1
1.5171638 -1.8844335 0.30245829 1
1.4923645 -1.8557543 0.98447901 4
1.2274542 -1.5276 -0.014924076 1
1.5115722 -1.8805194 0.47394511 1
1.4986157 -1.8766663 0.38927111 1
1.4962559 -1.8633478 1.1636409 7
1.4922673 -1.8716921 1.1646582 3
1.3783514 -1.7238699 0.0010285445 1
1.4679837 -1.8404862 1.0660105 3
1.4822305 -1.8565235 0.98334295 3
1.454471 -1.8189597 0.14349213 1
1.493639 -1.868291 0.81345427 1
1.48559 -1.8598714 0.89768499 1
1.5075299 -1.8816259 0.55907989 1
1.5106505 -1.8898565 0.30245125 1
1.490995 -1.8636289 0.72768688 2
1.5403287 -1.9224368 0.032117434 13
1.4936988 -1.8661728 0.6432386 1
1.2234143 -1.5335106 -0.015452403 1
1.4574931 -1.824054 0.22668052 1
1.4987574 -1.8781822 0.47414017 1
1.4820734 -1.8696251 0.39014482 1
1.5064837 -1.9025705 1.1733655 7
1.5116503 -1.904541 0.30136666 1
1.4806235 -1.8811514 0.38969898 1
1.4857178 -1.8740261 0.98634672 4
1.4717021 -1.8559755 0.89583361 1
1.4511915 -1.8292681 0.2266736 1
1.4983791 -1.8859699 0.72953892 1
1.4821833 -1.8674659 0.81249422 1
1.2205657 -1.5409101 -0.016504044 2
1.4959821 -1.8808087 0.55895466 1
1.4432075 -1.8180337 0.14475793 1
1.5287313 -1.9218534 0.033657622 12
1.4771742 -1.8591063 0.64243639 1
1.4567223 -1.8396721 1.0642245 3
1.4922686 -1.8835428 0.47413281 1
1.3785431 -1.7363651 -0.0012531118 1
1.4792483 -1.8793416 0.98634082 2
1.4723713 -1.8722374 1.0722244 2
1.4682149 -1.8670568 0.47468826 1
1.459341 -1.8510015 0.72513765 1
1.3749944 -1.7443396 -0.0021694605 1
1.474124 -1.8864435 0.38969195 1
1.210398 -1.5392883 -0.014419081 3
1.4841731 -1.8883648 1.1666955 5
1.5196195 -1.9242647 0.034424242 15
1.4553809 -1.8489273 0.89336526 2
1.442381 -1.8313699 0.2271643 1
1.4807174 -1.8789493 0.81344062 1
1.4406462 -1.8278161 0.14379744 1
1.4883144 -1.8861547 0.64382172 1
1.4950714 -1.8975354 0.3027969 1
1.4844607 -1.8799366 0.55883026 1
1.5154212 -1.9327607 0.033643972 13
1.4676054 -1.891717 0.38968551 1
1.4618267 -1.8687422 0.81105053 1
1.4269253 -1.8237184 0.14569862 1
1.4618195 -1.8665396 0.64222568 1
1.3714067 -1.7523166 -0.0030849404 1
1.4704624 -1.875886 0.55864555 1
1.4654033 -1.8717735 0.72682112 1
1.4348166 -1.8349901 0.22740765 4
1.2075078 -1.5466594 -0.015470265 2
1.4742441 -1.8879368 0.47428054 1
1.4732089 -1.8866438 1.074886 2
1.4673666 -1.8764433 0.30584383 1
1.4678553 -1.8784893 0.98482865 3
1.4514667 -1.8572193 0.89397442 1
1.4511286 -1.8604249 1.1554139 9
1.4292263 -1.8396522 0.1434665 1
1.4454921 -1.8615328 0.80913568 1
1.4309447 -1.8432354 0.22690342 1
1.2069898 -1.5570506 -0.017566137 3
1.4540219 -1.8686311 0.5584023 1
1.3532279 -1.7419914 0.0014593818 1
1.4802386 -1.9030298 0.64420587 1
1.5038501 -1.932035 0.035184514 13
1.4536548 -1.8875563 0.39033899 1
1.4573416 -1.8778924 0.89704442 1
1.4534487 -1.8723286 0.30691478 1
1.4552668 -1.8760456 0.98294038 2
1.4424709 -1.8613551 1.0659853 3
1.4515717 -1.872841 0.47479638 1
1.4699177 -1.8974348 1.1661701 7
1.4490197 -1.8645395 0.72546285 1
1.4475664 -1.8738317 0.55839634 1
1.4299041 -1.860145 1.1518129 6
1.3568687 -1.7590626 -0.0021884022 1
1.4611824 -1.8984663 0.47426823 1
1.4598677 -1.8916211 0.72782236 1
1.4533018 -1.8862028 0.89765298 1
1.4445139 -1.8744061 0.30726755 1
1.5020365 -1.9435769 0.033630919 10
1.436044 -1.8665082 1.0659781 2
1.4500039 -1.8827907 0.98331016 4
1.4439837 -1.8729403 0.81008363 1
1.4228708 -1.84477 0.14345989 1
1.4414814 -1.8675634 0.64161581 1
1.4208901 -1.8436824 0.22764446 1
1.20162 -1.5613911 -0.017572284 2
1.4471327 -1.8927591 0.39033294 1
1.3507944 -1.7639289 -0.0021939953 1
1.444892 -1.885301 0.64240497 1
1.490471 -1.9427702 0.035172194 12
1.4398134 -1.8795917 0.72595745 2
1.4386138 -1.8832073 0.47478461 1
1.4223975 -1.8624277 1.0633032 3
1.4271214 -1.8805881 0.39153647 1
1.4484695 -1.8972557 1.1625698 9
1.4346139 -1.8758405 0.89457107 1
1.4519759 -1.8988128 0.98593897 3
1.4108512 -1.8440855 0.22838549 1
1.4399663 -1.8812342 0.81055444 1
1.4576815 -1.9046736 0.30438787 1
1.1986222 -1.5687517 -0.018623115 2
1.4164981 -1.8498684 0.14345436 1
1.4410919 -1.8790058 0.55838937 1
1.3411123 -1.7641668 -0.00083411811 1
1.4291571 -1.8967632 0.39076033 1
1.4419155 -1.9009953 0.47445679 1
1.4231427 -1.8767637 1.0659661 3
1.4107653 -1.8579812 0.31030825 1
1.4257132 -1.877852 0.89394939 1
1.4028305 -1.8455893 0.1453567 1
1.4394414 -1.8926059 0.72679627 1
1.481342 -1.9450035 0.035939388 15
1.4334732 -1.8841659 0.64200127 1
1.1884658 -1.566976 -0.016537415 1
1.4285945 -1.8801082 0.80959374 1
1.405697 -1.8506947 0.22812958 1
1.4574656 -1.9195164 0.98969734 3
1.4370618 -1.8873196 0.55844295 1
1.4158638 -1.8688228 1.151288 5
1.4293195 -1.8908805 0.55840707 1
1.3916267 -1.8443611 0.1466233 1
1.4746165 -1.9503016 0.035933129 13
1.4440645 -1.9114196 0.64338571 1
1.4195054 -1.8804094 0.72493106 2
1.3421688 -1.7782253 -0.0035699734 1
1.4250314 -1.9050508 0.39053407 1
1.4573102 -1.9346648 0.47372642 1
1.403577 -1.8648626 1.0610691 13
1.4129508 -1.8784839 1.1528202 11
1.183063 -1.5712539 -0.016542947 1
1.4220558 -1.8873905 0.98065668 2
1.4165138 -1.8788025 0.3085064 1
1.4144008 -1.876689 0.89271241 1
1.3993045 -1.8557351 0.22812358 1
1.4099704 -1.8695028 0.80720329 1
1.3991207 -1.8847141 0.39228845 1
1.4051764 -1.8775452 0.3092182 1
1.4175335 -1.8943094 0.89516795 1
1.3962688 -1.8650872 0.8057664 9
1.3828504 -1.8462095 0.14725286 1
1.1823484 -1.5816272 -0.018639635 2
1.4362452 -1.9150003 0.64328098 1
1.3300972 -1.77531 -0.0013007424 1
1.4106114 -1.8801358 0.55810511 1
1.467872 -1.9555731 0.035926308 13
1.3935555 -1.8666402 1.1471761 3
1.4220147 -1.9024079 1.0704011 4
1.4322537 -1.9143208 0.98592132 3
1.3953066 -1.8638954 0.22761975 1
1.4178302 -1.8969916 0.47480598 1
1.4190755 -1.8933917 0.72577 1
1.3895073 -1.8733274 1.0606117 4
1.4101211 -1.8952957 0.72542542 1
1.3902028 -1.8865303 0.39250249 1
1.3999658 -1.8885638 1.1528074 4
1.3938693 -1.8762398 0.30993155 1
1.4062104 -1.8930856 0.89393204 1
1.3792552 -1.8562554 0.22960593 1
1.3776685 -1.8527374 0.14692953 1
1.4175268 -1.9042464 0.64228058 1
1.3286878 -1.7862756 -0.0031268299 1
1.1722136 -1.5797502 -0.016553016 2
1.3826158 -1.8606027 0.80432987 1
1.4186625 -1.904267 0.5584541 1
1.4257863 -1.921182 0.474318 1
1.4018757 -1.8881584 0.97838688 2
1.4682437 -1.9701917 0.03359985 12
1.3852099 -1.8928595 0.39238724 1
1.414893 -1.9138402 0.6425727 1
1.3902872 -1.8887001 1.1512657 2
1.4050349 -1.9068686 0.47479492 1
1.3880969 -1.882098 0.89085048 1
1.1690977 -1.5870477 -0.017604154 2
1.3178178 -1.7848319 -0.0013117039 1
1.403577 -1.9003456 0.72542053 1
1.4495955 -1.9597983 0.03746238 12
1.4018204 -1.9032193 1.0677218 4
1.4142848 -1.918265 0.98440307 2
1.3764298 -1.8659468 0.22885342 1
1.4113868 -1.9130229 0.30633321 1
1.3965356 -1.8924891 0.80837739 6
1.3795998 -1.8687007 0.14469697 1
1.4169124 -1.9157257 0.55856723 1
1.3814514 -1.8905746 1.1502347 4
1.3213187 -1.8017745 -0.0049586059 1
1.4154794 -1.9284912 0.64316416 1
1.3843735 -1.8893062 0.80718148 2
1.3985732 -1.9104998 0.98138702 2
1.3986073 -1.9045454 0.55826515 1
1.4008443 -1.9151045 0.47470999 1
1.3792205 -1.8861274 1.0614901 3
1.4005582 -1.9123603 0.89576614 1
1.365543 -1.8642853 0.22984479 4
1.3687258 -1.8670807 0.14596394 1
1.3999979 -1.9117002 0.30704573 1
1.3854909 -1.9076837 0.39172146 1
1.440462 -1.9618422 0.03822957 12
1.1589813 -1.5850784 -0.015518804 1
1.3874449 -1.8926141 0.72406226 1
1.4015967 -1.9223804 0.55849636 5
1.3116027 -1.801831 -0.0035980421 1
1.3859992 -1.9037294 0.72473377 1
1.3894558 -1.9136927 0.47486439 1
1.3913208 -1.9161091 1.0686011 3
1.3657057 -1.8830987 1.1461289 3
1.4074963 -1.934073 0.81313598 36
1.3575563 -1.8656523 0.14723134 1
1.405238 -1.9287567 0.64286065 1
1.3626597 -1.8739529 0.22909164 1
1.3927771 -1.9157919 0.89545321 4
1.1561006 -1.592137 -0.016568845 1
1.4383684 -1.9732937 0.036677063 13
1.3886374 -1.910322 0.30775908 1
1.3975036 -1.9236279 0.98326278 4
1.354861 -1.8807526 0.39391586 1
1.4053656 -1.9436603 0.64345062 1
1.3050653 -1.8067679 -0.0036044482 1
1.3896344 -1.9285759 0.47461805 1
1.3658543 -1.8962158 1.0614789 2
1.3940458 -1.9321477 0.89759982 1
1.355858 -1.8790731 0.22908548 1
1.361541 -1.8866575 0.80526149 3
1.3767248 -1.9057286 0.72438991 1
1.3696361 -1.8938929 0.55786979 1
1.1549331 -1.6027133 -0.018665427 1
1.3484373 -1.8675784 0.14786129 1
1.397873 -1.9411516 1.1635486 3
1.4312009 -1.9786885 0.036670562 13
1.361341 -1.9033271 0.3926999 1
1.3660424 -1.8956846 0.97535264 3
1.3769737 -1.9091297 0.30847162 1
1.3637781 -1.9086968 1.1512425 2
1.3708285 -1.9168431 1.0659206 2
1.3735181 -1.9206306 0.47493309 1
1.343348 -1.8918073 0.39379492 1
1.3745226 -1.9196045 0.89421099 4
1.3446721 -1.8775331 0.23007673 1
1.3797338 -1.9229281 0.6418547 1
1.3451664 -1.8774272 0.14690158 1
1.3885125 -1.9401926 0.9847573 4
1.3888131 -1.9344912 0.55851412 1
1.3745313 -1.9173338 0.72505981 1
1.3633106 -1.9044213 0.30954382 1
1.4220358 -1.9806457 0.037438679 15
1.153703 -1.6132989 -0.020761825 1
1.3570484 -1.8949777 0.80573249 14
1.2973586 -1.8101133 -0.003154746 1
1.340845 -1.8853133 0.22957291 1
1.3670607 -1.922671 0.89389759 2
1.3746006 -1.9292356 0.641949 1
1.373427 -1.9352353 1.1584125 2
1.3648642 -1.9220705 0.47500876 1
1.3393155 -1.8868003 1.056131 5
1.1461403 -1.6141253 -0.019721007 1
1.377628 -1.9348809 0.72640622 1
1.296012 -1.8208314 -0.0049794344 1
1.34534 -1.8929553 0.31133488 1
1.4109042 -1.9791406 0.038980775 15
1.3566824 -1.9241403 0.39191902 1
1.3636065 -1.9133682 0.55803579 1
1.3509535 -1.9020187 0.97458965 4
1.3578442 -1.9092211 0.80715805 2
1.3378408 -1.8804119 0.14721429 1
1.3509167 -1.9181947 1.1512324 3
1.3807938 -1.9504007 0.55862284 1
1.3620807 -1.9260672 0.6414476 1
1.3535453 -1.9204727 0.47516444 1
1.3601894 -1.9295406 1.0667986 3
1.3305109 -1.8833659 0.14752752 1
1.3604223 -1.927564 0.89389217 10
1.2877488 -1.8220924 -0.0040742881 1
1.3364573 -1.8929255 0.80405325 1
1.3502533 -1.9105152 0.72335964 1
1.1317869 -1.605548 -0.015542611 1
1.3354956 -1.8917292 0.22931904 1
1.3581855 -1.9259708 0.97910106 3
1.3457986 -1.9074618 0.31025192 1
1.4040581 -1.9841857 0.038975172 15
1.3415616 -1.9178816 0.39268383 1
1.343365 -1.9133639 0.5578475 1
1.3465762 -1.9255592 0.47515845 1
1.3488268 -1.9262556 0.89265716 3
1.3263167 -1.8935262 0.22981162 1
1.3585325 -1.9382797 0.8100087 1
1.3157315 -1.8823431 1.0521187 6
1.3075541 -1.8659182 0.15197654 1
1.3502967 -1.925298 0.72436821 1
1.3304627 -1.9044018 1.145077 2
1.3539279 -1.929564 0.64134282 1
1.283412 -1.8300992 -0.0049906275 1
1.1304817 -1.6160904 -0.01763902 1
1.3180298 -1.8847655 0.96818095 8
1.3945647 -1.98628 0.039743617 13
1.3551245 -1.9351841 0.30773184 1
1.3499782 -1.9438409 0.39124838 1
1.3225344 -1.9193103 0.39322382 1
1.1246289 -1.6203641 -0.017643873 1
1.297348 -1.8660133 0.15292501 1
1.2711177 -1.8270062 -0.0027198591 1
1.3596528 -1.9509754 0.55843294 1
1.3439205 -1.9365593 1.0658989 3
1.330873 -1.916695 0.97457343 3
1.3288019 -1.9124441 0.31077948 1
1.32175 -1.9017543 0.22930852 5
1.3284706 -1.9110336 0.80523437 1
1.3433124 -1.9303727 0.72436261 1
1.3510079 -1.9442072 0.89511251 9
1.3899759 -1.9944692 0.03896483 15
1.3419061 -1.9338784 0.4750728 1
1.3347527 -1.925166 1.1501969 3
1.3562045 -1.9476666 0.64213169 1
1.3388171 -1.9567562 0.39101872 1
1.3333244 -1.929691 0.64073658 1
1.3830763 -1.9994414 0.038959701 15
1.3405818 -1.9432409 0.30790129 1
1.3140622 -1.9070182 0.97118121 4
1.2897607 -1.8690532 0.15323833 1
1.3023974 -1.8919777 1.052109 6
1.3490545 -1.958297 0.47458512 1
1.3281078 -1.9299417 1.1501915 2
1.3014346 -1.8870399 0.2322918 5
1.3356246 -1.9352543 0.80809152 1
1.3458507 -1.9481989 0.7257095 1
1.2614309 -1.8268007 -0.0013593142 1
1.3390439 -1.9362593 0.55807364 1
1.1212738 -1.6275679 -0.018693829 1
1.3294742 -1.9280545 0.89110833 2
1.3289543 -1.9377345 0.6409297 1
1.371649 -1.9979615 0.040501025 15
1.2595977 -1.8376992 -0.0031850575 1
1.3084153 -1.9107739 0.80379415 1
1.2889751 -1.8817565 0.15164264 1
1.3368328 -1.9497548 0.72536582 1
1.3354046 -1.9532925 0.47482139 1
1.3260576 -1.9397621 1.0641093 3
1.3058336 -1.9238428 0.39354396 1
1.3198777 -1.9294233 0.975317 2
1.3330239 -1.9473821 0.89387202 5
1.3461537 -1.9606868 0.55842358 1
1.2983315 -1.8965688 0.23153846 1
1.115656 -1.6315948 -0.018699702 1
3.0719752 -4.4271564 0.034849379 3
1.3192283 -1.9315261 1.1491615 4
1.317247 -1.9416549 0.47521868 1
1.2971069 -1.9124845 1.0552115 3
1.316973 -1.9426024 1.1512061 2
1.3172704 -1.9391779 0.89140612 3
1.2974486 -1.9093761 0.23028973 1
1.3267775 -1.951309 0.80903453 1
1.292632 -1.9009562 0.14877412 1
1.3164243 -1.9349155 0.72333276 1
1.3624965 -1.9996608 0.041270878 12
1.3199747 -1.9392108 0.64072585 1
1.3233602 -1.9425455 0.55800432 1
1.1011901 -1.6229529 -0.014521561 1
1.3127999 -1.948249 0.39221922 1
1.2998244 -1.9135709 0.31220177 1
1.3120929 -1.9325289 0.97493511 4
1.2543625 -1.8438179 -0.0036447037 1
1.0966901 -1.6285044 -0.015048583 1
1.2927121 -1.9218415 1.1430013 3
1.3037924 -1.9363952 1.0605433 3
1.3065368 -1.9388455 0.97530657 3
1.3113266 -1.9444515 0.30932274 1
1.3206799 -1.9585278 0.89417005 2
1.321203 -1.9538611 0.5581184 1
1.3014541 -1.9332002 0.47553602 1
1.2976186 -1.9238189 0.22879036 1
1.3155236 -1.9495232 0.80807626 1
1.2781996 -1.8942177 0.15099639 1
1.3120097 -1.94291 0.72366661 1
1.2491009 -1.8499202 -0.0041047535 1
1.3578112 -2.0077574 0.040491328 11
1.3200967 -1.9537981 0.64131755 1
1.2789816 -1.9134082 0.39485493 1
1.3150361 -1.9807423 0.39066917 1
1.2926269 -1.936047 1.1460719 2
1.2904972 -1.9314085 1.0578704 3
1.2998414 -1.9435235 0.97530246 3
1.2978494 -1.9392951 0.31039619 1
1.2971567 -1.9387995 0.88955128 2
1.2887264 -1.9251961 0.22928375 3
1.2705363 -1.8971753 0.15130955 1
1.3098084 -1.9541759 0.7243371 1
1.3530906 -2.0158556 0.039713155 13
1.3178679 -1.9651062 0.64170927 1
1.307655 -1.9486947 0.55793476 1
1.093261 -1.6356332 -0.016099406 1
1.2371943 -1.846372 -0.001833941 1
1.3015531 -1.9477636 0.47528961 1
1.3087884 -1.9542359 0.80807191 1
1.299758 -1.9579188 0.97755545 3
1.2662052 -1.9049951 0.15066911 1
1.3461196 -2.020704 0.039708734 12
1.2264265 -1.844384 -1.7734943e-05 1
1.2925978 -1.9489343 1.0614238 3
1.0941508 -1.6491487 -0.01923942 1
1.2947859 -1.9655915 0.39198506 1
1.2924608 -1.9502745 1.1491427 2
1.2970715 -1.9557375 0.47520474 1
1.3031768 -1.9566859 0.55798948 1
1.306578 -1.963221 0.64130712 1
1.3004662 -1.9581529 0.8923142 2
1.2720226 -1.915049 0.23152038 1
1.279687 -1.9260844 0.80329746 1
1.2918358 -1.9423962 0.72264272 1
1.3023509 -1.9604088 0.3085945 1
1.2768984 -1.9404877 0.47568354 1
1.292232 -1.9601229 0.30912927 1
1.2793287 -1.9415187 0.88831234 1
1.265404 -1.919603 0.23151554 1
1.2863787 -1.9504154 0.80615395 1
1.2540915 -1.9013551 0.15225509 1
1.3325315 -2.0157676 0.04202484 12
1.2930816 -1.9579774 0.64070755 1
1.2156868 -1.8423327 0.001798153 1
1.2964164 -1.9613578 0.55798554 1
1.2749246 -1.9388667 1.1440126 2
1.2879934 -1.9702326 0.39198074 1
1.087378 -1.6514862 -0.018721158 1
1.272783 -1.9341576 1.0560822 2
1.2973918 -1.9690858 0.9790557 3
1.298526 -1.9668398 0.72466713 1
1.27455 -1.9648612 0.39263603 1
1.2746803 -1.9530759 1.147084 3
1.2682749 -1.9419576 1.0569669 3
1.2818468 -1.9606793 0.9760415 2
1.2788033 -1.9548262 0.31020251 1
1.2880226 -1.9690795 0.8926127 1
1.2598752 -1.9257898 0.23126203 5
1.2541217 -1.9156855 0.1503409 1
1.2962306 -1.9797562 0.80972606 6
1.2896389 -1.9660027 0.55798155 1
1.2828443 -1.9582468 0.72330928 1
1.3255607 -2.0205448 0.042020373 13
1.2863147 -1.9626037 0.64070231 1
1.2668562 -1.9400785 0.47579956 1
1.2169224 -1.8580065 -0.0013925494 1
1.0752175 -1.6457874 -0.015588981 1
1.2223901 -1.8802074 -0.0064024166 1
1.2772886 -1.9662105 0.80709881 3
1.2402704 -1.9277527 0.39538187 1
1.2593837 -1.9447546 1.1429791 2
1.2637275 -1.9497443 1.0578519 3
1.2750753 -1.9652669 0.97603655 2
1.2566029 -1.9361922 0.31271347 1
1.2593362 -1.9407816 0.88645679 2
1.2576202 -1.9369222 0.23026194 5
1.2738719 -1.959528 0.72296786 1
1.3207493 -2.0285563 0.041242175 12
1.2817514 -1.970541 0.64089692 1
1.0706123 -1.6512722 -0.016115244 1
1.2376528 -1.9053982 0.15320079 1
1.2701105 -1.9596066 0.47543231 1
1.2806245 -1.9672844 0.55791658 1
1.2553092 -1.9501594 0.9715153 2
1.224534 -1.8999525 0.1551054 1
1.2815529 -1.9851204 0.64148706 1
1.2137406 -1.8813355 -0.0054976386 1
1.069181 -1.6615709 -0.018210353 1
1.3158969 -2.0365555 0.040463448 12
1.2562696 -1.9492506 0.80399466 1
1.2410827 -1.9265232 0.23249869 6
1.2489227 -1.9555963 0.3938379 1
1.2569973 -1.9542731 1.0578469 4
1.2671036 -1.9640909 0.72296369 3
1.2781936 -1.9880118 1.1552738 3
1.2380288 -1.9257604 0.47635445 1
1.2700514 -1.971687 0.89137357 1
1.2716206 -1.9685392 0.55785346 1
1.2586912 -1.9539979 0.31127182 1
1.2494498 -1.9496958 0.55743611 1
1.2389004 -1.9550422 0.3941631 1
1.2502483 -1.9563984 0.88767916 1
1.2419184 -1.9421281 0.80232191 1
1.2223032 -1.9109541 0.15382883 1
1.2657819 -1.9769511 0.72380292 2
1.3088523 -2.0412652 0.040459279 9
1.2549642 -1.9596487 0.63969481 1
1.1997571 -1.8743024 -0.0023152716 1
1.0623872 -1.6638027 -0.017691977 1
1.2398634 -1.9392716 0.23124956 5
1.2544013 -1.9666941 1.1470699 3
1.2412287 -1.9452636 0.475988 1
1.2464238 -1.9513696 0.97075868 1
1.2481148 -1.9555116 1.0569539 2
1.2552127 -1.9635056 0.31072843 1
1.2514495 -1.9675704 0.55766714 1
1.2921518 -2.0311561 0.043936424 2
1.2234873 -1.9460567 0.39503917 1
1.2156972 -1.9153299 0.15382361 1
1.2287133 -1.936592 0.80088723 1
1.2234229 -1.928743 0.23348624 6
1.2391834 -1.9542462 0.88644487 1
1.2375696 -1.9513068 0.31252149 1
1.2439642 -1.9624192 0.97225994 3
1.1996608 -1.8883972 -0.0050502527 1
1.2707587 -2.0068672 1.1583403 3
1.225796 -1.9362899 0.4763051 1
1.2286209 -1.9403535 1.0516135 3
1.060865 -1.6740946 -0.019787796 1
1.2350345 -1.9447545 0.72008216 2
1.2481943 -1.9641484 0.63969082 1
1.0487962 -1.668196 -0.016654354 3
1.2468252 -1.9754187 0.55772263 1
1.2324352 -1.9626467 1.1429617 3
1.2391299 -1.9659119 0.7217676 2
1.2282602 -1.9545939 1.0542777 3
1.2189157 -1.9538064 0.39481527 1
1.221274 -1.9440444 0.4762207 1
1.2176489 -1.9329622 0.15127461 1
1.2371877 -1.966873 0.97225553 1
1.2324344 -1.9586848 0.88644004 2
1.2199868 -1.9381322 0.23273508 5
1.2231019 -1.942659 0.80112094 1
1.2427034 -1.9741478 0.31054008 1
1.2904527 -2.0440226 0.041998036 1
1.2392417 -1.9652678 0.63948816 1
1.1984224 -1.9008771 -0.0073302696 1
1.1908001 -1.9035401 -0.006879264 1
1.2506382 -2.0061648 1.1552576 3
1.2183552 -1.9485439 0.7195667 1
1.2791454 -2.0420413 0.04354189 1
1.2389234 -1.9797925 0.64008003 1
1.2399971 -1.9798788 0.55771804 1
1.2296363 -1.9720155 0.4756535 1
1.2194099 -1.9557046 1.0533832 3
1.2078854 -1.9514436 0.39525187 1
1.2155741 -1.9481406 0.96698207 4
1.232062 -1.9730874 0.88828188 1
1.2132882 -1.9425093 0.23273125 5
1.2283623 -1.9668666 0.31179431 1
1.045126 -1.6752237 -0.017703753 2
1.2217503 -1.9554063 0.80230945 1
1.1981804 -1.9173805 0.15508835 1
1.2224282 -1.9895626 0.39304695 1
1.2033818 -1.9418355 0.23347408 6
1.2064756 -1.9463824 0.80039841 2
1.1936765 -1.925017 0.15444869 1
1.2073462 -1.94618 0.71888655 1
1.2741886 -2.0499337 0.042763796 1
1.2159934 -1.9589567 0.63858658 1
1.1821306 -1.9045305 -0.0059728543 1
1.2130595 -1.9591336 0.96848422 3
1.2310076 -1.9809549 0.55765599 1
1.2251914 -1.97983 1.0587158 4
1.2153221 -1.9645989 0.47593126 1
1.2167974 -1.9681877 1.1419291 4
1.0393466 -1.6789926 -0.017706912 2
1.2051173 -1.9458095 0.88243443 2
1.2386557 -1.9981642 0.3089152 1
1.2298388 -2.0028045 0.47512195 1
1.228436 -1.9921216 0.55776918 1
1.2712911 -2.0611358 0.041212395 1
1.2070075 -1.960622 0.71989679 1
1.1901852 -1.9343063 0.15349014 1
1.1976333 -1.9473398 0.79991692 1
1.1956133 -1.944471 0.23371913 5
1.2113174 -1.9871662 0.39348274 1
1.2094349 -1.9684644 0.96960872 4
1.1724269 -1.903837 -0.0046106712 1
1.2060275 -1.9582493 0.63828522 1
1.2121229 -1.9743208 1.0560436 2
1.2223544 -1.9921845 1.1480745 2
1.0397441 -1.6925234 -0.0208483 2
1.2338732 -2.0059769 0.3085525 1
1.2163097 -1.9785484 0.88765901 1
1.033905 -1.6962688 -0.020852113 1
1.2236792 -1.9999186 0.55782455 1
1.2161746 -1.9944522 0.97449821 3
1.2170818 -2.0118842 0.39215943 1
1.19008 -1.9546359 0.47636703 1
1.2332755 -2.0205252 0.30746973 1
1.1927088 -1.9560912 0.88273305 2
1.1951215 -1.9583694 0.8008678 1
1.1845492 -1.9402511 0.1531678 1
1.1888922 -1.948759 0.23371488 5
1.1699862 -1.914647 -0.00643535 1
1.2108135 -1.9818344 0.72158241 1
1.1991065 -1.9687415 1.0533719 5
1.2537371 -2.0490539 0.045076553 1
1.1950021 -1.9637599 1.1378219 14
1.2013849 -1.9659621 0.63847959 1
1.2018611 -1.9827919 0.72124678 1
1.1902546 -1.9713255 1.1388485 3
1.2466484 -2.0535526 0.045079716 1
1.1840409 -1.9533074 0.63748956 1
1.1685085 -1.9271121 -0.0087086996 1
1.2188792 -2.0077028 0.5578869 1
1.1884347 -1.9631418 0.23222323 1
1.2005394 -1.9838789 0.88704133 1
1.2241869 -2.0215635 0.30783212 1
1.1978924 -1.9804437 0.97035962 5
1.2005243 -1.9863021 1.0569319 2
1.1896415 -1.9690989 0.47612682 1
1.0198848 -1.6868931 -0.016666312 3
1.1850053 -1.9754238 0.39480248 1
1.1788812 -1.9461801 0.15285213 1
1.2134999 -2.0031421 0.80659175 1
1.1835835 -1.9677429 0.6380806 1
1.1931125 -1.9880847 0.97110933 4
1.1628689 -1.9329599 -0.0091680167 1
1.2426345 -2.0630281 0.04391446 2
1.2002395 -1.995575 0.72208756 2
1.1836604 -1.9702976 0.8013429 1
1.1858144 -1.9741672 0.23122382 1
1.1993281 -1.9916419 0.55752754 1
1.1834482 -1.9739884 1.0524814 3
1.1786468 -1.9665469 0.47628409 1
1.1591558 -1.9360673 1.1265469 7
1.0160925 -1.6938509 -0.017715791 2
1.156607 -1.9251955 0.15762085 13
1.1957607 -1.9915487 0.88765275 1
1.2213744 -2.0327337 0.30710924 1
1.1989901 -2.0137587 0.39259726 1
1.1874719 -1.9963813 0.47567624 1
1.1490648 -1.9255126 -0.005985959 1
1.1788749 -1.9754021 0.6382758 1
1.2354969 -2.0674775 0.043910243 4
1.1985481 -2.0083849 0.72292942 1
1.1612897 -1.9478779 0.15411745 1
1.1872128 -1.9914804 0.80372351 1
1.1789887 -1.9784123 0.23121908 1
1.1826982 -1.9857118 0.8858037 1
1.2018822 -2.0167155 0.30926129 1
1.180101 -1.9822978 0.96884674 4
1.1671975 -1.9770705 0.39523536 1
1.1726015 -1.9732341 1.1367923 7
1.184757 -1.9915475 1.0560356 3
1.012267 -1.7008096 -0.018764352 3
1.195582 -2.0010664 0.55761319 1
1.187626 -2.0036371 0.55757916 1
1.1907148 -2.0103621 0.64005947 1
1.228346 -2.0719142 0.043907847 4
1.0084003 -1.7077481 -0.019814616 3
1.1778795 -1.9957907 1.0560315 2
1.1706525 -1.9983783 0.39413196 1
1.1535339 -1.9503601 0.15443233 13
1.1638528 -1.9685723 0.79990476 1
1.1659768 -1.9724691 0.23271045 2
1.196327 -2.0237491 0.89195144 2
1.1783899 -1.9937764 0.31213325 1
1.1783478 -1.9949369 0.97072613 2
1.1691827 -1.9818209 0.47611538 1
1.14342 -1.9312983 -0.0064446768 1
1.1597832 -1.9675132 1.1337132 7
1.1729901 -1.9820144 0.71988422 1
1.1889646 -2.0215964 0.55781227 1
1.1631454 -1.9804037 0.63806927 1
1.2151017 -2.0662324 0.046225369 2
1.1918684 -2.0305889 0.80800664 1
1.1628538 -1.9840049 0.88395119 1
1.1443104 -1.9699783 0.39621815 1
1.1633632 -1.9877332 0.47607201 1
1.1609453 -1.9832952 1.0515813 2
1.1835982 -2.0193503 0.97523707 3
1.1756004 -2.0048213 0.31141019 1
1.1571114 -1.9732509 0.23320517 1
1.0064975 -1.7180005 -0.021909105 1
1.1467891 -1.9544957 0.15442781 18
1.1825949 -2.0135324 0.72258377 1
1.1629412 -1.9882525 1.1388352 4
1.1377491 -1.9370751 -0.0069035799 1
1.1461127 -1.9687881 0.15251638 9
1.1512573 -1.9786017 0.8001368 1
1.1623483 -1.9955356 0.72038424 2
1.2119813 -2.0773206 0.044673909 2
1.1645042 -1.9982957 0.63886124 1
1.1320556 -1.9428344 -0.0073619056 1
1.1725984 -2.0168493 0.97372913 2
1.1840314 -2.0292907 0.55786812 1
1.1660744 -2.0075591 1.0569133 4
1.1626345 -2.0022125 0.47582659 1
1.1560729 -1.9924139 1.1388308 7
0.99065226 -1.7050667 -0.016683485 1
1.1462198 -1.970582 0.23419751 3
1.185366 -2.0373964 0.89286774 2
1.15642 -1.9885116 0.31356218 1
1.1436023 -1.9843969 0.39555478 7
0.98476845 -1.7086416 -0.016686965 2
1.1491315 -1.9923155 0.88394374 1
1.1475005 -1.9883597 0.23220204 4
1.1617249 -2.0132294 0.31140292 1
1.1606311 -2.0125997 0.97184449 4
1.1253387 -1.9468987 -0.0073650545 1
1.1262164 -1.9508144 0.15664831 1
1.1788349 -2.040817 0.80823892 5
1.1575991 -2.0024748 0.6388582 1
1.1544365 -1.9979883 0.72021198 3
1.2067964 -2.085037 0.043896351 4
1.1708919 -2.0232184 0.55768734 1
1.1650953 -2.0218091 1.0595782 2
1.1577499 -2.0098274 0.47574297 1
1.1678762 -2.0281878 1.1485649 6
1.1337126 -1.9833379 0.39588216 1
1.1443039 -2.0024445 1.05335 2
0.98475122 -1.7221743 -0.019826934 1
1.1268588 -1.9874078 0.39587885 1
1.1609191 -2.0312331 0.47533754 1
1.1224756 -1.9599651 0.15569049 1
1.1345553 -1.9816945 0.79941392 1
1.1406255 -1.9924752 0.23219867 5
1.155261 -2.0185959 0.88793951 2
1.1648521 -2.0345747 0.30960336 1
1.1546735 -2.0184538 0.97221678 4
1.146524 -2.0004096 0.72003889 2
1.1608695 -2.0323708 1.1485608 10
1.1975912 -2.0859802 0.044667084 4
1.1506785 -2.0066187 0.63885343 1
1.1156429 -1.945909 -0.0060027316 1
1.1517198 -2.006736 0.5573293 1
1.1049879 -1.9431912 -0.0041855797 1
1.189386 -2.0885785 0.045050684 4
1.1437465 -2.0107496 0.63885099 1
1.1407509 -2.0039656 0.55720866 1
1.1740015 -2.0699573 0.47452769 1
0.97978044 -1.7273855 -0.020353261 1
1.1189909 -1.9897263 0.39598602 1
1.1452317 -2.0200279 1.0569044 3
1.1378161 -2.0056171 0.96845084 2
1.1538072 -2.0318713 0.31031898 1
1.1433131 -2.0141966 0.88639772 1
1.1277411 -1.9862827 0.23368959 1
1.131708 -1.992625 0.80036426 1
1.1567657 -2.0415463 1.1500956 3
1.1147071 -1.962292 0.15600567 1
1.1546789 -2.0303457 0.72257125 1
1.1128697 -1.9748451 0.15441264 4
1.1060801 -1.9606397 -0.0078296242 1
1.1187793 -1.9837313 0.63706046 1
1.1782272 -2.086056 0.04659551 4
1.1208489 -1.9898101 0.79940808 3
0.97575474 -1.7342559 -0.021402244 1
1.1289239 -2.0062969 0.9676953 4
1.1478579 -2.0412579 0.47528952 1
1.1207075 -1.9937284 1.0488964 2
1.1226739 -1.9987965 1.1357443 3
1.142848 -2.0236216 0.5574699 1
1.1111202 -1.9920058 0.39609253 1
1.1462431 -2.0354106 0.88947046 1
1.1248499 -1.9972073 0.23269066 5
1.1408017 -2.0256569 0.31139356 1
1.1197054 -1.9861835 0.71783626 3
1.1293244 -2.024827 1.0560086 3
1.1427689 -2.0414467 0.64013571 1
1.1758971 -2.0987847 0.044657413 5
1.1168147 -1.997113 0.7185092 1
1.1060419 -1.9788364 0.15440856 10
1.1189169 -2.0024457 0.80059648 1
1.1038322 -1.9777989 0.87839574 1
1.1070502 -1.9830941 0.31624165 1
1.1022142 -1.9696815 -0.0091976393 1
1.1272886 -2.022963 1.14189 3
0.96302986 -1.7260633 -0.017745465 1
1.1090194 -1.9898477 0.47657624 1
1.1508046 -2.0537267 0.55791003 1
1.1366407 -2.0359087 0.97333717 7
1.1091684 -2.0046723 0.39553875 1
1.1179433 -2.001236 0.2326868 5
0.95324719 -1.7228349 -0.015656704 1
1.1204044 -2.02548 1.0551157 5
1.0904763 -1.9877858 0.39685729 1
1.0894315 -1.96565 0.15758792 12
1.1070884 -1.9978292 0.79940253 3
1.1110252 -2.0052519 0.2326843 5
1.11165 -2.0075228 0.88300574 4
1.1021665 -1.9905372 0.31588006 1
1.1063145 -1.9989963 0.96430159 6
1.1059707 -1.9941957 0.71783 6
1.1183937 -2.0236382 1.1408619 7
1.1705787 -2.1064105 0.043880928 6
1.1080239 -1.9969461 0.63735265 3
1.0944401 -1.9719491 -0.0087456107 1
1.1149787 -2.0074763 0.557051 1
1.0981926 -1.9868684 0.4767341 1
1.0799531 -1.9623168 -0.0051081418 1
1.0933907 -1.995635 1.1311227 12
0.94825214 -1.7279574 -0.016182041 1
1.0806826 -1.9864702 0.39718446 1
1.1001565 -2.0064943 0.47636861 8
1.0942693 -1.99552 1.0462203 11
1.0992193 -2.0006082 0.2339274 6
1.0959798 -1.9960213 0.88023496 8
1.0962629 -1.9962238 0.31569728 1
1.0810845 -1.9704555 0.95714849 12
1.0932741 -1.9853711 0.55660594 3
1.0826352 -1.9695612 0.15758453 12
1.0873193 -1.9773439 0.71579945 10
1.1613586 -2.1071908 0.044651736 5
1.0953087 -1.9931599 0.79820746 12
1.1011254 -2.0009251 0.63734943 13
1.0750713 -1.9695903 -0.0060214354 1
1.0903037 -1.9979031 0.63694912 13
1.1579047 -2.1181953 0.043100201 5
1.083549 -1.9872383 0.15503708 18
1.0827316 -1.992808 1.1290704 11
1.0844469 -1.9947248 0.47672817 1
1.0854777 -1.9960426 1.0453279 17
1.0838668 -1.9914844 0.96090996 17
1.0864131 -1.9892921 0.55660272 3
0.94890243 -1.7431613 -0.01984502 1
1.0893635 -2.0001631 0.31569442 1
1.0884241 -1.997619 0.23492017 6
1.0893915 -1.9988177 0.79844314 14
1.0834106 -1.9864627 0.71630412 12
1.092944 -2.0068572 0.88146299 12
1.0796269 -2.0008328 0.39652154 5
1.0736734 -2.0064549 0.39640856 7
1.0863163 -2.01104 0.31497258 1
1.0783418 -1.9969488 0.87899917 14
1.0844141 -2.0061977 0.79891634 13
1.0709251 -1.980768 0.1569422 16
1.0804201 -1.9973161 0.71697676 12
1.1391321 -2.101764 0.047740519 6
1.0931067 -2.0192738 0.63793951 20
1.0692104 -1.9751568 -0.0064786905 1
1.0853729 -2.0036728 0.55677623 3
1.0738564 -1.991406 1.0431015 16
1.0717398 -1.9881284 0.47696772 6
1.0824046 -2.0085309 1.1326542 13
0.94476193 -1.749952 -0.020894233 2
1.0863345 -2.0102074 0.23367256 5
1.0722243 -1.9867809 0.95902479 20
1.0680429 -2.0118775 0.39629629 6
1.0829459 -2.0243182 1.0506585 30
1.0640771 -1.9846138 0.15694001 16
1.0793996 -2.0135717 0.79939067 14
1.077472 -2.0106311 0.23416755 5
1.0714426 -2.0008166 0.87899679 12
1.0697604 -1.9974879 0.31676677 1
1.1337577 -2.1092937 0.046964318 6
1.0696718 -1.9942138 0.71629876 16
1.0774831 -2.00582 0.55674452 9
1.0670825 -1.9875219 -0.0087581705 1
0.93498957 -1.7466096 -0.018804137 3
1.0764844 -2.005708 0.63694394 17
1.0680248 -1.9988554 1.1285524 14
1.0706472 -2.0024924 0.47672322 1
1.081454 -2.0198865 0.96541935 14
1.0737355 -2.0163875 0.6373381 15
1.1305923 -2.1200445 0.045414343 6
0.92740732 -1.7464246 -0.017761735 3
1.0622553 -1.9937098 0.556476 4
1.065029 -2.0078969 0.47668022 8
1.0660367 -2.0091743 1.045765 21
1.0756463 -2.0224771 0.80010295 12
1.0550702 -1.9873649 0.95751417 15
1.0648792 -2.0044737 0.87899452 14
1.0727713 -2.0177915 0.23366691 3
1.0537719 -1.9813212 0.15821053 18
1.0640841 -1.9996136 0.71646518 15
1.0605558 -1.9911689 -0.0087601086 1
1.0651655 -2.0092859 1.1305994 13
1.0657184 -2.0065775 0.31622523 1
1.0502907 -1.99658 0.39750397 1
1.0629846 -2.0158632 0.79867095 15
1.0544114 -1.995765 0.55644447 8
1.0508839 -1.9898471 -0.0073974235 1
1.0667675 -2.0202422 0.63733613 8
1.0609838 -2.0182128 1.1321337 20
1.0628433 -2.0205219 0.47647622 4
1.0639037 -2.018153 0.23416249 5
1.0617199 -2.0152481 0.88022172 11
1.0456402 -1.9835644 0.15852611 25
1.0587521 -2.0131948 1.0457624 22
0.92476135 -1.7567288 -0.019855434 4
1.060011 -2.0138037 0.96240348 11
1.055938 -2.0051506 0.31676146 1
1.0549307 -2.000118 0.71612436 15
1.1247611 -2.1277544 0.044638034 6
1.049053 -2.0109129 0.39684108 8
1.053682 -2.0144429 0.71713567 15
1.0547009 -2.0186694 0.2346583 1
1.0402281 -2.0111544 0.39705932 1
1.0453243 -1.9994891 0.1562956 25
1.1155399 -2.1283286 0.045408908 6
1.0575469 -2.0207512 0.63713533 9
1.0371994 -1.9818031 -0.0042140079 1
1.0528584 -2.0103095 0.55661839 12
1.0491033 -2.0136874 1.1295696 12
1.0517336 -2.0174768 0.47663531 7
0.92235774 -1.7668637 -0.021949353 3
1.0499548 -2.0135522 1.0448706 21
1.0446999 -2.0020337 0.95901459 16
1.0562776 -2.0227334 0.88083452 12
1.0490093 -2.0089469 0.31675947 1
1.0575508 -2.0233676 0.79914492 10
1.033276 -2.0148938 0.39705682 8
1.0458066 -2.019747 0.31603825 1
1.0418619 -2.0125599 0.87837076 12
1.0467888 -2.0207086 0.23490521 6
1.0486931 -2.0236619 0.79866606 29
1.0346988 -1.9962838 0.15756662 34
1.0467215 -2.0182242 0.71713322 15
1.1044811 -2.1254056 0.046954412 6
1.0505625 -2.0245392 0.63713169 8
1.0367665 -1.9975662 -0.0074016978 1
1.0515623 -2.0246804 0.55679411 11
1.0329336 -1.9983753 1.0399764 10
1.0439636 -2.0208681 1.1305919 12
0.91443896 -1.7667785 -0.020906826 4
1.0460869 -2.0213907 0.96239972 12
1.041011 -2.014199 0.47679433 4
1.0270771 -2.0057979 1.1249528 5
1.0316786 -2.0047293 -0.0083151627 1
1.0417562 -2.0231466 0.55670226 3
1.0360965 -2.0174451 0.23589836 6
1.0386016 -2.023298 0.87960011 11
1.0295289 -2.0058887 0.31783286 1
1.0418537 -2.0303552 0.96352577 13
1.0360345 -2.0210667 1.0448654 15
1.0971266 -2.1293659 0.046951417 5
1.0434742 -2.0290284 0.71780652 11
1.0296425 -2.0034912 0.15692772 40
1.0398474 -2.0239129 0.79818666 9
1.0398328 -2.0212538 0.63673329 17
1.0312511 -2.0126245 0.47691214 8
0.90291846 -1.7598486 -0.017771706 5
1.0327636 -2.0257173 0.71712869 14
1.0238442 -2.0067191 -0.0078616897 1
1.0205946 -2.0092413 0.4770717 11
1.0219396 -2.0129142 1.1259751 11
1.0284684 -2.0219107 0.96088934 11
1.026346 -2.0196054 1.0435299 12
1.0356958 -2.0286648 0.55673045 1
0.89684492 -1.7631098 -0.017773498 6
1.036539 -2.0346832 0.79913753 15
1.0272808 -2.0176494 0.2363943 7
1.0279479 -2.020025 0.87836713 13
1.0299823 -2.0237036 0.31639257 1
1.0934033 -2.1402528 0.045401357 5
1.0374838 -2.0338318 0.63722676 13
1.0327958 -2.0264316 0.15342563 10
1.0092236 -2.0027843 0.39826226 1
1.0521865 -2.08096 0.14419565 3
1.0059553 -2.0135195 0.39782009 1
1.0459043 -2.0706601 0.22941785 4
1.0312759 -2.0400357 0.7181403 10
1.0878094 -2.1476598 0.04462586 5
1.0276939 -2.0322423 0.63692749 10
1.0169016 -2.0103922 -0.0078648934 1
1.0232946 -2.0290949 0.96163964 10
1.0229585 -2.0302141 1.045306 17
1.0210077 -2.027118 0.47674805 8
1.0176554 -2.0217338 1.1275111 7
1.0286839 -2.0323808 0.55672729 1
0.89432359 -1.7731974 -0.019867282 5
1.0231051 -2.0260713 0.79746753 14
1.0264285 -2.03424 0.88020962 8
1.0404137 -2.0609961 0.31297612 1
0.99627644 -2.0117993 0.39814806 1
1.0623513 -2.1202929 0.22293954 6
1.0206497 -2.0385716 0.79865664 10
1.0684947 -2.1303678 0.13592005 6
1.0803796 -2.1515689 0.04462406 5
1.055446 -2.103399 0.64069748 14
1.0063821 -2.007129 -0.0060461541 1
1.0287898 -2.0525937 0.71898288 9
0.89174211 -1.7832855 -0.021961076 5
1.0124398 -2.0288317 1.1285342 9
1.0167416 -2.0361247 0.47662488 2
1.007038 -2.0165446 1.0408578 10
1.0482495 -2.0876179 0.5575819 2
1.0162833 -2.032763 0.96163714 11
1.0742915 -2.1444476 0.30488935 1
1.0230178 -2.0449557 0.88143873 8
1.0692619 -2.1465688 0.55849475 16
0.99832624 -2.0332046 0.39704546 7
1.0620209 -2.1359611 0.13559976 1
1.0560302 -2.1253631 0.80985898 14
1.0613303 -2.136482 0.2211943 12
1.0446783 -2.1049635 0.89127779 6
1.057824 -2.1305537 0.30668372 2
1.0467261 -2.1099167 0.97744101 6
1.0291045 -2.0789907 1.1423671 6
1.0693607 -2.1484523 0.046169687 5
1.0336964 -2.0861824 1.0577517 10
1.0056493 -2.0228946 -0.0092329299 1
0.88558728 -1.7865133 -0.021962719 5
0.99972379 -2.020169 0.47706556 10
0.99689174 -2.0230353 -0.0083249658 1
1.052406 -2.1346283 0.72607398 33
1.0262768 -2.0913167 1.1449282 13
1.0109707 -2.0760798 0.39462298 1
1.0616405 -2.1595216 1.0755355 29
0.8724311 -1.7759334 -0.017782457 6
1.0500648 -2.1347084 0.98195511 16
1.0445371 -2.1228256 0.89373642 10
1.0440875 -2.1208181 0.22393245 9
1.0504777 -2.1327012 0.8103345 14
1.0528494 -2.1362569 0.1362348 1
1.0679744 -2.1644092 0.64367312 56
1.0296379 -2.110374 0.22592326 6
0.99601823 -2.0387995 -0.011513579 1
1.0569016 -2.1610982 0.64327365 81
1.0139655 -2.0754437 0.063963354 7
1.0521784 -2.1526527 0.72742426 74
0.9789319 -2.0296309 0.39770338 8
0.9839586 -2.0237551 0.47714168 21
1.0423944 -2.1416802 1.1587613 23
1.0576681 -2.1703055 1.0773135 41
0.86976808 -1.7859802 -0.019875845 4
1.0332539 -2.1185353 0.30865651 13
1.0724844 -2.1950452 0.81819934 36
1.0020632 -2.0535629 0.15182413 10
1.0281247 -2.1315615 1.1546606 18
0.98375589 -2.0319207 -0.008784771 1
1.0467564 -2.1595182 0.64297318 100
0.9910444 -2.0474737 0.070925862 10
1.0385219 -2.1439433 0.72624034 38
1.0463278 -2.1615462 0.81319094 44
0.9958393 -2.0607557 0.23339389 9
0.86360401 -1.789131 -0.019876881 5
0.98140687 -2.0362494 0.47693917 14
1.0397664 -2.1531322 1.0719757 32
0.99224925 -2.0544565 0.31548214 1
0.97191715 -2.033149 0.39770097 8
1.0440322 -2.1598096 0.98571533 35
1.0641378 -2.1993105 0.90572613 46
0.96066147 -1.9882187 0.1642316 31
0.86084533 -1.7991643 -0.021971235 5
1.0377164 -2.1581664 0.55842769 92
1.0346336 -2.1548114 0.72691357 39
1.0211377 -2.1341116 1.0661924 22
0.97634637 -2.0401545 0.31727785 1
1.0339653 -2.1582727 0.98458499 33
0.97525162 -2.0415702 0.47689706 15
0.96663952 -2.0402331 0.39747936 8
1.0347077 -2.1588066 0.8980369 36
1.0256866 -2.1385801 0.80961323 34
0.96776408 -2.0200129 0.15913928 43
0.98483127 -2.0527961 0.070537172 6
1.0122343 -2.1178937 1.1495345 11
0.97327834 -2.0284712 -0.006966149 1
1.003929 -2.0916276 0.63899994 12
0.98345047 -2.0536497 0.23488598 11
0.96306324 -2.0509014 0.39703751 8
0.97140199 -2.0424714 -0.0096978107 1
0.97698492 -2.0641747 1.1326222 9
0.96251458 -2.0270424 0.15850095 72
0.97523648 -2.0559607 0.87958187 6
0.9718979 -2.0518861 1.0444024 8
0.98946744 -2.086062 0.96840012 7
0.96579897 -2.036505 0.31799474 1
0.97286612 -2.050055 0.23588088 15
0.85633332 -1.8057463 -0.02301836 5
0.97819895 -2.0601912 0.79864639 8
0.98166454 -2.0654354 0.71812767 11
0.97859353 -2.0580935 0.070147887 7
0.97651118 -2.0539601 0.63671458 16
0.98452508 -2.0684919 0.55689079 19
0.96556687 -2.0396812 0.47701558 16
0.95460254 -2.050591 0.39725614 8
0.96160012 -2.045058 0.87711996 15
0.9651677 -2.0570607 1.1295457 14
0.95887029 -2.0429852 0.47701439 16
0.98458904 -2.087851 0.63840091 38
0.97062069 -2.0598497 0.070533685 5
0.96837443 -2.0589216 0.23513263 22
0.95888275 -2.0366795 0.71508473 23
0.96173912 -2.0471776 0.95936662 14
0.96057087 -2.0466049 1.042179 16
0.84672612 -1.8018981 -0.020928442 5
0.97475684 -2.0666378 0.55680084 13
0.95292324 -2.0251744 0.15945387 60
0.96049255 -2.0435629 0.31763339 1
0.9626382 -2.0424628 -0.0087892618 1
0.97281104 -2.0672779 0.7991206 16
0.95761782 -2.0492656 -0.0097009903 1
0.95077538 -2.0416057 0.95748401 16
0.96332753 -2.0658031 0.2346326 21
0.96352357 -2.0625846 0.63681144 25
0.96430528 -2.0670154 0.7986418 16
0.95806098 -2.0605242 1.1295441 13
0.96103489 -2.0555513 0.55656326 13
0.94580156 -2.050421 0.39747542 8
0.95453387 -2.0485106 0.87711775 15
0.95526296 -2.053643 0.47685173 16
0.95975351 -2.0621974 1.0452899 17
0.94712543 -2.03021 0.15913409 69
0.95601249 -2.0524063 0.31709278 1
0.96179825 -2.0598066 0.071306072 2
0.83715373 -1.7979929 -0.018839519 2
0.95615846 -2.049104 0.71592689 23
0.83458239 -1.8078399 -0.020931641 4
0.95095634 -2.0621178 1.044399 18
0.95046693 -2.0592136 0.96049345 31
0.95000291 -2.0572982 0.87803942 18
0.95448023 -2.0656824 0.23512915 18
0.9554565 -2.0668941 0.79816407 22
0.9392572 -2.0318332 0.15945034 100
0.95114845 -2.0559738 0.71626419 21
0.95671874 -2.0666363 0.070531249 3
0.95983392 -2.0732663 0.63720757 22
0.94717783 -2.0456789 -0.007881701 1
0.94559371 -2.0516622 0.47697133 14
0.95260084 -2.0674586 1.1305677 13
0.94790512 -2.0463734 0.55635643 12
0.94635409 -2.0504537 0.31763139 1
0.93495691 -2.0467603 0.39791343 8
0.94093347 -2.0508416 -0.0083390549 1
0.95108533 -2.0714755 0.55670869 10
0.94710523 -2.0743787 1.1315908 13
0.94275665 -2.0641074 0.4767676 16
0.94492769 -2.0631471 0.79720879 23
0.94395262 -2.0619371 0.23612466 8
0.94754899 -2.0658734 0.63660944 25
0.94794959 -2.0714443 0.87988323 16
0.94879049 -2.0703785 0.71727687 19
0.9409613 -2.0574558 0.31726947 1
0.9413237 -2.059247 0.95973903 22
0.94347548 -2.0656993 1.0443974 17
0.83462644 -1.8249673 -0.025116162 1
0.93547887 -2.0664191 0.39692214 9
0.93356645 -2.038959 0.15881321 100
0.94753766 -2.066699 0.071303092 2
0.93871737 -2.0656648 0.63641006 27
0.9339326 -2.0638776 0.47684824 18
0.92617762 -2.0641749 0.39725098 8
0.93912041 -2.0712674 0.87926722 16
0.94075704 -2.0795395 1.1321031 19
0.93236804 -2.0548384 0.15658429 100
0.94248557 -2.0775106 0.79863846 21
0.93706536 -2.0629966 0.072849199 3
0.93431222 -2.0561626 -0.0087958146 1
0.82259363 -1.8157517 -0.021457527 1
0.94002128 -2.0750897 0.96237218 18
0.9338702 -2.0637944 1.0430621 16
0.9399457 -2.0701714 0.71693641 21
0.94066507 -2.0744948 0.23487774 7
0.93469059 -2.0626469 0.31708863 2
0.94187301 -2.0714447 0.55664849 11
0.92652583 -2.0838492 0.39625925 6
0.92864519 -2.0674689 0.87803519 15
0.93118525 -2.0758283 1.0452842 17
0.93843806 -2.0819173 0.55676448 10
0.93165529 -2.0681953 -0.011072002 1
0.93661952 -2.0799119 0.63700461 23
0.93033278 -2.0758939 1.1300509 22
0.92644948 -2.0598197 0.15626533 100
0.93065858 -2.0699146 0.797207 12
0.93218291 -2.0741076 0.23537484 5
0.92512244 -2.0636044 0.47692746 16
0.93486035 -2.0818653 0.9631235 18
0.92944103 -2.0663192 0.71626002 21
0.93323213 -2.0734925 0.071300484 2
0.8138839 -1.8134646 -0.019891333 1
0.92087263 -2.0515516 0.31852528 9
0.92450345 -2.071552 -0.011072954 1
0.92439485 -2.0780828 0.9616164 17
0.91994834 -2.0722132 1.1280017 22
0.93109924 -2.0869107 0.63720238 25
0.92642003 -2.0766852 0.071299605 2
0.92598504 -2.0767436 0.71693528 19
0.90779507 -2.038029 0.16071838 100
0.92847419 -2.0840888 0.79863614 15
0.92832059 -2.0846775 0.23437715 7
0.81035721 -1.8215281 -0.021460552 1
0.92563868 -2.0827279 1.0461726 17
0.9204846 -2.072387 0.47680497 9
0.92372155 -2.0689366 0.55649763 13
0.9247967 -2.0779941 0.87926489 16
0.91461056 -2.0566766 0.31834468 6
0.91731173 -2.0837123 0.39647847 9
0.91001898 -2.0684116 0.4769648 15
0.91408378 -2.0668006 0.55640829 12
0.91653031 -2.0731032 -0.010619426 1
0.92222959 -2.0866172 0.63700205 25
0.91962814 -2.0838079 0.79815793 15
0.92111188 -2.0880179 0.23437625 6
0.91598296 -2.0777256 0.878649 13
0.90720576 -2.0631931 1.1244124 13
0.92050254 -2.0837514 0.070523843 3
0.9068346 -2.0797291 0.39691788 9
0.91161603 -2.0690334 0.31744462 8
0.9204995 -2.0915461 1.0475053 15
0.80695277 -1.8316262 -0.023553606 1
0.89876205 -2.0378661 0.1613536 100
0.91680026 -2.0766129 0.71659619 17
0.91198659 -2.0708365 0.9593575 18
0.9090023 -2.0765705 -0.010620125 1
0.91126019 -2.0835402 0.71693259 17
0.79983425 -1.8327867 -0.023031659 1
0.90742511 -2.0827956 0.47672179 10
0.89889443 -2.0628376 1.0395002 15
0.90966409 -2.0848653 0.96161419 15
0.91151792 -2.0811923 0.55658442 11
0.91027182 -2.0842545 0.23537098 6
0.91168678 -2.0883892 0.87987804 13
0.9079932 -2.078233 0.79696578 14
0.90793097 -2.0771067 0.15498872 134
0.91893911 -2.099586 0.067814969 1
0.90891111 -2.0773554 0.63630563 20
0.90051365 -2.0683765 1.1249239 20
0.90655375 -2.0779245 0.31690446 5
0.90253097 -2.0904527 0.39647672 4
0.90533358 -2.1154623 0.39515477 1
0.89705199 -2.0691695 -0.0078909891 1
0.9033612 -2.0842748 0.63650411 18
0.89919341 -2.077868 0.79648745 8
0.90024465 -2.0753465 0.55643582 13
0.89729607 -2.0804515 1.1274856 7
0.90125263 -2.0844443 0.87864602 13
0.89983243 -2.0802786 0.23636639 1
0.89778841 -2.0805836 0.47684225 5
0.90018058 -2.0830083 0.31672376 4
0.89958614 -2.0787406 0.15530612 100
0.90370023 -2.0869844 0.7169317 17
0.89171654 -2.0649691 0.95672077 17
0.7994926 -1.8499318 -0.027214333 1
0.94410795 -2.1765306 0.051951893 2
0.89299637 -2.0697932 1.0403887 13
0.78872859 -1.8420807 -0.024079246 1
0.89373326 -2.0820453 0.63620478 12
0.94171607 -2.1905208 0.049629651 5
0.88542038 -2.0710688 1.0399442 12
0.89482135 -2.1114011 0.39559436 1
0.8965559 -2.0933752 0.31600437 1
0.88367838 -2.0641851 0.87464774 7
0.89584827 -2.0907862 0.23536931 6
0.89754641 -2.0926504 0.15339594 100
0.88933194 -2.0819111 1.1269726 10
0.89765495 -2.0918972 0.71710074 14
0.89307058 -2.078582 0.55643505 14
0.89147222 -2.0759659 -0.0088014854 1
0.8952232 -2.088366 0.79743969 9
0.89366102 -2.0877864 0.96085984 12
0.88898486 -2.0801578 0.47692266 1
0.88829482 -2.0872867 0.55652249 1
0.91378057 -2.1566601 0.47531018 1
0.87518382 -2.0691559 1.1223592 7
0.88514245 -2.1091249 0.39592379 1
0.7792657 -1.8378675 -0.021988861 1
0.88216603 -2.0831866 1.0421664 7
0.88094372 -2.0784049 0.95822531 13
0.90128821 -2.1239877 0.31330922 1
0.89020824 -2.0976467 0.23487049 1
0.89198661 -2.100682 0.79863107 5
0.88159871 -2.0759878 0.15689535 100
0.89042515 -2.0951245 0.71709925 10
0.93413621 -2.1939068 0.049628753 8
0.8969599 -2.1090455 0.63749528 7
0.89054656 -2.0934405 -0.012443726 1
0.88921314 -2.0963364 0.87956738 5
0.89162499 -2.1157715 0.63769239 6
0.89558703 -2.1340952 0.47587371 1
0.88861448 -2.1138783 0.88202703 3
0.88922912 -2.1378481 0.39438269 1
0.88373506 -2.1076415 1.1326078 3
0.8863073 -2.1075385 0.79910713 6
0.92966831 -2.2044647 0.048080489 8
0.8752073 -2.0809786 0.15657711 57
0.88216531 -2.0990303 0.23511928 1
0.89235872 -2.1235693 0.31366774 1
0.7759946 -1.8477623 -0.024081495 2
0.87109971 -2.0774057 1.0399412 5
0.88108301 -2.0904927 0.55652261 1
0.87610447 -2.0869865 0.95935345 10
0.89666826 -2.1294091 0.71997076 5
0.88020301 -2.0895016 -0.010623914 1
0.90189445 -2.1577871 0.55755478 1
0.88495952 -2.1484036 0.39394271 1
0.86580288 -2.0859363 1.1254326 3
0.87876058 -2.1152558 0.47635591 1
0.86658597 -2.0857594 1.0412745 6
0.88009447 -2.1152523 0.96462196 6
0.86758977 -2.0821521 0.15689372 67
0.89220577 -2.1373348 0.6386863 8
0.86794937 -2.0799949 -0.0074386732 1
0.87781996 -2.1069133 0.79862964 1
0.8682251 -2.0856349 0.23736012 1
0.90157306 -2.1643016 0.89002436 3
0.88501465 -2.1267798 0.31366685 1
0.88065159 -2.1124892 0.71811157 5
0.76961529 -1.8505747 -0.024081931 2
0.92048889 -2.2042012 0.048853923 8
0.86800194 -2.1052048 0.23511828 5
0.87053955 -2.1100748 0.79862934 7
0.84879303 -2.0580266 0.16166589 100
0.86240292 -2.0929687 0.87741286 2
0.8804633 -2.1364946 0.96838439 3
0.86852127 -2.1104174 1.0466104 7
0.8698855 -2.114738 0.47643644 1
0.87746274 -2.1335561 1.1382438 4
0.88152373 -2.1338425 0.71980059 7
0.91016829 -2.2001317 0.050401036 8
0.87307191 -2.1129696 0.63719422 1
0.86533594 -2.0938704 -0.010169975 1
0.89835495 -2.1702309 0.55770248 1
0.76354343 -1.8532239 -0.024082793 4
0.87328947 -2.1425428 0.39449245 1
0.88077515 -2.1373065 0.31294802 1
0.90095967 -2.1974084 0.55809164 1
0.86036205 -2.1023719 -0.011529761 1
0.88983256 -2.1731644 0.640279 5
0.86484903 -2.1242301 1.1346617 3
0.87095225 -2.1315093 0.80101925 1
0.88736045 -2.1725724 0.89033645 17
0.86411846 -2.1215525 0.47636095 1
0.86225706 -2.1119823 0.23462503 1
0.90369266 -2.2071748 0.049632259 8
0.87047797 -2.1567402 0.39383703 1
0.85557789 -2.1011195 1.0435035 3
0.75231254 -1.8454518 -0.020940736 4
0.86874545 -2.129451 0.31403121 1
0.84898371 -2.0794404 0.15848976 100
0.87609625 -2.1426759 0.72031283 2
0.87575161 -2.1470616 0.96989501 4
0.85565901 -2.1239212 1.1336372 3
0.90994298 -2.2413983 0.55874187 1
0.85347623 -2.1074235 -0.011985312 1
0.84179348 -2.0824978 0.15848954 100
0.87637371 -2.172828 0.47531429 1
0.87078136 -2.1582055 1.0568439 3
0.85863298 -2.1238091 0.7995894 1
0.86531305 -2.1429617 0.96838963 3
0.85219133 -2.1105182 0.31618702 1
0.85764241 -2.1225743 0.23362908 5
0.86254758 -2.1311097 0.71896029 2
0.89907992 -2.2176766 0.048085358 8
0.74742883 -1.851738 -0.021987204 4
0.85591823 -2.1193652 0.88080066 2
0.87193966 -2.1525712 0.63898808 1
0.85617435 -2.1432631 0.39482793 1
0.85027015 -2.1500418 0.39460734 1
0.85273516 -2.137733 1.1367114 3
0.86200947 -2.1593409 0.47567639 1
0.83808076 -2.100044 1.0417248 3
0.8676393 -2.1696846 0.9732824 6
0.86084014 -2.1522553 0.31241357 1
0.85161024 -2.1297615 0.88203174 3
0.86189884 -2.1525865 0.80292505 5
0.86051005 -2.1471105 0.72014362 1
0.89140391 -2.2209063 0.048084814 8
0.88052225 -2.1944666 0.64107352 2
0.87313306 -2.174458 0.55761898 1
0.7439869 -1.8615761 -0.024078919 2
0.84727353 -2.118325 0.23462483 1
0.83760637 -2.0928333 0.15721688 100
0.8402316 -2.096102 -0.008344789 1
0.84183961 -2.1207654 -0.013806134 1
0.85339725 -2.1553576 0.31241381 1
0.8502264 -2.1474619 0.88449198 3
0.85879898 -2.1716671 1.0586214 3
0.83634818 -2.1104751 0.15467085 91
0.84780586 -2.1372993 0.71896029 2
0.85180783 -2.1753247 0.39328665 1
0.73755777 -1.864275 -0.024079451 3
0.8568058 -2.1679997 0.47555515 1
0.84097254 -2.1300559 1.1336361 5
0.86561233 -2.1775978 0.5576185 1
0.85197294 -2.1527946 0.96914232 4
0.841447 -2.1250458 0.23412585 5
0.8296653 -2.0950336 0.79505765 3
0.88371718 -2.2241149 0.048084956 6
0.86082572 -2.1680562 0.63948405 1
0.83361304 -2.13308 1.1336365 3
0.82718539 -2.1057451 -0.009255264 1
0.84428453 -2.1783936 0.39328706 1
0.84481794 -2.1599522 0.47579622 1
0.87159956 -2.2163861 0.05040627 6
0.82428771 -2.1078537 1.0421692 5
0.84379894 -2.1540439 0.9687658 5
0.83583206 -2.1311479 0.79934871 3
0.82534528 -2.1043396 0.15626191 67
0.84864604 -2.1606622 0.72081894 1
0.86533338 -2.200778 0.64107347 1
0.87010896 -2.2103589 0.55809128 1
0.83484238 -2.1299214 0.23387669 1
0.73402202 -1.874099 -0.026171166 3
0.83095241 -2.1212029 0.87957048 3
0.85116905 -2.1713605 0.31115672 1
0.83381295 -2.1740115 0.39372805 1
0.83581889 -2.157901 1.0537305 5
0.82905793 -2.1388347 0.96500182 7
0.85105962 -2.1929214 0.30936009 1
0.83536935 -2.1535478 0.88449162 3
0.8311646 -2.1421406 0.23263182 5
0.81953484 -2.1109741 0.15562513 55
0.83079368 -2.1378269 0.71845323 3
0.86392981 -2.2195265 0.050406255 6
0.84582341 -2.1742294 0.63948464 2
0.82715553 -2.1268041 -0.013806443 1
0.8796066 -2.2561753 0.55877119 1
0.83215827 -2.1433764 0.8005411 1
0.72323024 -1.8660091 -0.023034479 2
0.83734965 -2.162998 0.47579691 1
0.82767653 -2.1396754 1.1346617 3
0.85850298 -2.2258849 0.55823851 1
0.82064909 -2.1381869 0.88141614 2
0.80932283 -2.1065915 0.15689833 54
0.81317735 -2.1246669 1.1295363 4
0.82410675 -2.1714327 0.39405736 1
0.81260842 -2.111691 -0.0092549417 1
0.71821332 -1.8722203 -0.024079917 2
0.82692826 -2.1585736 0.47595805 1
0.81831777 -2.1355178 1.047505 8
0.83207172 -2.1648366 0.80292553 1
0.8420065 -2.1922822 0.30971962 1
0.82887429 -2.1580563 0.23088901 1
0.83075565 -2.1593409 0.7201438 1
0.85304987 -2.2143993 0.64147103 1
0.85769379 -2.2262745 0.049631875 6
0.82600582 -2.1527843 0.96726024 6
0.81706053 -2.1499512 0.23238267 1
0.81830752 -2.1540179 0.88356888 2
0.82164973 -2.1874349 0.39328745 1
0.81499213 -2.1510007 1.136198 4
0.82165027 -2.1671414 0.47583693 1
0.81378323 -2.1457324 1.0492836 5
0.81784874 -2.1539257 0.96688443 4
0.84023786 -2.2101467 0.30828229 1
0.83111793 -2.1844673 0.80507219 1
0.82620585 -2.1697536 0.72081959 1
0.85286194 -2.2366693 0.048084687 6
0.83662122 -2.1951606 0.64027888 2
0.86032319 -2.2531657 0.55862349 1
0.71316183 -1.8784173 -0.025126304 1
0.80059373 -2.1058371 0.15753473 43
0.80102599 -2.103745 -0.0065247305 1
0.82195246 -2.2109075 0.39207825 1
0.80355114 -2.1413884 1.047505 3
0.79516196 -2.1102614 -0.0074346224 1
0.82682687 -2.1983132 0.30971965 1
0.82373309 -2.1901264 0.88910621 2
0.80702537 -2.1448836 0.79958773 1
0.82664967 -2.1931531 0.72267801 2
0.84654403 -2.2433999 0.047311835 5
0.82251185 -2.1814158 0.63938534 1
0.79331058 -2.1087215 0.15753399 42
0.70737267 -1.8827951 -0.025649613 1
0.80387825 -2.1380968 0.23437551 1
0.82461143 -2.193496 0.97441208 3
0.81487697 -2.1719632 0.47579691 1
0.80756116 -2.1539409 1.1361992 4
0.85543066 -2.26371 0.55874115 1
0.78646511 -2.1095037 -0.0065240189 1
0.80081099 -2.1586554 1.1367118 3
0.79097974 -2.1244805 0.15530723 36
0.81069273 -2.179956 0.97102457 4
0.8167156 -2.1922805 0.80531102 1
0.80033994 -2.1552067 1.0501739 5
0.80736727 -2.1749012 0.4757973 1
0.80863303 -2.1989281 0.39295793 1
0.79861873 -2.1465535 0.23362838 5
0.81906492 -2.1961274 0.72267812 2
0.8352524 -2.2372861 0.049245443 4
0.81712353 -2.1899731 0.63968402 1
0.82674116 -2.2126775 0.55788481 1
0.7064262 -1.8997715 -0.029831935 1
0.79561394 -2.139591 0.88018578 3
0.81493616 -2.1901343 0.31079769 1
0.79401779 -2.1568558 0.23263285 1
0.8129676 -2.2336278 0.39108932 1
0.80693543 -2.1965027 0.47539547 1
0.79842812 -2.1726749 1.0537316 3
0.80804151 -2.1957295 0.97365928 3
0.8108983 -2.2023785 0.30989954 1
0.80226159 -2.179405 0.88633841 3
0.78222942 -2.1236525 0.1559446 33
0.800125 -2.1692851 0.71997494 4
0.82821071 -2.242135 0.048860401 5
0.80314964 -2.1761198 0.63879019 1
0.82479197 -2.2306039 0.55812228 1
0.69160414 -1.8806909 -0.023558153 1
0.79360175 -2.1543844 0.80006522 1
0.77986085 -2.1141608 -0.0069786375 1
0.78786755 -2.1470709 1.1326122 3
0.77392238 -2.1206183 -0.007888969 1
0.80398124 -2.2071657 0.30972052 1
0.78429282 -2.1545472 0.88172436 2
0.78723848 -2.1680088 1.1377376 2
0.77001047 -2.1135302 0.15817082 27
0.78993398 -2.1953735 0.39350954 1
0.81837279 -2.2396073 0.05002081 4
0.80549198 -2.2051783 0.6401816 1
0.80577695 -2.2036378 0.55764902 1
0.79442376 -2.1863143 0.47567865 1
0.8018865 -2.2047591 1.0608474 4
0.68715388 -1.888617 -0.025126573 1
0.78655744 -2.1597247 0.23263356 5
0.79215765 -2.1765761 0.96914387 4
0.80457228 -2.2038686 0.72284836 3
0.79944754 -2.1925564 0.8045963 2
0.77033049 -2.1454682 1.1305629 3
0.79395813 -2.1952984 0.55747259 1
0.68468213 -1.9019531 -0.028263608 1
0.8000856 -2.2247946 0.47491375 1
0.79019195 -2.1966825 1.0581799 4
0.78326488 -2.1757469 0.96839088 4
0.78324211 -2.1737196 0.23113975 5
0.77800471 -2.158217 0.79982746 1
0.78581071 -2.1768901 0.72014481 3
0.81473619 -2.2535872 0.047700495 2
0.79507291 -2.2005928 0.63978463 1
0.76182073 -2.110641 -0.0047026817 1
0.79338676 -2.201827 0.88910758 2
0.79426301 -2.2044668 0.31026062 1
0.76408374 -2.1200213 0.15753585 24
0.790609 -2.2207091 0.39218962 1
0.77690613 -2.1759841 0.71980715 5
0.7833122 -2.1922069 0.63918829 1
0.78087962 -2.2179301 0.39252025 1
0.79652494 -2.2389338 0.47467312 1
0.77654654 -2.1830561 1.0541787 7
0.68079048 -1.9116834 -0.030354604 1
0.78388578 -2.2006915 0.97290796 3
0.79076546 -2.2185426 0.3091827 1
0.7794708 -2.1852443 0.80292857 5
0.75948155 -2.1301842 0.15626317 22
0.79329783 -2.2169185 0.55776888 1
0.80829537 -2.2602081 0.046927899 2
0.75991762 -2.1280086 -0.0083427373 1
0.7728036 -2.169446 0.88326389 3
0.77023327 -2.1616354 0.23313151 5
0.76825005 -2.1627712 1.1346637 3
0.75389266 -2.1344104 -0.0092526637 1
0.77966124 -2.2151706 1.0612937 6
0.75279117 -2.1347799 0.15594548 19
0.75483531 -2.1491804 1.1300516 4
0.79576087 -2.2502127 0.049635757 1
0.7681967 -2.1743951 0.63809645 1
0.77117789 -2.2151041 0.39285052 1
0.6728608 -1.9105287 -0.029308608 4
0.77829516 -2.2090569 0.97403854 6
0.78786123 -2.2344995 0.30792674 1
0.7641167 -2.1681492 0.23263456 1
0.77191556 -2.1880519 0.80292851 1
0.78236359 -2.21435 0.72301883 4
0.77747697 -2.2056565 0.88880086 3
0.78837639 -2.2272959 0.55788821 1
0.78331745 -2.2267714 0.47499585 1
0.76065236 -2.1821053 0.23114108 2
0.76181507 -2.1861482 0.88511121 10
0.77422756 -2.2479913 0.39109203 1
0.77020568 -2.2145429 0.47531882 1
0.76210511 -2.1904547 1.0546243 5
0.7633391 -2.1915281 0.96989918 4
0.77472979 -2.2223432 0.30936363 1
0.76861548 -2.2002971 0.72149801 3
0.78664076 -2.2493927 0.050410673 1
0.7674644 -2.1959512 0.63909078 2
0.7820316 -2.2338896 0.55794775 1
0.6623199 -1.9020764 -0.026171558 2
0.77378225 -2.2169881 0.80626774 5
0.74808782 -2.1449306 0.15467414 15
0.74783105 -2.1407902 -0.010162825 1
0.7454505 -2.1464484 1.128515 4
0.76353079 -2.2065763 0.55747533 1
0.76313597 -2.2413609 0.39164251 1
0.75708073 -2.1979756 0.97065181 4
0.76303256 -2.2138813 0.31044281 1
0.75027788 -2.1777189 0.88326555 13
0.76078105 -2.204818 0.80436188 1
0.74000514 -2.1457701 0.15499267 6
0.78149575 -2.259619 0.048863798 1
0.7652474 -2.2137699 0.63988662 1
0.7443592 -2.1545024 -0.012892025 1
0.75110835 -2.1792512 0.23188975 1
0.65704983 -1.9081105 -0.027217366 3
0.73803312 -2.1491308 1.1285151 3
0.76723266 -2.2305036 0.47503698 1
0.75845379 -2.2042184 1.0572931 10
0.76569802 -2.2162042 0.7226826 2
0.65303451 -1.9177792 -0.029307762 3
0.73189002 -2.155441 1.1295412 3
0.73041576 -2.1388276 -0.0083408384 1
0.75752836 -2.2276108 0.47515872 1
0.75666016 -2.2235096 1.0612962 5
0.76993263 -2.2579629 0.30649218 1
0.75391507 -2.2121129 0.88849616 4
0.74589199 -2.1869576 0.80173963 3
0.72535884 -2.1279662 0.15849298 1
0.75670898 -2.2152097 0.72234595 2
0.77628857 -2.2698381 0.047317635 1
0.76557636 -2.2391317 0.64107919 1
0.76056659 -2.222527 0.55768234 1
0.74356931 -2.1819589 0.23189004 1
0.74948293 -2.2007072 0.97065318 4
0.75472611 -2.2422304 0.39175418 1
0.7412852 -2.2041299 1.0559596 6
0.74575222 -2.21454 0.97291267 4
0.75163615 -2.2306437 0.30936685 1
0.74366802 -2.2073703 0.88726634 4
0.73406237 -2.1790233 0.23263805 5
0.74748749 -2.2158964 0.80507785 3
0.71994817 -2.1361742 0.15753855 1
0.74904907 -2.2179346 0.7223466 2
0.75310445 -2.2397816 0.47495845 1
0.73982221 -2.2241781 0.39296469 1
0.75816381 -2.2403786 0.55792135 1
0.64895886 -1.9274406 -0.031398386 2
0.72571033 -2.1617293 1.1305668 5
0.77102095 -2.28005 0.045771714 1
0.72558868 -2.1488266 -0.01015969 1
0.75321937 -2.2286859 0.64038509 1
0.74756229 -2.2722244 0.39032632 1
0.71688193 -2.1477618 -0.0092495354 1
0.74551195 -2.2313998 0.64038521 1
0.75800574 -2.2679958 0.048867427 1
0.72766441 -2.1917779 1.1382556 4
0.71384937 -2.1425138 0.15690427 21
0.73723578 -2.2110808 0.80412501 1
0.7406553 -2.2246563 0.974419 4
0.72652376 -2.1816676 0.23263803 5
0.72859323 -2.1920509 1.0524033 7
0.75170189 -2.2559483 0.307212 1
0.74118608 -2.2249968 0.88972914 2
0.74332917 -2.2262843 0.72285378 1
0.75433397 -2.2544477 0.55809963 1
0.64229763 -1.9297898 -0.031398423 3
0.73560792 -2.2141318 0.47556233 1
0.7380259 -2.2421982 0.97743088 3
0.72227412 -2.1983745 1.0532935 5
0.73502523 -2.2376127 0.47512132 1
0.71200633 -2.1706023 1.1315941 3
0.72281718 -2.1955626 0.23114562 3
0.63188338 -1.921168 -0.02826062 3
0.72983849 -2.2119942 0.72133398 2
0.74888664 -2.2670169 0.049642302 1
0.73521417 -2.2265348 0.63998967 1
0.71322906 -2.1614125 -0.011979071 1
0.7465359 -2.2571626 0.55809975 1
0.70580173 -2.1432247 0.15722318 12
0.72574621 -2.2024632 0.80269539 1
0.72521031 -2.2033484 0.88573021 1
0.7323395 -2.2247231 0.3104465 1
0.73078978 -2.2484229 0.39186758 1
0.73301715 -2.2573287 0.47476101 1
0.72401112 -2.2262428 0.97366828 4
0.73227 -2.2500248 0.30829272 1
0.72642189 -2.232187 0.89003849 3
0.73716092 -2.261538 0.80985075 1
0.70154297 -2.1551273 0.15563266 9
0.73174679 -2.2429507 0.72387105 1
0.74480355 -2.2808645 0.047321606 1
0.73198652 -2.2424307 0.64068615 1
0.70949095 -2.1750624 -0.014708576 1
0.73744899 -2.2560725 0.55804265 1
0.72175211 -2.2472689 0.39208856 1
0.71927315 -2.2171504 1.1438943 3
0.71522421 -2.1981816 0.23114736 5
0.62524587 -1.9234629 -0.028260324 4
0.72399461 -2.2287042 1.0599667 6
0.70491552 -2.1995714 1.1382595 4
0.71444786 -2.2257662 1.0586337 3
0.7092551 -2.2039096 0.80222189 1
0.73690933 -2.2835498 0.047322668 1
0.72739154 -2.2545409 0.64118373 1
0.62104732 -1.9330546 -0.030351035 3
0.71705425 -2.2247958 0.72201294 2
0.69408989 -2.1576686 0.15563406 9
0.7088722 -2.2045214 0.23064947 4
0.71495956 -2.2235544 0.88819373 1
0.72322649 -2.2488828 0.30865249 1
0.69826561 -2.1665423 -0.011976825 1
0.72330761 -2.2397687 0.55774814 1
0.71210819 -2.2441807 0.39241976 1
0.72375411 -2.2512205 0.97818625 4
0.72142702 -2.2485847 0.47500381 1
0.70372713 -2.2448516 0.39253122 1
0.70875937 -2.2370076 1.1479976 3
0.71364951 -2.2511907 0.47500461 1
0.70432109 -2.2209327 1.0568557 4
0.70615679 -2.2239752 0.97216511 3
0.71918112 -2.2628536 0.3075771 1
0.70850646 -2.2298856 0.88881004 3
0.7180959 -2.2538764 0.72437996 2
0.69077146 -2.1690707 -0.011975467 1
0.71806914 -2.2499704 0.55786753 1
0.69442397 -2.1863477 0.23339009 6
0.61558127 -1.9389832 -0.031395283 3
0.70660174 -2.221549 0.80412942 1
0.68477523 -2.154557 0.15659085 1
0.73146361 -2.2936671 0.045776997 1
0.71396226 -2.2400942 0.64029109 1
0.70575029 -2.2489378 0.97668362 4
0.70199573 -2.2335472 0.80532372 5
0.67793185 -2.1589007 0.15627283 1
0.71926737 -2.2832458 0.048486326 1
0.70621455 -2.2426682 0.64029199 1
0.68447322 -2.1752689 -0.012884431 1
0.70511109 -2.2759187 0.39088318 1
0.70266163 -2.2420187 1.0613042 4
0.69089538 -2.208308 1.1392875 4
0.6995768 -2.2286873 0.88819593 3
0.68931562 -2.1964073 0.23239493 6
0.70412755 -2.2375174 0.7226907 2
0.60888124 -1.9412158 -0.031394847 4
0.7177313 -2.2753725 0.55822384 1
0.70765525 -2.2540751 0.30865514 1
0.70092916 -2.2385535 0.47532848 1
0.60098982 -1.9397565 -0.030348446 2
0.69968486 -2.2490206 0.64049292 1
0.71016318 -2.2821116 0.049261969 1
0.6889587 -2.2259886 1.0568585 3
0.68596911 -2.2121344 0.23065414 1
0.69783962 -2.2803671 0.39077437 1
0.68031508 -2.2015932 1.1367251 3
0.70050639 -2.2639327 0.47484663 1
0.7029025 -2.2661169 0.3077594 1
0.6954962 -2.2424965 0.89004338 8
0.67107069 -2.1632414 0.15595634 1
0.70188701 -2.2571306 0.72421318 3
0.67575341 -2.1740408 -0.011973234 1
0.70863217 -2.2741511 0.55816531 1
0.68897045 -2.2234347 0.97103941 4
0.68393719 -2.2039421 0.8012709 1
0.68756449 -2.2752719 0.39121717 1
0.68845153 -2.2531195 0.47513017 1
0.67890817 -2.21843 0.96953493 8
0.68723077 -2.2439716 0.3100951 1
0.68475497 -2.2355914 0.88850701 2
0.68431962 -2.2335229 0.22816552 1
0.66358709 -2.1656637 0.15595736 1
0.66823334 -2.1764889 -0.011971158 1
0.69712335 -2.2652824 0.5579899 1
0.6889438 -2.2461488 0.80628002 5
0.68925118 -2.2444813 0.72286344 4
0.70583218 -2.2958918 0.046942081 1
0.69796479 -2.2705841 0.64148808 2
0.68008572 -2.2247539 1.0559701 5
0.67503828 -2.2114198 1.1387768 7
0.59311426 -1.9382613 -0.029301822 2
0.66047513 -2.1917148 1.1326278 9
0.69130963 -2.2769151 0.64168876 2
0.69906151 -2.3021817 0.046169858 1
0.67404318 -2.225908 0.80341971 11
0.688999 -2.2768631 0.3072232 1
0.67421716 -2.2284224 0.22916283 3
0.67123151 -2.2234902 1.0550826 8
0.67969245 -2.2777526 0.39121825 1
0.68234628 -2.2550344 0.89127725 9
0.65846312 -2.1756034 0.1546863 1
0.68567002 -2.2602754 0.72404802 4
0.65836293 -2.1714678 -0.010150374 1
0.6916911 -2.2754335 0.55811089 1
0.59105861 -1.9551588 -0.033482376 2
0.68004799 -2.2489934 0.97518188 4
0.68244767 -2.2613292 0.47501037 1
0.5831551 -1.9536157 -0.032436565 3
0.65316236 -2.1812906 -0.011969138 1
0.66259891 -2.2255096 1.1413435 6
0.66754389 -2.240869 0.47549471 1
0.65548521 -2.1998341 1.0488575 3
0.67575812 -2.2627084 0.97744238 9
0.6799432 -2.2755497 0.30758429 1
0.67104262 -2.246176 0.88943315 3
0.6521073 -2.1817589 0.15405189 1
0.67608076 -2.2570386 0.72354281 9
0.68263119 -2.274106 0.55805302 1
0.67810726 -2.2662742 0.80819136 12
0.67414367 -2.2878468 0.3907797 1
0.67987841 -2.2679627 0.64109379 3
0.69167435 -2.3065848 0.045784656 1
0.66415906 -2.2232778 0.23016059 5
0.6524744 -2.2060082 -0.017427184 1
0.67320633 -2.2742429 0.64129424 2
0.6825406 -2.3053319 0.046560377 1
0.6682744 -2.2594776 0.72354424 6
0.64456022 -2.1841192 0.15405303 1
0.6627115 -2.2440391 0.80509287 4
0.65298313 -2.2142918 0.23165578 3
0.6667884 -2.2613995 0.97669268 3
0.57753927 -1.959434 -0.033480056 2
0.65208757 -2.2186565 1.1387818 5
0.66212654 -2.250932 0.47533551 6
0.64958918 -2.2077942 1.0501934 6
0.67021292 -2.2712784 0.89312631 3
0.67828524 -2.2880378 0.55823207 1
0.66876608 -2.2686071 0.30848438 1
0.66007006 -2.271286 0.39188156 1
0.66302258 -2.2690213 0.64089799 1
0.66514772 -2.273268 0.55796713 1
0.64709955 -2.2158232 -0.019246135 1
0.64887792 -2.2358146 1.1428837 3
0.66932201 -2.2939525 0.81105691 5
0.65049005 -2.233758 0.22941715 1
0.65035886 -2.2339606 0.88666731 2
0.65607095 -2.2590685 0.47521713 1
0.66992253 -2.3015304 0.98422164 9
0.66494352 -2.2843695 0.30722865 1
0.63662815 -2.1865685 0.15405466 1
0.65891689 -2.2582026 0.72320825 4
0.67416185 -2.3079269 0.046563018 1
0.6432631 -2.2158558 1.051529 3
0.5681901 -1.9542525 -0.031387608 3
0.66075659 -2.3023846 0.39023447 1
0.56364959 -1.9637072 -0.033479035 1
0.65918475 -2.2834527 0.55808812 1
0.64711416 -2.247216 0.72202694 4
0.64729637 -2.2596469 0.47525924 1
0.64227754 -2.2406113 1.0568687 3
0.65411437 -2.2775922 0.97895348 3
0.66617298 -2.31036 0.046564225 1
0.64209354 -2.268363 0.39232498 1
0.63195437 -2.2086279 1.1346848 3
0.66256714 -2.3046079 0.89774454 4
0.64294231 -2.2381282 0.22916986 1
0.65076929 -2.2622335 0.80676502 1
0.6251117 -2.1756349 0.15628344 1
0.6345858 -2.2033567 -0.015603595 1
0.65707219 -2.2791994 0.64129847 4
0.65362817 -2.2753267 0.30830911 1
0.62365329 -2.1944468 -0.012872022 1
0.61758739 -2.1779015 0.15628572 1
0.65984195 -2.3184178 0.045406494 1
0.64466494 -2.2662432 0.64050502 1
0.63758302 -2.2821903 0.39166668 1
0.6341179 -2.2443082 1.1439129 3
0.64454401 -2.2792482 0.47489899 1
0.64112681 -2.265388 1.0622076 2
0.651375 -2.296797 0.30651477 1
0.64845604 -2.2874961 0.98046207 10
0.63674968 -2.2463379 0.88790172 2
0.63855916 -2.251874 0.22767812 1
0.63789743 -2.2474458 0.80462128 1
0.65005428 -2.2858713 0.72523993 1
0.55467713 -1.9583592 -0.031385977 2
0.64448422 -2.2628195 0.55773348 1
0.64169693 -2.2824252 0.55800271 1
0.61824167 -2.2041922 -0.01468966 1
0.63906038 -2.2762399 0.64090472 3
0.65291345 -2.324568 0.044634566 1
0.63713431 -2.2709966 0.72372109 2
0.55007499 -1.9677987 -0.033474531 2
0.62633896 -2.238939 0.22967134 5
0.62026572 -2.2227557 1.0515355 3
0.63243407 -2.2941 0.3911199 1
0.63764852 -2.2855906 1.1546785 4
0.63387984 -2.2719791 0.47510231 1
0.64386445 -2.2998819 0.89621049 3
0.63726145 -2.2785206 0.9782052 3
0.64176035 -2.2934105 0.30705494 1
0.63566899 -2.268815 0.80700803 1
0.61556959 -2.1991 0.15310648 1
0.63103664 -2.275141 0.55785716 1
0.62612569 -2.3021586 0.39079297 1
0.6271196 -2.2781196 0.47502422 1
0.63425261 -2.2978213 0.98159558 5
0.63437504 -2.2976501 0.30687815 1
0.61467427 -2.2281182 0.88421369 2
0.63148165 -2.2809634 0.72439915 2
0.61859447 -2.2412102 0.2296735 1
0.5432753 -1.9698042 -0.033473339 2
0.61753136 -2.2451427 1.1428921 3
0.61599833 -2.2251477 -0.01923812 1
0.62652695 -2.2737396 1.0631012 3
0.63118815 -2.2785537 0.64090645 1
0.64432496 -2.3250465 0.045023583 1
0.60578126 -2.1937361 0.15438071 1
0.62125373 -2.2482193 0.80414879 1
0.60617042 -2.2198846 -0.017416114 1
0.62208807 -2.2846122 0.30831656 1
0.61816567 -2.2771456 1.1510942 9
0.6133706 -2.2572427 1.0586563 4
0.61775839 -2.2698698 0.97557443 4
0.61934179 -2.2740774 0.89129198 3
0.6130023 -2.2510917 0.2286804 5
0.59819531 -2.19594 0.15438268 13
0.62213677 -2.2810309 0.80796736 1
0.62221605 -2.2769933 0.64071029 3
0.6346693 -2.3217142 0.04618641 1
0.53541172 -1.9680674 -0.032426927 1
0.61924386 -2.2679117 0.72304922 2
0.62032366 -2.2842381 0.4749459 1
0.63081819 -2.3043568 0.55827433 1
0.61923403 -2.3082769 0.39057547 1
0.52809078 -1.968163 -0.031902578 1
0.62338483 -2.3085575 0.55830562 1
0.61462176 -2.2816632 0.72406542 2
0.61671239 -2.3019013 0.47462782 1
0.61394089 -2.2895188 1.0657749 3
0.6068145 -2.2590468 0.22793548 1
0.61201894 -2.2796688 0.97708261 5
0.61177343 -2.3124352 0.39046714 1
0.60148585 -2.2477181 1.1423829 4
0.62274742 -2.31756 0.30544585 1
0.60882348 -2.2668016 0.8897562 4
0.61104155 -2.2718055 0.80653757 1
0.58687764 -2.1847932 0.15661077 1
0.62821853 -2.3296776 0.045027968 1
0.61972755 -2.2984803 0.64170617 1
0.59848702 -2.2220757 -0.017415138 1
0.61323839 -2.3044641 0.64190769 3
0.60574275 -2.3203306 0.39014071 1
0.60895324 -2.3038518 1.1572503 4
0.60755587 -2.2982316 0.4747501 1
0.60505235 -2.2822359 0.89191252 3
0.59527832 -2.2496848 0.97068441 4
0.60635263 -2.2855029 0.80797118 1
0.58246934 -2.1983399 0.15470417 1
0.59982216 -2.2691691 1.0604393 9
0.58509552 -2.2036009 -0.012407218 1
0.61050051 -2.3044555 0.30688548 1
0.59425509 -2.24402 0.23017749 4
0.62433189 -2.3470807 0.041936193 1
0.52334905 -1.9775295 -0.03399206 1
0.60779244 -2.2877343 0.72440618 2
0.60793519 -2.2838297 0.55789274 1
0.59186065 -2.2693503 1.0599972 6
0.59668219 -2.3186665 0.3903631 1
0.58683413 -2.2538011 1.1429005 5
0.60535717 -2.3216608 0.47431099 1
0.59406996 -2.2744849 0.97520453 4
0.59664267 -2.2825181 0.89160728 4
0.58740169 -2.2479861 0.22993137 6
0.57887524 -2.2136889 0.1524805 1
0.60316598 -2.2989738 0.64151257 1
0.5768277 -2.2018602 -0.011495071 1
0.60675108 -2.3090734 0.55825055 1
0.59415281 -2.2703493 0.8058269 1
0.60669953 -2.3220401 0.30545086 1
0.60197401 -2.2976193 0.72508413 2
0.61620754 -2.349344 0.041939143 1
0.51448339 -1.9719936 -0.031899069 1
0.57224166 -2.2196023 0.15184639 1
0.59120703 -2.3304825 0.38981611 1
0.58603072 -2.2820778 1.150079 3
0.59216225 -2.3045309 0.47471446 1
0.58468169 -2.2709436 0.97407758 5
0.58116597 -2.2558668 0.22918698 2
0.5742684 -2.2227669 -0.016042372 1
0.58733106 -2.2763336 0.80630684 1
0.59856242 -2.3150899 0.7264396 2
0.58721399 -2.2789443 0.89068592 6
0.59494251 -2.3087385 0.30689019 1
0.60848087 -2.3514674 0.041941378 1
0.59106302 -2.2857203 0.64071828 2
0.58552653 -2.277144 1.0613339 4
0.60084414 -2.3189964 0.55837238 1
0.50901407 -1.977502 -0.032942936 1
0.59487391 -2.3289053 0.55849379 1
0.57741886 -2.2733238 0.22719741 1
0.5813688 -2.2825856 0.72339916 2
0.59832889 -2.3460805 0.043490969 1
0.59032565 -2.3148959 0.64211392 1
0.57518804 -2.2729821 1.147006 5
0.58724529 -2.3182776 0.47447541 1
0.5861553 -2.3442111 0.38915822 1
0.57218492 -2.2585247 1.0564429 6
0.49821702 -1.9644357 -0.028759945 1
0.5843519 -2.3015423 0.97972739 4
0.58847928 -2.3166692 0.30635345 1
0.58337247 -2.2963536 0.89315027 3
0.58047366 -2.2822957 0.80678558 5
0.56607807 -2.2274041 0.15089436 1
0.56657892 -2.2248561 -0.016039986 1
0.57209474 -2.3231299 0.39048064 1
0.56830126 -2.2788038 1.1480337 5
0.57570505 -2.3068552 0.47475967 1
0.56879431 -2.2775841 1.060449 3
0.57243466 -2.2884524 0.97671789 4
0.57996023 -2.3168707 0.30653512 1
0.57692832 -2.304209 0.89407593 4
0.57408619 -2.2901638 0.80750346 1
0.55538249 -2.2180007 0.15280542 1
0.49827495 -1.9924017 -0.036075592 1
0.59020698 -2.3482482 0.043493245 1
0.58029813 -2.3093057 0.64171916 2
0.56429905 -2.2476368 -0.021042969 1
0.58377737 -2.3194475 0.5583185 1
0.57155585 -2.2831044 0.22620478 1
0.5769999 -2.2981894 0.72458529 4
0.55263317 -2.2345977 -0.017400419 1
0.57530093 -2.3230171 0.64231825 1
0.58599496 -2.3655968 0.040402804 1
0.56805581 -2.2964122 0.72424942 5
0.57160747 -2.3134046 0.8101306 1
0.56167835 -2.2774818 0.22720243 3
0.55946642 -2.2771192 1.1470112 5
0.57875186 -2.3331833 0.55849922 1
0.49428225 -2.0054297 -0.039210938 1
0.56845546 -2.3426208 0.38949353 1
0.57367468 -2.3321881 0.47428051 1
0.56285691 -2.2871962 1.0622302 3
0.5650115 -2.2924342 0.97709721 5
0.57491463 -2.3305504 0.30546126 1
0.56945133 -2.308212 0.89438641 3
0.54771 -2.2200217 0.15280811 1
0.54922122 -2.2665555 1.0568964 3
0.48925841 -2.01473 -0.041298702 1
0.56599611 -2.3216534 0.72628134 5
0.56723028 -2.3217158 0.55829453 1
0.57538956 -2.3582075 0.04233937 1
0.56431162 -2.3134754 0.64172339 1
0.54294062 -2.2334921 0.15090215 1
0.56750935 -2.3308737 0.812042 1
0.55087757 -2.2679803 0.22869866 4
0.56437784 -2.3217678 0.89623559 3
0.54202366 -2.225282 -0.014668026 1
0.56382936 -2.3211415 0.98237103 4
0.56658632 -2.338156 0.47420427 1
0.5572691 -2.3016417 1.1531652 5
0.56283671 -2.3564165 0.38883778 1
0.56644601 -2.332741 0.30546427 1
0.53999984 -2.249927 -0.020124951 1
0.55824876 -2.3232713 0.642124 1
0.54931027 -2.3036537 1.1531672 4
0.54783237 -2.2892332 0.2262118 1
0.5486989 -2.293138 0.8913157 3
0.55801207 -2.3382668 0.47424638 1
0.5655151 -2.3489838 0.55868232 1
0.55992639 -2.3348489 0.81228334 1
0.55466622 -2.3122053 0.72526973 4
0.54946166 -2.3026958 1.0649047 4
0.55753487 -2.3701019 0.38818181 1
0.4791297 -2.005363 -0.038160902 1
0.55933648 -2.3386619 0.30510834 1
0.53625977 -2.2413077 0.14995068 1
0.55350131 -2.3156533 0.98086721 4
0.5644384 -2.3508809 0.04427585 1
0.54876524 -2.3310096 0.98351192 2
0.54480869 -2.3099868 0.80895287 1
0.55218923 -2.3445611 0.30475834 1
0.55026293 -2.3759978 0.38797066 1
0.54002774 -2.301995 1.1521516 3
0.53407496 -2.2743886 1.0577966 4
0.54319668 -2.3067386 0.89317012 3
0.53951317 -2.2913268 0.22622123 1
0.52850497 -2.2432632 0.14995979 1
0.55723625 -2.3567395 0.043511525 1
0.54789501 -2.3176346 0.6417346 1
0.53088874 -2.2482014 -0.019207019 1
0.55506355 -2.3433707 0.55857241 1
0.46896183 -1.9940017 -0.034493487 1
0.54952341 -2.3258278 0.72629303 4
0.55283976 -2.3539846 0.47397465 1
0.5249455 -2.2577024 -0.021023756 1
0.53025717 -2.2964311 1.1501038 3
0.53078616 -2.2952833 1.0622479 3
0.54126906 -2.3349497 0.30583826 1
0.53429031 -2.3048668 0.89255702 3
0.53158456 -2.2932827 0.22622372 1
0.52074301 -2.2451818 0.14996205 1
0.46115997 -1.9919699 -0.033445556 1
0.55403912 -2.3745346 0.55902112 1
0.53960079 -2.3200774 0.72561944 1
0.55277538 -2.3740132 0.040419765 1
0.5347091 -2.3081853 0.97862017 4
0.53988022 -2.3196299 0.64173818 1
0.54188502 -2.3443284 0.47421855 1
0.5466314 -2.3524902 0.81396508 1
0.54065555 -2.3721688 0.38830316 1
0.53884053 -2.3473663 0.55857849 1
0.53792793 -2.3638055 0.47386059 1
0.52809042 -2.3158538 0.97975266 2
0.53381157 -2.3799684 0.38797712 1
0.53035003 -2.3322155 1.1593336 3
0.52375114 -2.3009999 1.0631398 4
0.52364886 -2.2952168 0.22622693 1
0.53020591 -2.3197064 0.80967337 1
0.45607367 -2.0011683 -0.035534739 1
0.51206046 -2.2432392 0.15060103 1
0.53203744 -2.3239665 0.72579157 2
0.54592586 -2.3817515 0.039263476 1
0.53185624 -2.321588 0.6417411 2
0.51351297 -2.2444646 -0.017380945 1
0.52906579 -2.3183367 0.8944062 3
0.53687543 -2.3524101 0.30440444 1
0.52382416 -2.3235164 0.64174402 2
0.53857714 -2.3875477 0.03849221 1
0.52535743 -2.3351557 0.81134558 1
0.523781 -2.3741157 0.38841891 1
0.50396067 -2.238745 -0.015559314 1
0.52947152 -2.3491788 0.72782356 2
0.5079096 -2.2604783 0.1480595 1
0.51480067 -2.2932534 0.22672695 1
0.51608944 -2.2990985 0.89102459 4
0.53055322 -2.3621225 0.30368963 1
0.45092663 -2.0103436 -0.037624106 1
0.51579523 -2.3028996 1.0631427 3
0.52838099 -2.3599088 0.47398272 1
0.51964617 -2.3228357 1.1562604 3
0.51649779 -2.302469 0.97674328 3
0.53851503 -2.3824165 0.55908656 1
0.52846396 -2.3765755 0.55897075 1
0.50500327 -2.2785285 -0.024655648 1
0.5137831 -2.3341465 1.1588273 4
0.51909882 -2.3413913 0.72698039 1
0.5000897 -2.2623329 0.14806241 1
0.50520867 -2.2933691 1.0604768 4
0.51524472 -2.3317742 0.89595085 4
0.51969451 -2.352407 0.30477005 1
0.52942544 -2.3856802 0.039268475 1
0.51644778 -2.3799174 0.38820228 1
0.52021641 -2.3618336 0.47398674 1
0.5111869 -2.315835 0.97900486 3
0.50686741 -2.295131 0.22673056 1
0.51593888 -2.3312571 0.8106336 1
0.51668811 -2.3293116 0.64194512 1
0.4448525 -2.0157626 -0.038666885 1
0.50317711 -2.3176861 0.97900742 3
0.50777829 -2.3798487 0.38831604 1
0.49633026 -2.2945268 1.1475525 4
0.51292682 -2.367626 0.47390959 1
0.50417322 -2.3256381 1.0675977 3
0.51155227 -2.3542941 0.30477291 1
0.50061905 -2.3047416 0.89133781 8
0.50024396 -2.3027837 0.22598699 1
0.51542288 -2.3627057 0.72867513 3
0.52029616 -2.3837824 0.040046185 1
0.51040751 -2.338984 0.64234692 3
0.4927915 -2.2613802 -0.02010281 1
0.52112985 -2.3823903 0.55903304 1
0.43487775 -2.0042143 -0.035006683 1
0.50963825 -2.3408811 0.81159085 1
0.49138564 -2.2603009 0.14870098 1
0.48680192 -2.2855978 1.0578144 4
0.50557202 -2.3658683 0.30387831 1
0.49867925 -2.3335581 0.89564914 5
0.49270886 -2.3065388 0.22574072 5
0.48313498 -2.2601616 0.14902194 1
0.50202221 -2.3412445 0.72664863 1
0.51375663 -2.3933244 0.038501356 1
0.50318992 -2.3447375 0.6425494 2
0.48752269 -2.2745819 -0.022829855 1
0.4978295 -2.3738863 0.38875806 1
0.42752942 -2.0039282 -0.034481302 1
0.48671752 -2.2887771 1.145504 6
0.49807411 -2.3272309 0.80968553 1
0.50386357 -2.3655789 0.47399244 1
0.49516308 -2.3195143 0.97901076 4
0.51200968 -2.3803802 0.55897647 1
0.48087457 -2.2999952 1.1480702 5
0.50291002 -2.3783326 0.55892015 1
0.49781728 -2.3771832 0.47379562 1
0.47192171 -2.2465012 0.15156925 1
0.48132855 -2.2839608 -0.024646852 1
0.50631696 -2.399034 0.037731964 1
0.49424475 -2.3971798 0.38755426 1
0.42352059 -2.0186946 -0.038137481 1
0.49058816 -2.3406971 1.0702722 4
0.49507767 -2.346561 0.64255196 8
0.48672226 -2.3193986 0.97863793 5
0.48856059 -2.3257811 0.22350438 1
0.49215865 -2.3387363 0.81088084 4
0.49692759 -2.3566966 0.72783601 2
0.50208277 -2.3891068 0.30190748 1
0.4914563 -2.3392332 0.89626789 5
0.48113087 -2.326942 0.80921441 1
0.484705 -2.3931098 0.38788649 1
0.48790741 -2.3711736 0.47395891 1
0.47510016 -2.3081675 1.0622683 3
0.48450452 -2.3480465 0.98391289 6
0.48960993 -2.3714623 0.30370516 1
0.46749026 -2.263658 0.14902806 1
0.48420227 -2.3448849 0.89688647 3
0.48793089 -2.3546083 0.72750074 2
0.41736481 -2.024025 -0.039180201 1
0.47590256 -2.3062215 0.22624476 4
0.49340802 -2.3743007 0.55883455 1
0.48865506 -2.3561766 0.64295375 3
0.50091994 -2.4142938 0.035028089 1
0.47094616 -2.274297 -0.021914089 1
0.4761748 -2.3168604 1.1521742 4
0.47845671 -2.4046443 0.38734025 1
0.48978567 -2.3976068 0.5591656 1
0.46957555 -2.3064933 -0.029190242 1
0.46736577 -2.314811 1.1511531 3
0.48559788 -2.3836637 0.72987187 11
0.46171165 -2.2750218 0.14744104 9
0.46873558 -2.3175228 1.0640504 4
0.47486198 -2.3408499 0.89596683 2
0.48305774 -2.3810387 0.30299097 1
0.48094216 -2.3788114 0.47384173 1
0.47122055 -2.3234885 0.22425723 1
0.47638434 -2.3498087 0.98391557 8
0.47556204 -2.3403471 0.8106491 10
0.49051592 -2.4065237 0.03696562 1
0.47883564 -2.3501329 0.64255857 1
0.41198131 -2.0331056 -0.04126884 1
0.45679876 -2.2853289 -0.023728229 1
0.47066474 -2.3630795 0.98617834 8
0.4769713 -2.3778622 0.55884153 1
0.45857635 -2.3127246 1.1501304 3
0.47474825 -2.3903606 0.47364575 5
0.46310928 -2.330689 1.0667237 4
0.46474659 -2.3329003 0.89443111 3
0.46746507 -2.3420711 0.81065208 1
0.46754894 -2.3386161 0.72581559 4
0.48258677 -2.4102328 0.036582194 1
0.47644329 -2.3792512 0.64395529 2
0.46317878 -2.3251972 0.2242597 1
0.40138537 -2.0176148 -0.036562659 1
0.45101109 -2.2631745 0.14966953 1
0.47359139 -2.3789871 0.30335334 1
0.47211796 -2.4182153 0.38668576 1
0.45707569 -2.3365273 0.89474243 2
0.45513389 -2.3268909 0.22426315 5
0.46336231 -2.3632281 0.81304216 1
0.4678072 -2.3790269 0.64385962 1
0.45517728 -2.3175297 -0.031002607 1
0.46712616 -2.3717587 0.55872571 1
0.45522431 -2.3371253 1.1562866 2
0.46767572 -2.397964 0.47352874 1
0.4431881 -2.26684 0.1493552 1
0.39406401 -2.0191667 -0.036559928 1
0.46136239 -2.3611968 0.30515099 1
0.46050766 -2.3571792 0.98467648 8
0.45152304 -2.3171725 1.0631676 3
0.46186459 -2.3540702 0.72700393 5
0.47263882 -2.4063129 0.037746139 1
0.45981613 -2.4003532 0.38778698 1
0.46088883 -2.3853006 0.55890727 1
0.45332867 -2.3538015 0.72683871 2
0.44749743 -2.3426521 1.1573145 3
0.45498663 -2.4196682 0.38680291 1
0.45935339 -2.4017069 0.47349268 1
0.44811794 -2.3417616 1.0685101 4
0.45545375 -2.3742623 0.98769224 6
0.45790336 -2.3863106 0.3030014 1
0.44628763 -2.3266902 0.22451612 6
0.45203128 -2.3513734 0.8113758 2
0.43495569 -2.2665288 0.14967653 1
0.46624988 -2.417654 0.035816249 1
0.46114346 -2.390605 0.6443606 1
0.44135201 -2.2925444 -0.024630588 1
0.38861889 -2.0281849 -0.038647469 1
0.44781169 -2.3344035 0.89412999 2
0.44724232 -2.375922 0.98769635 6
0.43286467 -2.2971697 0.14491077 1
0.44699138 -2.4232888 0.38669741 1
0.43716109 -2.3329098 1.1542426 3
0.44077399 -2.3472128 1.0694031 3
0.44197053 -2.3432803 0.81018561 1
0.45902285 -2.4251223 0.034659792 1
0.44859403 -2.3707273 0.64326918 10
0.42962772 -2.2750568 -0.020077689 1
0.38085684 -2.0258324 -0.037599556 1
0.45254871 -2.3925893 0.73005646 7
0.43708071 -2.3224735 0.22526543 4
0.44931796 -2.3845088 0.90182966 3
0.45273206 -2.4036176 0.30156982 1
0.4541308 -2.4190788 0.47317579 1
0.45419693 -2.394834 0.55903149 1
0.42828864 -2.3201768 0.22576727 8
0.42491731 -2.2987573 0.14491433 1
0.44160682 -2.3805497 0.72887611 2
0.44230112 -2.3821647 0.64376992 1
0.42249975 -2.2804487 -0.020984508 1
0.44837773 -2.4152441 0.036984377 1
0.47230434 -2.558167 0.47037664 7
0.43897608 -2.4268835 0.38659135 1
0.43642682 -2.372458 1.1644989 3
0.42673227 -2.318198 1.0622885 3
0.44744143 -2.4043374 0.55915385 1
0.44313645 -2.3987608 0.9918412 4
0.44062176 -2.3857152 0.30336824 1
0.44031587 -2.3822582 0.90121663 5
0.37533498 -2.0348158 -0.039687384 1
0.43727419 -2.3624303 0.81233698 2
0.43874514 -2.4040036 0.55912709 1
0.42498359 -2.3569553 1.159889 4
0.43240374 -2.4382994 0.38604611 1
0.4344033 -2.4066451 0.47350445 1
0.42308262 -2.3427424 1.0676315 4
0.42786402 -2.3637073 0.98468983 4
0.43236563 -2.3873236 0.30337164 1
0.429858 -2.3722157 0.89937294 5
0.42984971 -2.3679354 0.81281835 4
0.41696259 -2.3003073 0.1449172 1
0.43561447 -2.3939042 0.72989404 4
0.44222313 -2.4284413 0.034667574 1
0.4303104 -2.3641658 0.64277929 6
0.36539719 -2.0210304 -0.035503905 2
0.41753381 -2.2973011 -0.024620194 1
0.42285907 -2.3353918 0.22402871 5
0.41730085 -2.3504705 0.89568347 3
0.42073473 -2.4221976 0.38703805 1
0.4150672 -2.3490026 1.1573298 3
0.41141224 -2.3251173 1.063186 3
0.42848721 -2.412401 0.30122283 1
0.4158695 -2.3427868 0.2232855 4
0.43453914 -2.4339156 0.033898272 1
0.42875946 -2.4010699 0.64457464 1
0.42567262 -2.3909643 0.81544691 11
0.35912588 -2.0261698 -0.036546569 1
0.40609792 -2.2863057 0.14746417 1
0.42549685 -2.3856976 0.72905213 1
0.4193303 -2.3633389 0.9843176 3
0.41030133 -2.3026576 -0.025526807 1
0.46773762 -2.6323438 0.4689441 6
0.43005639 -2.403636 0.5591014 1
0.39739892 -2.2773411 -0.019154584 1
0.42408833 -2.42449 0.73227078 4
0.42013651 -2.4139636 0.30122632 1
0.41398442 -2.380327 0.98733366 4
0.39996824 -2.2975032 0.14587787 1
0.41668445 -2.3995073 1.0800954 4
0.4234764 -2.4412582 0.47287115 1
0.40902466 -2.3619254 1.1604097 3
0.41270253 -2.4257014 0.3869321 1
0.41133806 -2.3638334 0.22080176 12
0.41561112 -2.3827598 0.81425744 2
0.4268184 -2.4393604 0.033128995 1
0.41755971 -2.3869185 0.6437819 1
0.42065418 -2.3993146 0.55901664 1
0.41130775 -2.3636575 0.89753437 3
0.35282362 -2.0312939 -0.037588727 1
0.40189081 -2.4134374 0.38770467 1
0.40663755 -2.3957667 1.1691282 5
0.40013832 -2.3549595 1.0694215 3
0.40505803 -2.3779655 0.98658401 3
0.41053224 -2.4018633 0.81640947 5
0.39236903 -2.3009169 0.14556411 1
0.34717774 -2.0401998 -0.039675917 1
0.41555113 -2.4185588 0.5592885 1
0.41767797 -2.4370606 0.033906501 1
0.41355816 -2.4120393 0.64498103 6
0.39090171 -2.286469 -0.020970494 1
0.4142845 -2.4181907 0.73159796 4
0.41397259 -2.4369047 0.47299579 1
0.41177955 -2.4154961 0.3012298 1
0.40592685 -2.380724 0.90000057 3
0.39929897 -2.3438509 0.22354253 2
0.33945256 -2.0376785 -0.038628206 1
0.39928734 -2.448369 0.38584325 1
0.40034249 -2.3860023 0.64359063 1
0.4092384 -2.4385839 0.033910315 1
0.38475162 -2.3043039 0.14525026 1
0.39015627 -2.3394496 0.22429261 5
0.39084342 -2.3432746 0.89384818 8
0.40445486 -2.4228909 0.30069637 1
0.40075445 -2.4063549 1.0809935 4
0.394021 -2.3725064 1.1624686 4
0.40588307 -2.4403856 0.4729597 1
0.41066742 -2.4397657 0.55959034 1
0.39921448 -2.3929889 0.98922455 4
0.40256682 -2.4053152 0.8166517 4
0.40765044 -2.4295127 0.73244804 4
0.38502222 -2.2994082 -0.02369651 1
0.40085858 -2.4333901 0.55947578 1
0.38743883 -2.371974 0.89816159 1
0.39147446 -2.4537694 0.38562787 1
0.38908446 -2.3929985 1.1675996 3
0.39574614 -2.4320114 0.47316378 1
0.38893887 -2.3828335 0.98696893 4
0.39640582 -2.4263346 0.3005209 1
0.38408291 -2.3526158 0.22280383 3
0.39458427 -2.4087477 0.81689554 5
0.37812054 -2.3134947 0.14398195 1
0.39482981 -2.405479 0.73025215 2
0.37573606 -2.2931473 -0.021872969 1
0.40179923 -2.4458876 0.032754973 3
0.39549628 -2.4071553 0.64459014 6
0.33175182 -2.0351346 -0.037579767 2
0.38648969 -2.3732295 1.0729889 3
0.32277811 -2.0249441 -0.034441441 2
0.38850111 -2.4164746 0.64499211 3
0.39332968 -2.4473555 0.032758694 3
0.38081011 -2.3944211 1.1676039 6
0.38151824 -2.3938761 1.0774426 3
0.38625109 -2.4101865 0.81689829 1
0.38832182 -2.4393771 0.47304791 1
0.38005906 -2.4374633 0.38661978 1
0.380696 -2.3842554 0.98697317 6
0.36845335 -2.2983747 -0.022778217 1
0.39310485 -2.4387951 0.55953908 1
0.38866997 -2.4317195 0.30016685 1
0.38783962 -2.4147859 0.7309339 4
0.37011579 -2.3148835 0.14398581 1
0.37726095 -2.3618479 0.2218121 5
0.37824968 -2.3675482 0.89724231 2
0.3170487 -2.0337617 -0.036528114 1
0.35890639 -2.2901235 -0.020500435 1
0.37883213 -2.4122713 0.73059922 4
0.36146113 -2.3123453 0.14462565 1
0.3716715 -2.3786848 0.89878583 1
0.3821969 -2.4449308 0.2990942 1
0.37694085 -2.4057262 0.8161875 2
0.3694005 -2.4250543 0.38739184 1
0.37064904 -2.3843689 1.1645315 3
0.38085347 -2.446723 0.47293365 1
0.37070417 -2.379879 1.0738878 4
0.37038317 -2.3710711 0.22082207 1
0.37149408 -2.3798451 0.98584789 4
0.38645974 -2.4584782 0.030830279 1
0.3853209 -2.4441764 0.55960315 1
0.38210338 -2.4297256 0.64559495 7
0.36240271 -2.3857205 1.1645352 5
0.36309439 -2.3850849 1.0747813 4
0.36608052 -2.3986578 0.98924214 5
0.36690778 -2.4638925 0.38531128 1
0.35996169 -2.3587179 0.22256751 6
0.36861831 -2.4071064 0.8161912 1
0.35724699 -2.3370712 0.14081527 1
0.37271965 -2.4274292 0.73178869 7
0.3779473 -2.4598944 0.030834746 1
0.37113556 -2.4153521 0.64480281 3
0.35285264 -2.3029749 -0.023225479 1
0.38136077 -2.4732289 0.56002516 1
0.31002057 -2.0349398 -0.036525127 2
0.37523818 -2.4658818 0.47257677 1
0.36407325 -2.3839457 0.89940578 1
0.37182987 -2.4345331 0.3001754 1
0.30419937 -2.0437109 -0.038612176 2
0.35625634 -2.4514339 0.38608497 1
0.35545349 -2.3902676 1.0756755 4
0.36588538 -2.4516377 0.29874483 1
0.35829529 -2.4008982 0.90187293 1
0.35241762 -2.3639607 0.22207412 1
0.36881554 -2.4574094 0.031613048 1
0.36465693 -2.428546 0.6454047 9
0.34792328 -2.3305798 0.14209053 1
0.36777067 -2.4430196 0.55955225 1
0.35235277 -2.3755901 1.1614635 3
0.36235872 -2.4396036 0.47314173 1
0.34457734 -2.3023524 -0.022766689 1
0.35778394 -2.3999991 0.98924619 6
0.36494571 -2.4327331 0.73213178 6
0.36122364 -2.4143434 0.81691265 1
0.33780524 -2.3113248 -0.024581775 1
0.34046376 -2.335773 0.14146003 1
0.34120733 -2.3577843 1.1563413 4
0.35482547 -2.4468641 0.47302642 1
0.3525174 -2.4843295 0.38433284 1
0.35307279 -2.4245949 0.99376869 5
0.35557777 -2.4411683 0.29982552 1
0.3475782 -2.3865857 0.89941424 1
0.35135284 -2.4058566 0.81572288 1
0.34575015 -2.3750648 0.22083461 1
0.36300564 -2.4680879 0.5599153 1
0.35625181 -2.4298773 0.64540809 1
0.36090553 -2.4626358 0.030843312 1
0.35469565 -2.4222517 0.73112041 4
0.34718564 -2.3915694 1.0756799 4
0.29476291 -2.0295825 -0.034428991 2
0.29007003 -2.0459521 -0.038605768 1
0.35386005 -2.465457 0.55985993 1
0.34964088 -2.4430356 0.64601016 9
0.35355362 -2.471724 0.029301962 1
0.34810635 -2.4353797 0.73214006 6
0.33334064 -2.3609443 1.1568581 4
0.34303105 -2.4071493 0.81572753 1
0.35139632 -2.4817791 0.47235104 1
0.34007454 -2.4005561 1.0774646 4
0.34861204 -2.4523282 0.29893315 1
0.34217802 -2.473774 0.38499689 1
0.34109196 -2.3995893 0.90126544 1
0.33901 -2.3861492 0.21959481 1
0.33149612 -2.3311689 0.1424174 1
0.34468824 -2.4258964 0.993774 5
0.33038989 -2.3164215 -0.025487499 1
0.3398335 -2.4516392 0.29911768 1
0.33389798 -2.4770117 0.38489202 1
0.3261123 -2.363225 1.06857 4
0.33163959 -2.3930175 0.90003902 2
0.32285288 -2.3284848 0.14305772 1
0.28186682 -2.0393934 -0.036511872 2
0.33238328 -2.3926849 0.81382197 1
0.34591493 -2.4707155 0.55992424 1
0.3260181 -2.3679075 1.1584008 5
0.33759409 -2.4474611 0.47307575 1
0.3206633 -2.3060865 -0.022753868 1
0.34177449 -2.448283 0.64621592 2
0.33572522 -2.4232748 0.9930262 5
0.34614289 -2.4807885 0.027760442 1
0.33161822 -2.3932886 0.21885334 1
0.33822176 -2.4267995 0.73129892 4
0.3124046 -2.3053403 -0.022295328 1
0.31974471 -2.3825035 1.1619935 4
0.31451276 -2.3277183 0.14337917 1
0.32987481 -2.4258151 0.64502478 9
0.32670501 -2.4881363 0.38434878 1
0.32985333 -2.4420059 0.99642032 4
0.32135928 -2.3807561 0.22059841 1
0.32840109 -2.4181783 0.73045623 3
0.33755317 -2.4820669 0.027765606 1
0.32608888 -2.4076707 0.81549805 1
0.33965504 -2.4878159 0.56016731 1
0.32757786 -2.4235818 0.90466124 2
0.33304247 -2.4647145 0.29804569 1
0.31904599 -2.372144 1.0703541 4
0.33534139 -2.492249 0.47220004 1
0.27537176 -2.0442681 -0.037553489 2
0.3208622 -2.4393284 0.99567151 4
0.31030518 -2.3694592 1.0694691 7
0.32731596 -2.4716487 0.030089676 1
0.32008651 -2.4171355 0.64453053 1
0.32992646 -2.4811482 0.56005371 1
0.26938719 -2.0529408 -0.039640632 1
0.31203994 -2.3875077 1.1630243 4
0.32285425 -2.4657607 0.47276512 1
0.31916687 -2.4972477 0.38391447 1
0.31339642 -2.3839126 0.22035505 5
0.31672743 -2.4071751 0.90189564 3
0.31803632 -2.4108365 0.81574112 1
0.30481258 -2.3171537 0.14529131 1
0.32253557 -2.4371514 0.73198581 2
0.32699406 -2.4836996 0.29643673 1
0.30551454 -2.3142178 -0.024109684 1
0.30921027 -2.4885285 0.3844682 1
0.29697371 -2.3114793 -0.023196831 1
0.30268347 -2.3613236 0.13830267 1
0.31624258 -2.469115 0.29787636 1
0.31321284 -2.4435849 0.90744245 3
0.30144623 -2.3714237 1.1584141 9
0.31593293 -2.4788384 0.47253099 1
0.311364 -2.4327321 0.99417037 2
0.31373417 -2.441519 0.81932658 1
0.25965801 -2.0348198 -0.034412269 4
0.30541432 -2.3870349 0.22011045 1
0.32406443 -2.5021691 0.56035602 1
0.31308043 -2.4282031 0.64503294 4
0.32035652 -2.4845169 0.027774656 1
0.30976778 -2.406743 0.72928101 2
0.3052654 -2.3937871 1.0748128 3
0.25314087 -2.0396211 -0.03545339 1
0.31088638 -2.4696741 0.55985409 1
0.30653438 -2.4432244 0.6457355 1
0.31279156 -2.4934807 0.026233593 1
0.30302635 -2.4197378 0.7303012 2
0.30213961 -2.4190578 0.81646687 1
0.29950768 -2.4058747 0.217877 5
0.29729846 -2.4031975 1.1666234 5
0.29596439 -2.3871872 1.0730381 4
0.30034164 -2.4876959 0.38458356 1
0.30473411 -2.4601791 0.4729346 1
0.29346761 -2.3546119 0.13957891 1
0.30242941 -2.4299757 0.99342126 3
0.30690914 -2.4643569 0.29841936 1
0.30397701 -2.4388621 0.90652335 4
0.29026702 -2.3222408 -0.025465766 1
0.30220729 -2.4951274 0.29573461 1
0.29402393 -2.4310927 0.99342597 3
0.29275075 -2.4184239 0.90314066 6
0.29070067 -2.4114809 1.0783828 4
0.29396468 -2.5066385 0.38360089 1
0.2470928 -2.0482316 -0.037539456 1
0.28972593 -2.4100385 1.1681654 7
0.30029792 -2.4930375 0.47230148 1
0.29147291 -2.4024534 0.81432307 1
0.28633493 -2.3635342 0.13831228 1
0.29568347 -2.4287674 0.73098344 4
0.30365324 -2.4907513 0.027012732 1
0.29678917 -2.4344456 0.64524162 7
0.28122368 -2.3155882 -0.023642322 1
0.2921994 -2.4148581 0.21688677 5
0.30208027 -2.468838 0.55982941 1
0.27321106 -2.3166375 -0.023637384 1
0.27865115 -2.3685186 0.13768148 1
0.28316185 -2.4035287 0.81432813 1
0.28625208 -2.5156543 0.38316783 1
0.27899677 -2.3919363 1.1630433 4
0.28684017 -2.4419239 0.9953146 4
0.28408775 -2.4179044 0.21664277 6
0.2915307 -2.4634643 0.73386675 1
0.29675087 -2.5054998 0.024311449 1
0.28937149 -2.4434748 0.64564651 1
0.29605553 -2.4897919 0.56013393 1
0.28561959 -2.4293137 0.90468657 4
0.29381585 -2.4982195 0.29556063 1
0.28478804 -2.4319077 1.0828382 4
0.28968495 -2.4782767 0.47262579 1
0.24098691 -2.0568261 -0.039624989 1
0.27993864 -2.4366105 0.64525235 5
0.28399995 -2.5031686 0.47215202 1
0.28014767 -2.4639208 1.0899622 10
0.27672657 -2.4293382 0.9926824 4
0.27499664 -2.4130523 0.21739422 8
0.28057778 -2.4447732 0.73217982 3
0.23293281 -2.0500679 -0.037531741 1
0.28735313 -2.500747 0.025475848 1
0.29282615 -2.5345464 0.56079608 1
0.27919835 -2.4400539 0.81863093 1
0.27660337 -2.5087759 0.38361114 1
0.27562121 -2.4332669 1.1738168 3
0.26567042 -2.321522 -0.024542361 1
0.28540894 -2.5012839 0.29538661 1
0.2745755 -2.4087863 0.90130389 3
0.26804957 -2.349952 0.14086419 1
0.26746339 -2.5058386 0.38383603 1
0.25763705 -2.3225136 -0.02453791 1
0.27482897 -2.4654212 0.64665377 1
0.27776372 -2.4940231 0.027027572 1
0.2641201 -2.3862455 0.1351483 1
0.26911291 -2.4272876 0.81696469 1
0.26811081 -2.4255128 0.90377277 2
0.27510709 -2.4884923 0.2966468 1
0.2696847 -2.4396892 0.21416533 8
0.26969653 -2.4554005 1.1794628 5
0.27299303 -2.4843614 0.47255659 1
0.26750308 -2.4301074 1.0819579 3
0.26948136 -2.4401147 0.99457097 5
0.22539021 -2.0471156 -0.036482845 1
0.28048193 -2.5058451 0.56035268 1
0.27353424 -2.4576755 0.7331993 3
0.25790948 -2.427597 1.1717764 3
0.27365604 -2.522774 0.56059664 1
0.26265565 -2.4620974 1.0890837 4
0.2594229 -2.4249172 0.21616013 7
0.26481935 -2.4637918 0.82126731 1
0.26686683 -2.4745328 0.73456001 6
0.27115953 -2.5126014 0.023554817 1
0.26767841 -2.4783456 0.64725596 1
0.25139305 -2.3389518 -0.028171342 1
0.21920472 -2.0556285 -0.038569514 1
0.25904226 -2.4206173 0.9028545 4
0.25359672 -2.3676176 0.13833204 1
0.25834805 -2.4177036 0.99005646 5
0.27075624 -2.541002 0.47144386 1
0.25923613 -2.5148201 0.38340321 1
0.26492253 -2.4796665 0.29754868 1
0.26425049 -2.5178263 0.56051236 1
0.25865516 -2.5121965 0.47204909 1
0.25549278 -2.4647803 0.90963238 4
0.24199387 -2.3282814 -0.025437754 1
0.25977138 -2.4852941 0.64756083 1
0.25313482 -2.4612157 1.1804986 7
0.25783992 -2.4785831 0.8229441 8
0.25190982 -2.4337738 0.21517074 5
0.21239585 -2.0622594 -0.040132023 1
0.25371271 -2.4631145 1.0890889 9
0.26245993 -2.5175583 0.022787303 1
0.2592063 -2.506398 0.29522383 1
0.24455425 -2.3646848 0.13897243 1
0.25565377 -2.4557619 0.73287195 6
0.25863624 -2.5912366 0.37924165 1
0.24956591 -2.4187088 0.990062 6
0.24136335 -2.4189842 0.21716665 1
0.24505587 -2.4520295 0.90748376 5
0.24267559 -2.4333105 0.99270499 4
0.27380091 -2.739861 0.46750513 1
0.25110757 -2.6061037 0.3784804 1
0.25351679 -2.5350931 0.29271972 1
0.23807059 -2.381305 0.13643475 1
0.2523219 -2.5042655 0.73694217 5
0.23311462 -2.3253648 -0.024522394 1
0.25705209 -2.536752 0.56078821 1
0.24819416 -2.473666 0.82223302 1
0.20526734 -2.0630598 -0.040129073 1
0.25374201 -2.518538 0.02279271 1
0.25117111 -2.490273 0.64776498 1
0.23893961 -2.4058957 1.0757432 3
0.24234428 -2.4449077 1.1758893 10
0.23405574 -2.4322588 0.99233323 4
0.23984386 -2.4765713 0.82247788 2
0.23309159 -2.4381142 1.1738434 6
0.24440353 -2.5136259 0.023957532 1
0.24004671 -2.4673791 0.64657521 1
0.22628681 -2.3378556 -0.027246507 1
0.25015849 -2.5556028 0.56106263 1
0.23223387 -2.4223039 1.0793095 4
0.25823781 -2.7679884 0.3696048 1
0.23402062 -2.4297559 0.21592854 1
0.24226135 -2.5122609 0.2948764 1
0.23821509 -2.468668 0.9099527 8
0.23023945 -2.3861229 0.13580418 1
0.24469736 -2.5151188 0.73779434 2
0.19874626 -2.0696044 -0.041691653 1
0.24865131 -2.5897143 0.47054392 1
0.18963541 -2.0511558 -0.03646316 1
0.22794929 -2.463917 1.0886602 12
0.21740912 -2.3309591 -0.025422748 1
0.22234814 -2.4158976 1.1676949 3
0.24067888 -2.6005888 0.47035024 1
0.22662599 -2.442903 0.99422234 4
0.23416206 -2.5191123 0.2943446 1
0.23304673 -2.5029771 0.91519302 4
0.22620806 -2.4365575 0.21518768 1
0.22198178 -2.3869851 0.13580954 1
0.23558931 -2.5120599 0.73746127 4
0.23968716 -2.5406189 0.56082892 1
0.23167352 -2.4814141 0.82296097 1
0.23497875 -2.6278193 0.37739584 1
0.23473987 -2.5000684 0.64817554 1
0.23609512 -2.5184443 0.023190673 1
0.2371949 -2.7499843 0.37071425 1
0.21010472 -2.3395364 -0.027235826 1
0.22413702 -2.4810638 0.64718425 1
0.2285222 -2.5310509 0.020877607 1
0.22709024 -2.514925 0.73763651 3
0.21410501 -2.391752 0.13517921 1
0.22521269 -2.504025 0.82559395 1
0.2191177 -2.4512243 0.2134515 5
0.22495215 -2.531831 0.47175267 1
0.21779634 -2.4398401 0.99347371 3
0.22189464 -2.4782734 0.91119504 3
0.21622404 -2.4398232 1.1738547 5
0.22524595 -2.5180001 0.29452917 1
0.23011154 -2.53356 0.56071663 1
0.21735772 -2.4434197 1.0837711 4
0.18216866 -2.0480397 -0.035413697 1
0.21253109 -2.4830554 1.0926759 9
0.22030829 -2.5377636 0.019723086 1
0.21856189 -2.5137229 0.64878559 1
0.17582087 -2.0564222 -0.03749942 1
0.20109281 -2.3306389 -0.024957024 1
0.2098096 -2.5519781 0.38168436 1
0.20599553 -2.4213858 1.1687311 3
0.2198281 -2.5184932 0.56048274 1
0.21615666 -2.5148764 0.29489315 1
0.21701489 -2.5184586 0.91735995 5
0.21026395 -2.4481025 0.21395504 1
0.21988539 -2.5316432 0.73899609 3
0.20508777 -2.3847003 0.13645604 1
0.21524309 -2.4910207 0.82392687 1
0.20825966 -2.4289267 0.99121982 3
0.22118354 -2.5864234 0.47068202 3
0.20545515 -2.4877763 0.91243792 3
0.20834398 -2.5256078 0.29400295 1
0.22139648 -2.7895281 0.36864531 1
0.21384096 -2.5491836 0.56093711 1
0.19337979 -2.3352766 -0.025861064 1
1.2739654 -14.444535 4.3709526 3
0.21022023 -2.5225422 0.73815572 4
0.19790322 -2.3972723 0.13455495 1
0.20830788 -2.5434344 0.47156399 1
0.20143341 -2.4449425 0.21445839 5
0.20479582 -2.4844801 1.0017731 3
0.21258704 -2.550323 0.017411092 1
0.20062809 -2.4469621 1.0842266 5
0.20572804 -2.4819443 0.82273912 1
0.20931835 -2.5085764 0.64849186 1
0.16976862 -2.0686374 -0.040629875 1
0.18546671 -2.3379471 -0.026311152 1
0.20203125 -2.5252833 0.6492961 1
0.20289961 -2.5413489 0.01934926 1
0.20010291 -2.5074508 0.73680633 4
0.19955343 -2.5104122 0.82608896 1
0.19586438 -2.4813416 1.001026 3
0.19344996 -2.5694387 0.38081887 1
0.19090274 -2.4421616 1.1738713 3
0.19796279 -2.5262933 0.47192955 1
0.19333957 -2.4613166 1.0873482 3
0.19565314 -2.4747729 0.91028887 4
0.19245537 -2.4397733 0.21521017 1
0.18994771 -2.4019575 0.13392493 1
0.20414209 -2.5400326 0.56079423 1
0.16228147 -2.0654395 -0.039581072 1
0.20131585 -2.5462356 0.29221582 1
0.15416871 -2.0545292 -0.036437016 1
0.18643263 -2.4814737 1.0918096 4
0.18436174 -2.4660015 1.1800358 3
0.1880656 -2.5130956 0.47222009 1
0.19134487 -2.5331068 0.29348266 1
0.18725245 -2.4774783 0.91060746 6
0.18548961 -2.4583058 0.21298353 1
0.20426489 -2.8190169 0.36712968 1
0.18245406 -2.4125175 0.13234672 1
0.19075614 -2.5002637 0.73614049 2
0.19442198 -2.5460224 0.018587127 1
0.19362056 -2.5300193 0.64950621 2
0.17802547 -2.3464184 -0.028119346 1
0.19668955 -2.5567348 0.5610438 1
0.18873999 -2.4996908 1.0044271 6
0.18805319 -2.4775324 0.8220402 2
0.17284475 -2.3974667 0.13489395 1
0.17535056 -2.5668948 0.38105592 1
0.16990732 -2.3471074 -0.028114058 1
0.17339872 -2.4358704 1.1718369 3
0.18030986 -2.5257654 0.47198704 1
0.18153901 -2.5039639 0.82514948 1
0.17760988 -2.4669209 0.21199398 5
0.1804035 -2.5043216 1.0051868 8
0.18454367 -2.5267715 0.64931273 1
0.1753801 -2.4510717 1.0846932 3
0.18367843 -2.5477328 0.29223406 1
0.1793102 -2.4860697 0.91184556 3
0.18050773 -2.4811263 0.73445278 4
0.18576303 -2.548723 0.018207185 1
0.18671009 -2.5435281 0.56084043 1
0.14737952 -2.0589757 -0.037477475 1
0.17790632 -2.5442374 0.56084609 1
0.17564392 -2.5254753 0.64921874 1
0.17828599 -2.5670309 0.014734329 1
0.17467262 -2.517576 0.73750758 4
0.1696586 -2.4729619 0.90969515 4
0.18457946 -2.8185289 0.36725336 1
0.16657417 -2.4577253 1.1774826 7
0.17397217 -2.5583563 0.47135529 1
0.16572508 -2.4361863 1.0811386 3
0.16920473 -2.4717062 0.99878705 10
0.17561151 -2.5583589 0.29134354 1
0.16997309 -2.479465 0.21050714 5
0.17211825 -2.4947586 0.82396114 1
0.16499799 -2.4040351 0.1339462 1
0.14085878 -2.0672464 -0.039562862 1
0.16118461 -2.3399858 -0.026290596 1
0.1587029 -2.5781276 0.38051948 1
0.1632549 -2.497225 0.91339642 2
0.15711056 -2.4390554 1.1723607 5
0.16526927 -2.5549953 0.47144097 1
0.16690059 -2.5201368 0.64892459 1
0.15696777 -2.4086134 0.13331728 1
0.13456696 -2.0793524 -0.042693049 1
0.16880316 -2.5409195 0.56079221 1
0.15351623 -2.3464344 -0.027649181 1
0.15772149 -2.442656 1.0824788 5
0.16051407 -2.4703953 0.99841613 20
0.16646628 -2.5550599 0.29170847 1
0.16464639 -2.5003476 0.73598802 3
0.16824663 -2.552052 0.017831754 1
0.16081499 -2.4722002 0.21150781 5
0.1624725 -2.4815466 0.82229507 1
0.16097535 -2.5606284 0.65092605 8
0.1534207 -2.6345325 0.3774578 1
0.15066014 -2.4685841 1.180059 5
0.15117154 -2.4646268 1.0873811 4
0.15146805 -2.4525008 0.90631795 3
0.15241103 -2.4688287 0.21201086 5
0.1493202 -2.4131196 0.13268545 1
0.14552952 -2.3431156 -0.026734618 1
0.16157269 -2.5574903 0.56103748 1
0.15583508 -2.5039277 0.82492793 1
0.15321103 -2.4827397 1.0006827 7
0.15669808 -2.5596199 0.47136688 1
0.15807642 -2.5307961 0.73853517 2
0.16022791 -2.5644388 0.015518786 1
0.15912649 -2.577553 0.28974298 1
0.12684026 -2.0721793 -0.040599156 1
0.15272158 -2.5581169 0.56104487 1
0.13806723 -2.3533924 -0.02900333 1
0.1475749 -2.5562227 0.47145286 1
0.14539404 -2.4950812 1.0029495 6
0.14454268 -2.4767473 0.91001987 3
0.14290127 -2.4690995 1.0882767 4
0.14074098 -2.4479437 1.1744226 5
0.14520425 -2.4748077 0.82135165 1
0.14096892 -2.4136972 0.13269155 1
0.14764036 -2.4995608 0.73583037 2
0.15127105 -2.5572007 0.017071486 1
0.15078293 -2.5413134 0.64993435 7
0.12003674 -2.0726607 -0.040594891 1
0.14490697 -2.4852605 0.21002764 4
0.14902945 -2.5602708 0.29136145 1
0.14273474 -2.6172171 0.37845114 1
0.1432451 -2.561826 0.65093791 6
0.1396226 -2.5229299 0.82708955 1
0.1362194 -2.481245 0.91064101 3
0.13191827 -2.4426911 1.1728891 6
0.13654988 -2.4897797 0.2095356 1
0.13090321 -2.3694859 -0.032634906 1
0.14513084 -2.578656 0.56134981 1
0.1389717 -2.5607846 0.47137889 1
0.14004639 -2.727416 0.37243128 1
0.13367286 -2.4379213 0.12888463 1
0.14607808 -2.6562793 0.28276622 1
0.13511497 -2.4760656 0.99918717 5
0.13968332 -2.5180559 0.73736155 1
0.1120287 -2.0654531 -0.03850079 1
0.13621715 -2.5066555 1.0967408 5
0.14246358 -2.5656455 0.015531819 1
0.12548864 -2.4779425 1.1821276 3
0.12902905 -2.5054445 0.91434354 11
0.12298346 -2.5803785 0.38054565 1
0.13271166 -2.5344617 0.64954758 2
0.1302214 -2.5633178 0.47134528 1
0.13427263 -2.5779519 0.013219584 1
0.13061562 -2.5126276 0.7368592 2
0.12703481 -2.4824138 0.21053675 5
0.1051214 -2.069757 -0.039541341 1
0.12754519 -2.5071778 1.096746 6
0.12700716 -2.4844291 1.0007007 5
0.13199358 -2.5733202 0.29029885 1
0.12764886 -2.4759181 0.82136256 1
0.12523328 -2.4384437 0.12889063 1
0.12067769 -2.3428118 -0.02626255 1
0.13360927 -2.5433133 0.56081694 1
0.11486661 -2.5968144 0.37967536 1
0.11992806 -2.5045171 1.0044751 5
0.11952905 -2.4947791 0.20905097 5
0.11692061 -2.4784365 1.1821337 3
0.11973205 -2.5154347 1.0985327 6
0.12221815 -2.5798035 0.47103384 1
0.12123585 -2.521739 0.91681528 6
0.11721563 -2.4389145 0.12889636 1
0.12461307 -2.5469532 0.65015358 3
0.11428411 -2.3665991 -0.03171422 1
0.12671129 -2.5697622 0.56121308 1
0.12226883 -2.5259554 0.8273403 1
0.12363022 -2.583781 0.28940946 1
0.12347302 -2.5409851 0.73923659 2
0.12599963 -2.5902331 0.010907234 1
0.098401226 -2.0778913 -0.041626062 1
0.11685984 -2.5789437 0.013231969 1
0.11411684 -2.5155158 0.64856213 1
0.10650138 -2.3748305 -0.033527363 1
0.11459808 -2.531502 0.73839623 3
0.10897973 -2.4433267 0.12826718 1
0.11125389 -2.4828136 0.82209164 1
0.11068609 -2.491281 0.20955393 5
0.11353251 -2.5419445 0.91990143 9
0.091578618 -2.0782669 -0.041622616 1
0.10882997 -2.4730661 1.0887455 5
0.11644068 -2.5442941 0.56082821 1
0.11166721 -2.5128272 1.0059875 4
0.11196084 -2.5543153 0.47155666 1
0.11189868 -2.5483983 1.2006055 8
0.105424 -2.5972848 0.37968177 1
0.11437642 -2.5783021 0.28995359 1
0.10852072 -2.5627255 0.56110507 1
0.098663442 -2.3830369 -0.035340168 1
0.10197935 -2.5256631 1.1944567 8
0.10359363 -2.518707 0.91621077 2
0.10416392 -2.5767372 0.47112641 1
0.10698057 -2.5478938 0.65016621 1
0.10594711 -2.5506921 0.83022094 1
0.10244424 -2.4996531 0.20856568 4
0.10704833 -2.5658066 0.74128324 2
0.095637538 -2.5797479 0.38067409 1
0.10124264 -2.5027328 1.0954301 4
0.10029171 -2.447727 0.12763846 1
0.10516146 -2.5727808 0.29049763 1
0.10728852 -2.5755064 0.014011422 1
0.083848424 -2.0748096 -0.040572457 1
0.10338867 -2.5309513 1.0093864 4
0.093533285 -2.5040455 0.20807502 4
0.086868703 -2.58413 0.38046208 1
0.091617838 -2.4990494 1.1872816 6
0.094356947 -2.5671768 0.47133204 1
0.094222002 -2.5401502 1.1038941 5
0.094543308 -2.529397 1.0090159 4
0.096165396 -2.5712137 0.29068324 1
0.096117966 -2.5566514 0.92207098 2
0.091639653 -2.4441793 0.12827934 1
0.099607073 -2.6033733 0.0086078942 1
0.097175777 -2.5363607 0.64957333 1
0.090001978 -2.3834531 -0.035334472 1
0.076854646 -2.0790179 -0.04161226 1
0.094713077 -2.507483 0.82497072 1
0.096183956 -2.5224361 0.73756158 2
0.099298894 -2.565182 0.56114215 1
0.089402623 -2.5607069 0.65077823 1
0.085110798 -2.5103776 0.2073362 1
0.088872477 -2.5566757 0.74044973 3
0.090428405 -2.5998604 0.0093883192 1
0.081264988 -2.3721492 -0.032600302 1
0.069833457 -2.0832019 -0.04265222 1
0.078365132 -2.5964565 0.37981138 1
0.086759172 -2.5995312 0.47070247 1
0.083608083 -2.495713 1.0936618 3
0.090755537 -2.5735681 0.56126881 1
0.08799471 -2.5895145 0.28907785 1
0.086538374 -2.5392628 0.91930485 2
0.085708201 -2.4999282 0.82402134 1
0.085712135 -2.5278149 1.0086453 4
0.083833382 -2.4603419 0.12574437 1
0.082975656 -2.4994206 1.1872888 10
0.082543917 -2.5919204 0.56154639 1
0.077685997 -2.5978875 0.47074857 1
0.079413474 -2.5411029 0.7390998 1
0.078197442 -2.5514612 0.92115974 2
0.069978669 -2.6147473 0.37883309 1
0.073900491 -2.4881587 1.1842167 5
0.074830465 -2.4921565 1.0927776 4
0.07704021 -2.5301273 1.0090287 5
0.078952663 -2.5878804 0.28926328 1
0.077210031 -2.5042486 0.82450628 1
0.075317465 -2.4606867 0.12575048 1
0.081571601 -2.6041455 0.0086218091 1
0.079155006 -2.5251305 0.64898688 1
0.072758898 -2.3647063 -0.030775435 1
0.062635057 -2.0835049 -0.042646844 1
0.076047577 -2.5008152 0.20858611 4
0.070328616 -2.5981581 0.28837371 1
0.065296784 -2.4884715 1.1842239 8
0.065488316 -2.4710324 1.0878868 6
0.067952365 -2.520628 1.0071502 4
0.069300361 -2.5498033 0.92085785 2
0.067322001 -2.4991438 0.20883994 1
0.067884505 -2.4925764 0.12067414 1
0.055568099 -2.08763 -0.043687727 1
0.065388396 -2.3883708 -0.036225349 1
0.069638982 -2.5363154 0.82833511 1
0.071310937 -2.5613446 0.74080151 1
0.07255093 -2.6044848 0.0086286301 1
0.071045011 -2.543426 0.64989209 1
0.068358921 -2.5882199 0.47095475 1
0.073216736 -2.582263 0.5614019 1
0.060563292 -2.6030662 0.37949708 1
0.059156068 -2.5153034 0.20685853 1
0.062570795 -2.5656252 0.74114668 1
0.064467862 -2.5885637 0.56149876 1
0.063653067 -2.6087174 0.0078633549 1
0.056515891 -2.4829454 1.1826907 5
0.059455562 -2.5905008 0.47092173 1
0.057178397 -2.4791071 1.0896739 5
0.047988478 -2.0763047 -0.040548265 1
0.059890009 -2.5425043 1.0113022 5
0.059813157 -2.5283744 0.91747582 3
0.060986817 -2.5405824 0.82881987 2
0.058645885 -2.4731293 0.12385729 1
0.056267969 -2.3613956 -0.029855205 1
0.062682703 -2.5577033 0.65059823 2
0.060519006 -2.5865202 0.2894558 1
0.051415324 -2.6153142 0.37884712 1
0.055563118 -2.590838 0.56153601 1
0.048854716 -2.3889003 -0.036213238 1
0.054107703 -2.5679517 0.65110379 1
0.049001008 -2.5237765 1.1934706 5
0.051171556 -2.6167483 0.47041282 1
0.052685324 -2.558706 0.83097667 1
0.050660878 -2.5234904 0.20587066 1
0.051814329 -2.5562773 0.92179489 3
0.040563401 -2.0804002 -0.041587666 1
0.049871583 -2.481292 0.12259377 1
0.049571831 -2.5319943 1.1017014 4
0.05418323 -2.599777 0.74403596 2
0.051191092 -2.5728433 0.29071668 1
0.049809795 -2.511358 1.0052798 5
0.054272201 -2.6129229 0.0070976042 1
0.042085525 -2.60357 0.37951127 1
0.033223953 -2.6117473 0.37908 1
0.042453218 -2.5685318 1.0162166 4
0.041257076 -2.5138144 0.20712098 1
0.04044975 -2.5510602 1.2006588 6
0.041386813 -2.6049938 0.47065839 1
0.040048871 -2.4990737 1.0941401 5
0.042792164 -2.5949817 0.28875381 1
0.042063706 -2.5367649 0.91872185 6
0.041185718 -2.4775631 0.12323439 1
0.044607271 -2.5761049 0.74200869 2
0.045738693 -2.6347387 0.0028544355 1
0.045500234 -2.5981514 0.65260839 2
0.03979563 -2.3735538 -0.032570485 1
0.046292756 -2.5970902 0.56163359 1
0.033279318 -2.0767341 -0.040538359 1
0.043530568 -2.5649056 0.83170176 3
0.03605172 -2.576395 0.65151781 1
0.036692347 -2.6388767 0.0020894087 1
0.03425087 -2.5452538 0.8293187 2
0.024338976 -2.6218956 0.3785398 1
0.032280359 -2.5440922 1.1043855 3
0.033610113 -2.5852232 0.28965598 1
0.033838723 -2.5646181 0.92304158 6
0.032515824 -2.512028 0.20737664 1
0.033247475 -2.5093443 0.1181588 1
0.036142834 -2.5982239 0.74388057 5
0.031663526 -2.3776462 -0.033472873 1
0.026344988 -2.0884829 -0.043667283 1
0.03305934 -2.5431967 1.0113243 4
0.037049834 -2.5853078 0.56146055 1
0.032595918 -2.6171834 0.47042686 1
0.032257322 -2.5841095 1.2093868 7
0.023435067 -2.377809 -0.033466592 1
0.022555254 -2.5359406 1.1965685 3
0.023470815 -2.6133418 0.47051305 1
0.024627024 -2.513464 0.11753112 1
0.02845148 -2.6054783 0.56176817 1
0.027483234 -2.6351261 0.0028685611 1
0.015484419 -2.6400044 0.37756228 1
0.026875589 -2.5824556 0.74253124 3
0.019128222 -2.0886319 -0.043661647 1
0.023791686 -2.5637517 1.1088454 4
0.027442915 -2.5945408 0.6524232 1
0.025191234 -2.6003115 1.0222611 4
0.025143297 -2.6152649 0.28697696 1
0.024639044 -2.545027 0.91996819 10
0.023915101 -2.5181389 0.20663747 3
0.025708735 -2.5612977 0.8312372 3
0.016977554 -2.5713625 0.83243895 1
0.0061988565 -2.6241286 0.37844571 1
0.014301116 -2.6034727 0.47071913 1
0.015068718 -2.5755777 1.1115237 4
0.014208646 -2.5708568 1.2058097 6
0.015485347 -2.5454507 1.0117147 3
0.016164025 -2.6213791 0.28644699 1
0.015832042 -2.545157 0.91997558 7
0.015872503 -2.5096505 0.11817308 1
0.01799302 -2.5865846 0.7428776 4
0.018356383 -2.6352797 0.0028771621 1
0.018847659 -2.6226497 0.65382898 1
0.011800753 -2.0810244 -0.04156791 1
0.019599387 -2.61762 0.56195569 1
0.015249301 -2.5222418 0.20614716 1
0.0153913 -2.3915727 -0.036642287 1
0.0073839058 -2.5828104 0.92583781 4
-0.0028096505 -2.6381836 0.37768736 1
0.0048418147 -2.5168281 1.1914527 5
0.0060509304 -2.5639749 1.1088594 4
0.0069734808 -2.6095247 0.28752846 1
0.0072621778 -2.517657 0.11690986 1
0.0046908958 -2.0888441 -0.043651834 1
0.0088963956 -2.5727389 0.74169785 4
0.0092286589 -2.6353941 0.0028846739 1
0.010282005 -2.5937395 0.56160158 1
0.0096055819 -2.6067891 0.65303749 1
0.0071151992 -2.3916771 -0.036635999 1
0.0079244608 -2.5555894 0.83053493 1
0.0053746873 -2.6135745 0.47052887 1
0.0070456844 -2.5848296 1.0192592 4
0.0066864095 -2.5402093 0.20391825 1
-0.0036792464 -2.5516884 1.2006948 8
-0.0013174177 -2.3683829 -0.03117458 1
-0.0014809277 -2.5137768 0.11755208 1
-0.0021404156 -2.5436537 1.0113512 5
-0.011962995 -2.6302247 0.37813252 1
-0.0035630099 -2.6356323 0.47009924 1
-0.0027867244 -2.5698934 1.1102024 5
-0.00074448105 -2.5834589 0.83388758 1
-0.0020738461 -2.5462284 0.2031797 1
-7.3020085e-05 -2.5628529 0.74085724 5
0.00014895509 -2.643317 0.0013463496 1
0.00071536138 -2.6268363 0.65404314 1
0.0013886769 -2.6058211 0.56179017 1
-0.0024065741 -2.1062851 -0.048346866 1
-0.0019693375 -2.6255405 0.28610429 1
-0.0015661224 -2.5809045 0.92553639 2
-0.0084182844 -2.614898 0.65345097 1
-0.0089361696 -2.6669171 -0.0032817684 1
-0.009801832 -2.5418091 0.82887614 2
-0.021068998 -2.6302378 0.37814048 1
-0.011731573 -2.5445774 1.1044214 9
-0.010876461 -2.571188 1.0166359 5
-0.011043863 -2.6335487 0.28539544 1
-0.010487182 -2.584898 0.9261598 2
-0.010914862 -2.5363436 0.20442869 1
-0.010194029 -2.5098724 0.11819413 1
-0.008891914 -2.5788431 0.74222082 6
-0.0094888872 -2.3762197 -0.032986701 1
-0.0076737087 -2.5938783 0.56161761 1
-0.0096573895 -2.1140559 -0.050430123 1
-0.012718785 -2.6176665 0.47046298 1
-0.012498472 -2.5575109 1.2022396 5
-0.016650228 -2.6318927 0.56219727 1
-0.030299503 -2.6541677 0.37683398 1
-0.021374926 -2.5749092 1.2068648 10
-0.020158403 -2.6295741 0.285761 1
-0.019438719 -2.5908315 0.92709231 2
-0.018891206 -2.5217369 0.11629587 1
-0.016965222 -2.1005569 -0.046769474 1
-0.017710838 -2.3723376 -0.03207086 1
-0.018604575 -2.5517426 0.83007836 1
-0.021803906 -2.6296661 0.47023293 1
-0.020562846 -2.5660343 1.1093276 6
-0.017472535 -2.6269035 0.65405864 9
-0.019762736 -2.5633442 1.0151353 5
-0.018173488 -2.6590805 -0.0017294859 1
-0.017830001 -2.610739 0.744941 3
-0.019688515 -2.5304036 0.20518178 5
-0.028512146 -2.5442722 0.20344952 1
-0.02647779 -2.6029155 0.6528672 2
-0.03938894 -2.6421275 0.37749869 1
-0.030151095 -2.5497515 1.2002027 11
-0.030889943 -2.6256313 0.47031876 1
-0.029526033 -2.5835552 1.1133417 7
-0.028805831 -2.6006286 1.0223049 4
-0.029266231 -2.6295478 0.28576881 1
-0.027516445 -2.5715818 0.83247596 1
-0.028289167 -2.565119 0.92309368 3
-0.025750119 -2.6278751 0.56214428 1
-0.024182471 -2.0889659 -0.043629967 1
-0.026789632 -2.5907972 0.74325371 4
-0.027354142 -2.6512127 -0.00017666594 1
-0.026017478 -2.3976433 -0.037973467 1
-0.027658258 -2.5296116 0.11503223 1
-0.038306508 -2.6215234 0.28649256 1
-0.04856284 -2.6440282 0.37739709 1
-0.038382765 -2.5737476 1.1111228 5
-0.03753205 -2.5671878 1.0159041 4
-0.037480917 -2.6045816 0.92926371 5
-0.036721457 -2.6112375 0.837264 5
-0.03657002 -2.5493062 0.11186394 1
-0.035961632 -2.6186438 0.74563473 3
-0.031428639 -2.0927904 -0.04466911 1
-0.036711812 -2.67472 -0.0048031607 1
-0.035633881 -2.6228368 0.65387315 1
-0.034285977 -2.3937104 -0.037057392 1
-0.03736956 -2.550175 0.20271192 1
-0.034793865 -2.6198292 0.56203085 1
-0.039023325 -2.555485 1.2017486 10
-0.040086746 -2.6375661 0.47008893 1
-0.047789481 -2.5495973 1.2002177 7
-0.042505771 -2.3877981 -0.035687003 1
-0.045127895 -2.5255375 0.11568243 1
-0.049466163 -2.6574686 0.46970087 1
-0.047544293 -2.5950963 1.1160288 4
-0.05793418 -2.6578884 0.37663946 1
-0.04689322 -2.6083457 1.0238284 4
-0.038743068 -2.1004515 -0.04675306 1
-0.04638388 -2.5659621 0.20073137 1
-0.045694236 -2.6051917 0.83655345 3
-0.045066841 -2.622555 0.74598247 3
-0.045978248 -2.6746416 -0.004795061 1
-0.044370905 -2.5908003 0.65228295 2
-0.043799378 -2.6137633 0.56194872 4
-0.046313267 -2.5886905 0.92680675 3
-0.04764143 -2.6433451 0.28453064 1
-0.055147141 -2.5579145 0.20173323 1
-0.067101948 -2.6557312 0.37675714 1
-0.0585417 -2.6493409 0.46986747 1
-0.056042038 -2.5637829 1.1089122 4
-0.054215334 -2.5713251 0.83249843 1
-0.055653088 -2.5905471 1.020443 4
-0.056703929 -2.6372502 0.28507578 1
-0.055448294 -2.6004226 0.92866266 3
-0.054456551 -2.5649133 0.10933943 1
-0.054089844 -2.6184483 0.74565023 1
-0.055359699 -2.682369 -0.0063326708 1
-0.053393677 -2.5946867 0.65249038 1
-0.053264417 -2.6436465 0.56240886 1
-0.046110883 -2.1080873 -0.048836187 1
-0.050659362 -2.3799019 -0.033862617 1
-0.057521928 -2.6074562 1.2156178 5
-0.063863613 -2.5686605 0.92373931 9
-0.076432854 -2.6615322 0.37643716 1
-0.066952907 -2.6285522 1.2212685 5
-0.066062607 -2.6490397 0.28400895 1
-0.063510314 -2.5930169 0.8351351 2
-0.062974684 -2.5450315 0.11252286 1
-0.064510889 -2.6743739 -0.0047795135 1
-0.062834904 -2.6205103 0.6537981 1
-0.062419511 -2.6434982 0.56241691 1
-0.059033059 -2.3875632 -0.035673279 1
-0.063188247 -2.6203012 0.74582809 4
-0.053258218 -2.1002636 -0.04674067 1
-0.067790143 -2.6531887 0.4697969 1
-0.065208159 -2.5792179 1.112481 4
-0.065162487 -2.6198599 1.0261065 4
-0.064004116 -2.5577643 0.20174029 2
-0.075476222 -2.6032381 1.2146068 5
-0.076703504 -2.6409981 0.47004232 1
-0.073954836 -2.5712435 1.1107082 4
-0.073926829 -2.6059213 1.0234745 5
-0.072947539 -2.5615537 0.20125121 2
-0.072654888 -2.6007793 0.83609921 1
-0.072088584 -2.6121509 0.74515748 2
-0.074071467 -2.6879251 -0.0074751694 1
-0.071989782 -2.6243298 0.65400589 1
-0.067254707 -2.3854566 -0.035212249 1
-0.072156332 -2.671314 0.56284761 1
-0.060435154 -2.096266 -0.045690577 1
-0.073099144 -2.5842838 0.92621315 3
-0.075322889 -2.6528466 0.28365993 1
-0.085650846 -2.6613057 0.37644485 1
-0.07178878 -2.5448537 0.11252986 1
-0.083829448 -2.5953016 1.2125629 7
-0.08565212 -2.6507804 0.469852 1
-0.08145301 -2.6580791 0.65571254 8
-0.094756983 -2.6730416 0.37579679 1
-0.081524126 -2.5673082 0.20051366 6
-0.083509207 -2.6139164 1.1205131 4
-0.0817964 -2.5919769 0.92745304 2
-0.080931157 -2.603977 0.74448758 2
-0.082492553 -2.5880299 1.0200891 10
-0.084204048 -2.6406775 0.28474164 1
-0.080699489 -2.5485921 0.11190182 1
-0.083677895 -2.6994815 -0.0097841686 1
-0.075702913 -2.393059 -0.037022874 1
-0.081161939 -2.6611083 0.56270391 1
-0.080859102 -2.5688047 0.83228195 1
-0.06768053 -2.0960975 -0.045685507 1
-0.090253919 -2.5769968 0.19927871 5
-0.091388673 -2.629283 0.93331724 2
-0.10276897 -2.6488178 0.37711668 1
-0.091907009 -2.5796018 1.2084655 11
-0.094786607 -2.6645207 0.4695825 1
-0.091705687 -2.6000359 1.1174029 5
-0.08958482 -2.6358843 0.65462089 1
-0.090545185 -2.6122463 0.83754933 1
-0.090602227 -2.5740554 1.0174582 8
-0.09000022 -2.621671 0.74602127 8
-0.092561737 -2.6992514 -0.0097763976 1
-0.089806587 -2.6568789 0.56265205 1
-0.074777454 -2.1036358 -0.047768816 1
-0.089194745 -2.5523202 0.111275 1
-0.093759045 -2.6703086 0.28206471 1
-0.083462372 -2.3889556 -0.036107965 1
-0.091070727 -2.3809342 -0.034283388 1
-0.11345712 -2.6904118 0.37482902 1
-0.10076619 -2.577389 1.20796 6
-0.1040105 -2.6642401 0.46959099 1
-0.10007434 -2.6052041 1.0234976 5
-0.098565467 -2.594126 0.83540511 1
-0.098494925 -2.6174281 0.74568957 3
-0.10206589 -2.7186017 -0.013630283 1
-0.098585315 -2.6316149 0.65442836 1
-0.097589284 -2.5520678 0.111282 1
-0.098791651 -2.664623 0.56278068 1
-0.098919794 -2.5687957 0.20028035 5
-0.09966404 -2.603334 0.92931861 3
-0.10196612 -2.6521137 0.28368321 1
-0.10025878 -2.5861096 1.1142932 4
-0.081803329 -2.1072967 -0.048807897 1
-0.088952102 -2.1031961 -0.047757301 1
-0.1089938 -2.5799556 1.1129651 5
-0.11086376 -2.7006416 -0.010145606 1
-0.10755583 -2.6273212 0.65423661 1
-0.11345735 -2.6699095 0.46948028 1
-0.10989325 -2.5828743 1.2095073 5
-0.12253737 -2.6840718 0.37516528 1
-0.10930067 -2.6107798 1.0246367 3
-0.11186249 -2.6717122 0.28190193 1
-0.10831033 -2.5823739 0.19854954 1
-0.10670538 -2.5596642 0.11001986 1
-0.10818136 -2.6350522 0.74722463 2
-0.099581122 -2.3884504 -0.036093574 1
-0.10972788 -2.6326435 0.93395019 4
-0.10760386 -2.6523261 0.56260729 1
-0.10803382 -2.607713 0.83708727 1
-0.1078443 -2.388154 -0.036085639 1
-0.11775011 -2.6252372 0.83924764 1
-0.13217725 -2.6916671 0.37473693 1
-0.12286142 -2.6735537 0.46940973 1
-0.11833429 -2.6104393 1.0246453 2
-0.1204109 -2.6534514 0.28352118 1
-0.11721838 -2.5908341 0.92748469 3
-0.11764275 -2.5919487 0.19731553 5
-0.11649117 -2.58301 0.10621813 1
-0.1162285 -2.606842 0.74485779 2
-0.12060191 -2.7100921 -0.012069051 1
-0.11680324 -2.6309831 0.65444481 1
-0.11815367 -2.6879685 0.56316096 1
-0.11869169 -2.5990946 1.1174268 5
-0.11936805 -2.5960474 1.213107 3
-0.096071616 -2.0990798 -0.046706665 1
-0.11627292 -2.3917158 -0.036987327 1
-0.1289354 -2.6091824 1.2167069 5
-0.1266761 -2.5753481 1.1120907 5
-0.12658486 -2.6189153 0.83853847 1
-0.12998904 -2.7097208 -0.012059478 1
-0.12624532 -2.6385944 0.65485334 1
-0.12646623 -2.6636152 0.56280589 1
-0.10332635 -2.0987866 -0.046701342 1
-0.12493092 -2.5708148 0.10813142 1
-0.12678687 -2.5955467 0.19682652 5
-0.12811731 -2.6358747 0.93458354 2
-0.12951538 -2.6510799 0.2837083 1
-0.12635987 -2.5865214 1.0201291 3
-0.12700963 -2.6482761 0.74842852 1
-0.1408463 -2.6772857 0.3755112 1
-0.13237913 -2.6791627 0.46930003 1
-0.14017254 -2.6825063 0.28085399 1
-0.13714878 -2.6334908 0.93428349 5
-0.13577375 -2.5951459 0.19683512 4
-0.13984616 -2.6664829 1.1330312 3
-0.11057782 -2.0984764 -0.046694525 1
-0.14231312 -2.692724 0.46903172 1
-0.13850532 -2.620358 1.2197938 5
-0.13621646 -2.6057382 1.0239075 3
-0.15051925 -2.6848104 0.37508228 1
-0.12419625 -2.3835661 -0.035163268 1
-0.13383348 -2.5704148 0.10813902 1
-0.13572226 -2.6379228 0.74758887 4
-0.13631836 -2.6772022 0.56302625 1
-0.13991506 -2.7210708 -0.014367877 1
-0.13691747 -2.6721175 0.65656179 2
-0.13583107 -2.6224785 0.83902538 4
-0.14539517 -2.6319604 0.84022915 1
-0.16131701 -2.7122388 0.37356067 1
-0.15194194 -2.6982522 0.46892181 1
-0.14806281 -2.6621902 1.0348505 7
-0.14534934 -2.6066139 0.19535412 2
-0.14370903 -2.5897129 0.10497285 1
-0.14592405 -2.6593874 0.74946421 3
-0.15001729 -2.7343407 -0.01706285 1
-0.14451237 -2.6377616 0.65487063 1
-0.13254082 -2.3851151 -0.035610508 1
-0.14822075 -2.6725285 0.94045806 5
-0.1498614 -2.6900148 0.28014678 1
-0.14615211 -2.6076066 1.1196777 4
-0.14620994 -2.5928845 1.2126188 5
-0.14587989 -2.6827555 0.56312573 1
-0.11839366 -2.1097031 -0.049821522 1
-0.12568536 -2.1093326 -0.049816053 1
-0.15600736 -2.6227129 1.1232495 3
-0.15825309 -2.710341 -0.012419809 1
-0.15322523 -2.6293187 0.65447831 1
-0.15680301 -2.6907561 0.75218761 5
-0.15507534 -2.590483 1.2121139 8
-0.16085421 -2.6897779 0.46908921 1
-0.1557909 -2.6942723 0.5633167 1
-0.14079475 -2.384697 -0.035602886 1
-0.15684156 -2.6602058 0.93861622 6
-0.15426986 -2.6041615 0.1956106 6
-0.15481843 -2.637439 0.84095496 1
-0.15204905 -2.5774267 0.10688671 1
-0.15539733 -2.6264048 1.028072 8
-0.16049607 -2.7054195 0.2787247 1
-0.1703787 -2.6977341 0.3743352 1
-0.16582619 -2.6557498 0.93800843 5
-0.17074177 -2.6992364 0.46890008 1
-0.16514373 -2.6092763 1.2172543 3
-0.16306189 -2.5997043 0.19611628 6
-0.16673757 -2.6865032 0.84694248 5
-0.14915442 -2.3861945 -0.036049869 1
-0.16490118 -2.6897652 0.56326449 1
-0.16388628 -2.656744 0.65588766 1
-0.16647165 -2.6882303 0.75202757 2
-0.16895682 -2.6889949 0.28016505 1
-0.16538484 -2.633724 1.0295902 5
-0.16531351 -2.6182837 1.1223683 3
-0.13312028 -2.1050718 -0.048764002 1
-0.18093583 -2.7171118 0.37325141 1
-0.17010008 -2.7450686 -0.019361477 1
-0.16209142 -2.5887368 0.10499007 1
-0.17010641 -2.5724406 0.1075382 1
-0.17376874 -2.6403363 0.84145153 4
-0.17984574 -2.748436 -0.020124123 1
-0.17283176 -2.6442142 0.65529668 1
-0.1581727 -2.3915257 -0.037405141 1
-0.17625368 -2.6956451 0.75271523 2
-0.1401656 -2.1008 -0.047713544 1
-0.17509253 -2.6164293 1.2193158 3
-0.18031552 -2.6946514 0.46898773 1
-0.17602667 -2.6449935 1.1286125 4
-0.17349675 -2.66924 0.56297082 1
-0.17473646 -2.6370986 1.0303522 4
-0.17417087 -2.6334772 0.93462616 2
-0.17478795 -2.6367881 0.19140691 1
-0.1789775 -2.6923892 0.27981624 1
-0.18952948 -2.6965623 0.37435365 1
-0.18538961 -2.6351421 1.2244561 3
-0.19041944 -2.706039 0.46876064 1
-0.18273987 -2.6556106 0.65590531 1
-0.18341437 -2.6282902 0.19240823 5
-0.18391258 -2.6556253 0.843373 3
-0.16669057 -2.394913 -0.038304944 1
-0.1839909 -2.6886325 0.56328309 1
-0.18542229 -2.6664345 0.93987614 3
-0.19034277 -2.7556493 -0.021659095 1
-0.18394186 -2.6306159 1.0292308 3
-0.18071651 -2.5915656 0.10437302 1
-0.20090283 -2.725826 0.37272379 1
-0.18529677 -2.6831028 0.75170618 4
-0.18779173 -2.6838503 0.28054103 1
-0.18463565 -2.6288142 1.1250581 4
-0.14803125 -2.1041818 -0.048751488 1
-0.21058263 -2.7351582 0.37218699 1
-0.20087793 -2.7213752 0.46845374 1
-0.19332325 -2.6461077 0.93680274 3
-0.19126995 -2.6450465 0.65541428 1
-0.19608194 -2.657676 1.2306237 6
-0.19989029 -2.755028 -0.02164943 1
-0.19465321 -2.6418316 1.1281856 6
-0.15555906 -2.1075587 -0.049789324 1
-0.19591424 -2.702378 0.75341314 4
-0.19075209 -2.6067393 0.10184206 1
-0.19230001 -2.6177578 0.19365929 1
-0.19870444 -2.7070804 0.27840346 1
-0.19781549 -2.7005579 1.0428152 4
-0.17487498 -2.3865645 -0.036480073 1
-0.1950904 -2.7079515 0.56359589 1
-0.19462849 -2.67084 0.84529603 2
-0.18312941 -2.391854 -0.037835997 1
-0.20140354 -2.6583612 0.65612352 1
-0.20444871 -2.645458 1.2275542 6
-0.20167574 -2.6178782 1.1228486 6
-0.21930802 -2.7245064 0.37274316 1
-0.20483573 -2.7193043 0.56378555 1
-0.20558286 -2.6842632 1.0398068 4
-0.20304206 -2.6533487 0.93804425 5
-0.20355335 -2.6722021 0.84554374 1
-0.20119314 -2.6211205 0.19317126 1
-0.19793531 -2.586446 0.10502446 1
-0.20987563 -2.7147231 0.46858093 1
-0.20978014 -2.7302678 0.27626538 1
-0.20888242 -2.7465446 -0.020095123 1
-0.20429236 -2.6878123 0.75223392 8
-0.16257089 -2.1032143 -0.048737932 1
-0.21443929 -2.6777008 1.0386889 5
-0.21086103 -2.6283715 0.19219118 1
-0.21509758 -2.6755414 1.1362255 6
-0.21298657 -2.6851873 0.75207698 4
-0.22002976 -2.7239916 0.46839705 1
-0.21293755 -2.7006824 0.56352663 1
-0.16891228 -2.0950115 -0.046639699 1
-0.21187001 -2.621644 1.2214088 5
-0.22953126 -2.7337244 0.37220967 1
-0.21281256 -2.6605632 0.9392913 3
-0.21265712 -2.6695523 0.84531856 1
-0.20981498 -2.6251822 0.098690256 1
-0.21850464 -2.7537174 -0.021626065 1
-0.20958194 -2.6437569 0.65543693 1
-0.19226834 -2.4029093 -0.040549647 1
-0.21609794 -2.6938562 0.27949926 1
-0.22165179 -2.6808977 0.65734822 1
-0.2227886 -2.6652405 1.0364358 7
-0.22946209 -2.7232676 0.46840769 1
-0.22159067 -2.6648865 0.84484917 1
-0.21768253 -2.6087348 0.1012376 1
-0.22895612 -2.7647259 -0.023933729 1
-0.20133136 -2.411994 -0.042813055 6
-0.224586 -2.729882 0.56399131 1
-0.23899871 -2.7329621 0.37221962 1
-0.22245485 -2.6402051 1.2265494 5
-0.22237737 -2.6495566 1.130444 3
-0.22775464 -2.7229328 0.27682599 1
-0.22057956 -2.6355894 0.19120748 1
-0.22186755 -2.6578836 0.93899232 2
-0.17644836 -2.0983112 -0.047677394 1
-0.22243726 -2.6864612 0.75225663 3
-0.1843188 -2.1054327 -0.049759381 1
-0.23356061 -2.7231486 0.56390905 1
-0.23285535 -2.6548755 1.2306648 5
-0.23186354 -2.6527007 1.1313441 14
-0.2370252 -2.7201855 0.27701396 1
-0.23603426 -2.7181993 0.94856036 3
-0.23164321 -2.6585917 0.18823701 1
-0.22703482 -2.6119578 0.10061262 1
-0.23302196 -2.7016065 0.75362325 3
-0.23885114 -2.76788 -0.024695579 1
-0.23093249 -2.6801639 0.65735817 1
-0.20873992 -2.3996763 -0.040079791 6
-0.23129541 -2.6700842 0.84557563 1
-0.23233101 -2.6684129 1.0371987 8
-0.24037059 -2.7404377 0.46806213 1
-0.24880458 -2.7361417 0.37201035 1
-0.24576874 -2.7114604 0.27773911 1
-0.24410667 -2.7016563 0.94610268 3
-0.23866239 -2.6321168 0.19147374 1
-0.24239665 -2.6774244 1.0390947 4
-0.24220623 -2.6988454 0.75346327 4
-0.24071124 -2.6480353 1.1304619 3
-0.250202 -2.7436187 0.46799245 1
-0.24449429 -2.7403047 0.5641917 1
-0.24533871 -2.6926153 1.2409378 6
-0.19175541 -2.1067564 -0.050274231 1
-0.24204427 -2.6871195 0.84773779 2
-0.23574574 -2.6072664 0.10125607 1
-0.24943401 -2.7788131 -0.027002672 1
-0.24037863 -2.6813798 0.65746677 1
-0.21704365 -2.3989861 -0.040072318 1
-0.25999841 -2.7491879 0.37125617 1
-0.26057047 -2.7661457 0.27274105 1
-0.25130895 -2.6712728 0.9414866 4
-0.24940352 -2.65364 0.093648374 1
-0.25373057 -2.7080257 0.85037953 1
-0.24946271 -2.6451104 0.18974505 1
-0.22592992 -2.4001744 -0.040517714 1
-0.25341094 -2.7274961 0.5640198 1
-0.25525218 -2.7117815 1.045893 4
-0.26107156 -2.7526937 0.46780455 1
-0.2547769 -2.6879015 1.2399219 4
-0.27007246 -2.7542858 0.37093875 1
-0.25288945 -2.7079194 0.75432158 7
-0.25134999 -2.6944623 0.65817702 1
-0.19956741 -2.1080239 -0.050789092 1
-0.24998641 -2.6433036 1.129581 3
-0.25954381 -2.77794 -0.02699233 1
-0.2631076 -2.7071674 0.85038787 1
-0.26050556 -2.6485436 1.2296661 6
-0.26117459 -2.6951623 0.75331277 3
-0.26140639 -2.7015738 0.65858674 1
-0.26340005 -2.7326176 0.56412101 1
-0.27006504 -2.7868414 -0.028912993 1
-0.27060452 -2.751822 0.46781525 1
-0.27961272 -2.7533767 0.37094828 1
-0.20685188 -2.1073654 -0.050782796 1
-0.2578699 -2.6449447 0.094927341 1
-0.25913143 -2.6424694 1.1295904 4
-0.23530124 -2.411063 -0.043235391 1
-0.26571962 -2.7226613 1.0481659 4
-0.26721901 -2.733537 0.2756125 1
-0.26109722 -2.6763382 0.94242185 3
-0.25989798 -2.6581154 0.18801735 1
-0.28788191 -2.7445331 0.37139457 1
-0.27946493 -2.7489684 0.46786365 1
-0.27537605 -2.7544367 0.6613003 2
-0.27439252 -2.7015901 1.2440469 11
-0.2721512 -2.699105 0.94613165 3
-0.21322319 -2.0970716 -0.048166011 1
-0.26790166 -2.6377113 1.1287084 3
-0.27477014 -2.7178552 1.0474209 4
-0.27286193 -2.7317348 0.56413013 1
-0.26665258 -2.6401536 0.095571674 1
-0.27088207 -2.6982532 0.75366163 3
-0.27935165 -2.7820237 -0.028130909 1
-0.24364509 -2.4102802 -0.043227281 1
-0.27554619 -2.7207401 0.27669507 1
-0.26929259 -2.6592159 0.18777844 1
-0.27247787 -2.7062833 0.85039794 1
-0.28178939 -2.7217031 0.65970778 2
-0.2796236 -2.6876225 0.84825319 4
-0.27772927 -2.6484962 1.1313905 2
-0.28032556 -2.6863904 0.94429111 3
-0.27902129 -2.6682315 0.18654607 1
-0.27572954 -2.6432302 0.094945721 1
-0.28258991 -2.6891274 1.2409768 5
-0.29964074 -2.7654166 0.37020338 1
-0.25118661 -2.4056327 -0.042310841 1
-0.28107032 -2.7228971 0.56401765 1
-0.29117569 -2.7699077 0.46743944 1
-0.28080127 -2.6876571 1.0417722 8
-0.29015014 -2.7928011 -0.030437654 1
-0.28393736 -2.7350185 0.75689751 2
-0.28733492 -2.7436054 0.2745595 1
-0.22084627 -2.1002123 -0.049203742 1
-0.29431611 -2.7277317 1.049702 4
-0.28991088 -2.6689363 1.2358528 6
-0.30015165 -2.7629557 0.46756786 1
-0.28729233 -2.6514385 1.1322913 3
-0.29374248 -2.7420347 0.75758582 4
-0.29271758 -2.7438397 0.56436211 1
-0.25911582 -2.4009161 -0.041393999 1
-0.28528401 -2.6462383 0.09432064 1
-0.22754571 -2.0975964 -0.048674796 1
-0.29161727 -2.7247288 0.65991867 1
-0.30033961 -2.8016357 -0.032358091 1
-0.29002738 -2.6893733 0.94491714 3
-0.28826126 -2.6672959 0.18655595 1
-0.28791684 -2.6768069 0.84706682 1
-0.29642996 -2.738672 0.27492681 1
-0.31054524 -2.7723002 0.36977795 1
-0.26864851 -2.4116738 -0.044111196 1
-0.30147213 -2.7277064 0.66012734 1
-0.29989615 -2.7015035 0.85018766 1
-0.30556276 -2.7746654 0.5648585 1
-0.30181268 -2.6929493 1.2425361 5
-0.29975423 -2.6923153 0.94554353 3
-0.29833761 -2.6742141 0.18557207 1
-0.30887169 -2.753984 0.46773529 1
-0.30676126 -2.7455852 0.27422056 1
-0.32146534 -2.7831488 0.36913246 1
-0.29865885 -2.6805637 0.088618346 1
-0.3021507 -2.7071595 1.0459417 4
-0.23657107 -2.1102438 -0.052321613 1
-0.30496484 -2.7528908 0.75861645 2
-0.30949935 -2.7908175 -0.030416489 1
-0.29899326 -2.6698053 1.1367567 3
-0.30697861 -2.6632895 0.18682306 1
-0.31101084 -2.7122822 0.85163361 1
-0.31017253 -2.712234 0.75522918 4
-0.3144196 -2.7544365 0.66154057 1
-0.31938404 -2.7917233 -0.030791979 5
-0.32130489 -2.7747548 0.46731287 1
-0.33178261 -2.7880189 0.36881629 1
-0.3147822 -2.7206888 1.2502459 11
-0.31100857 -2.6939824 1.1425577 6
-0.24218927 -2.0941048 -0.048138566 1
-0.31259403 -2.715893 1.0478374 7
-0.31801432 -2.760396 0.27280125 1
-0.31320158 -2.724648 0.95079798 2
-0.31348974 -2.7537036 0.56456566 1
-0.27741188 -2.4107275 -0.04410198 1
-0.30535808 -2.6560102 0.092436962 1
-0.24942443 -2.0932977 -0.048131719 1
-0.32347345 -2.7566106 0.56463647 1
-0.31900963 -2.6812999 1.1398934 6
-0.32091174 -2.6908104 1.242556 8
-0.34167522 -2.7888684 0.36871672 1
-0.330006 -2.7657223 0.46748132 1
-0.32221353 -2.7167876 1.0482243 4
-0.32622758 -2.7474411 0.27388421 1
-0.32552931 -2.7566051 0.85714769 1
-0.31811258 -2.6863642 0.087369077 1
-0.32134697 -2.7270238 0.75659794 2
-0.328399 -2.7847848 -0.02962487 8
-0.32241085 -2.7216213 0.95049894 2
-0.28662652 -2.4175382 -0.04591047 1
-0.3226181 -2.7414565 0.66094995 1
-0.31978196 -2.693804 0.182862 1
-0.32604033 -2.6735289 0.089283668 1
-0.35085458 -2.7837491 0.36894616 1
-0.33247933 -2.7089164 1.2476991 5
-0.33230236 -2.7215419 1.0493658 4
-0.33991554 -2.7819521 0.27067742 1
-0.33229136 -2.7244463 0.95112628 3
-0.3281877 -2.6848407 0.18386513 1
-0.2940923 -2.4088345 -0.044085547 1
-0.32863799 -2.7002709 0.85045707 1
-0.33170927 -2.7338502 0.75728774 2
-0.33850062 -2.7875741 -0.030385744 7
-0.33349055 -2.7522738 0.66156232 1
-0.33214831 -2.7131402 1.1474787 3
-0.34239236 -2.78843 0.46701968 1
-0.33578017 -2.7793508 0.56501174 1
-0.25777078 -2.1020529 -0.050734382 1
-0.3461161 -2.7841697 0.56511337 1
-0.33701015 -2.6797879 0.18437168 1
-0.34354475 -2.7525043 0.75899607 2
-0.34722564 -2.7786286 -0.028831627 8
-0.34064811 -2.7313049 0.66056991 2
-0.35205162 -2.7872593 0.46702874 1
-0.34022808 -2.6943479 1.2441159 4
-0.3619782 -2.7944467 0.36830184 1
-0.34668261 -2.7545977 1.1572915 3
-0.34106126 -2.7247865 0.85357821 2
-0.35002962 -2.7847524 0.27032995 1
-0.34595203 -2.7555118 1.0561663 5
-0.26549226 -2.105022 -0.051771734 1
-0.30289143 -2.411711 -0.044984818 1
-0.34219372 -2.7272456 0.95175356 5
-0.33624485 -2.6802626 0.088023648 1
-0.35365993 -2.7492468 0.85670018 5
-0.35241926 -2.7162101 1.2502857 6
-0.36096075 -2.7801142 0.46715868 1
-0.35260946 -2.7243829 1.150617 4
-0.35379803 -2.7406869 1.0535364 4
-0.3601687 -2.7875118 0.26998284 1
-0.35260618 -2.7339211 0.95299739 3
-0.34698382 -2.6908805 0.086130619 1
-0.37216586 -2.7971742 0.3680945 1
-0.35974053 -2.8008204 -0.033452857 7
-0.35010535 -2.7301426 0.66057962 3
-0.31123814 -2.4106829 -0.044977266 1
-0.35551393 -2.7810085 0.56509417 1
-0.27276644 -2.1041303 -0.051764499 1
-0.34800491 -2.6924214 0.18264382 2
-0.3547821 -2.7651832 0.76019573 4
-0.32007018 -2.4134965 -0.045876399 1
-0.36307451 -2.7566957 0.66199386 1
-0.3701871 -2.8054409 -0.034599759 3
-0.3618471 -2.7442086 0.75850761 5
-0.35880035 -2.7092857 0.082967654 1
-0.36518389 -2.7637923 0.85862422 1
-0.35833371 -2.6991146 0.18166161 1
-0.36230928 -2.7188473 1.2513236 9
-0.37135455 -2.7848344 0.46705049 1
-0.3826378 -2.8018403 0.36777741 1
-0.36414143 -2.7718639 0.56498319 1
-0.3655012 -2.7502568 1.156866 5
-0.27857929 -2.0917275 -0.048625819 1
-0.36204064 -2.7297416 1.0516602 5
-0.36982557 -2.7862849 0.26999325 1
-0.36057049 -2.7209582 0.95115632 5
-0.28555638 -2.0888774 -0.04809634 1
-0.37528917 -2.7825108 0.56517506 1
-0.37083223 -2.7390189 0.75817829 3
-0.37145972 -2.7219534 1.1506389 5
-0.3645936 -2.6806593 0.087419674 1
-0.39100552 -2.7906384 0.3683334 1
-0.37272865 -2.7252705 1.253387 9
-0.38335562 -2.801405 0.46670753 1
-0.37046832 -2.7207086 1.0501612 5
-0.37255627 -2.739321 0.95425177 3
-0.37320763 -2.7507341 0.85719907 5
-0.32993165 -2.4240103 -0.048592258 1
-0.38067171 -2.8100162 -0.035747081 1
-0.38103521 -2.7968717 0.26893118 1
-0.37210301 -2.7514966 0.66180408 1
-0.37026566 -2.7175717 0.1791905 2
-0.40122056 -2.793262 0.3681266 1
-0.38088205 -2.7356818 0.85553372 3
-0.38890037 -2.773797 1.2667445 4
-0.38270798 -2.7342024 1.1537679 3
-0.38644114 -2.768106 1.0596035 4
-0.38752672 -2.7718823 0.27108663 1
-0.38256589 -2.7419667 0.95487928 1
-0.37994251 -2.7182803 0.17895347 1
-0.37598285 -2.6950741 0.084892698 1
-0.39066881 -2.8106666 -0.036121845 3
-0.38640049 -2.7858629 0.66361922 3
-0.3362495 -2.4074473 -0.04494971 1
-0.29302934 -2.0898299 -0.048611447 1
-0.38137484 -2.7456563 0.75886858 3
-0.39332762 -2.8020785 0.46667948 1
-0.38651258 -2.7931306 0.56536978 1
-0.39428714 -2.7779326 0.56516629 1
-0.38772354 -2.7051911 0.18045259 1
-0.3960394 -2.7818594 0.76210779 2
-0.39169735 -2.7528803 0.66202515 2
-0.34431472 -2.4043765 -0.044486757 1
-0.40175027 -2.8190455 -0.038041573 1
-0.40413368 -2.8086622 0.46653265 1
-0.41427261 -2.8156204 0.36682948 1
-0.30103523 -2.0945868 -0.050168823 1
-0.39584082 -2.7533269 1.2616229 4
-0.39109856 -2.7251697 1.1519963 2
-0.39736694 -2.7765181 1.0615021 4
-0.4004077 -2.7942429 0.26895389 1
-0.39151651 -2.7367389 0.95427293 2
-0.38899565 -2.7245471 0.85434824 10
-0.3874788 -2.7094388 0.082364537 1
-0.40306795 -2.7706535 0.5650866 1
-0.41358101 -2.8052933 0.46658272 1
-0.40890974 -2.7887664 1.064153 4
-0.41513139 -2.8283694 0.26574787 1
-0.42604303 -2.8280377 0.36607733 1
-0.40427917 -2.7443099 1.2595792 9
-0.40327546 -2.743134 1.1564634 2
-2.1834493 -15.311836 2.9374857 2
-0.40037307 -2.7369788 0.85603404 1
-0.39797023 -2.7159407 0.081106871 1
-0.40904662 -2.8001912 -0.034556489 5
-0.40234396 -2.7594538 0.66243726 1
-0.35236213 -2.4012768 -0.044023823 1
-0.30746409 -2.0878329 -0.048596207 1
-0.3954199 -2.6920786 0.18195195 1
-0.40595254 -2.7824731 0.76228809 3
-0.4231011 -2.8059311 0.4665539 1
-0.43358248 -2.8147962 0.36674201 1
-0.41684449 -2.7957087 0.66435301 1
-2.2324905 -15.292806 2.9357064 2
-0.41051149 -2.7238693 1.2544556 6
-0.4079465 -2.7184842 0.080482252 1
-0.42352167 -2.8299372 0.86753583 3
-0.4081721 -2.7142942 0.17898501 1
-0.41301841 -2.7633331 0.76076955 2
-0.42378187 -2.8190627 0.26647389 1
-0.41931173 -2.8026757 -0.035317387 3
-0.36318025 -2.4174333 -0.048101932 1
-0.41332886 -2.7456143 1.157366 2
-0.31412491 -2.0829716 -0.047544666 1
-0.41630349 -2.7718136 1.0611461 4
-0.41352105 -2.7752104 0.56518918 1
-0.44091707 -2.7975225 0.36762604 1
-2.3097675 -15.555818 0.76242149 2
-0.37284002 -2.4278207 -0.050818451 1
-0.42564932 -2.7606964 1.264735 5
-0.42153588 -2.7484143 0.075417824 1
-0.43785012 -2.8381021 0.46589813 1
-0.42455003 -2.7646325 1.0600245 4
-0.42594102 -2.7903292 0.66416341 1
-0.42379811 -2.7676661 0.86012572 1
-0.41827142 -2.7208214 0.17800342 1
-2.2899082 -15.312307 2.9401014 1
-0.42235801 -2.7442639 1.1573752 2
-0.32245231 -2.0895505 -0.049625073 1
-0.4263829 -2.7875493 0.7629897 1
-0.43413749 -2.8215477 0.2661272 1
-0.42931119 -2.8031838 -0.03569179 1
-0.43554455 -2.7941692 0.56554651 1
-0.43680203 -2.7967625 0.66457629 1
-0.4417786 -2.823133 -0.03992543 1
-0.43644875 -2.7920713 0.76351088 2
-0.42948967 -2.7311645 0.17652602 1
-0.43337965 -2.7662122 0.86013544 1
-0.43263933 -2.7534707 1.0581487 4
-0.44616789 -2.8267138 0.4661051 1
-0.45307744 -2.8117959 0.36676541 1
-0.43185624 -2.742811 1.1573868 3
-0.43217778 -2.7527478 0.95771009 2
-0.32930946 -2.0885134 -0.049618382 1
-0.43105599 -2.7469752 0.075428933 1
-0.44101709 -2.8043897 0.26756841 1
-0.37919655 -2.4130673 -0.047630399 1
-0.43695945 -2.7706943 1.2678262 5
-0.44014484 -2.7336233 1.1556145 3
-0.44079468 -2.7454014 0.95679551 3
-0.44804123 -2.7787495 1.2704048 5
-0.44428942 -2.7655654 1.0608008 5
-0.45687899 -2.8422444 0.26400673 1
-0.44570318 -2.7823818 0.86230224 2
-0.4375321 -2.7259884 0.078611486 1
-0.33829972 -2.0988448 -0.052741725 1
-0.44642264 -2.7925425 0.76369202 3
-0.449756 -2.8099775 -0.03759947 1
-0.44801658 -2.805141 0.66508991 2
-0.38754565 -2.4117777 -0.047620986 1
-0.44675097 -2.8025556 0.56571048 1
-0.43650207 -2.7140052 0.17852069 1
-0.45688772 -2.8311095 0.46599898 1
-0.46235803 -2.8042395 0.36710382 1
-0.45613307 -2.7676539 1.267848 6
-0.39772615 -2.4219892 -0.050336935 1
-0.44902924 -2.7321084 0.17605123 1
-0.34282953 -2.0805318 -0.048037592 1
-0.46637899 -2.8275621 0.46604916 1
-0.45637763 -2.7744634 1.1654305 2
-0.45527542 -2.7751148 0.96174413 3
-0.45627192 -2.7867351 0.86303163 1
-0.4569203 -2.7868857 0.068472497 2
-0.45390499 -2.7772319 0.76251316 2
-0.45585102 -2.7917678 0.66449869 3
-0.46021169 -2.8247206 0.56608748 1
-0.4684782 -2.8484628 0.26330379 1
-0.46115497 -2.8066359 1.0691154 5
-0.45812714 -2.7967308 -0.03527239 1
-0.47546619 -2.820307 0.36613443 1
-0.46472502 -2.7695701 0.96113861 3
-0.46895599 -2.8007627 0.86495841 1
-0.46837685 -2.7793658 1.2714548 8
-0.46582675 -2.7689769 1.1645514 2
-0.46056536 -2.7402823 0.17482276 1
-0.46920651 -2.8098316 0.66551346 3
-0.35037521 -2.079309 -0.048029516 1
-0.48295164 -2.8826873 0.05262712 2
-0.46464208 -2.7795231 0.76286447 2
-0.40777558 -2.428257 -0.052143309 1
-0.47016296 -2.8210905 0.56607038 1
-0.47633752 -2.8239114 0.46610183 1
-0.47072354 -2.8010895 1.0683726 4
-0.46798551 -2.7931466 -0.034874428 1
-0.47626564 -2.8310442 0.26474506 1
-0.48902583 -2.838295 0.36505783 1
-0.47638083 -2.7876773 0.76372629 3
-0.48007831 -2.8120775 0.66572613 6
-0.41659808 -2.4267945 -0.05213343 1
-0.35791686 -2.0780613 -0.048021577 1
-0.49344072 -2.8809485 0.052640047 2
-0.47456914 -2.7716491 0.86161792 1
-0.47249711 -2.7503595 0.1733456 1
-0.48130104 -2.8068681 0.96732217 2
-0.48594552 -2.8182476 0.46619231 1
-0.4840228 -2.8410878 0.56641841 1
-0.47943187 -2.7884393 1.1694661 4
-0.47560036 -2.7605121 1.2668451 11
-0.47814652 -2.7914612 -0.034861859 1
-0.48252586 -2.8090732 1.070271 4
-0.48129806 -2.7978914 0.26761547 1
-0.49867719 -2.8325818 0.36528674 1
-0.51133275 -2.858753 0.36377066 1
-0.48182881 -2.7447464 0.17385381 1
-0.48795921 -2.7965586 0.66503602 1
-0.50658053 -2.8947365 0.050115675 2
-0.42410725 -2.417618 -0.05030641 1
-0.48718381 -2.7898831 0.76407945 3
-0.36609942 -2.0805922 -0.049056947 1
-0.48664466 -2.7816808 0.86306739 1
-0.49216825 -2.8090248 0.96795148 2
-0.49167877 -2.8235648 0.5661853 1
-0.4872632 -2.7732515 1.1663575 7
-0.50059283 -2.8421154 0.46569526 1
-0.48889789 -2.7778428 1.2719918 4
-0.50358057 -2.8668351 0.26119754 1
-0.49028152 -2.8013401 -0.037165292 1
-0.49107954 -2.7976489 1.0683962 5
-0.50067282 -2.826067 0.56625682 1
-0.50763625 -2.8591475 0.77020979 7
-0.50896174 -2.8406484 0.46570522 1
-0.49542385 -2.7718232 1.1663672 3
-0.50238663 -2.8068812 1.2802173 4
-0.49983737 -2.8021035 1.0695378 4
-0.50845188 -2.8477859 0.2628144 1
-0.49942073 -2.8017433 0.96703559 2
-0.52123523 -2.856997 0.3637836 1
-0.49245486 -2.7665651 0.86140102 2
-0.51645994 -2.9010398 0.048857745 2
-0.49972454 -2.8096611 -0.039085265 1
-0.49925724 -2.8128476 0.66594905 2
-0.43155149 -2.4183021 -0.050752677 1
-0.49195307 -2.7550693 0.17237504 1
-0.37352666 -2.0871398 -0.051137891 1
-0.43957877 -2.4149108 -0.050288808 1
-0.50969076 -2.8150694 0.66616243 1
-0.50877422 -2.8040798 -0.038301624 1
-0.38073653 -2.0858653 -0.051130071 1
-0.50464368 -2.7632842 1.2689331 6
-0.50638044 -2.7777994 1.1681621 3
-0.50953722 -2.80038 1.0695496 4
-0.51566881 -2.8538914 0.56672871 1
-0.53363007 -2.868957 0.36303264 1
-0.51950425 -2.8428316 0.46563867 1
-0.51901472 -2.849962 0.26246974 1
-0.5073939 -2.7902939 0.96550429 5
-0.50218642 -2.7572958 0.17189188 1
-0.5079177 -2.7981074 0.8654837 1
-0.53134274 -2.9264798 0.044430144 2
-0.51059896 -2.8181565 0.76682168 6
-0.44931775 -2.4210699 -0.052095491 1
-0.521065 -2.820318 0.76717341 4
-0.51457059 -2.7711821 0.16991858 1
-0.53114003 -2.850884 0.4654547 1
-0.52713394 -2.8374388 1.1824368 3
-0.5468446 -2.8847914 0.36206469 1
-0.52028251 -2.8044155 1.0706936 8
-0.53457564 -2.8795402 0.25962496 1
-0.52855319 -2.8569226 0.87291896 2
-0.51599771 -2.7827139 0.96459073 4
-0.38622871 -2.0750697 -0.048513215 1
-0.52803457 -2.8658841 0.56695384 1
-0.51779109 -2.7984734 -0.037517656 1
-0.54359341 -2.9363105 0.042539679 2
-0.52723628 -2.8565571 0.66838312 2
-0.51939273 -2.7900634 1.276646 8
-0.53507084 -2.848335 0.5667215 1
-0.5344857 -2.8336248 0.87029678 1
-0.55535471 -2.8750603 0.36251286 1
-0.52763695 -2.7806752 1.2746047 5
-0.54211116 -2.8549433 0.46534911 1
-0.5341174 -2.8202839 1.1788836 2
-0.53855371 -2.8489733 1.0797634 5
-0.55233908 -2.9266665 0.043820594 2
-0.52677941 -2.7928197 -0.036735471 1
-0.53279537 -2.8311608 0.66718954 1
-0.46051565 -2.4348555 -0.055718351 1
-0.39339697 -2.0737517 -0.048504945 1
-0.52489215 -2.7733135 0.16943425 1
-0.53603446 -2.8372867 0.97355253 3
-0.54274106 -2.8678997 0.26052985 1
-0.53479874 -2.8400769 0.76905537 4
-0.53523117 -2.7754102 0.16895059 1
-0.40340477 -2.0875909 -0.052671283 1
-0.54147154 -2.8121302 0.96986103 3
-0.46606517 -2.4179637 -0.052075654 1
-0.5544889 -2.8700197 1.2992656 6
-0.55869126 -2.8884435 0.46465617 1
-0.53737408 -2.7839503 1.1708716 3
-0.54150754 -2.8104491 1.0726045 3
-0.54677647 -2.8563173 0.56688726 1
-0.54429674 -2.8317804 0.87030971 1
-0.56540215 -2.9402907 0.041296799 2
-0.54940951 -2.8636956 0.77127898 6
-0.53935248 -2.8064427 -0.039808922 1
-0.54480946 -2.8410978 0.66780418 1
-0.56543684 -2.8710794 0.36263448 1
-0.5546512 -2.8737659 0.25982845 1
-0.54709333 -2.7852538 0.16747388 1
-0.57021248 -2.8943717 0.46451271 1
-0.55269641 -2.8180261 0.9711076 3
-0.54775131 -2.7967467 0.86625016 1
-0.56079268 -2.8760393 0.56723666 1
-0.55539787 -2.8431473 0.66801751 1
-0.47443259 -2.4163613 -0.052066028 1
-0.56332719 -2.8624117 1.2977376 4
-0.58131504 -2.9653919 0.036871344 2
-0.55103874 -2.812201 -0.041340057 1
-0.57100779 -2.9051032 0.25680551 1
-0.58653975 -2.9259622 0.35948899 1
-0.55522776 -2.8222094 1.1802452 5
-0.4109751 -2.0861444 -0.052662097 1
-0.55720073 -2.8480005 0.77010131 2
-0.55580193 -2.8296955 1.076769 4
-0.56404567 -2.8110485 1.2843977 4
-0.57125247 -2.8740065 0.56725013 1
-0.48395583 -2.418474 -0.052963611 1
-0.59083307 -2.9595144 0.037518844 2
-0.57090652 -2.8567481 0.97760302 2
-0.57958299 -2.8864152 0.46464351 1
-0.56635273 -2.8316255 1.0775362 5
-0.55906206 -2.8006032 0.86698061 1
-0.55417067 -2.7676909 0.1694703 1
-0.5649702 -2.8372145 0.66782981 4
-0.56003022 -2.8064525 -0.040555742 1
-0.5720225 -2.8715019 0.77232498 1
-0.56162196 -2.8030703 1.1762458 3
-0.41744465 -2.0809453 -0.051610973 1
-0.57582372 -2.8737116 0.25949657 1
-0.59326488 -2.9042518 0.36059174 1
-0.59233075 -2.8981383 0.4643822 1
-0.57263744 -2.8034132 1.2828696 8
-0.57229954 -2.8086016 0.16402835 1
-0.57573086 -2.8337297 0.87130463 1
-0.5755744 -2.8391809 0.66804302 2
-0.58431929 -2.8877201 0.56750757 1
-0.58002526 -2.8508987 0.97699881 2
-0.49422336 -2.426362 -0.05522399 1
-0.60173208 -2.8943739 0.36104038 1
-0.60237634 -2.9612458 0.036899026 2
-0.5702399 -2.8044231 -0.040542889 1
-0.4234876 -2.0718672 -0.049516089 1
-0.57945114 -2.8392692 1.1851741 2
-0.58421707 -2.8639138 0.26022381 1
-0.57702917 -2.8314979 1.0779263 4
-0.57702416 -2.8420563 0.76995522 1
-0.58488888 -2.8181906 0.16255289 1
-0.61662793 -2.9157577 0.35974678 1
-0.58436906 -2.8089073 1.2849369 8
-0.50342304 -2.4264917 -0.055666231 1
-0.60647273 -2.9136167 0.46404278 1
-0.58928072 -2.8372631 1.1851866 2
-0.58644032 -2.8275795 1.0775615 5
-0.60089248 -2.895076 0.2572014 1
-0.58999598 -2.8468564 0.97670251 3
-0.58646917 -2.8381112 0.76979864 2
-0.58190691 -2.8120639 -0.042460356 1
-0.59620029 -2.8879907 0.67066747 1
-0.59521735 -2.8875592 0.5675512 1
-0.43025833 -2.068532 -0.048985563 1
-0.58840191 -2.8433125 0.87275553 1
-0.61657101 -2.9785123 0.033741169 2
-0.59549165 -2.8321848 0.76947057 2
-0.61848116 -2.8745439 0.36193675 1
-0.61819291 -2.919353 0.46389991 1
-0.5934425 -2.8120878 1.0749314 4
-0.61092454 -2.8929982 0.25721389 1
-0.59585321 -2.8254561 0.97362769 3
-0.60025376 -2.8510032 0.87396568 2
-0.62849337 -2.9841175 0.032486767 2
-0.59165037 -2.8100584 -0.042447865 1
-0.6045891 -2.878109 0.67027926 3
-0.51024574 -2.4171283 -0.053840809 1
-0.60400945 -2.879632 0.5674727 1
-0.6002875 -2.8409529 1.1865369 4
-0.60155326 -2.8428392 1.2947065 4
-0.58901995 -2.7889659 0.16603658 1
-0.43895996 -2.074625 -0.051063877 1
-0.6089952 -2.829416 1.291639 4
-0.60368633 -2.8083525 1.1794159 4
-0.60259652 -2.8137743 -0.043592326 1
-0.61250764 -2.8662422 0.66978973 1
-0.44731572 -2.0787864 -0.052621286 1
-0.51820803 -2.4134653 -0.053376645 1
-0.60325289 -2.8203723 0.76863271 9
-0.636406 -2.9095037 0.35988101 1
-0.62748027 -2.9132998 0.46399069 1
-0.61521393 -2.8834088 0.567577 1
-0.62340856 -2.9061279 1.0938191 3
-0.62259179 -2.8986788 0.25651231 1
-0.61051691 -2.8466017 0.97734517 3
-0.60849804 -2.8335409 0.16009954 1
-0.61094046 -2.8528142 0.87445754 4
-0.64046603 -2.989665 0.031230928 2
-0.61664969 -2.8236744 0.16110355 1
-0.65500766 -2.9463265 0.35771808 1
-0.64009595 -2.9228544 0.46376851 1
-0.61627066 -2.8195994 1.1825483 7
-0.63388294 -2.9058895 1.0942099 5
-0.62591314 -2.8787007 0.77391964 4
-0.63639295 -2.9140584 0.25491965 1
-0.62616396 -2.8715379 0.98168015 5
-0.62289459 -2.8604057 0.87566805 1
-0.65578651 -3.0106277 0.027441045 2
-0.62936825 -2.9008362 0.56789672 1
-0.45449555 -2.0772493 -0.052613001 1
-0.60865438 -2.7944236 -0.040108345 1
-0.6311866 -2.9051416 0.67191184 2
-0.52737224 -2.4154878 -0.054274671 1
-0.61797822 -2.8235216 1.2906234 6
-0.63772088 -2.8908463 0.56778759 1
-0.65785682 -2.9109123 0.35958126 1
-0.63022465 -2.8327103 1.2937183 6
-0.65150148 -2.9265075 0.46366575 1
-0.63558769 -2.8612769 1.1928157 4
-0.63934493 -2.882586 1.09007 11
-0.66370338 -2.9967806 0.029356277 2
-0.62083554 -2.8038301 -0.042409703 1
-0.6429441 -2.910763 0.67232662 1
-0.53572989 -2.4136684 -0.054264154 1
-0.63659543 -2.8757119 0.87783754 1
-0.45798618 -2.0587084 -0.047909196 1
-0.63742328 -2.8719547 0.15467103 1
-0.62980121 -2.8404045 0.97706139 4
-0.64776468 -2.9176953 0.25439748 1
-0.63376909 -2.8667951 0.77308196 3
-0.65159345 -2.8922451 0.98572016 2
-0.65080714 -2.8852553 0.15270172 1
-0.654423 -2.8998971 0.2558386 1
-0.4667601 -2.0646782 -0.049987759 1
-0.66381311 -2.9340055 0.46348378 1
-0.64253616 -2.845753 1.1897084 2
-0.64422041 -2.8493972 1.2988672 4
-0.67233908 -2.9281194 0.35850692 1
-0.64167911 -2.8458579 1.0832884 4
-0.64569694 -2.8696299 0.87737155 1
-0.67921191 -3.0176196 0.025566641 2
-0.64799136 -2.8840585 0.77479696 6
-0.63224405 -2.809346 -0.043940578 1
-0.65302593 -2.9085395 0.67234051 1
-0.54323989 -2.4080191 -0.053345982 1
-0.64773476 -2.8886361 0.56780106 1
-0.65754193 -2.8798721 0.77463967 4
-0.68828934 -2.9510956 0.35710591 1
-0.67573941 -2.9395123 0.46334082 1
-0.65324277 -2.847331 1.190613 3
-0.65110105 -2.8417122 1.0829234 5
-0.66710013 -2.9092872 0.25478104 1
-0.65596712 -2.8649302 0.9817189 1
-0.67476511 -2.9449525 0.14478329 1
-0.65084457 -2.8460784 0.87474799 1
-0.68967259 -3.0152693 0.02558095 2
-0.64498818 -2.8205638 -0.046627283 1
-0.66091353 -2.8965294 0.67185086 1
-0.55071628 -2.4023449 -0.052427948 1
-0.67129081 -2.9468882 0.56876743 1
-0.66685379 -2.903728 1.3142897 4
-0.47558221 -2.0706058 -0.05206636 1
-0.48187199 -2.0652142 -0.051013757 1
-0.56162721 -2.4118421 -0.055140488 1
-0.66606289 -2.8728144 0.67075795 1
-0.65475988 -2.8183353 -0.046614189 1
-0.66467738 -2.8612456 0.8769182 2
-0.67085415 -2.8750381 1.307111 7
-0.66527754 -2.8545666 1.1928558 4
-0.68196857 -2.9313533 1.1010584 4
-0.68385154 -2.9361067 0.25211778 1
-0.69443393 -2.9312072 0.35809878 1
-0.67965662 -2.9098845 0.46390149 1
-0.670735 -2.8838387 0.9851284 2
-0.68142599 -2.9271412 0.14677967 1
-0.70188498 -3.0205803 0.024326669 2
-0.66397059 -2.8620508 0.77329129 2
-0.67839271 -2.9309106 0.56856555 1
-0.7177192 -3.0412302 0.020538013 2
-0.68257302 -2.8861253 0.15175006 1
-0.69312245 -2.9298551 0.25248861 1
-0.69167513 -2.9270706 1.1006941 4
-0.66941029 -2.8275731 1.1870717 3
-0.69791919 -2.9425805 0.46321216 1
-0.6753484 -2.8584256 0.98143756 4
-0.68695015 -2.8990648 1.314316 12
-0.68401146 -2.8995645 0.88196409 6
-0.68557984 -2.9102228 0.77772987 2
-0.56821215 -2.4023104 -0.053314377 1
-0.68854696 -2.9285562 0.56857896 1
-0.48900652 -2.0635536 -0.051005255 1
-0.71241367 -2.961832 0.3562628 1
-0.67961854 -2.886075 0.67157644 1
-0.663638 -2.8122463 -0.045829721 1
-0.71013212 -2.9748349 0.56936657 1
-0.72407907 -2.9651868 0.35595533 1
-0.68362284 -2.8402596 1.298925 4
-0.70488578 -2.9265423 0.46350357 1
-0.7013604 -2.9227579 1.1003355 5
-0.69451159 -2.8991158 0.88222063 1
-0.70479584 -2.946641 0.78115302 4
-0.67248356 -2.8061242 -0.045041345 1
-0.69785029 -2.9187255 0.67340517 6
-0.72735709 -3.0349004 0.021190742 2
-0.57830983 -2.4079394 -0.055114217 1
-0.70992506 -2.9571452 0.1423507 1
-0.68751776 -2.8657005 0.98299927 5
-0.70098472 -2.9177582 0.25339881 1
-0.69266307 -2.8821735 1.200467 2
-0.49215409 -2.0449586 -0.046297371 1
-0.71503198 -2.9355104 0.1448421 1
-0.72579288 -2.9298205 0.35781774 1
-0.72059971 -2.9494934 0.46300989 1
-0.70760232 -2.9026394 1.2058303 2
-0.70385087 -2.8922551 0.98764443 2
-0.70199811 -2.8755863 1.3092109 4
-0.70838463 -2.9203076 0.67361856 3
-0.70686054 -2.9063699 0.88343364 1
-0.68220377 -2.8038023 -0.045027588 1
-0.50190717 -2.0545368 -0.049417939 1
-0.71254432 -2.9393086 0.56885731 1
-0.73926055 -3.0381346 0.020254251 2
-0.58754599 -2.4097352 -0.056011029 1
-0.7055248 -2.8954964 1.0954406 3
-0.71807212 -2.9443834 0.25073674 1
-0.70851362 -2.9170594 0.77878368 2
-0.7162264 -2.8965147 1.2049519 3
-0.72363979 -2.9412682 0.67483968 2
-0.71099275 -2.8714006 1.3087108 6
-0.74503356 -2.9661977 0.35565609 1
-0.71896696 -2.912976 0.99136347 2
-0.72281682 -2.9254484 0.1458472 1
-0.73030716 -2.9471204 0.4630239 1
-0.74506491 -3.0184329 0.023120433 2
-0.69328678 -2.8091812 -0.046557866 1
-0.59362841 -2.4002335 -0.05418548 1
-0.5100143 -2.0585189 -0.050974779 1
-0.71133041 -2.8779116 1.0924342 4
-0.73719853 -2.9807291 0.24718285 1
-0.7093904 -2.8750963 0.87985224 1
-0.71905053 -2.918597 0.77913672 2
-0.72221792 -2.9369581 0.5688706 1
-0.71455365 -2.8467085 1.1938175 4
-0.75239062 -2.951993 0.35632309 1
-0.60151792 -2.3982782 -0.054175358 1
-0.74270838 -2.9608929 0.24880166 1
-0.72100294 -2.8778677 0.98612642 1
-0.71861154 -2.8595407 1.3061551 7
-0.74340349 -2.956234 0.46280476 1
-0.75311238 -3.0083125 0.024402512 2
-0.73445123 -2.9308605 1.1033976 5
-0.73500586 -2.9383051 0.88801473 1
-0.73103392 -2.9259043 0.7800014 1
-0.70534974 -2.8183334 -0.048858546 1
-0.73382729 -2.938756 0.6748535 4
-0.73856395 -2.9617701 0.56931549 1
-0.73485893 -2.9306464 0.14487019 1
-0.51769054 -2.0606017 -0.052009884 1
-0.74546486 -2.9245334 1.3246624 4
-0.61075699 -2.3999875 -0.05507173 1
-0.73916537 -2.9168301 0.67386162 3
-0.74114972 -2.9127023 0.14686704 1
-0.74316645 -2.9225919 1.1022792 4
-0.74566472 -2.9376776 0.88826859 1
-0.74213505 -2.9272301 0.78035665 5
-0.71273226 -2.8063712 -0.046916988 1
-0.74930888 -2.9611464 0.56936091 1
-0.76258063 -3.0018654 0.025050504 2
-0.74585384 -2.9347813 0.9957155 2
-0.74957669 -2.9447896 0.25006425 1
-0.73200119 -2.8744845 1.2009662 5
-0.75023097 -2.9400787 0.46309143 1
-0.52433902 -2.0569472 -0.051478956 1
-0.760153 -2.9397044 0.35688114 1
-0.52907044 -2.0457771 -0.048862364 1
-0.7738362 -2.9506094 0.35613573 1
-0.75992119 -2.9355369 0.46314457 1
-0.7539807 -2.9191763 1.2121295 3
-0.75861114 -2.9409444 1.1064463 5
-0.75504327 -2.9283555 0.99511105 2
-0.74933332 -2.9130645 0.77934891 7
-0.72004026 -2.7943888 -0.044975251 1
-0.75417513 -2.9336288 0.6748817 3
-0.75465876 -2.9391561 0.569067 1
-0.75290507 -2.9235399 0.88684428 1
-0.7659294 -2.9678257 0.13944748 1
-0.77006608 -2.9877336 0.026966387 2
-0.76076061 -2.9460545 0.24972273 1
-0.6219365 -2.4092004 -0.057784006 1
-0.75081289 -2.9032159 1.3195398 4
-0.78000486 -2.9324617 0.3570191 1
-0.75650585 -2.8837619 1.3149304 9
-0.76708239 -2.9212797 0.46339244 1
-0.76947433 -2.9376242 0.25027165 1
-0.75926059 -2.902771 0.99141908 4
-0.77252948 -2.9544683 0.032050893 2
-0.63124049 -2.4108243 -0.058679953 1
-0.76732332 -2.9426119 0.67549998 2
-0.76104665 -2.9132395 0.88590056 1
-0.53517246 -2.0402155 -0.04780994 1
-0.76483947 -2.9365387 0.56908143 1
-0.76311004 -2.9127843 1.2112522 2
-0.73510617 -2.8127985 -0.049203064 1
-0.75743574 -2.9027424 0.77868241 7
-0.76143217 -2.9097836 1.1007962 4
-0.77720916 -2.9690032 0.13896632 1
-0.76874441 -2.8931522 1.2072526 5
-0.7718122 -2.9096897 0.99297822 6
-0.76894081 -2.8904781 1.3175129 7
-0.77914798 -2.9330246 0.25046492 1
-0.78749627 -2.9663115 0.13898174 1
-0.76511079 -2.8875329 0.88303721 5
-0.77604747 -2.9328823 0.78159064 4
-0.74534923 -2.8121419 -0.049575608 1
-0.77448946 -2.9283495 0.67491102 6
-0.77501196 -2.9338794 0.56909627 1
-0.54416531 -2.0458477 -0.049886987 1
-0.77976984 -2.9403253 0.033967111 2
-0.76901931 -2.8976347 1.0989221 5
-0.63859648 -2.404871 -0.057761401 1
-0.7822845 -2.9379561 0.46301806 1
-0.79067874 -2.9316812 0.35692474 1
-0.78207475 -2.9063523 1.1012031 9
-0.78540826 -2.9120901 1.3242065 6
-0.77675569 -2.8829436 1.2054822 5
-0.79186994 -2.9399471 0.24958776 1
-0.77884448 -2.8955512 0.99113923 3
-0.7872197 -2.9389195 0.56923449 1
-0.77816153 -2.8963931 0.88448983 5
-0.78824335 -2.937897 0.78228736 4
-0.75358123 -2.8038695 -0.048404612 1
-0.55320638 -2.0514376 -0.051963594 1
-0.78360939 -2.9218009 0.67472434 4
-0.64292628 -2.3875911 -0.054120004 1
-0.79349166 -2.939105 0.46295488 7
-0.79502487 -2.9567051 0.030813085 2
-0.80446744 -2.9403646 0.35628837 1
-0.65522593 -2.4004219 -0.057738233 1
-0.82663554 -3.0297909 0.13009389 1
-0.79851133 -2.9205513 1.3273034 6
-0.78989607 -2.896662 0.99177128 5
-0.7954064 -2.9205396 0.88786221 5
-0.79686671 -2.929384 0.78179133 9
-0.80629772 -2.9577589 0.030194862 2
-0.79735345 -2.9325809 0.67544347 11
-0.56079048 -2.0513875 -0.052476447 1
-0.80210829 -2.9305534 0.46308592 1
-0.78774917 -2.884012 1.2063893 5
-0.79843527 -2.9400494 0.56931114 1
-0.79877412 -2.9262495 1.10575 8
-0.80567807 -2.948597 0.24853306 1
-0.7668398 -2.8124897 -0.050703488 1
-0.81199604 -2.925873 0.35695621 1
-0.66496998 -2.4017923 -0.058634423 1
-0.80657321 -2.9083116 1.3247505 7
-0.81064337 -2.939301 0.67596191 5
-0.80393666 -2.9099641 0.88691711 5
-0.56620038 -2.0418985 -0.050381098 1
-0.81752646 -2.9449818 0.46275142 1
-0.80543309 -2.9074593 1.2126485 4
-0.80615252 -2.9147449 0.99518502 4
-0.82122296 -2.9700558 0.027675582 2
-0.80332947 -2.9110875 0.78044319 8
-0.81332886 -2.952569 0.56957346 1
-0.83766353 -3.0267692 0.13010924 1
-0.81251895 -2.9347022 1.1080321 7
-0.77603757 -2.805908 -0.049918134 1
-0.82961661 -2.9499903 0.35544974 1
-0.81430167 -2.9379723 0.24926208 1
-0.81756568 -2.9101532 1.2140019 7
-0.81769472 -2.9185085 0.88837153 1
-0.8170976 -2.919683 0.78148127 5
-0.8234601 -2.9440434 0.67638075 6
-0.78785175 -2.8107793 -0.051446036 1
-0.57205886 -2.034266 -0.048806082 1
-0.8261953 -2.9573121 0.56971294 1
-0.84867758 -3.0237117 0.13012575 1
-0.81463879 -2.9041839 0.99396485 2
-0.82234848 -2.9274681 0.2499909 2
-0.81848252 -2.9167318 1.1050249 6
-0.67369425 -2.3993738 -0.058622397 1
-0.83308566 -2.9708655 0.027057795 2
-0.83038014 -2.9497085 0.46261212 6
-0.81403959 -2.8941879 1.3216832 12
-0.84254372 -2.9567127 0.3549214 1
-0.85169077 -2.9499483 0.35515407 1
-0.83714283 -2.9410846 1.2220447 4
-0.83689034 -2.9527221 0.67699945 7
-0.84220254 -2.9591169 0.24679548 1
-0.83270937 -2.9298778 0.9986136 3
-0.79917705 -2.8137169 -0.052587904 1
-0.84551662 -2.9755766 0.025805969 2
-0.85915762 -3.0207629 0.13014148 1
-0.83366126 -2.939863 0.78354031 6
-0.83495539 -2.9365749 1.1095726 10
-0.68094224 -2.3932877 -0.057703339 1
-0.83536261 -2.9505801 0.56966567 1
-0.85036546 -2.9814601 0.46192718 5
-0.83139044 -2.9174049 1.3288909 10
-0.58064324 -2.0378699 -0.050360993 1
-0.82726371 -2.9137537 0.88814658 3
-0.84166664 -2.929292 0.78287333 8
-0.68815446 -2.3871839 -0.056784179 1
-0.84820831 -2.9536519 0.67721611 8
-0.80785191 -2.8071673 -0.051802721 1
-0.85212737 -2.9707704 0.57005239 1
-0.83517963 -2.9032407 0.8872031 2
-0.84148866 -2.914511 1.3289058 12
-0.84727407 -2.9412251 1.1110994 7
-0.85739875 -2.9669693 0.46217597 6
-0.87134218 -2.979599 0.35332295 1
-0.84785908 -2.9400475 1.2225059 5
-0.58820748 -2.0377192 -0.050873421 1
-0.85627764 -2.9696043 0.24556378 1
-0.84609753 -2.9383924 1.0004827 3
-0.86015493 -2.9878271 0.023286263 2
-0.86878949 -2.9678268 0.46211374 1
-0.59310842 -2.0282583 -0.048779048 1
-0.86462772 -2.975493 0.5701915 1
-0.86128432 -2.9483337 1.2251977 6
-0.87319946 -2.9895954 0.24344078 1
-0.85419029 -2.9269521 1.1088471 10
-0.8839106 -2.9842353 0.35290393 1
-0.85479945 -2.9227188 1.3320034 10
-0.87127686 -2.9842482 0.13413556 1
-0.85237926 -2.9251347 0.8903352 1
-0.91866481 -3.1518123 -0.0045735743 2
-0.85952455 -2.9531837 0.78527415 3
-0.81648844 -2.8005912 -0.051017158 1
-0.69856691 -2.3922873 -0.058587279 1
-0.86064768 -2.9583786 0.67763442 6
-0.8497026 -2.912657 0.99678987 3
-0.93734807 -3.1751509 -0.0089920862 2
-0.90163493 -3.0060511 0.35150817 1
-0.89257777 -3.0108523 0.46119598 1
-0.86529064 -2.9316924 0.89154911 1
-0.86089474 -2.9134963 0.99742317 6
-0.88915497 -3.0056748 0.24167326 1
-0.87920302 -2.9748743 1.1190614 5
-0.7057519 -2.3861206 -0.057668451 1
-0.87828869 -2.9840052 0.57039249 1
-0.86980635 -2.9364347 1.3366429 9
-0.6033538 -2.0373273 -0.051898174 1
-0.82618999 -2.7977557 -0.051002361 1
-0.86975193 -2.9501896 0.78529036 4
-0.87648284 -2.9745605 0.67865664 3
-0.87696701 -2.9640448 1.229674 6
-0.88501263 -2.953512 1.2279046 5
-0.87093592 -2.9134567 0.88964593 1
-0.87940413 -2.9452524 0.78513473 4
-0.89696562 -3.0059981 0.68048722 1
-0.84144795 -2.8136945 -0.054843657 1
-0.89428443 -3.0001235 0.57071805 1
-0.87659198 -2.9294393 1.0005276 3
-0.90636492 -3.0254984 0.23955053 1
-0.88671434 -2.9624028 1.117189 6
-0.94947851 -3.1756759 -0.0096081756 2
-0.60601074 -2.0204363 -0.047716223 1
-0.8984527 -2.9924159 0.46152341 1
-0.88546932 -2.9519396 1.3417981 13
-0.91147804 -3.0009959 0.35163194 1
-0.71952564 -2.4023559 -0.06219371 1
-0.90140396 -2.9709694 1.2328271 3
-0.90092039 -2.9724779 1.1198485 13
-0.88899797 -2.9370558 0.8930192 1
-0.93117923 -3.028394 0.34991136 1
-0.89179301 -2.9358943 1.3382162 10
-0.91515803 -3.0103478 0.46111229 1
-0.91742247 -3.0242493 0.23938811 1
-0.90942961 -3.0021055 1.0129043 3
-0.9604879 -3.1723788 -0.0095905215 2
-0.90331227 -2.9880075 0.78924006 2
-0.8500694 -2.8070111 -0.054057926 1
-0.90051317 -2.9799023 0.67929238 3
-0.72336721 -2.384927 -0.05855228 1
-0.90410501 -2.9950995 0.57070255 1
-0.61851925 -2.0368292 -0.052921373 1
-0.73048341 -2.3786938 -0.057632245 1
-0.91546273 -2.9771676 1.3505642 8
-0.93141699 -3.0262878 0.46074021 1
-0.93062001 -3.0332332 1.1327088 4
-0.89513713 -2.9206474 0.89135504 1
-0.97607809 -3.1841502 -0.012107321 2
-0.85979319 -2.8040547 -0.054043461 1
-0.9154675 -2.9920588 0.68011469 2
-0.90095019 -2.9429049 0.78550655 4
-0.90949428 -2.964901 1.0073572 3
-0.93485713 -3.0439274 0.23726588 1
-0.91679573 -2.984611 1.2368582 5
-0.92374611 -3.0225749 0.57121485 1
-0.62331253 -2.0272992 -0.050826192 1
-0.94755602 -3.0442348 0.34884188 1
-0.93245912 -3.0136251 0.57113826 1
-0.91815591 -2.9626245 0.78756732 4
-0.93221915 -2.9990709 0.1302512 1
-0.93802738 -3.0168238 1.2453501 9
-0.94343269 -3.0375016 1.1342374 4
-0.63031137 -2.0251408 -0.050816704 1
-0.91166282 -2.9384086 0.89400953 2
-0.96405321 -3.0599973 0.34777257 1
-0.93146235 -2.9924469 1.3557192 4
-0.94838703 -3.0440617 0.46032953 1
-0.73928118 -2.3780227 -0.05807412 1
-0.92934519 -3.0003271 0.68073547 2
-0.94540632 -3.0406718 0.23728213 1
-0.9302128 -2.9957306 1.0129361 6
-0.86835384 -2.7973151 -0.053257804 1
-0.99292451 -3.1996214 -0.015257673 2
-0.98067153 -3.0756896 0.34670463 1
-1.0093027 -3.2131314 -0.018091166 2
-0.95535105 -3.0354788 0.23747668 1
-0.94182056 -2.9892025 1.355736 13
-0.96072382 -3.0464833 0.46022901 1
-0.95311409 -3.0284474 1.2489355 4
-0.94869643 -3.0173354 1.1308527 8
-0.94998342 -3.0226762 1.0178967 3
-0.95119309 -3.0371182 0.57158935 1
-0.63615662 -2.0192707 -0.049763776 1
-0.75039864 -2.3847523 -0.060330871 1
-0.94447553 -3.012357 0.68155807 3
-0.88037443 -2.80179 -0.054784641 1
-0.93421608 -2.9750555 0.89906275 1
-0.93432796 -2.9784577 0.78928739 4
-0.7568922 -2.3765738 -0.058957711 1
-0.95850629 -3.0204926 0.68217844 2
-1.0198501 -3.2077317 -0.017756801 2
-0.89008033 -2.7987254 -0.054769982 1
-0.96018541 -3.0246263 0.79373568 2
-0.95226961 -2.9964197 0.90219796 2
-0.95299274 -2.9925504 0.13028395 1
-1.002887 -3.1084116 0.34465915 1
-0.978948 -3.0707009 1.379391 8
-0.97489643 -3.0545795 0.46001366 1
-0.96066839 -3.0158222 1.2467208 6
-0.96946609 -3.0435529 0.23642461 1
-0.96876425 -3.0457501 1.0222394 4
-0.96918517 -3.0458667 1.1372919 4
-0.96651012 -3.0490623 0.5718534 1
-0.64254737 -2.015228 -0.049232598 1
-1.0050524 -3.0783148 0.34619534 1
-0.97767991 -3.0476012 0.57190049 1
-0.99218553 -3.0721304 0.45960364 1
-0.97260106 -3.0285819 0.68280029 1
-0.90215665 -2.8031123 -0.056296319 2
-0.97307944 -3.0288782 0.79443365 2
-0.98178655 -3.0459025 1.2547687 5
-0.97210997 -3.0197771 1.0185468 6
-0.98546898 -3.0572531 0.23483752 1
-1.0345732 -3.2154722 -0.019638725 2
-0.97604293 -3.0249438 1.367588 9
-0.98391157 -3.0555832 1.1399535 6
-0.96807331 -3.0101225 0.90437245 7
-0.7615639 -2.3628109 -0.056223355 1
-0.65009135 -2.0148335 -0.049745161 1
-0.97905916 -3.0383816 0.12386349 1
-1.0164303 -3.0787849 0.34599468 1
-0.98807782 -3.0424676 0.68372375 1
-1.0072244 -3.0840685 0.45931014 1
-0.98507863 -3.0259595 1.0201081 2
-0.98480427 -3.0180278 1.3665754 9
-0.99892849 -3.0628896 1.2596933 4
-0.76614869 -2.34904 -0.053489711 1
-0.65704507 -2.0125833 -0.049735069 1
-0.99207783 -3.0446835 1.1384593 7
-0.99851608 -3.0614033 0.23414224 1
-0.98398226 -3.0237586 0.9065491 1
-1.0487595 -3.2212565 -0.021204913 2
-0.98418224 -3.0273774 0.79462028 5
-0.91246951 -2.8018391 -0.056666832 2
-0.99436289 -3.0632315 0.57222873 1
-1.0054728 -3.0458205 1.3753289 6
-1.0222697 -3.0938599 0.45905599 1
-0.99931556 -3.0299206 1.2525697 4
-1.0648849 -3.2346895 -0.024036888 3
-1.004184 -3.0561197 0.68464822 1
-1.0390265 -3.1112611 0.34395063 1
-0.99862373 -3.0319176 1.0216701 2
-1.000088 -3.0393794 0.90896434 1
-0.77809155 -2.3594816 -0.056652673 1
-1.0093982 -3.0751464 0.57249266 1
-1.0112416 -3.0693998 1.1441436 6
-0.99837482 -3.0353179 0.79566073 7
-0.66638529 -2.0176508 -0.051809836 1
-1.018416 -3.0863249 0.23148708 1
-0.91669452 -2.7818692 -0.053183373 1
-0.7850312 -2.3530734 -0.055734083 1
-1.0113341 -3.0319867 0.123418 1
-1.0180818 -3.0585184 0.91186118 3
-1.0816786 -3.2478518 -0.026868038 3
-1.0392824 -3.1092746 0.45868593 1
-1.0293852 -3.0826764 1.3866529 13
-1.0593246 -3.1360471 0.34234142 1
-1.0153152 -3.0431001 1.2566026 6
-1.0165612 -3.0509531 1.0253959 11
-1.034198 -3.1031649 1.1517171 4
-1.0279543 -3.0810528 0.23168083 1
-1.0127311 -3.0452564 0.79687023 2
-0.92830878 -2.7862968 -0.054710627 1
-1.0160223 -3.0564129 0.68486667 2
-1.0325614 -3.1096146 0.57313073 1
-0.67118871 -2.0099533 -0.050237115 1
-0.67751747 -2.0057905 -0.049705833 1
-1.0408075 -3.0984275 0.57302439 1
-1.072118 -3.1380258 0.3420333 1
-1.0511093 -3.1120734 1.3959208 8
-1.0487466 -3.1079578 1.273129 5
-1.0393406 -3.0827911 1.1483333 8
-1.0430562 -3.0906999 0.23045143 1
-1.0290067 -3.0530255 1.0263406 5
-1.0274185 -3.0511978 0.91139758 2
-1.0860559 -3.2234743 -0.023367899 3
-1.0314784 -3.0662932 0.79910338 4
-0.95163482 -2.8240166 -0.063173227 2
-1.031666 -3.0680265 0.68569058 1
-0.79440129 -2.3540399 -0.056629051 1
-1.0293971 -3.0510509 0.12046555 1
-1.0532367 -3.1151311 0.4585101 1
-1.0933549 -3.164516 0.34031588 1
-1.0550505 -3.0940495 1.1513739 9
-1.0582404 -3.1002741 0.22922301 1
-1.056035 -3.0981083 1.0343947 2
-1.0412465 -3.0512159 0.11998607 1
-1.1016606 -3.2327881 -0.025565403 3
-1.07752 -3.151227 0.45771506 1
-1.0513401 -3.077286 1.3872011 9
-0.79942453 -2.3420527 -0.054348525 1
-0.68567461 -2.0070987 -0.050738458 1
-1.0476314 -3.0692122 1.2646682 5
-1.0486782 -3.0833616 0.68671679 2
-1.0567552 -3.1061258 0.80304247 2
-0.9601596 -2.8169892 -0.062386278 2
-1.0398939 -3.0532587 0.91213435 1
-1.0668707 -3.1402829 0.57378858 1
-1.0777528 -3.1365619 0.57380676 1
-1.0619432 -3.0872571 0.68713659 2
-0.97753209 -2.8359299 -0.06699457 2
-1.0617211 -3.0854676 0.80152553 4
-1.0891037 -3.1564944 0.10565026 1
-1.0753043 -3.1182373 1.1570603 4
-1.1147938 -3.1908865 0.33859906 1
-1.0701425 -3.0973897 1.3939013 6
-1.0923368 -3.1588156 0.45750114 1
-1.0696275 -3.0987616 1.2727183 6
-1.0760858 -3.1173148 0.22728159 1
-1.0667684 -3.0944183 1.0344119 2
-1.0575308 -3.070298 0.91479158 1
-1.1192623 -3.2476313 -0.028712776 3
-0.80815345 -2.3411167 -0.054789856 1
-0.69384813 -2.0083797 -0.051770665 1
-0.70077962 -2.0059724 -0.051760215 1
-1.0752991 -3.087254 0.91744965 1
-1.0742537 -3.0813663 1.0328842 9
-1.099931 -3.1512058 0.22373797 1
-1.0804585 -3.106215 0.68836641 1
-1.1251923 -3.1851168 0.33872622 1
-1.0783361 -3.0863435 1.3918618 11
-1.0993519 -3.1436684 0.45775041 1
-1.0758923 -3.0821297 1.269612 3
-1.0796809 -3.0959277 1.153299 6
-1.1279434 -3.2362616 -0.027428413 3
-1.082817 -3.1119006 0.80427229 7
-0.98094726 -2.8139703 -0.063126162 2
-0.81561178 -2.3364661 -0.054324012 1
-1.0931863 -3.1460307 0.5740422 1
-1.0951656 -3.1097405 0.92082709 1
-1.1475773 -3.2131934 0.33690211 1
-1.1261135 -3.1883698 1.4216926 14
-0.8275454 -2.3446615 -0.057032976 1
-1.1456882 -3.2509611 -0.030575838 3
-1.1109782 -3.1488523 0.10568548 1
-1.089789 -3.0875695 1.2718601 6
-1.1195167 -3.1662481 0.45722774 1
-1.0936472 -3.1014271 1.1552063 8
-1.0934106 -3.101856 1.0369209 5
-1.0995085 -3.125056 0.80582553 4
-0.99069464 -2.8105516 -0.063110888 2
-1.1010945 -3.130734 0.68989795 1
-1.113307 -3.1686547 0.57449621 1
-0.70388526 -1.9926009 -0.048622668 1
-1.1095387 -3.1436081 0.22411183 1
-1.1201142 -3.1420395 1.1642946 7
-1.1425294 -3.1962595 0.45655045 1
-1.1196262 -3.1475222 0.80823123 5
-1.1159317 -3.1381917 0.69052148 1
-0.83889866 -2.3509626 -0.059288576 1
-1.1296088 -3.1798584 0.57476354 1
-1.1113224 -3.111567 1.4011502 12
-1.1245643 -3.1517689 1.288391 5
-1.1614125 -3.2167056 0.33648708 1
-1.116016 -3.1315718 1.042504 3
-1.1264219 -3.1566346 0.22252779 1
-1.1105696 -3.1190202 0.92252487 1
-1.1609131 -3.2581391 -0.032456014 3
-1.0004299 -2.8070979 -0.063094951 2
-0.71333361 -1.9974359 -0.050697446 1
-1.133185 -3.138613 1.4099065 7
-1.1295639 -3.13132 1.2843924 6
-1.0075097 -2.796226 -0.061537247 2
-1.1766465 -3.2239163 0.33585563 2
-1.1617116 -3.2148623 0.45610562 1
-1.1257031 -3.1233392 1.1612892 8
-1.1434069 -3.1695936 0.22094452 1
-1.1187004 -3.1076682 0.92158312 1
-1.1755388 -3.2633839 -0.034020253 3
-1.1315069 -3.1474612 0.69124538 1
-0.84375024 -2.3388731 -0.057008065 1
-0.72152567 -1.9985949 -0.051729951 1
-1.1446048 -3.1830173 0.81183195 3
-1.1366004 -3.1646101 0.57459474 1
-1.1301914 -3.1369789 1.0440688 10
-1.1450547 -3.1402059 1.2875335 3
-1.1598214 -3.1805847 0.21953867 1
-1.1497947 -3.1571853 1.0481063 6
-1.1774621 -3.2304232 0.093370065 2
-1.1928997 -3.2760019 -0.036849275 3
-1.1522501 -3.1696558 0.8109979 5
-1.0291995 -2.8259399 -0.068455897 2
-1.1410575 -3.139751 0.69106239 2
-0.84918815 -2.3286154 -0.055180326 1
-1.1919447 -3.231065 0.33522478 2
-1.1414199 -3.1273873 1.407869 7
-1.1783127 -3.225836 0.45581523 1
-1.1543486 -3.1794586 0.57492578 1
-1.1368883 -3.1243017 0.92424226 1
-1.1518897 -3.1618783 1.1699997 5
-0.72973323 -1.9997262 -0.052761562 1
-1.1770114 -3.2073655 0.57547468 1
-0.85924435 -2.3311474 -0.056528393 1
-1.2128575 -3.2531171 0.33372617 2
-1.1595627 -3.1433675 1.4135431 5
-1.1888047 -3.2198524 0.45587361 1
-1.1545912 -3.1325426 1.2866597 3
-0.73928237 -2.0044456 -0.054836363 1
-1.1830794 -3.2131937 1.1813592 7
-1.1763266 -3.1914973 0.21813302 1
-1.1573374 -3.1438947 1.0465788 3
-1.1504663 -3.1219447 0.10724363 1
-1.155206 -3.1408436 0.92690057 2
-1.2178246 -3.3089302 -0.043160263 3
-1.0362964 -2.8149698 -0.066899724 2
-1.1615186 -3.1620476 0.69249463 1
-1.1584504 -3.1525259 0.80982113 3
-1.1744769 -3.1501858 1.4166453 5
-1.1627336 -3.1211939 1.2848932 5
-1.1724762 -3.1579897 0.69251329 2
-1.1764489 -3.1620905 1.0503074 4
-1.1633527 -3.1235123 0.10651949 1
-1.0433266 -2.803997 -0.065342546 2
-0.86595428 -2.3245015 -0.05560923 1
-0.73951823 -1.9837596 -0.049614128 1
-1.2224531 -3.2861605 -0.039975017 3
-1.1798431 -3.1740625 0.93172073 1
-1.176959 -3.1690507 0.81171787 2
-1.1812705 -3.1740618 1.1741956 7
-1.2103927 -3.2438247 0.45531353 1
-1.1936591 -3.2182665 0.57574338 1
-1.227501 -3.2561505 0.33331352 2
-1.1920928 -3.198401 0.21708556 1
-0.8767153 -2.3287864 -0.057409856 1
-1.1873884 -3.1547697 0.10183761 1
-1.19086 -3.1672363 1.0518723 6
-1.2272488 -3.2545819 0.45502451 1
-1.1950064 -3.1810997 0.9331798 1
-1.1966753 -3.1894538 0.6944505 1
-1.2076036 -3.2215955 0.57588726 1
-1.1847067 -3.1442795 1.4161501 7
-0.75480568 -2.0027661 -0.055857625 1
-1.2472739 -3.2742805 0.3320334 2
-1.0590166 -2.8148875 -0.068407349 2
-1.2080715 -3.2072864 0.21585782 1
-1.190752 -3.1642067 1.1730815 7
-1.1932154 -3.1680503 1.2974094 2
-1.2371858 -3.2890766 -0.041220807 3
-1.1933631 -3.1778002 0.81293124 1
-1.2534024 -3.2895672 0.45423454 1
-1.2708983 -3.3037143 0.33010149 2
-1.2077284 -3.185271 0.69446945 1
-1.20312 -3.1600158 1.4218227 5
-1.2109044 -3.1871099 1.055912 3
-0.87966603 -2.3110032 -0.053768419 1
-1.2078917 -3.1829498 0.8138029 2
-1.2471968 -3.2810614 -0.040568717 3
-1.2220073 -3.2105272 0.2151652 1
-1.227787 -3.2396197 0.5762822 1
-1.201427 -3.1565933 1.2956436 5
-1.205181 -3.1692367 1.174991 7
-1.2058765 -3.1748567 0.93295974 1
-1.0659957 -2.8038454 -0.066850759 2
-1.2227361 -3.213537 0.093446791 2
-0.75763017 -1.9893022 -0.052719954 1
-1.261526 -3.2861538 -0.042131837 3
-1.2498308 -3.2654548 0.57680076 1
-1.2303991 -3.205029 1.0596421 4
-1.2226913 -3.1875565 0.93513852 5
-1.2866699 -3.3104599 0.3294729 2
-1.2223473 -3.1774733 1.4280114 8
-1.269812 -3.2982533 0.45398334 1
-1.2229444 -3.1817458 1.3028023 4
-1.2184125 -3.1725709 1.1765207 9
-1.2287157 -3.2071948 0.69590348 1
-0.88656324 -2.3062713 -0.05330332 1
-0.76449466 -1.9866701 -0.052708842 1
-1.233111 -3.215977 0.8172366 5
-1.0701092 -2.7854629 -0.063752107 2
-1.2466513 -3.2416162 0.21180351 1
-1.2456559 -3.2104607 1.1852353 5
-0.90013635 -2.3177254 -0.05691788 1
-1.2740668 -3.2946849 0.57738364 1
-1.2470034 -3.2215431 0.69693255 1
-1.2403153 -3.1912317 1.4331725 5
-1.2747531 -3.2770407 0.45435056 1
-1.2343938 -3.1822946 1.0565686 4
-1.2857128 -3.3149116 -0.047808614 3
-1.2444141 -3.2137442 0.81742519 10
-1.0792744 -2.7819171 -0.06373658 2
-1.2465825 -3.2166309 0.93947953 2
-0.77516824 -1.9949583 -0.055825759 1
-1.2325608 -3.1738341 1.301929 4
-1.2614776 -3.2465549 0.21093379 1
-1.3081671 -3.3299203 0.32808641 2
-0.90956092 -2.3182223 -0.05781132 1
-1.2646812 -3.2339396 0.69786197 1
-1.2513692 -3.1868904 1.4331909 8
-1.2714115 -3.2474313 0.94406199 1
-1.2912812 -3.3051445 0.57765347 1
-1.2916121 -3.2932818 0.081137486 2
-1.2497222 -3.1890266 1.0584438 4
-1.3021246 -3.313561 0.45352322 1
-1.2934794 -3.2991567 -0.04588829 3
-1.2623286 -3.2186902 1.1879019 7
-1.3277792 -3.3457797 0.32691544 2
-1.2611122 -3.2128942 1.3126624 5
-1.2561065 -3.2091796 0.81744623 3
-0.77819657 -1.9813274 -0.05268785 1
-1.0950869 -2.7925947 -0.066800617 2
-1.2814234 -3.2644234 0.20881951 1
-1.2942054 -3.2636456 0.20848249 1
-1.3200625 -3.3236601 0.45323679 1
-1.2679515 -3.1975992 1.310003 4
-1.268438 -3.201493 1.1852758 7
-1.2866632 -3.2487829 1.0692886 3
-1.2919567 -3.2590053 0.085115977 2
-1.2832267 -3.2427652 0.94408345 1
-1.2832675 -3.2455866 0.82122117 4
-1.1004463 -2.7778194 -0.064472638 2
-1.2815634 -3.2423105 0.69858968 1
-1.3062316 -3.3078582 0.57780039 1
-1.3371619 -3.3355739 0.32726079 2
-0.78927243 -1.9893996 -0.055804331 1
-1.31071 -3.3093414 -0.048399769 3
-0.91084373 -2.2967672 -0.053263195 1
-1.2714685 -3.2038784 1.4393818 5
-1.3591725 -3.3568368 0.32576615 2
-1.1318215 -2.8286831 -0.076011278 2
-1.2789875 -3.1904502 1.4368305 7
-1.2819117 -3.2004144 1.3118081 5
-1.3151056 -3.2831817 0.2061902 1
-1.297918 -3.2442896 1.0693102 6
-1.3236476 -3.3084342 -0.049011867 3
-1.2989284 -3.2522118 0.82226568 1
-1.2885964 -3.2235172 0.94218189 1
-1.3082811 -3.2768166 0.70073241 1
-0.91590565 -2.2863514 -0.051437009 1
-1.2915101 -3.2249818 0.089092292 2
-0.79613668 -1.9866563 -0.055793393 1
-1.3169633 -3.3014302 0.57778895 1
-1.3434438 -3.3487604 0.45264131 1
-1.2940533 -3.2335522 1.1928568 6
-1.2979778 -3.2057004 1.4425067 5
-0.92163062 -2.2777331 -0.050064355 1
-1.2959088 -3.2031603 1.3136137 2
-1.3528129 -3.3384995 0.45277679 1
-1.303789 -3.2253819 1.1921207 8
-1.3069481 -3.2342517 1.0684016 9
-1.2938017 -3.1983771 0.092079289 2
-1.3159721 -3.2561648 -0.040765092 3
-1.3228132 -3.2791107 0.82518804 2
-1.1328398 -2.802882 -0.0713728 2
-1.3151748 -3.2611213 0.70014638 2
-1.3365902 -3.3172486 0.57815415 1
-0.81018329 -2.0018003 -0.060993772 1
-1.3071625 -3.2374415 0.94460326 1
-1.3354126 -3.3007674 0.20407616 1
-1.3693056 -3.3483949 0.32600367 2
-1.3877478 -3.360229 0.32505032 2
-1.3719261 -3.3522944 0.4524132 1
-1.31581 -3.2203083 1.3189907 6
-1.3179181 -3.2281029 1.1936533 8
-1.3498588 -3.3034801 0.20338513 1
-1.3315303 -3.2626398 1.0739902 5
-1.3198316 -3.2306387 0.087154441 2
-1.3206183 -3.2383952 0.94534492 1
-1.3153753 -3.222295 -0.035682708 3
-1.3289362 -3.2615626 0.82401341 4
-1.3525915 -3.3236978 0.5783627 1
-0.81854004 -2.0025673 -0.062024422 1
-1.1366459 -2.7843761 -0.068275392 2
-1.3399785 -3.2898526 0.70198679 3
-0.93389702 -2.2853518 -0.052771602 1
-1.314904 -3.2154932 1.4466403 8
-1.3663857 -3.3245261 0.57848263 1
-0.94327313 -2.2857077 -0.053660009 1
-1.3287991 -3.2231789 -0.036607083 3
-1.410117 -3.3812077 0.32356259 2
-1.3392649 -3.2430668 1.4559203 5
-1.3372208 -3.2495418 0.82335567 6
-1.340875 -3.2558234 0.9482522 1
-1.3544102 -3.2925563 0.70241612 1
-0.81813699 -1.9818494 -0.05679746 1
-1.149267 -2.7876797 -0.069793478 2
-1.3911564 -3.3659935 0.45205459 1
-1.3299278 -3.2229197 1.3208016 4
-1.3522074 -3.2798212 1.2053996 8
-1.3658527 -3.3098259 0.20234445 1
-1.3495835 -3.2744405 1.0768005 3
-1.3491219 -3.2700882 0.081244528 2
-0.82497686 -1.9789963 -0.056786746 1
-1.3786757 -3.3215909 0.57853514 1
-1.3841341 -3.3321259 0.70486462 2
-1.1551689 -2.7745986 -0.067850374 2
-1.3560948 -3.2632835 0.82508433 4
-1.3612653 -3.2731533 0.95115602 3
-1.3604585 -3.2653787 0.081266403 2
-1.4181675 -3.3980632 0.45130822 1
-1.354533 -3.2506783 1.3288581 6
-1.3568069 -3.2587588 1.2020173 8
-1.4272461 -3.389168 0.32282659 2
-1.3445709 -3.2241004 1.4518281 15
-1.3526138 -3.2496305 1.0734174 5
-0.95117313 -2.2824206 -0.053645954 1
-1.3497989 -3.2422569 -0.040699057 3
-1.3857254 -3.3252904 0.20040855 1
-1.4370914 -3.4117985 0.45094463 1
-1.4477468 -3.4065032 0.32155013 2
-1.3835521 -3.287375 1.4713881 5
-1.3874164 -3.3090911 0.70387334 1
-1.3770292 -3.2779491 1.0790054 5
-1.3869516 -3.2994876 -0.051433761 3
-1.3726435 -3.2648823 1.2043072 8
-1.3672959 -3.2495439 1.3297725 4
-1.4041812 -3.3369823 0.1988297 1
-1.3657163 -3.2519064 0.94901526 1
-1.3781549 -3.2842774 0.82749546 4
-1.1715875 -2.7868686 -0.071298808 2
-0.95756155 -2.2755044 -0.052726105 1
-1.3978881 -3.3352261 0.57886976 1
-1.3717823 -3.2606184 0.081287093 2
-0.83031768 -1.9725597 -0.055733491 1
-1.4027619 -3.3134482 0.70440161 1
-1.3901329 -3.2737296 1.3369364 4
-1.3918555 -3.2839541 0.95383954 1
-1.3971384 -3.2928963 1.2111349 6
-1.4666196 -3.4179702 0.32059878 2
-1.3904212 -3.271857 1.4683242 7
-1.4613953 -3.4362364 0.45035279 1
-1.4177965 -3.34218 -0.059638675 3
-1.3825215 -3.256072 0.081307389 2
-0.9657886 -2.2741296 -0.05316652 1
-1.3991423 -3.2986267 1.0833592 1
-1.4205111 -3.3582351 0.57936174 1
-1.4235078 -3.3504298 0.19707422 1
-0.83562368 -1.9661056 -0.05468015 1
-1.4011497 -3.307003 0.83007967 5
-1.1820034 -2.7845826 -0.071666263 2
-0.97822797 -2.2815173 -0.055872403 1
-1.4811714 -3.449513 0.44999188 1
-1.4082472 -3.2882757 1.0824523 3
-1.426289 -3.3299565 -0.058351245 3
-1.405467 -3.2807777 1.2096434 8
-1.4245255 -3.3203154 1.4837732 5
-1.4327571 -3.3425059 0.068967745 2
-1.4354502 -3.3573532 0.83522481 5
-1.4133499 -3.3028326 0.95698488 1
-1.1896269 -2.7770474 -0.07088048 2
-1.4165943 -3.3140526 0.70472574 1
-1.4360646 -3.3624685 0.57954091 1
-0.84811729 -1.9775562 -0.058837261 1
-1.3976475 -3.2599018 1.3347247 7
-1.4909351 -3.4400864 0.31899962 2
-1.4445145 -3.3674357 0.19496252 1
-1.4666541 -3.401546 0.58031726 1
-0.98072594 -2.2655768 -0.052685644 1
-1.4375412 -3.3311238 0.70596218 1
-1.4334236 -3.3179548 0.9596498 1
-1.4443468 -3.3375001 0.068990275 2
-1.4191909 -3.2762845 1.4724811 7
-1.4227656 -3.2906129 1.0837116 7
-1.4955094 -3.4498427 0.44989985 1
-1.2004992 -2.7744887 -0.071246594 2
-1.514827 -3.4623411 0.31740111 2
-1.4462253 -3.3428624 -0.061491277 3
-0.85223073 -1.9673561 -0.056741264 1
-1.417992 -3.2744572 1.3396586 6
-1.4290534 -3.3026726 1.2153393 10
-1.4530377 -3.3550677 0.19569556 1
-1.4358606 -3.3246222 0.83268547 6
-1.4581167 -3.3330922 1.490505 7
-1.5200588 -3.4718421 0.44934744 1
-1.4511185 -3.3195481 1.3521832 6
-1.4483688 -3.3160734 -0.057673655 3
-1.4647783 -3.3534958 1.2270856 9
-1.4564979 -3.3322027 0.069013365 2
-1.4454963 -3.3126836 0.95967203 9
-0.85594267 -1.9573007 -0.054645754 1
-1.4758532 -3.3888237 0.5802145 1
-0.99903589 -2.2852137 -0.058563348 1
-1.462387 -3.35516 0.70760465 1
-1.2179267 -2.7883019 -0.075078256 2
-1.4553173 -3.3378792 0.83441663 9
-1.4750099 -3.3737283 0.19340675 1
-1.4481304 -3.316186 1.088995 3
-1.5284436 -3.4606969 0.31720784 2
-1.5052437 -3.4239664 0.58092999 1
-1.4732822 -3.3473949 0.83580607 7
-1.4630446 -3.318243 -0.058917001 3
-1.457773 -3.3094466 0.95993406 6
-1.4602655 -3.3091133 1.3508652 8
-1.544499 -3.4644752 0.31669027 2
-1.4587712 -3.3032198 1.4833264 11
-1.5457911 -3.4976423 0.44871914 1
-1.4645543 -3.3214011 1.2214341 11
-1.462795 -3.3183646 1.0902556 3
-1.2252184 -2.7786529 -0.073905796 2
-1.4900464 -3.3866439 0.70965248 3
-1.5003332 -3.3995748 0.1904075 1
-1.0038054 -2.274591 -0.056736641 1
-1.479233 -3.3525407 0.065574758 2
-0.8688966 -1.9684638 -0.058802467 1
-0.87099975 -1.9548426 -0.055664532 1
-1.0085121 -2.2639594 -0.05491012 1
-1.5017872 -3.3814251 0.70967484 3
-1.2372261 -2.7797511 -0.075043723 2
-1.4898185 -3.3422687 1.4962059 7
-1.4899112 -3.3449879 1.3611586 6
-1.4788854 -3.3261392 0.96284068 1
-1.5671299 -3.4827669 0.3153092 2
-1.4967506 -3.3629618 1.2312915 11
-1.5234308 -3.4198301 0.18794258 1
-1.4887012 -3.345763 1.0958481 5
-1.4795896 -3.3219769 0.069057815 2
-1.4729518 -3.3095164 -0.058262188 3
-1.5010121 -3.3786762 0.83924472 9
-1.5324746 -3.453454 0.58155042 1
-1.5611714 -3.4995389 0.44858873 1
-1.4748893 -3.2805738 0.074022442 2
-1.583325 -3.4863846 0.31479213 2
-1.5167837 -3.3825278 0.8401227 3
-1.5566713 -3.475486 0.58204591 1
-0.88561642 -1.969443 -0.060862336 1
-1.5806726 -3.5104969 0.44826803 1
-1.4873877 -3.3116891 1.0909179 5
-1.5369202 -3.418133 0.18760994 1
-1.5172256 -3.3774428 1.2354751 7
-1.0163349 -2.2604446 -0.054895792 1
-1.4919356 -3.3184321 1.355823 6
-1.2484527 -2.7790179 -0.075795218 2
-1.5053465 -3.34588 1.4988006 7
-1.5183959 -3.38711 0.71030408 3
-1.5155281 -3.3771572 0.97031349 1
-1.4860411 -3.3079753 -0.058872629 3
-1.6028796 -3.4972034 0.31384441 2
-1.5033975 -3.3106651 1.4900784 7
-1.5977936 -3.5159016 0.44806185 1
-1.5168041 -3.3452787 1.2298231 11
-1.5125338 -3.3392761 0.96601027 1
-1.5252318 -3.3699565 0.83946198 6
-1.0305542 -2.271106 -0.058507245 1
-1.4975101 -3.3027856 -0.058849346 3
-1.2564615 -2.7710791 -0.075006701 2
-1.5481925 -3.4218655 0.71255565 2
-0.88765091 -1.9557873 -0.057725184 1
-1.5703648 -3.473685 0.58213186 1
-1.5082499 -3.3238678 1.3585253 6
-1.5487748 -3.4127626 0.18763345 1
-1.5167505 -3.3461058 1.0977497 3
-1.5840642 -3.4718299 0.58221954 1
-1.5007719 -3.2795796 -0.055665284 3
-1.5589558 -3.4037163 0.1880118 1
-1.6224519 -3.5375969 0.44751221 1
-1.5367556 -3.3558328 1.3679247 8
-1.6225331 -3.5079138 0.31289503 2
-1.5332812 -3.3506951 1.2321151 9
-1.5398138 -3.3659701 1.1021055 3
-1.5552783 -3.3966124 0.056769002 2
-1.5413859 -3.3719287 0.97108042 4
-1.5649728 -3.4262829 0.84529632 3
-1.2619894 -2.757761 -0.07306353 2
-1.5600537 -3.4164493 0.71257877 4
-1.0327529 -2.2550917 -0.055320982 1
-0.89279753 -1.9491786 -0.056671578 1
-1.5309166 -3.3405731 1.5003891 6
-1.5475672 -3.3486803 1.3675013 7
-1.567054 -3.3934989 1.2423527 7
-1.5589092 -3.3767371 1.1049144 7
-1.64226 -3.5482571 0.44719127 1
-1.5570474 -3.3668025 1.5096704 10
-1.6346984 -3.502239 0.31291947 2
-1.5874249 -3.4344516 0.18448131 2
-1.5621928 -3.3863771 0.97374743 9
-1.6201749 -3.5065603 0.040978856 2
-1.5270021 -3.3066227 -0.061334878 3
-0.90435719 -1.9565883 -0.059785899 1
-1.5810071 -3.4298649 0.84617454 10
-1.269078 -2.7480011 -0.071890809 6
-1.5835663 -3.4364004 0.71402037 4
-1.0372905 -2.2444136 -0.053493455 1
-1.5994385 -3.4735548 0.58236831 1
-1.0491439 -2.2496281 -0.055745423 1
-1.6005608 -3.4324949 0.050391968 2
-1.5890818 -3.4051671 1.5225533 8
-1.6595732 -3.5236337 0.31132343 2
-1.5368065 -3.2976935 -0.060680129 3
-1.660472 -3.5552022 0.44694853 1
-1.5838108 -3.3963058 1.380924 5
-1.5746764 -3.3791113 1.240485 11
-1.6010152 -3.4325118 0.18414944 2
-1.5814265 -3.3945763 1.1089618 10
-1.565574 -3.3629 0.97136647 1
-1.5811664 -3.3990109 0.84380436 10
-1.2719864 -2.7293217 -0.068793103 4
-1.5988383 -3.4381101 0.71444893 2
-1.6274455 -3.5024438 0.58299214 1
-0.91273099 -1.9569386 -0.060815334 1
-0.91948032 -1.9537588 -0.06080303 1
-1.6480564 -3.5148635 0.58333236 1
-1.6013892 -3.4115314 0.84553778 9
-1.5975947 -3.3926032 1.5205185 12
-1.6762029 -3.5566304 0.44681963 1
-1.5839915 -3.3660455 1.3746934 7
-1.6013851 -3.4056003 1.2473171 11
-1.6803435 -3.5358744 0.31026819 2
-1.2980778 -2.7604289 -0.076472618 2
-1.0577433 -2.2477272 -0.056183863 1
-1.6213753 -3.4449542 0.18239786 2
-1.5948658 -3.3926203 1.1096038 4
-1.632688 -3.4700174 0.044485822 2
-1.6201569 -3.4491313 0.98365146 5
-1.5515924 -3.2994719 -0.061922126 3
-1.6226032 -3.457844 0.715891 1
-1.0638452 -2.2405102 -0.055263769 1
-1.7141337 -3.575047 0.30759367 3
-1.5630314 -3.2940516 -0.061898943 3
-1.6971039 -3.5688314 0.44646206 1
-0.92127377 -1.9400771 -0.057665538 1
-1.669628 -3.5289879 0.58370358 1
-1.6270229 -3.4326911 0.98223275 3
-1.6200995 -3.4097207 1.52723 6
-1.6123294 -3.3957436 1.3836503 7
-1.63503 -3.4428732 0.18206538 2
-1.3093141 -2.7594366 -0.077224687 2
-1.6224192 -3.4195268 1.2515026 7
-1.6319261 -3.4455781 0.84932357 7
-1.6448203 -3.4738398 0.71713036 2
-1.6218216 -3.4191928 1.1152005 6
-0.93045706 -1.9420887 -0.059216503 1
-1.6767073 -3.5123174 0.58353925 1
-1.6602963 -3.4753032 0.71756124 4
-1.3222458 -2.7619514 -0.078745537 2
-1.6575793 -3.4686463 0.85208356 11
-1.6363564 -3.4216194 0.98153579 8
-1.6994941 -3.5481088 0.032183494 3
-1.6402433 -3.4214904 1.5323982 14
-1.627454 -3.3971367 1.3854601 7
-1.7135249 -3.5420625 0.30923834 3
-1.7103426 -3.5646999 0.44644937 1
-1.6285659 -3.4028149 1.113367 10
-1.6308843 -3.4067619 1.2500141 10
-1.6521212 -3.4479377 0.18102384 2
-1.5727531 -3.2850204 -0.061243732 3
-1.0749406 -2.2438297 -0.057061896 1
-1.7354208 -3.55582 0.30807582 3
-1.7418244 -3.5983372 0.44563475 1
-1.6620678 -3.4388556 1.3975444 9
-1.647801 -3.4116628 1.2523078 7
-1.6735897 -3.4618988 0.17909481 2
-1.6746327 -3.4683325 1.1257749 6
-1.6932145 -3.5154603 0.5837217 1
-1.6559613 -3.4319897 0.98372334 1
-1.5815732 -3.2741797 -0.060272392 3
-1.670468 -3.4646375 0.85227889 6
-1.3301071 -2.7537897 -0.0779569 2
-1.6827264 -3.4910946 0.71880156 6
-1.0767816 -2.2277894 -0.053874832 1
-0.94133908 -1.9475396 -0.061809085 1
-1.7118028 -3.5421631 0.032208707 3
-1.6571335 -3.4261861 1.535509 10
-1.0861791 -2.2275321 -0.054766998 1
-1.6754327 -3.4393599 1.1217738 8
-0.95142651 -1.9512062 -0.063879937 1
-1.6892902 -3.4620998 1.5478816 10
-1.6716334 -3.4306271 1.2576293 10
-1.7587963 -3.6075687 0.022353334 3
-1.5963788 -3.275749 -0.061514705 3
-1.6799915 -3.4512024 0.98711473 5
-1.7070278 -3.510371 0.72024626 5
-1.3430707 -2.756202 -0.079477735 2
-1.6868252 -3.4677515 0.85315818 11
-1.7149959 -3.5293241 0.58409381 1
-1.661199 -3.4067397 1.3908691 7
-1.7630597 -3.6102161 0.44527823 1
-1.6966512 -3.4772489 0.17698933 2
-1.7492484 -3.5512362 0.30799502 3
-1.7808707 -3.6148083 0.44507441 1
-1.7412825 -3.5520737 0.58462501 1
-1.1024412 -2.2412288 -0.059284315 1
-1.7191993 -3.5043879 0.72027075 8
-1.7003926 -3.4601085 1.126443 10
-1.7024294 -3.4667153 0.99002481 3
-1.7835467 -3.6263669 0.018921427 4
-1.7072479 -3.4683235 1.5515063 21
-1.7104652 -3.4748933 0.17665964 2
-1.7169644 -3.497354 0.85660523 9
-1.6856139 -3.4251268 1.3971486 5
-1.3427278 -2.730125 -0.074839957 2
-1.7837304 -3.5898504 0.30532214 3
-1.6100416 -3.2734346 -0.062122226 3
-0.9601903 -1.9511864 -0.064909145 1
-1.6927613 -3.4421136 1.2614386 7
-1.72587 -3.4741642 1.5551341 8
-1.7701414 -3.577949 0.58522183 1
-1.7895949 -3.5993042 0.44529241 1
-1.7113169 -3.4471784 1.4043206 18
-1.7221012 -3.4713912 1.2690318 10
-1.8108447 -3.6482666 0.014996766 4
-1.7899328 -3.5711024 0.30610335 3
-1.7295895 -3.4831836 0.17526372 2
-1.7208657 -3.4697974 1.1292559 4
-1.7229612 -3.4764805 0.9922151 10
-1.6240181 -3.2731111 -0.063047104 3
-1.7220331 -3.4770405 0.85526085 4
-1.340006 -2.7007911 -0.069434047 2
-1.7425641 -3.5195682 0.72151494 1
-1.1079825 -2.2319484 -0.057908662 1
-0.9583711 -1.9305197 -0.0596883 1
-1.8104085 -3.580893 0.3051593 3
-1.749135 -3.4905994 1.5618479 12
-1.8163877 -3.6216643 0.44470966 1
-1.740679 -3.4760678 1.4132794 5
-1.7358863 -3.4688728 1.2698133 7
-1.751462 -3.4967308 0.17333494 2
-1.735538 -3.469069 1.1302094 10
-1.7367824 -3.4739985 0.99272078 1
-1.8394607 -3.6738935 0.010578753 5
-1.1156932 -2.2280777 -0.057894148 1
-1.7814822 -3.5670979 0.72458214 1
-1.7438567 -3.4906402 0.85716969 3
-1.6300757 -3.2568264 -0.061127819 3
-1.3546091 -2.7066479 -0.071723998 2
-1.7843307 -3.5753298 0.5853107 1
-0.96502787 -1.9271796 -0.059675537 1
-1.7536693 -3.4709699 1.5577554 12
-1.8346258 -3.6281161 0.44446683 1
-1.7468615 -3.4598308 1.4106231 7
-1.8384998 -3.6069133 0.30324128 4
-1.7860608 -3.5468988 0.72379541 1
-1.8622826 -3.6890521 0.0076405816 5
-1.7629404 -3.4950721 1.1358076 6
-0.97687715 -1.9341598 -0.062788188 1
-1.3683875 -2.7106779 -0.073629543 2
-1.7559608 -3.4821072 0.99467015 8
-1.7770442 -3.5206826 1.2823274 11
-1.7797233 -3.5226247 0.17016509 2
-1.6378157 -3.2440641 -0.059840523 3
-1.7729571 -3.5183635 0.86044562 4
-1.1198895 -2.2172191 -0.056066971 1
-1.7931399 -3.5619371 0.58520973 1
-1.8049635 -3.5552065 0.72463149 4
-1.7843496 -3.503046 1.5690991 8
-1.8540294 -3.6079085 0.30283526 5
-1.8870214 -3.7076328 0.0042086337 5
-1.7798101 -3.4997854 1.1376908 10
-1.7635437 -3.4644532 1.4133291 5
-1.8483943 -3.6255784 0.44441572 1
-1.3684232 -2.6886308 -0.06976302 2
-1.1254047 -2.2100251 -0.055147219 1
-0.98670471 -1.9378111 -0.064859055 1
-1.7953557 -3.5337877 0.86252159 4
-1.6556504 -3.2527134 -0.062346108 3
-1.788079 -3.5169935 1.0002269 3
-1.8003526 -3.5344732 0.16841483 2
-1.782414 -3.5025132 1.2797034 8
-1.8229378 -3.5916605 0.5858683 1
-0.99305636 -1.934531 -0.064848281 1
-1.8201724 -3.5444398 0.16684151 2
-1.8000389 -3.5093837 1.1405038 8
-1.8848864 -3.6368959 0.30070439 6
-1.6654631 -3.2454531 -0.062007315 3
-1.8097104 -3.5331476 0.86306036 6
-1.3745848 -2.6788404 -0.068591341 2
-1.8172899 -3.5488925 0.72465825 4
-1.1379763 -2.216702 -0.057850849 1
-1.8411329 -3.598069 0.58611542 2
-1.791543 -3.4894989 1.4213946 6
-1.8026572 -3.5088327 1.5727267 8
-1.8664439 -3.6297827 0.44421363 1
-1.8100494 -3.5280471 1.2865392 8
-1.8050815 -3.5216563 1.001695 1
-1.9016978 -3.7045567 0.0037414881 5
-1.3829563 -2.6722925 -0.068187341 2
-1.1456349 -2.2127216 -0.0578361 1
-1.8442308 -3.5709341 0.72630703 3
-1.8301741 -3.542748 0.86462635 1
-1.8254782 -3.5312173 1.0038862 1
-1.9345868 -3.7367024 -0.0016619812 6
-1.8192507 -3.5110981 1.5753255 12
-1.8294793 -3.5356727 1.2895931 8
-0.99618858 -1.9241983 -0.06275285 1
-1.8682563 -3.6200619 0.58664858 2
-1.837037 -3.5469232 0.16598074 2
-1.8983284 -3.6605473 0.44344118 1
-1.8233137 -3.5213332 1.4312513 6
-1.8239812 -3.5259035 1.1445553 6
-1.6794331 -3.2448895 -0.062931977 3
-1.9055215 -3.6441302 0.29987034 6
-1.8499255 -3.5426078 1.4384249 6
-1.6842967 -3.2267554 -0.060696252 3
-1.9193501 -3.6698542 0.44312549 1
-1.8535312 -3.5528195 1.150467 9
-1.9585551 -3.7510536 -0.0045965076 6
-1.8468792 -3.5424354 1.0063173 1
-1.8442956 -3.5398688 0.86499447 12
-1.8741096 -3.5981557 0.72826248 1
-1.1559751 -2.2139008 -0.059179995 1
-1.8964764 -3.643693 0.58721495 2
-1.0028235 -1.9207251 -0.062739559 1
-1.8510705 -3.5424285 1.5866718 8
-1.4017283 -2.6846216 -0.072015144 2
-1.8600835 -3.5595987 0.16405532 2
-1.8459752 -3.5359089 1.2911348 11
-1.942976 -3.6830728 0.29709536 8
-1.9457544 -3.6875734 0.4426223 1
-1.0133662 -1.9238803 -0.064809375 1
-1.8700711 -3.5496051 1.4420277 8
-1.1621937 -2.2062073 -0.058258142 1
-1.8937001 -3.6036503 0.72900152 3
-1.9153126 -3.6473484 0.58743411 2
-1.8793882 -3.5754497 0.86913157 8
-1.6932874 -3.2153177 -0.059723504 3
-1.8763793 -3.5672877 1.0106759 1
-1.9833028 -3.7649341 -0.0075293798 7
-1.8738104 -3.5599914 1.1529725 4
-1.8639575 -3.5356159 1.5866996 8
-1.9520074 -3.6692178 0.29755434 8
-1.8804636 -3.5668731 0.16266462 2
-1.4078357 -2.6725156 -0.07045681 2
-1.8880724 -3.5847471 1.3032749 9
-1.8867841 -3.5475352 1.5923879 8
-1.9648144 -3.6910048 0.44242176 1
-1.8986591 -3.5746558 1.3025445 9
-1.0203316 -1.9201638 -0.064796187 1
-1.9798156 -3.6905489 0.29585713 9
-1.9068393 -3.5866809 0.1600291 2
-1.9034171 -3.5845222 1.1585761 9
-2.0044618 -3.7716641 -0.0094751352 7
-1.8949372 -3.5709128 1.0121477 13
-1.7086895 -3.2160726 -0.060962494 3
-1.9110425 -3.6037576 0.87258202 1
-1.4152476 -2.6641278 -0.06966801 2
-1.9198959 -3.6214018 0.73045051 9
-1.1683728 -2.1984951 -0.057336636 1
-1.9342031 -3.6509073 0.58765358 2
-1.8939463 -3.5633881 1.447418 6
-1.9209598 -3.5818229 1.6047662 10
-1.977616 -3.684129 0.44245023 1
-1.9246802 -3.5911341 1.4563818 6
-2.005898 -3.7082272 0.29437715 9
-1.9369638 -3.6165059 1.3131715 6
-1.9361929 -3.6116254 0.15686277 2
-1.9167709 -3.579602 1.1589128 7
-2.0343959 -3.7961493 -0.013889513 7
-1.9232138 -3.5940492 1.0162655 2
-1.7235622 -3.2170565 -0.062202841 3
-1.9319781 -3.6128907 0.87414998 7
-1.41892 -2.6487892 -0.067340448 2
-1.9362149 -3.621721 0.73088366 1
-1.1796379 -2.2012811 -0.059133992 1
-1.9525089 -3.6547201 0.58787137 2
-1.0269529 -1.9165995 -0.064783253 1
-1.0280712 -1.9028051 -0.061646465 1
-2.0244892 -3.7117298 0.29375857 10
-1.9998997 -3.6947925 0.44209781 1
-1.9408259 -3.5912564 1.458196 6
-1.9489758 -3.6040008 1.6135411 8
-1.7393976 -3.2197156 -0.063758731 3
-1.1881629 -2.1988754 -0.059571203 1
-1.9670783 -3.651402 0.58796215 2
-1.9535035 -3.62374 0.73141986 1
-1.4262252 -2.6403725 -0.06655214 2
-1.9615017 -3.6377037 0.87725914 7
-1.9562876 -3.6188695 0.15547062 2
-1.9356732 -3.5873106 1.0162928 4
-2.0551069 -3.8030031 -0.015834618 8
-1.9357404 -3.5850565 1.1611073 4
-1.9550897 -3.6200919 1.3154701 6
-1.9551333 -3.587882 1.4591181 6
-1.7430125 -3.1997488 -0.061206646 3
-1.9746345 -3.6293874 1.0230591 2
-1.194829 -2.1930077 -0.059103366 1
-2.0527401 -3.7326493 0.29206342 11
-1.9642338 -3.6022685 1.6151125 6
-2.0318437 -3.7229166 0.44136703 1
-2.0853729 -3.8271894 -0.020248249 8
-1.9660892 -3.6112609 1.1670214 7
-1.9783614 -3.6295152 0.15372363 2
-1.969512 -3.6166906 1.3162547 6
-2.0007224 -3.6798723 0.88208151 3
-1.4372373 -2.6388264 -0.067302838 2
-1.9822587 -3.6467431 0.73317409 1
-1.9987996 -3.6796799 0.58862716 2
-1.0364733 -1.9026073 -0.062675618 1
-2.021153 -3.6902232 0.58897263 2
-2.0000916 -3.6483898 0.87971175 3
-1.4407099 -2.6234729 -0.064975768 2
-2.0179088 -3.6818593 0.73564005 1
-1.0467421 -1.9057593 -0.064745374 1
-1.9906607 -3.6208003 1.6228609 8
-1.2052088 -2.1939595 -0.060446024 1
-2.0695565 -3.7324541 0.29166165 11
-2.0505342 -3.7263105 0.44116718 1
-2.0050583 -3.6494014 1.4770209 4
-1.7598007 -3.2040327 -0.063078828 3
-2.0043628 -3.6470432 0.15126857 2
-2.0023396 -3.6476955 1.174795 5
-2.1101062 -3.8407719 -0.023179976 8
-2.0005643 -3.6468542 1.0264564 8
-1.9933736 -3.6304538 1.3208257 6
-1.4516854 -2.6218691 -0.065725543 2
-2.0324388 -3.6679194 0.14845943 2
-2.0178504 -3.645869 1.1757531 5
-1.7709041 -3.1978774 -0.063054085 3
-2.0922363 -3.7426417 0.2906132 12
-2.0268195 -3.6677902 0.73526192 1
-1.214669 -2.1931553 -0.061337002 1
-2.0532558 -3.7181761 0.58963877 2
-1.0533117 -1.9021015 -0.064732254 1
-2.0256624 -3.6544075 1.6352406 8
-2.0808964 -3.7506201 0.44051313 1
-2.0154536 -3.6406586 1.3246399 6
-2.0082724 -3.6253233 1.4725811 6
-2.13304 -3.8507502 -0.025618143 9
-2.0233302 -3.6605723 0.88162321 5
-2.0295208 -3.6693892 1.0305758 2
-2.1358964 -3.7913852 0.28719437 14
-2.0544293 -3.6889813 0.73691469 1
-2.0452337 -3.6667795 1.1807374 7
-2.0461652 -3.6628537 1.6399003 6
-2.1030025 -3.7611558 0.44016057 1
-1.2222431 -2.1889055 -0.061321098 1
-1.4607575 -2.6167886 -0.065706134 2
-2.0573316 -3.691798 0.8854205 1
-2.0451398 -3.6674852 1.0313262 2
-2.1580002 -3.864085 -0.028549843 9
-2.0797529 -3.7354529 0.59011286 3
-1.0617471 -1.9017935 -0.065760672 1
-2.0682144 -3.7056522 1.3405699 6
-2.0360239 -3.6455264 1.4797595 6
-2.0558367 -3.6799362 0.1465365 2
-1.7839111 -3.1951301 -0.063661367 3
-2.0645416 -3.6657937 1.6430171 4
-2.1317399 -3.7816708 0.43958351 1
-2.0746465 -3.6884983 1.3383259 6
-2.1628399 -3.8082259 0.28571662 14
-2.0753555 -3.6906168 1.1863428 5
-2.1901827 -3.8915181 -0.03345488 10
-2.0659611 -3.6762645 1.03352 2
-2.0818703 -3.7079203 0.73846829 1
-1.2294258 -2.1848428 -0.061306592 1
-2.1233325 -3.7843621 0.59115994 3
-1.8002318 -3.1995325 -0.065533675 3
-2.0480297 -3.6387436 1.4797853 4
-2.0740316 -3.6915426 0.88613367 1
-2.0744591 -3.6831622 0.14550181 2
-1.4736544 -2.6185234 -0.067225344 2
-1.0626363 -1.8879764 -0.062624119 1
-2.1879456 -3.8214548 0.28445429 15
-2.0791488 -3.6619239 1.6440755 8
-2.0817757 -3.6688843 1.489648 6
-2.0951715 -3.6948972 1.3413848 7
-2.0964196 -3.6935863 0.14375535 2
-2.0764701 -3.6627164 1.1826537 7
-2.2467337 -3.9598231 -0.044281654 11
-2.0943453 -3.6966734 1.0374006 2
-1.8045121 -3.1811996 -0.063297734 3
-2.1018798 -3.7123971 0.88890243 7
-1.4803305 -2.6102052 -0.06643796 2
-2.1104507 -3.7284546 0.74012458 1
-1.2398493 -2.1856239 -0.06265033 1
-2.1364591 -3.7769234 0.59119016 3
-1.0707191 -1.8878106 -0.063652463 1
-2.1497917 -3.7829013 0.4394235 2
-2.114851 -3.6949041 1.6564575 6
-2.1060927 -3.6818981 1.4950396 6
-1.2435384 -2.174516 -0.060823645 1
-2.1932273 -3.7999506 0.28534609 15
-2.1505513 -3.7711749 0.59125185 3
-2.1837642 -3.8118203 0.43865725 2
-1.0810524 -1.8907737 -0.065721758 1
-2.1196609 -3.7080212 1.3459567 7
-2.1260302 -3.7156527 0.14077052 2
-2.1244171 -3.7172215 1.193839 2
-2.2604775 -3.951957 -0.044249777 11
-2.1120784 -3.6979601 1.0386338 2
-1.8155378 -3.1748803 -0.063273355 3
-2.1226444 -3.7188869 0.89030236 5
-1.4913061 -2.6084344 -0.067188002 2
-2.1362357 -3.7436175 0.74147481 1
-2.1257281 -3.68414 1.6554564 6
-2.1502113 -3.7378702 0.74160647 1
-1.8304822 -3.1753674 -0.064512238 3
-2.1959877 -3.8024399 0.43872577 2
-2.1558127 -3.7387137 1.5120546 4
-2.1560192 -3.7414405 1.3550743 7
-2.1412461 -3.7166221 1.1951077 8
-2.3197501 -4.0231566 -0.055566829 12
-2.1357844 -3.7094967 1.0413115 2
-1.0904573 -1.8920116 -0.067271248 1
-2.1633334 -3.7598195 0.89512813 1
-1.5003313 -2.603214 -0.067168325 2
-1.250074 -2.1684856 -0.06035386 1
-2.1666183 -3.768842 0.59137714 3
-2.2050631 -3.7884297 0.28559384 15
-2.1505044 -3.7268188 0.13885073 2
-2.1962018 -3.7873776 0.74499202 1
-1.2575642 -2.1641018 -0.060339298 1
-2.1676116 -3.7268231 1.6709292 4
-2.2192297 -3.8120301 0.43837705 2
-2.1775148 -3.7518284 1.0483236 2
-2.3257444 -4.0013022 -0.053561002 12
-2.1798997 -3.7535627 1.2031958 2
-2.1937108 -3.7854865 0.5918538 3
-2.2424357 -3.8220551 0.2830402 16
-2.1576736 -3.7105484 1.5067219 6
-1.8460025 -3.1754634 -0.065750189 3
-2.1617529 -3.7199197 1.3520762 7
-2.1734381 -3.7365153 0.13710815 2
-2.1860127 -3.7673786 0.89670199 3
-1.506835 -2.5926034 -0.065994114 2
-1.0943997 -1.8829985 -0.065695249 1
-2.1889846 -3.7321882 1.6750793 6
-2.2553616 -3.8418195 0.43757626 2
-2.205106 -3.770046 0.89775991 3
-2.350352 -4.0098782 -0.055993658 12
-2.2276542 -3.8119555 0.59252483 3
-1.2663921 -2.1611671 -0.060775392 1
-1.096994 -1.8725033 -0.063599825 1
-1.8609941 -3.1758282 -0.066987462 3
-2.2699122 -3.8382783 0.28156504 17
-2.1862891 -3.7299066 1.513904 6
-2.2110028 -3.7810133 0.74512494 1
-2.1924927 -3.7428603 1.3589227 7
-2.1984804 -3.7495298 0.13501105 2
-2.1875794 -3.7353029 1.2013676 5
-1.5167948 -2.5890253 -0.066358991 2
-2.1971827 -3.7541039 1.0498005 2
-1.1054111 -1.8719838 -0.064628482 1
-1.2797878 -2.1668057 -0.063475974 1
-2.2403264 -3.800813 0.74678338 1
-1.5297362 -2.5904784 -0.067877091 2
-2.305701 -3.8680828 0.2792294 18
-1.86799 -3.1624975 -0.065700762 3
-2.2222941 -3.766922 1.05272 2
-2.2727602 -3.8408029 0.43745595 2
-2.2249725 -3.7658913 1.5255566 4
-2.2078152 -3.7344975 1.6781968 6
-2.2154424 -3.7520871 1.3627404 3
-2.2236397 -3.7624171 0.13291384 2
-2.2202029 -3.7657487 0.89813352 3
-2.2459459 -3.8127725 0.5927158 3
-2.36024 -3.9948049 -0.054974742 12
-2.2226031 -3.7650828 1.2082171 3
-1.2803056 -2.1506031 -0.060290936 1
-2.2575848 -3.7998312 0.74722099 1
-1.5417048 -2.5901833 -0.06901148 2
-2.2566521 -3.797379 0.90210551 1
-1.8728948 -3.1457713 -0.063781038 3
-2.3822229 -4.0001788 -0.056915659 12
-1.1177741 -1.878087 -0.067737691 1
-2.2642703 -3.813503 0.59290671 3
-2.339673 -3.8942575 0.27710977 19
-2.2405238 -3.7599738 1.6885242 6
-2.3085966 -3.8706386 0.43665501 2
-2.2529888 -3.7820199 0.13010928 2
-2.2400177 -3.761447 1.5264822 4
-2.2505231 -3.7814581 1.371103 7
-2.2538233 -3.787869 1.2138275 6
-2.2495487 -3.7830341 1.0561215 2
-1.3027389 -2.1711972 -0.067065932 1
-2.27794 -3.8039217 0.74796498 1
-2.3697219 -3.9133952 0.27542013 20
-2.3364341 -3.8865483 0.43615726 2
-1.1202825 -1.8675445 -0.06564264 1
-2.2757421 -3.793788 1.375679 7
-2.2825019 -3.801461 0.12730433 2
-2.2628927 -3.7731929 1.2126179 3
-2.2687807 -3.7853813 1.0575989 2
-1.8939469 -3.1561532 -0.066913322 3
-1.5446181 -2.5746775 -0.066685222 2
-2.3062248 -3.8536332 0.59383327 3
-2.2570653 -3.760282 1.5283005 6
-2.2714493 -3.7819498 1.6978211 6
-2.2759581 -3.799731 0.90316522 10
-2.4022315 -4.0020514 -0.058362126 12
-2.3173168 -3.8328834 1.3863164 8
-2.3812213 -3.9016874 0.27566776 20
-2.3025556 -3.8037527 1.707119 6
-2.2842112 -3.7757277 1.5345906 4
-2.328665 -3.8480279 0.12166569 2
-2.2861872 -3.7821751 1.2157495 6
-2.4038072 -3.9732494 -0.055370197 12
-1.9048835 -3.1495235 -0.066887878 3
-2.3055971 -3.8190563 0.90593833 6
-2.304472 -3.8148229 1.0629276 2
-1.5535215 -2.5692806 -0.066664569 2
-2.3024771 -3.8147526 0.74911475 2
-1.2981607 -2.1466186 -0.061617207 1
-2.3567431 -3.9072096 0.59501582 4
-1.1366913 -1.8801631 -0.070833623 1
-2.3561311 -3.8886278 0.43596232 2
-2.3925319 -3.9179261 0.4351685 2
-1.3156949 -2.1587234 -0.066122912 1
-2.3426764 -3.8510649 0.75179821 2
-1.5624143 -2.563833 -0.066640377 2
-2.3312604 -3.8314135 0.90803289 2
-1.9178544 -3.1462257 -0.067488663 3
-2.3259554 -3.8203185 1.0648911 2
-2.4320533 -3.9885597 -0.058784511 12
-2.3301148 -3.8247941 1.2250856 3
-2.3326507 -3.8281095 1.3871098 8
-2.4135787 -3.9239769 0.27377009 21
-2.3277187 -3.8176677 1.548039 4
-1.1391609 -1.8695856 -0.068733655 1
-2.376528 -3.9092088 0.5952453 4
-2.3197622 -3.8022866 1.709216 4
-2.3470995 -3.8172081 1.7164558 6
-2.4082196 -3.9129562 0.43512654 2
-2.3552282 -3.8327675 1.5543319 4
-2.4250937 -3.9121144 0.27401751 21
-2.3559978 -3.8419311 0.90995127 4
-2.3644052 -3.8500638 1.393961 8
-2.3681672 -3.8570473 1.2325587 6
-2.3558025 -3.8392513 1.0687782 2
-1.9390841 -3.1563382 -0.070620708 3
-1.5712823 -2.5583632 -0.066619724 2
-2.3664641 -3.8598905 0.75284821 2
-1.3190781 -2.1474686 -0.064296708 1
-2.3817382 -3.8872368 0.59502274 4
-2.4438205 -3.9766593 -0.058256987 12
-1.139553 -1.8557203 -0.065597028 1
-1.9458684 -3.1428304 -0.069331124 3
-1.1500062 -1.8583031 -0.067665324 1
-2.3923492 -3.8709776 0.91375619 4
-2.4302199 -3.9181175 0.43485844 2
-2.4428971 -3.9104009 0.27362165 21
-2.3908441 -3.8582776 1.7319359 6
-2.3869753 -3.8543468 1.5624119 4
-2.4004695 -3.8785272 1.4023275 8
-2.4618025 -3.9748421 -0.059210461 12
-2.4025049 -3.8850448 1.0765194 2
-2.3981605 -3.8756428 1.2375531 6
-1.58632 -2.5628846 -0.068905093 2
-2.4039824 -3.8906879 0.75522363 2
-1.3223964 -2.1362197 -0.062468816 1
-2.4204195 -3.9197352 0.59582448 4
-2.4424622 -3.9248459 0.59611517 4
-2.408309 -3.8564534 1.7340285 6
-1.9609369 -3.1427157 -0.07056798 3
-2.4756029 -3.9322693 0.27172017 23
-2.4597034 -3.9350355 0.43432486 2
-2.4168375 -3.872448 1.5696 4
-2.4159958 -3.8734407 1.4031188 8
-2.4304061 -3.8974137 1.2431663 3
-2.481899 -3.9763253 -0.060655173 13
-2.4201744 -3.8833666 1.0775166 2
-2.4278793 -3.8981247 0.9173907 2
-1.5910367 -2.5506613 -0.067347892 2
-2.4311917 -3.9043167 0.75658125 2
-1.3277112 -2.1282876 -0.061546445 1
-1.1615133 -1.8624705 -0.070253566 1
-2.4652975 -3.9253366 1.0847785 2
-1.6019456 -2.5484116 -0.068096124 2
-1.3464482 -2.1417892 -0.066509649 1
-2.4521604 -3.9076371 0.75732666 2
-1.1679313 -1.8584058 -0.070239097 1
-2.44842 -3.8905439 1.7474488 6
-2.4754851 -3.9298053 0.43428379 2
-2.4586639 -3.9115393 1.4137603 8
-2.4364831 -3.8738828 1.5723162 4
-2.4730644 -3.9434021 0.59666288 4
-2.4956627 -3.9337177 0.27110979 23
-2.4565268 -3.908973 1.2469211 3
-2.5083718 -3.9878004 -0.063578852 13
-1.9760263 -3.1425431 -0.071803898 3
-2.4562187 -3.9132521 0.91982555 2
-1.3528026 -2.1354234 -0.066040367 1
-2.4700804 -3.9003637 1.2469552 7
-2.5179648 -3.9723048 -0.062558115 13
-1.9890296 -3.1389527 -0.072409384 3
-2.4772425 -3.9164293 0.92105943 4
-2.4952862 -3.9482601 0.59695333 4
-1.1660823 -1.8412553 -0.066062614 1
-1.6086626 -2.539485 -0.067306496 2
-2.4767897 -3.9133368 1.0843298 2
-2.4721169 -3.9091742 0.7579726 4
-2.4806285 -3.916194 1.4168248 8
-2.4686852 -3.8949742 1.5803978 4
-2.4998295 -3.9380119 0.43394038 2
-2.4763873 -3.9048109 1.754691 6
-2.535111 -3.9653666 0.26856521 24
-1.3612213 -2.1323292 -0.066476554 1
-2.5231833 -3.9444194 0.4336358 2
-2.506876 -3.9273663 1.4214054 8
-2.5553572 -3.9665561 0.26795474 25
-2.5063629 -3.9297714 1.0879788 2
-1.9999065 -3.1319811 -0.072383739 3
-2.5058105 -3.9312775 0.92349488 8
-1.6195548 -2.5371592 -0.068054631 2
-2.5028389 -3.9274724 0.75963646 2
-2.5175724 -3.9530084 0.5972445 4
-1.1786492 -1.8469534 -0.069169998 1
-2.4968684 -3.9093285 1.5866925 4
-2.4940822 -3.9026444 1.7567853 6
-2.544565 -3.9835603 -0.065481752 13
-2.5154703 -3.9416897 1.2562927 3
-2.5821621 -3.9777062 0.26670045 25
-2.5583906 -3.9746442 -0.065447018 13
-2.5398197 -3.9494896 1.2594287 7
-2.5359833 -3.938941 0.10528715 2
-2.5167453 -3.910413 1.5894095 6
-2.5442393 -3.9643877 0.59766477 4
-1.36437 -2.1210103 -0.064648308 1
-2.5294058 -3.9388707 0.76089305 2
-1.6304498 -2.5347946 -0.068801977 2
-2.5259056 -3.9325497 0.92455846 4
-2.0128934 -3.1283066 -0.072986975 3
-1.1870995 -1.8460774 -0.070197023 1
-2.5606894 -3.9725578 0.43284142 2
-2.5264325 -3.9231498 1.7660894 7
-2.535358 -3.9417038 1.4267433 9
-2.5189204 -3.9193096 1.0877719 2
-2.6112604 -3.9920678 0.26523292 26
-1.3727491 -2.1178656 -0.065084279 1
-2.5582502 -3.9534912 0.76235503 2
-1.6477485 -2.5422626 -0.071855851 2
-2.5655127 -3.9638565 0.92871088 4
-2.030174 -3.1311994 -0.074854173 3
-2.5713401 -3.9704926 1.0964829 2
-2.5674756 -3.9621444 1.2634947 7
-2.5703747 -3.9657767 1.4343566 9
-2.5694695 -3.9596937 1.7805431 7
-2.6005974 -4.0038443 0.43197316 2
-1.1934613 -1.8419181 -0.070182808 1
-2.5796993 -3.9890614 0.59834218 4
-2.5515049 -3.9342995 1.5983884 4
-2.5916526 -3.9636271 1.7846981 4
-2.6298127 -4.0181594 0.4314819 2
-2.5779305 -3.9449487 1.6037908 6
-2.6055887 -3.9896569 1.4419714 9
-2.5822949 -3.9547956 1.2638403 7
-2.5859525 -3.9566603 -0.065377392 13
-2.6024637 -3.9880812 1.100374 3
-2.0453424 -3.1306989 -0.076089852 3
-2.6021078 -3.9899199 0.93234855 2
-1.6479646 -2.5233338 -0.068760835 2
-2.5817776 -3.9595864 0.76330805 2
-1.3843168 -2.1195822 -0.066878125 1
-2.6044517 -3.9967716 0.5986985 5
-1.2008629 -1.8393555 -0.070688933 1
-2.6653581 -4.0424986 0.26140431 28
-2.6359189 -4.0088248 1.1047481 3
-2.6266456 -3.9868188 1.7950327 4
-2.667963 -4.045671 0.43068948 2
-2.6307416 -3.9985709 1.2738004 3
-2.6258686 -3.9873931 -0.07125666 14
-2.6251113 -3.9956157 0.76609486 2
-1.3916345 -2.1147301 -0.066861652 1
-2.6446455 -4.0277753 0.59950727 5
-2.6882246 -4.0464644 0.26058146 29
-2.6136384 -3.9702194 1.4397336 9
-2.6158712 -3.9712682 1.6136674 4
-2.6319551 -4.0036554 0.93478805 2
-2.0523899 -3.1165719 -0.074799545 3
-1.2064562 -1.8333238 -0.070153907 1
-1.6635963 -2.5271115 -0.071044713 2
-2.6968248 -4.074749 0.60063922 5
-2.7004061 -4.0625014 0.43012553 2
-2.6468768 -3.9880924 1.6208591 4
-2.6582541 -4.0029082 1.8033109 4
-2.6794822 -4.0396237 1.4579602 4
-2.6693122 -4.0251231 1.2806634 3
-2.6316202 -3.9645035 -0.069247559 14
-2.6899843 -4.0587087 1.1134635 3
-2.065371 -3.1126733 -0.075403556 3
-2.6755373 -4.0392923 0.9394576 4
-1.6745031 -2.5245593 -0.071791179 2
-2.669426 -4.0309277 0.76888615 2
-1.3992971 -2.1096148 -0.066843681 1
-1.2117079 -1.8274851 -0.069619983 1
-2.7784951 -4.1494279 0.25331894 33
-2.795922 -4.1472936 0.25292432 33
-1.4054959 -2.1030953 -0.066373691 1
-2.7000599 -4.0353556 1.8167385 7
-2.730073 -4.0763044 0.4296363 2
-2.7464504 -4.1185465 0.60170722 5
-2.7210853 -4.0780702 0.77239001 2
-2.7040625 -4.0492816 1.1135006 3
-2.6564107 -3.9717784 -0.071676321 14
-2.7139928 -4.0617723 1.2893857 4
-2.7003944 -4.0366883 1.6369995 4
-2.7334652 -4.0885367 1.471642 5
-2.8268597 -4.2243099 0.070067801 2
-2.0810828 -3.1116457 -0.076636732 3
-2.7123678 -4.0625925 0.94292837 4
-1.6793102 -2.5118682 -0.070232503 2
-1.2258216 -1.8342748 -0.073246405 1
-1.4123909 -2.0984221 -0.06635692 1
-2.099606 -3.1181872 -0.079137236 3
-2.7494278 -4.0855203 1.2956253 4
-2.7845464 -4.145926 0.6024515 5
-2.8417215 -4.1837659 0.24995756 35
-2.7370996 -4.0616269 1.8281049 4
-2.7815146 -4.1235919 0.42839471 2
-2.7412944 -4.0702109 1.6486614 4
-2.7440352 -4.0766535 1.4709176 5
-2.7351246 -4.0666466 1.1173933 3
-2.762831 -4.1102762 0.94879854 4
-1.6893179 -2.5098336 -0.070981689 2
-2.7467763 -4.0872531 0.77354795 2
-2.6406889 -3.9201257 -0.065236375 13
-1.2336642 -1.8336143 -0.074273884 1
-1.686988 -2.4876657 -0.067118198 2
-2.6966288 -3.9732904 -0.074563026 14
-2.7804034 -4.1030822 1.1241807 3
-2.7916105 -4.1220369 0.95106626 2
-2.8113306 -4.1520615 0.778175 2
-1.4283739 -2.1063707 -0.069960095 1
-2.8011732 -4.139483 0.60255408 5
-1.2378143 -1.8260982 -0.07321842 1
-2.8010974 -4.1255875 1.8518356 4
-2.8160501 -4.1436138 0.42775589 2
-2.7904193 -4.1122217 1.6630132 4
-2.7902005 -4.1151309 1.303108 4
-2.8923233 -4.226553 0.24656212 37
-2.7912269 -4.1157928 1.4823241 5
-2.8546929 -4.2054467 0.07014139 2
-2.0948942 -3.0879507 -0.074692197 3
-2.9183242 -4.2328639 0.24552822 38
-2.8310711 -4.1410685 1.6737871 4
-2.8222952 -4.1314635 1.3081108 4
-2.869293 -4.1954384 0.07017947 2
-2.7081797 -3.9605608 -0.074034177 14
-2.810302 -4.1162925 1.1275936 3
-2.8452022 -4.1698737 0.95711362 4
-1.702229 -2.4914799 -0.069402367 2
-2.8291128 -4.1471567 0.77851939 2
-1.43894 -2.1061895 -0.071300514 1
-2.8425643 -4.1693201 0.60336584 6
-2.11673 -3.0969176 -0.077819638 3
-1.2386649 -1.8137823 -0.070603058 1
-2.8409381 -4.1579046 1.4944904 10
-2.8552763 -4.1700444 0.42696795 2
-2.828491 -4.1349044 1.8580539 4
-2.7219262 -3.9510667 -0.07399822 14
-2.8664899 -4.164115 1.4983191 5
-2.9037998 -4.2094207 0.42588046 2
-2.8581753 -4.1472645 1.8653034 5
-2.9330173 -4.2226348 0.24556734 38
-2.8763812 -4.1760955 1.6863513 4
-2.883858 -4.1853814 0.070218198 2
-2.8515756 -4.1457 1.1334184 3
-2.8523023 -4.1443558 1.3124923 4
-2.1073072 -3.0602148 -0.072113961 3
-2.8653121 -4.1681085 0.95801073 6
-1.7175155 -2.4952192 -0.071685985 2
-2.8683846 -4.1734538 0.78080255 2
-1.4417928 -2.0947342 -0.069472618 1
-2.9023054 -4.2253027 0.60469598 6
-1.2460058 -1.8110365 -0.071108453 1
-1.2533438 -1.8082579 -0.071614213 1
-2.9820154 -4.2614455 0.24238878 39
-2.9526336 -4.2485166 0.42479503 2
-2.9219706 -4.2108579 1.6989166 4
-2.8965919 -4.176662 1.5036652 5
-2.898385 -4.1752744 0.070256643 2
-2.8914375 -4.1700768 1.3193576 4
-2.8704793 -4.1422291 1.1344218 3
-2.1269107 -3.0658114 -0.074610166 3
-2.9013219 -4.1891918 0.96131188 4
-1.7350879 -2.5021026 -0.074738361 2
-2.9385643 -4.2438784 0.78584272 2
-1.4578959 -2.102493 -0.073074825 1
-2.7265863 -3.9284832 -0.071991161 14
-2.9215195 -4.2217035 0.60486376 6
-2.8967967 -4.172164 1.8766748 5
-3.0198164 -4.2836437 0.2402842 41
-2.9444799 -4.2095251 1.8921686 5
-2.9788458 -4.2545471 0.42445952 2
-2.941041 -4.206995 1.7007451 4
-2.929069 -4.1922617 1.5097693 5
-2.9375727 -4.2052956 1.3280849 4
-2.7379448 -3.9156773 -0.071462221 14
-2.1443169 -3.0680711 -0.076475747 3
-2.9511917 -4.2296858 0.96667492 2
-1.745986 -2.4992461 -0.075484417 2
-2.9350135 -4.207355 0.78424776 2
-1.4517728 -2.0782082 -0.067628749 1
-2.9453166 -4.2245917 0.60516155 6
-1.2595712 -1.8038712 -0.07159926 1
-2.9234786 -4.1875243 1.1426601 3
-2.9702075 -4.2149925 1.8973594 7
-3.0136693 -4.2815652 1.533313 5
-2.9732203 -4.2200561 0.063259743 2
-2.9635291 -4.2111506 1.3312266 4
-2.7698171 -3.93204 -0.075367019 14
-2.9699771 -4.2227507 1.1494529 3
-2.157217 -3.0637851 -0.077079028 3
-2.9556303 -4.1966825 1.7007836 2
-3.0074408 -4.2637129 0.42404911 2
-1.4701489 -2.0890574 -0.072135247 1
-3.0462453 -4.2893481 0.23925254 41
-3.0082407 -4.2830009 0.60655916 6
-2.9796145 -4.2389035 0.96877515 2
-1.7433358 -2.4770703 -0.071621671 2
-2.9794631 -4.2395678 0.78694272 2
-1.2680072 -1.80261 -0.072625622 1
-1.2742144 -1.7981701 -0.072610363 1
-3.0831535 -4.3573484 0.60828096 7
-3.0071895 -4.2360969 1.9077024 7
-3.0426748 -4.2967596 0.97602874 2
-3.0098722 -4.2479844 1.1547995 3
-3.1494305 -4.4021263 0.23114634 46
-3.0685577 -4.3183866 0.42259189 3
-2.9904823 -4.2149372 1.7088764 4
-3.0285192 -4.270998 1.5333532 5
-2.9986994 -4.2297783 1.3368531 4
-2.7834618 -3.9223354 -0.07532993 14
-1.4796112 -2.087086 -0.073022418 1
-2.1586921 -3.0433381 -0.074527748 3
-1.7473602 -2.464555 -0.070063598 2
-2.9993985 -4.2258787 0.061530668 3
-3.0287912 -4.2780275 0.79004538 2
-1.2804065 -1.7937024 -0.072596103 1
-3.1670477 -4.3943281 0.23097347 46
-1.4800212 -2.0723908 -0.070290133 1
-2.1669385 -3.0325537 -0.073869817 3
-3.0140665 -4.215373 0.061571188 3
-3.0466058 -4.2601323 1.9190773 5
-3.120786 -4.3596621 0.42143479 3
-3.0481632 -4.2647166 1.725919 4
-3.0867007 -4.3211012 1.5477997 6
-3.04322 -4.2610736 1.3449633 4
-2.7970707 -3.9125814 -0.075293139 14
-3.0522859 -4.276217 1.1606286 3
-3.0518 -4.2779784 0.97520989 4
-1.7627234 -2.4680133 -0.072346613 2
-3.0645096 -4.2966828 0.7919246 2
-3.0889935 -4.3335152 0.608064 7
-3.121367 -4.3443408 0.79564345 3
-1.778129 -2.4714036 -0.074628837 2
-3.1212866 -4.3433337 0.98332596 2
-2.8222449 -3.9188807 -0.077719525 15
-3.0971026 -4.3038993 1.5463247 5
-1.2865843 -1.7892148 -0.072581671 1
-3.0993936 -4.304656 1.7402779 4
-3.1686621 -4.3941441 0.42042935 3
-3.0862246 -4.2839451 1.9304519 5
-3.1963828 -4.402617 0.22972956 47
-3.1241581 -4.337369 0.047112431 3
-3.0879967 -4.2920976 1.3530729 4
-3.0833476 -4.2880764 1.1640456 3
-2.1751344 -3.0217557 -0.073211446 3
-1.4758003 -2.0513811 -0.065749183 1
-3.1110313 -4.332427 0.60829842 7
-3.1260478 -4.3075275 1.9418273 5
-3.1417882 -4.3316503 1.7510582 4
-3.1562104 -4.3548698 1.3673928 4
-3.1308277 -4.3222919 1.1708419 3
-2.1902351 -3.0205295 -0.07444489 3
-1.7912799 -2.4715235 -0.076143883 2
-3.1341026 -4.3301587 0.79548067 3
-1.4943051 -2.0619872 -0.070254885 1
-3.1588788 -4.3668947 0.60924762 7
-1.2995406 -1.7940897 -0.075687379 1
-2.8102088 -3.8736422 -0.072265036 14
-3.1650388 -4.3661785 1.5638078 6
-3.1909666 -4.3927402 0.42024654 3
-3.1316872 -4.3259325 0.98268026 2
-3.1329467 -4.3161974 0.048216436 3
-3.2430861 -4.4327612 0.2269877 48
-3.1729121 -4.3402534 1.9562966 5
-3.1713212 -4.3437934 1.3674334 4
-2.8353562 -3.8798227 -0.074689947 14
-3.185607 -4.3658476 1.1790868 3
-3.2008975 -4.3901935 0.80001867 3
-1.5014198 -2.0567462 -0.070237644 1
-3.19994 -4.3913813 0.61000293 7
-3.2251074 -4.4073725 0.41969076 3
-3.1920614 -4.3755841 0.98925388 2
-3.2655821 -4.4310451 0.22638853 49
-1.3105801 -1.7955452 -0.077751197 1
-3.2064207 -4.389411 1.5721934 6
-1.8002499 -2.4649296 -0.076120347 2
-2.2082109 -3.0220308 -0.076308027 3
-3.1759624 -4.3452635 1.7582619 4
-3.1608655 -4.3229008 0.046313208 3
-3.3023911 -4.4484634 0.22450331 50
-3.2118323 -4.3623819 1.7663585 2
-3.2266693 -4.3808012 0.03875389 3
-3.2128956 -4.3671374 1.3743081 5
-2.8706715 -3.8981566 -0.079082407 15
-3.222677 -4.3829136 1.1834748 4
-2.2163365 -3.0111103 -0.075649485 3
-3.2473595 -4.4189858 0.9951387 2
-1.792493 -2.4364786 -0.070722491 2
-3.245275 -4.4170365 0.8025158 3
-3.2379398 -4.4003105 1.5775448 6
-1.5065618 -2.0480759 -0.069315016 1
-3.2680166 -4.4505215 0.6114741 8
-3.2815156 -4.4502234 0.4184646 3
-3.2116365 -4.3596878 1.9666457 7
-1.3053279 -1.7753882 -0.072536483 1
-3.2566931 -4.3887715 1.9800844 5
-3.265687 -4.4066634 1.3842845 5
-3.2561212 -4.3886943 0.036675926 3
-2.219707 -2.9938226 -0.073729739 3
-3.2532022 -4.388958 1.5775878 6
-3.261795 -4.3980908 1.7798263 2
-3.3231912 -4.474041 0.41768703 3
-3.3417537 -4.4688787 0.22240472 51
-3.2591546 -4.4003263 1.187861 4
-3.2698085 -4.4172058 0.99621272 2
-1.8149333 -2.4491272 -0.075308122 2
-3.2796142 -4.4313478 0.80419403 3
-1.5124652 -2.0412376 -0.068843707 1
-3.2977312 -4.4583626 0.61190736 8
-2.8865626 -3.8912809 -0.079537302 15
-1.3183355 -1.7801262 -0.075641528 1
-3.3043077 -4.4206848 1.9945556 5
-3.3933136 -4.5050197 0.21923602 53
-3.3722641 -4.5072207 0.41668522 3
-3.3003807 -4.4178805 1.7888203 5
-3.284873 -4.3995814 1.5829407 6
-3.3047497 -4.4219637 0.031770296 3
-3.3211546 -4.4490519 1.3948842 5
-3.3076627 -4.4334555 1.1946604 4
-2.2324388 -2.9892049 -0.074332215 3
-3.3423057 -4.48242 1.0045061 2
-1.8187035 -2.436471 -0.07375025 2
-3.3355818 -4.4742951 0.80771345 3
-1.5195062 -2.0359366 -0.06882596 1
-3.3371034 -4.478868 0.61260039 8
-2.8905623 -3.8684378 -0.077530906 15
-1.3198454 -1.7693193 -0.073546082 1
-3.4078293 -4.5321569 1.4135573 5
-3.3468988 -4.4535995 1.1995312 4
-3.3560441 -4.4581308 0.026512515 3
-3.3733101 -4.4853635 1.6064968 6
-3.3391423 -4.4374647 1.7978154 2
-3.436049 -4.5592775 0.4152371 3
-3.3452096 -4.4430599 2.0059352 5
-3.4499955 -4.5472212 0.21564077 55
-2.8920488 -3.842447 -0.075032145 14
-2.2546611 -2.997165 -0.07745675 3
-3.3662374 -4.481854 1.0057539 5
-1.827125 -2.4300928 -0.073728114 2
-3.3702991 -4.4881535 0.80939317 3
-1.5241885 -2.0274904 -0.067903563 1
-1.3352171 -1.7770345 -0.077691868 1
-3.3934586 -4.5215545 0.61374897 8
-3.4766822 -4.598989 0.61561412 9
-1.542941 -2.0376797 -0.072407998 1
-3.4096601 -4.4959998 2.0276237 5
-3.394568 -4.4785643 1.8130764 5
-3.4220772 -4.5130339 0.019134762 3
-3.4760573 -4.5790906 0.41453671 3
-3.5336874 -4.6239986 0.20969205 58
-3.4481552 -4.5518022 1.6255046 6
-2.9053783 -3.832315 -0.074994482 14
-1.3459957 -1.7785221 -0.079755336 1
-3.4164002 -4.5107479 1.4117386 5
-3.4196119 -4.5209494 0.81230187 3
-1.8402636 -2.4299469 -0.07524164 2
-3.431078 -4.5352073 1.0128472 2
-2.2555003 -2.9766636 -0.07490664 3
-3.3863156 -4.4735303 1.204403 4
-1.3474386 -1.7676493 -0.077661552 1
-3.4999192 -4.5963373 0.61585402 9
-3.4691958 -4.5534453 0.81521082 3
-1.8391383 -2.4110096 -0.072147496 2
-3.4596183 -4.5374346 1.216032 4
-3.6203976 -4.7033992 0.20353079 62
-3.4534059 -4.5209012 2.0400372 5
-3.5089612 -4.5891366 0.41406 3
-3.4645135 -4.5379262 1.8337088 5
-3.4982057 -4.5802078 0.010346162 3
-3.4901562 -4.5740438 1.6338931 7
-3.4560173 -4.5301867 1.4179938 5
-2.9403579 -3.8505175 -0.079386987 15
-2.272994 -2.9781845 -0.076769054 3
-3.4915032 -4.5818152 1.0192535 5
-1.5546961 -2.0384622 -0.074199438 1
-1.5581661 -2.0283785 -0.072824523 1
-3.5183237 -4.5837984 1.020847 8
-2.2784934 -2.9639452 -0.075480998 3
-3.4992654 -4.5505052 1.8409168 5
-3.5247035 -4.5869913 1.4317026 5
-3.5019639 -4.552155 0.012158507 3
-3.5385072 -4.6109972 0.81975788 3
-3.6367328 -4.6907024 0.20357731 62
-3.4926553 -4.5394149 2.0503898 5
-3.5614963 -4.6243715 0.41298866 3
-2.9658144 -3.8559484 -0.081809767 15
-3.4971323 -4.5536442 1.2204223 4
-1.8546461 -2.4139035 -0.074428737 2
-3.5491025 -4.6178594 1.6475942 7
-1.3488199 -1.7567993 -0.075566143 1
-3.5280442 -4.5999384 0.61622584 9
-3.6069677 -4.6498032 0.41214123 3
-3.5508614 -4.5844588 1.8543906 5
-3.5555084 -4.5929866 1.6446066 7
-3.5439134 -4.5729842 2.0658956 5
-3.0156589 -3.8926206 -0.089153402 16
-3.559093 -4.6010585 1.2296423 4
-3.563483 -4.6092949 1.0250212 2
-1.8701947 -2.4167135 -0.07671009 2
-3.5716131 -4.6207185 0.82123643 3
-3.6075857 -4.6698604 0.6179651 9
-1.3595926 -1.7581822 -0.077630006 1
-3.6530199 -4.6779613 0.20362528 62
-3.5720606 -4.6152625 1.4398233 5
-3.5543795 -4.5871186 0.0069049131 3
-1.5568185 -2.0121281 -0.069641493 1
-2.2911744 -2.9590831 -0.076082654 3
-3.6070781 -4.6217775 0.0016527101 3
-3.7137134 -4.7216663 0.19982179 63
-3.6600463 -4.6844316 0.41107166 3
-3.5979373 -4.6119671 1.8660761 5
-3.6318173 -4.6579499 1.6636189 7
-3.6075113 -4.6276646 1.4448386 5
-3.6116686 -4.6355596 1.2369318 4
-2.2965634 -2.9448135 -0.074794106 3
-1.8857877 -2.41944 -0.07899157 2
-3.6293724 -4.6617785 0.82476336 3
-1.5637558 -2.0066717 -0.069622502 1
-1.3608983 -1.7473196 -0.075535618 1
-3.0120718 -3.8601391 -0.085670672 16
-3.6113131 -4.6376705 1.0295388 2
-3.5859339 -4.5940676 2.0772805 7
-3.6483624 -4.6887708 0.61866271 9
-3.8888507 -4.9090209 0.18617941 56
-3.6520326 -4.6452961 2.0989754 5
-3.6332068 -4.6238689 1.8732853 5
-3.647754 -4.6404538 -0.0018331171 3
-3.6650569 -4.6678386 1.4554452 5
-3.0426311 -3.871433 -0.089075983 16
-2.321398 -2.9554055 -0.078546695 3
-3.6618414 -4.6689091 1.0344023 2
-1.8796037 -2.394304 -0.074361958 2
-3.6652758 -4.6741967 0.82644832 3
-1.5899224 -2.0257061 -0.076839164 1
-3.6794422 -4.6948709 0.61910248 9
-1.3764509 -1.7546948 -0.07967981 1
-3.6596243 -4.6635008 1.2432559 4
-3.6770899 -4.6822729 1.6727707 7
-3.7059934 -4.7093096 0.41022617 3
-3.6910772 -4.6620221 -0.0056709344 3
-3.7615592 -4.7556195 1.6940638 6
-3.683706 -4.6580882 1.4561145 5
-3.762094 -4.7464614 0.40908414 3
-3.6993389 -4.6718712 2.1124239 7
-3.9133761 -4.9047513 0.18558811 55
-3.6927996 -4.6661458 1.8894479 5
-3.6979709 -4.6786985 1.2476498 4
-2.3316307 -2.9472649 -0.078517765 3
-3.7126331 -4.6998458 1.0392669 2
-1.8854426 -2.3846295 -0.073572323 2
-3.7186439 -4.7083645 0.82956684 3
-1.5896595 -2.0109625 -0.074107766 1
-1.3681225 -1.7316842 -0.073426105 1
-3.7353933 -4.7321949 0.62019306 10
-1.5917394 -1.9992886 -0.072281405 1
-3.7786527 -4.7440743 1.4760425 5
-3.9479282 -4.9128232 0.18414178 55
-3.7227745 -4.6679602 2.1155648 7
-3.8359678 -4.8051505 0.40742216 3
-3.7478688 -4.7019682 1.9038225 4
-3.8123221 -4.7854309 1.7047349 6
-3.7445331 -4.6958075 -0.010920707 3
-3.7859306 -4.7558179 1.2617036 4
-2.3344483 -2.9298265 -0.076597936 3
-3.7760909 -4.7460804 1.0458525 2
-1.9010211 -2.3872249 -0.075852863 2
-3.7698064 -4.7390985 0.83248305 3
-3.84392 -4.8349242 0.62265635 14
-1.3764871 -1.729911 -0.07445053 1
-3.9842408 -4.9245172 0.18247969 54
-3.8190169 -4.762311 1.4823017 5
-3.7647791 -4.6886978 2.1269498 7
-3.8179023 -4.7670703 0.83519214 3
-3.8944156 -4.8453722 0.40620637 3
-3.8707066 -4.8339405 0.62296754 15
-3.144953 -3.9166687 -0.10125805 17
-3.8299494 -4.7794805 1.0510628 2
-3.8247926 -4.7704248 1.2660997 4
-2.3445921 -2.921638 -0.076569825 3
-3.8656363 -4.8131504 -0.025703141 3
-3.8363018 -4.7812552 1.7070619 6
-3.8276415 -4.7678561 1.9271512 4
-1.9117243 -2.3836243 -0.076597519 2
-1.6022918 -1.9982616 -0.073618993 1
-1.3872705 -1.7311139 -0.07651376 1
-3.8272209 -4.7325912 2.1465871 7
-3.0779958 -3.8074148 -0.085478887 16
-3.9050696 -4.8349838 1.4997482 5
-3.9389236 -4.8659105 0.40544045 3
-3.8654137 -4.7823949 1.9352571 4
-3.9113009 -4.8417883 1.7253202 6
-2.3616509 -2.9230402 -0.078433186 3
-3.8795996 -4.8096528 0.83892965 3
-1.616182 -2.002017 -0.076314256 1
-3.8841453 -4.8179264 0.62294948 15
-3.8879149 -4.8163843 1.2753254 4
-1.398082 -1.7322532 -0.078578234 1
-3.9274604 -4.8553643 -0.032007363 3
-1.9322965 -2.3921862 -0.08041358 2
-4.0223913 -4.9346151 0.18082325 53
-3.8715713 -4.7970648 1.0545551 2
-3.880254 -4.7641106 2.162101 7
-4.0013127 -4.9078965 0.40415516 3
-3.9263115 -4.8232555 1.951427 4
-3.9196634 -4.8212328 1.2782732 4
-3.9340849 -4.8425522 0.84205252 3
-3.9487777 -4.8633018 0.62424111 17
-1.4061821 -1.7305905 -0.079602972 1
-3.9376574 -4.846024 1.0614862 2
-2.3667848 -2.9086297 -0.077144355 3
-3.1338172 -3.8489494 -0.093802258 16
-3.9368122 -4.8396792 1.5035267 5
-1.6157087 -1.9872799 -0.073583089 1
-1.9232173 -2.3640974 -0.075016774 2
-4.1255374 -5.0639858 -0.057376999 3
-3.963655 -4.8700156 1.7359976 6
-4.0403862 -4.9198127 0.18087868 53
-2.3798592 -2.9029691 -0.077743717 3
-3.931932 -4.7916422 2.1765878 7
-4.0095553 -4.8924108 1.5172499 5
-3.1704967 -3.8650336 -0.098186851 17
-3.9982419 -4.8839316 1.067391 2
-1.6327825 -1.993381 -0.077181064 1
-4.0247574 -4.9199586 0.62579966 19
-3.9875627 -4.8682251 1.2879887 4
-3.9972866 -4.8837023 0.84579504 3
-1.4075409 -1.7194325 -0.077507041 1
-4.0598307 -4.9426017 0.4030214 3
-3.9908612 -4.8660583 1.9684936 4
-1.9317921 -2.3570142 -0.074993044 2
-4.0137753 -4.894896 1.7459168 6
-4.1515923 -5.0580449 -0.058379199 3
-4.088026 -4.9425817 0.17836641 52
-4.0002623 -4.8404126 2.1982911 7
-4.0599847 -4.9251676 0.84953582 3
-4.1171193 -4.9443097 0.17734723 51
-4.1101398 -4.9684215 0.40210903 3
-4.0516953 -4.9088192 1.5235157 5
-4.169167 -5.0434856 -0.058326021 3
-4.0832849 -4.9444056 1.7619067 12
-4.0482712 -4.9056048 1.2962558 4
-1.4137523 -1.7142471 -0.077490784 1
-2.3803456 -2.88203 -0.075193174 3
-4.0458407 -4.89643 1.9819809 4
-1.9399339 -2.3502419 -0.074969515 2
-1.6375178 -1.9843614 -0.076256618 1
-3.1516962 -3.8135822 -0.091751963 16
-4.0910316 -4.9637718 0.62709677 21
-4.0540838 -4.9153223 1.0726091 2
-3.1896567 -3.8335979 -0.09663181 17
-4.0615664 -4.8798375 2.2169011 6
-4.1555557 -4.9878173 0.40134767 3
-4.1218262 -4.9548731 2.0035245 4
-4.1397667 -4.9791164 1.7741002 11
-4.1293612 -4.9675307 1.5384828 5
-4.0974426 -4.9318123 1.3025862 4
-2.3898244 -2.8740971 -0.075165875 3
-4.12047 -4.9631739 0.85307318 3
-1.6452631 -1.9804004 -0.076691754 1
-4.1048546 -4.9470682 0.62708127 21
-4.2343998 -5.0492344 0.16906899 47
-4.1790395 -5.0196862 -0.057213265 3
-4.1106219 -4.9486184 1.0779974 5
-1.9530751 -2.3494694 -0.076482587 2
-1.4221191 -1.7122599 -0.078514419 1
-4.197341 -5.0136423 1.5509659 5
-4.216084 -5.0302019 -0.059985027 3
-4.204958 -5.0218048 1.7885743 11
-4.1790819 -4.9882259 2.0179067 4
-4.2242999 -5.0345135 0.39991799 3
-4.3009143 -5.0923629 0.16506492 45
-1.4376308 -1.7193698 -0.082658052 1
-4.1680799 -4.9813871 1.3127853 4
-4.193851 -5.0186014 0.62896836 24
-1.6420865 -1.9626781 -0.073056929 1
-4.153079 -4.9671159 0.85435683 3
-1.9607856 -2.3429608 -0.076460578 2
-4.1768026 -4.9945378 1.0847631 2
-2.4149895 -2.8838894 -0.078916132 3
-3.1800046 -3.7950306 -0.092166565 16
-4.1380916 -4.9366679 2.2417002 6
-4.2346611 -5.0289378 0.85953671 3
-1.9764714 -2.3450851 -0.078740016 2
-4.362606 -5.1289954 0.16148826 43
-4.2000999 -4.9753075 2.2603149 6
-4.2290764 -5.0123038 2.0296054 4
-2.4147844 -2.8633418 -0.076367497 3
-4.5278721 -5.3640089 -0.10033447 3
-4.2274814 -5.0140285 1.5541275 5
-1.4385691 -1.7084149 -0.080563568 1
-4.2429266 -5.0377975 1.0913594 2
-1.6513638 -1.9598933 -0.073941886 1
-3.216213 -3.8111849 -0.096552074 17
-4.2442298 -5.0366054 1.3239542 4
-4.2477117 -5.0370722 1.7962189 11
-4.2830944 -5.0685706 0.39878729 3
-4.2679448 -5.071208 0.63046402 27
-4.3603244 -5.1235986 0.39714566 3
-4.261179 -5.0120988 2.2784207 8
-4.5568419 -5.3602705 -0.10168231 3
-4.2986059 -5.062438 1.56724 5
-2.4349265 -2.8669159 -0.07885243 3
-1.6656873 -1.9630119 -0.076630138 1
-4.3233895 -5.0943685 1.3356129 4
-3.2345791 -3.8059521 -0.097489804 17
-1.9820338 -2.3351598 -0.077944174 2
-4.2934756 -5.0628223 0.8628782 3
-4.3135056 -5.0790424 1.8107022 5
-4.2994943 -5.0598445 2.048475 3
-4.3321137 -5.111156 0.6317054 29
-1.4444509 -1.7033615 -0.080543123 1
-4.4453983 -5.1895375 0.1562126 40
-4.2990942 -5.0684977 1.0965858 2
-4.3684678 -5.1140156 1.1035315 2
-3.2426155 -3.7885859 -0.09646444 17
-1.6699233 -1.9542055 -0.075706534 1
-4.3810282 -5.1324625 0.63254887 30
-1.9926511 -2.3311939 -0.078687407 2
-4.5547609 -5.279789 0.14879861 36
-4.3313627 -5.0587926 2.3001337 12
-4.4405932 -5.1811867 0.395428 3
-4.3728256 -5.1099129 2.0682375 3
-1.4503115 -1.6982948 -0.080526032 1
-4.3924065 -5.1355386 1.8289785 5
-4.6402621 -5.4199553 -0.11044128 3
-4.3778214 -5.1194348 1.5822165 4
-4.3797793 -5.1244755 1.3429198 4
-2.4525571 -2.8673697 -0.080711916 3
-4.3655443 -5.1115565 0.86724401 3
-3.2609406 -3.7832313 -0.097405314 17
-4.410521 -5.1241708 1.3453957 4
-4.4434094 -5.1651554 1.1111676 2
-4.4536381 -5.1780057 0.87284082 3
-2.0083885 -2.3331256 -0.080964848 2
-4.5161967 -5.2535653 0.63556141 35
-2.4495854 -2.8438141 -0.077531576 3
-4.4188027 -5.1310277 1.5878687 4
-4.6890221 -5.4383912 -0.1144361 3
-4.4871364 -5.2093906 1.8518122 9
-1.4561532 -1.693207 -0.080509685 1
-4.4491014 -5.1624923 2.0888977 3
-4.5474534 -5.2685366 0.39297205 3
-4.3602767 -5.0567656 2.3048315 6
-1.6741159 -1.9453954 -0.074782811 1
-4.6124024 -5.3090558 0.14565834 35
-4.6129875 -5.3069239 0.39170176 3
-4.5129404 -5.2025504 1.8541483 9
-4.3803558 -5.0443864 2.3059187 6
-4.4746871 -5.1557117 2.0916426 5
-4.4777346 -5.1657004 1.3546379 4
-2.0113034 -2.3201487 -0.07940615 2
-4.5213223 -5.2197537 0.8767994 3
-1.6782669 -1.9365816 -0.073858976 1
-1.4645071 -1.6910176 -0.081531972 1
-4.5422554 -5.242928 1.121906 2
-3.2922831 -3.7927763 -0.10080441 17
-4.5427814 -5.2378922 1.6134146 4
-4.8307233 -5.5633392 -0.13095179 3
-4.5841923 -5.2951703 0.63686889 37
-4.657155 -5.3229408 0.14358452 34
-2.4671943 -2.8441744 -0.079389922 3
-2.4900355 -2.8503888 -0.082508363 3
-4.731112 -5.3695374 0.13916451 31
-4.5361991 -5.1899147 2.1069324 4
-4.8946543 -5.5973873 -0.13688371 3
-4.6207576 -5.2904091 1.6277753 4
-1.4677844 -1.6829617 -0.080476627 1
-2.0218995 -2.3160501 -0.080148861 2
-4.6077371 -5.2821584 0.88219589 3
-1.692633 -1.9394898 -0.076551288 1
-4.6499004 -5.3333616 0.63811356 39
-4.6079726 -5.2786031 1.3754839 4
-4.3673239 -4.9941134 2.293601 4
-4.6735835 -5.338882 0.39058027 3
-4.6007719 -5.2665753 1.8747076 4
-3.2871437 -3.7603164 -0.097321175 17
-4.5945258 -5.2660317 1.1264458 2
-4.7709808 -5.3768544 0.13752046 30
-4.3642097 -4.9555988 2.2854083 6
-4.987854 -5.6639466 -0.14669289 3
-4.6443467 -5.2801332 1.6290787 4
-3.3080568 -3.7577243 -0.09875375 17
-2.4816303 -2.8209007 -0.078069195 3
-4.6680608 -5.312778 1.1337423 2
-1.7018907 -1.9364773 -0.077435002 1
-4.6895428 -5.3410921 0.63870043 39
-1.476126 -1.6807054 -0.081499584 1
-2.0247138 -2.3030536 -0.078590497 2
-4.6709132 -5.3170137 0.88574696 3
-4.6709456 -5.3093963 1.8899536 8
-4.6057391 -5.2325134 2.1249087 4
-4.7371001 -5.3734865 0.38938606 3
-4.7075896 -5.3548741 1.3905326 4
-3.3210871 -3.7461281 -0.098710738 17
-8.2427931 -9.2926493 3.8382583 27
-4.7929449 -5.3987494 0.38841584 3
-4.7440767 -5.3547378 1.90596 8
-1.703396 -1.9246705 -0.075607717 1
-4.739337 -5.3560901 1.1406956 2
-4.7314458 -5.344317 1.3915613 4
-1.4921478 -1.6870962 -0.085638747 1
-4.72295 -5.3318677 1.643442 4
-4.7531395 -5.3755841 0.63988119 41
-2.0404766 -2.3047698 -0.080867089 2
-4.7582126 -5.3784122 0.89114684 3
-4.6911449 -5.2921996 2.1482623 4
-2.4887731 -2.8092353 -0.077409334 3
-5.0336494 -5.6738963 -0.14997338 3
-4.8704705 -5.4486141 0.13118717 27
-4.8941841 -5.4962888 0.64297092 46
-1.7152164 -1.9245093 -0.077395029 1
-4.819418 -5.4094453 0.89449596 3
-4.8783545 -5.4564672 0.38663411 3
-4.8081493 -5.392909 1.4022599 4
-3.3314364 -3.7315135 -0.098177694 17
-4.8466973 -5.4332247 1.6683753 4
-12.504456 -13.997393 5.5325251 8
-1.4905261 -1.6729518 -0.082503282 1
-5.1383348 -5.751318 -0.16118966 3
-2.4989777 -2.80007 -0.077376507 3
-4.7597728 -5.3301635 2.1653509 4
-4.8198681 -5.407052 1.1486895 2
-4.9615684 -5.5116849 0.12549308 24
-4.8446779 -5.4280753 1.9295648 7
-2.0462196 -2.294322 -0.080075108 2
-4.9366145 -5.4963021 1.4221541 4
-5.0424361 -5.5623436 0.1206539 22
-11.043097 -12.270948 4.929285 9
-4.978569 -5.5276461 0.38448998 2
-4.8382416 -5.3801155 2.1860192 4
-4.9134116 -5.4665732 1.9440571 7
-5.1649914 -5.7407098 -0.16200289 3
-4.9299035 -5.4858994 1.6833668 4
-3.3582988 -3.7340069 -0.10058968 17
-2.5324388 -2.8177404 -0.083012156 3
-4.9052114 -5.4642797 1.1573707 2
-2.0567677 -2.2900593 -0.080817237 2
-4.9058628 -5.4660153 0.89969838 3
-1.719576 -1.9152838 -0.076470591 1
-4.9462876 -5.5139842 0.64382881 48
-1.5040243 -1.6763378 -0.085604154 1
-1.7366335 -1.9208086 -0.080065481 1
-11.249322 -12.412621 4.9944201 3
-5.0461469 -5.563508 0.38322857 2
-4.9197311 -5.4324884 2.2075882 4
-4.9982896 -5.5221152 1.9631066 6
-4.9781218 -5.5008388 1.6902719 4
-5.1183314 -5.6066008 0.11624193 19
-5.2237473 -5.7654057 -0.16704732 3
-3.3579211 -3.7075155 -0.098091029 17
-5.0063205 -5.5349283 1.4314065 4
-2.5474925 -2.814714 -0.084240191 3
-4.9910145 -5.5209661 1.1660526 2
-2.0673075 -2.2857623 -0.081559204 2
-4.986474 -5.516952 0.9044863 3
-5.0110297 -5.5470886 0.645015 49
-1.5071983 -1.6681901 -0.084548213 1
-5.0975981 -5.6034656 0.64672899 52
-3.4082377 -3.7368014 -0.1049255 18
-5.0719051 -5.5712314 1.1740474 2
-4.9937649 -5.475709 2.226469 5
-5.1302252 -5.6166692 0.38152635 2
-7.9900484 -8.7552977 3.6870711 6
-5.0650921 -5.5568242 1.976843 6
-5.2513757 -5.7121434 0.10735694 15
-5.2840796 -5.7912388 -0.17226529 3
-5.0629802 -5.5584674 1.438244 4
-2.5492475 -2.7970173 -0.082320184 3
-2.0672674 -2.2698007 -0.079233706 2
-5.0728731 -5.5733185 0.90968961 3
-1.7353779 -1.9060723 -0.077334456 1
-1.4999297 -1.6486192 -0.07933671 1
-5.0478029 -5.5388546 1.7021545 4
-5.1826649 -5.6460891 2.0050101 2
-5.2445211 -5.7016921 0.37901774 2
-5.1601381 -5.6255507 1.452337 4
-2.0777578 -2.2654426 -0.07997559 2
-5.1624284 -5.6320753 0.91509885 3
-5.2224541 -5.7005849 0.64936906 56
-1.5108199 -1.6490488 -0.081397071 1
-7.7733307 -8.4584064 3.5896919 7
-5.3119411 -5.7376871 0.10422855 13
-5.0918951 -5.5443163 2.2534177 3
-5.1792731 -5.6434035 1.7283438 3
-5.3096037 -5.7785811 -0.17290092 3
-3.397023 -3.6985385 -0.10046136 17
-2.5589228 -2.7880812 -0.082288705 3
-5.1478238 -5.6151166 1.1813548 2
-1.7445801 -1.9028538 -0.078217655 1
-5.3312912 -5.7575722 0.3772428 2
-5.2514663 -5.6911993 0.92050844 3
-5.4262228 -5.8222494 0.096836105 9
-7.8511419 -8.4864073 3.6093907 8
-5.2461672 -5.6783767 1.7396033 3
-5.1865954 -5.6080041 2.2790232 5
-5.3513422 -5.7833619 -0.17565063 3
-5.2659078 -5.7007756 1.4678837 4
-1.5138687 -1.6409067 -0.080341332 1
-1.7484888 -1.8938708 -0.077293567 1
-2.0935752 -2.2667923 -0.082252122 2
-5.2476006 -5.6769223 2.0179896 5
-2.5846622 -2.7965047 -0.086033747 3
-3.477257 -3.7594614 -0.1126993 19
-5.3073606 -5.7528138 0.65102243 59
-5.2457395 -5.6819615 1.1914232 2
-5.2011046 -5.5864468 2.2777441 3
-5.4413257 -5.835382 0.3748844 2
-5.5175419 -5.8789411 0.091368012 8
-9.2388725 -9.9163485 4.1413193 5
-5.349278 -5.7485514 2.0416009 4
-5.34934 -5.7496419 1.7589545 3
-2.5803969 -2.7734306 -0.082857385 3
-5.3392329 -5.7459369 0.92571652 3
-1.7520339 -1.885186 -0.076371633 1
-5.3388085 -5.7413778 1.4776235 4
-3.4219928 -3.6752634 -0.10037754 17
-5.3590212 -5.7702932 0.65188068 60
-5.3741627 -5.767518 -0.17593327 3
-5.3414669 -5.7452807 1.2011485 2
-2.1067522 -2.2651951 -0.083761148 2
-1.5221416 -1.6384171 -0.081363358 1
-5.4400854 -5.8156457 0.93195158 3
-5.520823 -5.8814011 0.37333474 2
-5.6165237 -5.9447503 0.085258536 8
-5.4358511 -5.8039122 1.7745736 3
-9.2372665 -9.848938 4.1280246 12
-5.4448624 -5.817668 1.211908 2
-2.6008005 -2.7759008 -0.085343368 3
-3.4455998 -3.6748435 -0.10229919 17
-2.1141813 -2.2581728 -0.08373718 2
-5.3904843 -5.7467122 -0.17551468 3
-1.7625248 -1.8832999 -0.077706441 1
-5.4610438 -5.8391209 0.65393311 63
-5.2231646 -5.5710454 2.2787073 3
-1.5301342 -1.6361532 -0.082386583 1
-5.4211879 -5.7893019 1.4888209 4
-5.4390759 -5.8042812 2.0614195 4
-5.614687 -5.9635901 0.6572414 60
-8.1701241 -8.6506977 3.6999762 27
-5.1773062 -5.4856176 2.2572615 3
-5.4905682 -5.8204331 2.0706024 4
-5.5726142 -5.9084225 1.8013946 3
-3.4358983 -3.6402817 -0.098328479 17
-2.6153471 -2.7729821 -0.086571671 3
-5.5342617 -5.8750706 0.93757558 3
-1.7713629 -1.8802525 -0.078590982 1
-5.5438132 -5.8810115 1.5072727 4
-5.6429386 -5.9695554 0.3706882 2
-5.5115495 -5.8478656 1.2178423 2
-5.4214039 -5.7394066 -0.176853 3
-2.1192851 -2.2478926 -0.08294598 2
-5.7263546 -6.0166535 0.078521065 8
-1.5251559 -1.6195472 -0.078214005 1
-8.2389994 -8.6598091 3.7145352 24
-1.778162 -1.8737257 -0.078569449 1
-5.7336826 -6.0211802 0.36892977 2
-8.5812254 -9.024106 3.3861842 9
-2.1486793 -2.2632284 -0.08905416 2
-5.5956693 -5.8884516 2.094228 4
-5.4633269 -5.7434907 -0.17960092 3
-5.654048 -5.9509077 1.8151571 3
-3.4737754 -3.6535146 -0.1027032 18
-5.6527729 -5.952713 1.5228319 4
-2.6281419 -2.7662046 -0.087167956 3
-5.6333919 -5.9354644 1.2306794 2
-5.651957 -5.9560876 0.94485021 3
-5.6832452 -5.992238 0.65844208 59
-1.5333831 -1.6169897 -0.079235725 1
-5.8246775 -6.0772977 0.072632633 8
-5.7952461 -6.067739 0.66070068 57
-5.7393866 -6.0050015 1.2414485 2
-3.4836969 -3.6384575 -0.1021691 17
-5.7030239 -5.9596009 2.1186113 4
-5.9401336 -6.1545811 0.065469489 7
-5.8127513 -6.0616899 0.36746326 2
-8.6611443 -9.0446911 3.4024315 13
-5.4832907 -5.7243395 -0.17952998 3
-5.7338376 -5.9960117 1.5335515 4
-2.632246 -2.7512827 -0.085876875 3
-2.1592093 -2.2585158 -0.089795895 2
-5.7775483 -6.0459976 0.9527424 3
-1.7900059 -1.8731102 -0.080355749 1
-1.5469518 -1.619974 -0.082335368 1
-5.7512202 -6.0110025 1.8326516 3
-8.2784691 -8.6406775 3.7182539 39
-5.8191195 -6.0385528 2.1452761 4
-5.8235378 -6.0473866 1.5457247 3
-5.9060669 -6.1160965 0.36563152 2
-2.1533825 -2.2368083 -0.085936949 2
-5.8428845 -6.0717854 0.95610988 3
-1.5498403 -1.6117563 -0.081280045 1
-8.781908 -9.1069126 3.4321244 13
-6.0979705 -6.2740889 0.055117376 7
-8.2803259 -8.5824547 3.7075295 22
-5.846138 -6.0676432 1.8495271 3
-3.4659903 -3.5948184 -0.096723765 17
-2.6609576 -2.7619517 -0.09024968 3
-5.8459396 -6.0738649 1.2522205 2
-1.793753 -1.8640196 -0.079432458 1
-5.9300294 -6.1655822 0.66349286 55
-5.5363889 -5.7395267 -0.1836848 3
-8.8448095 -9.1082811 3.4425492 12
-5.5507822 -5.7144041 -0.18290955 3
-5.9580326 -6.1407051 1.8701373 3
-3.5171826 -3.6225162 -0.10355485 18
-6.2120042 -6.3468885 0.048172455 7
-8.5552673 -8.8056126 3.8015392 45
-6.1002316 -6.2731166 0.36116239 2
-5.9303665 -6.1111264 2.170424 6
-2.6622558 -2.7441146 -0.088329911 3
-2.1529031 -2.2207901 -0.083612531 2
-5.9835482 -6.1746264 0.96503603 3
-1.7947456 -1.8521285 -0.077605344 1
-1.5607574 -1.6118597 -0.083339758 1
-5.9717269 -6.1580677 1.5680637 3
-5.9502678 -6.1391921 1.2626488 2
-6.0349522 -6.2309585 0.66555738 53
-6.0940986 -6.2437849 1.2779132 2
-6.36588 -6.4587932 0.038252596 6
-5.5790052 -5.703485 -0.18389428 3
-6.0898414 -6.2328439 1.8951076 2
-3.5297401 -3.6101794 -0.10351154 18
-1.802485 -1.8472204 -0.078036249 1
-2.6717479 -2.734771 -0.088298015 3
-6.1962643 -6.3529286 0.66895163 50
-6.1096616 -6.2564092 1.5884697 3
-1.5608989 -1.6008542 -0.081245162 1
-2.1578217 -2.2104354 -0.082819417 2
-6.1166286 -6.2679839 0.97334856 3
-6.0559144 -6.1970425 2.199374 4
-8.9214659 -9.1232462 3.4574561 4
-6.2647777 -6.397429 0.35750356 2
-8.5750685 -8.7645655 3.7975247 24
-3.5924051 -3.6487095 -0.11230217 19
-8.6068935 -8.7358723 3.7981527 6
-6.2678452 -6.3736782 1.6122674 3
-6.2331457 -6.3417544 1.2924887 2
-2.1737118 -2.2112567 -0.085093938 2
-6.3372521 -6.4487867 0.98804587 3
-1.5636897 -1.5926178 -0.080188759 1
-6.3585043 -6.4738407 0.67235005 47
-1.8047451 -1.8367274 -0.076660998 1
-2.6867516 -2.7310238 -0.089524448 3
-6.4840283 -6.5328465 0.031101404 6
-6.4443083 -6.5349026 0.35348359 2
-8.968236 -9.1072407 3.4625039 1
-6.1848922 -6.2849398 2.2290869 6
-5.5988269 -5.6839299 -0.18382254 3
-6.2445455 -6.3466468 1.9250569 2
-6.6389694 -6.6853704 0.3491008 2
-6.285522 -6.342732 2.2508235 8
-6.3961844 -6.4588828 1.6307436 3
-3.6050558 -3.6361043 -0.11225818 19
-6.6310143 -6.634398 0.021826193 6
-11.375937 -11.465129 4.836453 3
-13.208503 -13.318495 4.8369427 10
-6.4355483 -6.5032177 0.99368858 3
-5.6312127 -5.6770248 -0.18533461 3
-2.6795058 -2.7047725 -0.085717067 3
-1.569162 -1.5871273 -0.080171704 1
-6.5216632 -6.5936928 0.67575264 44
-1.8110695 -1.8303889 -0.076640442 1
-2.1868734 -2.2091947 -0.086602554 2
-6.3611732 -6.4201531 1.9462982 2
-6.3813629 -6.4473271 1.3081045 2
-11.419922 -11.42934 4.8381505 4
-6.7725301 -6.7723613 0.34633264 2
-9.3909874 -9.4041576 3.5797365 4
-6.3339114 -6.3470922 2.2581241 4
-5.6424904 -5.6488338 -0.18420647 3
-6.520257 -6.534883 1.9768798 2
-6.7844558 -6.7406268 0.012128834 5
-6.5139756 -6.5320244 1.6472865 3
-2.7195668 -2.7261114 -0.092604659 3
-2.1972697 -2.2043025 -0.087343208 2
-6.5568681 -6.5796618 1.0009805 3
-1.828382 -1.8350614 -0.080232255 1
-6.6462135 -6.6728187 0.67822772 42
-1.5773436 -1.584343 -0.081193641 1
-3.5615408 -3.5673027 -0.10239719 18
-6.5529051 -6.5745063 1.3264867 2
-1.5882614 -1.5842558 -0.083253324 1
-6.7382317 -6.7145424 1.012602 3
-2.1965263 -2.1882839 -0.08501786 2
-6.7798963 -6.7596178 0.6809057 40
-6.9444065 -6.8514757 0.0020102377 5
-11.474756 -11.404292 4.843977 13
-9.4444256 -9.3918457 3.5865829 12
-5.7045207 -5.6711736 -0.18941402 3
-6.660614 -6.6290574 2.0031061 2
-3.6020625 -3.5827973 -0.10726061 18
-2.7289939 -2.7165754 -0.092571728 3
-6.6717582 -6.6471391 1.3383112 2
-1.8250333 -1.8190198 -0.077051565 1
-6.2947016 -6.2639503 2.2414861 4
-6.688642 -6.6604404 1.6735169 3
-6.9465189 -6.8979435 0.34254444 2
-1.8299085 -1.8112416 -0.076578774 1
-2.7496324 -2.7181005 -0.095054947 3
-6.8110328 -6.7386422 1.3525569 1
-13.262457 -13.102391 4.1309466 3
-5.7327371 -5.6595778 -0.19039665 3
-7.0872846 -6.9887004 0.3396371 2
-11.385139 -11.236483 4.7956181 9
-7.0880923 -6.9445162 -0.0068287123 5
-3.572099 -3.5283341 -0.099854685 17
-6.8416901 -6.7653761 1.6958753 2
-2.2152507 -2.1916046 -0.088058591 2
-6.8723369 -6.8004775 1.0207247 3
-6.7848415 -6.7056665 2.0256016 2
-9.4271526 -9.309433 3.5705681 13
-6.985332 -6.9158978 0.68524998 36
-1.5937053 -1.5786703 -0.083236024 1
-7.0749865 -6.955883 0.68686962 34
-9.4595232 -9.2763863 3.5706897 13
-11.436646 -11.208744 4.8004122 10
-1.8430986 -1.8116326 -0.078816511 1
-7.2287698 -7.0785494 0.3367328 2
-7.2926488 -7.0951061 -0.020129224 4
-2.2144048 -2.1755817 -0.085733123 2
-13.222551 -12.972036 4.1079402 15
-5.7580972 -5.6450562 -0.19102719 3
-3.6552095 -3.5852668 -0.11207871 19
-7.0068841 -6.8804588 1.7201757 2
-2.7533925 -2.7029178 -0.093764454 3
-6.9879937 -6.8655334 1.3712938 1
-7.0242214 -6.9023499 1.0300871 3
-6.9068627 -6.7787237 2.0474775 4
-1.5963727 -1.5703684 -0.082180366 1
-1.6045303 -1.5674582 -0.083200581 1
-7.2508745 -7.0791302 0.69049048 31
-7.12883 -6.955111 1.3855463 1
-3.6221161 -3.528147 -0.1041832 18
-9.4764175 -9.228261 3.565881 17
-7.5127082 -7.2582316 -0.034485806 3
-9.0091057 -8.7687998 3.8814054 6
-7.3767042 -7.1730776 0.33368701 2
-13.37742 -13.032548 4.1377568 15
-7.0747619 -6.8951178 2.0793166 4
-7.1445317 -6.9667482 1.7396388 2
-5.8405395 -5.6860051 -0.19869395 3
-2.7599092 -2.6905017 -0.093102098 3
-2.2331603 -2.1787677 -0.088773258 2
-7.1483064 -6.9753456 1.0373919 3
-1.8395654 -1.7956438 -0.075635195 1
-7.4937301 -7.236104 0.33144629 3
-7.3504581 -7.1225977 1.050266 2
-2.24632 -2.1763873 -0.090280063 2
-7.3228087 -7.0908108 1.7658831 2
-11.849055 -11.463583 3.714165 15
-7.6965179 -7.3839512 -0.046076428 3
-11.356069 -10.975358 4.7418747 11
-9.4454441 -9.1340742 3.5458276 13
-5.9090147 -5.7125931 -0.20460038 3
-7.2719574 -7.0378904 2.1173861 3
-3.651474 -3.5319877 -0.10708309 18
-2.7663734 -2.6780713 -0.092440702 3
-7.3047338 -7.077045 1.4039469 1
-1.8415447 -1.7851219 -0.074259982 1
-1.6182417 -1.5698776 -0.08629892 1
-7.3846316 -7.1594739 0.69311577 29
-9.5236015 -9.1455078 3.5607471 16
-11.40261 -10.943571 4.74512 19
-7.9029098 -7.577889 0.32184201 3
-7.9362531 -7.5608182 -0.061697591 2
-5.9231143 -5.6863651 -0.2038215 3
-2.7927291 -2.6847801 -0.096180663 3
-7.4759307 -7.1848454 2.1567059 4
-1.6152794 -1.5561619 -0.083165735 1
-2.2453377 -2.1603353 -0.087955564 2
-7.4702311 -7.1882138 1.0571649 2
-1.8659528 -1.7961974 -0.080108456 1
-7.4648285 -7.1779437 1.7858354 2
-3.6465271 -3.5026937 -0.10409456 18
-7.5132718 -7.2334232 0.69561076 27
-11.920102 -11.451966 3.7226803 16
-7.4269977 -7.1453409 1.4157858 1
-8.1221781 -7.6839447 -0.073278554 2
-7.9287782 -7.5801048 0.70471126 19
-1.8721349 -1.7896453 -0.08008714 1
-9.2387133 -8.8056698 3.9328551 24
-7.5296469 -7.1936197 1.4252115 1
-2.7934353 -2.6668055 -0.094260767 3
-3.7046485 -3.5337179 -0.11189945 19
-7.6781616 -7.3277235 2.1954079 4
-5.9342198 -5.6573563 -0.20269147 3
-8.077013 -7.6908097 0.31822568 3
-9.6936617 -9.2439146 3.6048133 24
-7.7339234 -7.3847909 1.8271053 2
-2.2527905 -2.1524534 -0.087929264 2
-7.7089963 -7.366189 1.0725228 2
-1.6150368 -1.5451471 -0.081072308 1
-13.936441 -13.295247 4.2515516 10
-8.0045519 -7.5898399 1.8683816 1
-9.2637091 -8.7679596 3.9309087 33
-8.3595428 -7.9042387 0.31191689 3
-11.928369 -11.300745 3.7039845 24
-3.693826 -3.498898 -0.10792951 18
-7.973949 -7.564816 1.4754148 1
-2.260215 -2.1445479 -0.087903142 2
-8.0940104 -7.6800365 1.0982009 2
-1.8825366 -1.7870915 -0.081420645 1
-8.1640224 -7.7505293 0.70961845 14
-2.79405 -2.6488535 -0.092341632 3
-7.7380509 -7.3334074 2.2029786 1
-5.9394078 -5.6228609 -0.20085824 3
-9.7158947 -9.2005424 3.6017988 17
-1.625948 -1.544788 -0.08313074 1
-8.3614721 -7.8550863 -0.088676564 1
-11.976265 -11.267008 3.7064202 13
-8.5707588 -8.0473652 0.30743667 3
-9.8330908 -9.2465839 3.6288302 6
-8.2381525 -7.760879 1.5038573 1
-8.6604843 -8.0791216 -0.10831511 0
-2.279052 -2.147367 -0.090942726 2
-8.4180174 -7.935854 0.71493191 10
-1.6312523 -1.539077 -0.083113655 1
-1.881593 -1.7737948 -0.079143427 1
-8.312645 -7.832418 1.1119211 2
-5.9008679 -5.5474701 -0.19375142 3
-7.7174869 -7.2629647 2.1931126 1
-3.6914847 -3.4723556 -0.10543137 18
-8.2506828 -7.768589 1.9053035 1
-2.8204772 -2.6552799 -0.096080936 3
-8.9963331 -8.3337269 -0.13049391 0
-8.8152561 -8.2191067 0.30216074 3
-13.987231 -13.059689 4.9263258 7
-8.3878279 -7.8289933 3.5889063 4
-12.006856 -11.21699 3.7042947 15
-5.9099431 -5.5172791 -0.19244555 3
-14.669822 -13.706339 3.6872909 1
-8.4662495 -7.9158869 1.936903 1
-3.7412522 -3.4946046 -0.11176343 19
-8.6296015 -8.0785007 0.71924895 6
-1.6478252 -1.5438943 -0.087248534 1
-1.8905436 -1.7698485 -0.080025285 1
-8.5674553 -8.0161095 1.1281238 2
-2.2778528 -2.1313274 -0.088617228 2
-8.4572477 -7.9116387 1.5267744 1
-2.8383195 -2.6534715 -0.09793324 4
-1.6474631 -1.5328468 -0.085154533 1
-8.8382807 -8.2117023 1.1453627 2
-2.2823257 -2.1206603 -0.08782541 2
-9.0111618 -8.3430424 0.29812604 3
-9.8715391 -9.1536694 3.6210113 3
-12.007008 -11.138854 3.694185 19
-14.674081 -13.614625 3.6781394 8
-3.7533596 -3.4814856 -0.11171752 19
-8.7265987 -8.1022806 1.9757754 1
-2.8532872 -2.6488802 -0.099157378 4
-8.7417393 -8.1206112 1.557304 1
-1.8994895 -1.765861 -0.080906287 1
-8.9038115 -8.2769318 0.72497493 4
-5.9695373 -5.5320721 -0.19711402 3
-9.3620358 -8.6087637 -0.15456957 1
-14.477345 -13.338339 3.6260078 3
-1.9055653 -1.7591846 -0.080885209 1
-9.6114674 -8.8364515 0.28413603 3
-3.7654233 -3.468323 -0.11167162 19
-9.2147818 -8.5060902 0.73151058 4
-9.0635939 -8.3621664 1.159307 2
-8.9182758 -8.2223721 2.0030243 1
-9.0087337 -8.3071966 1.5854248 1
-13.545216 -12.46675 4.7594109 3
-12.004356 -11.054758 3.682941 17
-2.8570881 -2.6330175 -0.097864687 4
-2.2900047 -2.1122444 -0.087798305 2
-6.0063548 -5.5273242 -0.19914852 3
-1.6444681 -1.5189079 -0.082022145 1
-10.600119 -9.6786509 -0.2413473 1
-10.623253 -9.6353102 -0.24058269 1
-9.9317236 -9.0669651 0.27713743 3
-9.5728817 -8.7701445 1.1930783 2
-11.974698 -10.950411 3.6652257 12
-9.2646923 -8.478981 2.0554833 1
-2.2943892 -2.1015613 -0.087005496 2
-9.6499033 -8.8422585 0.74080354 3
-1.6525297 -1.5157411 -0.0830421 1
-9.3227701 -8.5365934 1.6190783 1
-3.7780395 -3.4544532 -0.111624 19
-6.0343871 -5.5143275 -0.20012785 3
-2.8574424 -2.6149945 -0.095945649 3
-13.605855 -12.435051 4.7649684 3
-1.9147967 -1.7547826 -0.081766449 1
-11.996354 -10.897342 3.6615696 12
-3.7511895 -3.4071856 -0.10520673 18
-9.6188812 -8.7445269 2.1093934 1
-10.401884 -9.4296131 0.2665157 3
-9.9669065 -9.0671635 1.2186022 2
-10.122872 -9.2138605 0.75096756 3
-8.1611347 -7.4069877 3.4685254 34
-9.792016 -8.8910046 3.567117 4
-12.142551 -10.935722 -0.34661609 2
-1.9147608 -1.7431591 -0.079940118 1
-15.827737 -14.37898 3.8942492 17
-2.8631065 -2.6028068 -0.095286086 3
-6.0683017 -5.5065536 -0.20180987 3
-2.3190775 -2.109333 -0.09157598 2
-9.7446766 -8.8603954 1.6651888 1
-1.6691694 -1.5203223 -0.087176412 1
-8.1597404 -7.3565221 3.4593296 27
-10.644111 -9.58496 0.26148745 3
-14.328419 -12.817792 -0.49959764 2
-15.840091 -14.294535 3.8869677 16
-9.8345022 -8.8671207 3.5708313 14
-12.025515 -10.847403 3.6594412 12
-6.0687141 -5.4703488 -0.19962974 3
-9.9057522 -8.9422255 2.1516852 1
-2.8926404 -2.6112771 -0.099650845 4
-1.6769954 -1.5173376 -0.088197574 1
-2.3259897 -2.1015978 -0.091550723 2
-1.9236516 -1.7390375 -0.080821976 1
-3.8013363 -3.4285688 -0.11153525 19
-10.214684 -9.2258434 1.7168357 1
-10.528859 -9.5162029 0.75953919 3
-12.071603 -10.816527 3.6622486 11
-8.1680174 -7.3124447 3.4532371 31
-9.8913803 -8.8590689 3.5794733 6
-15.848647 -14.202112 3.8784487 4
-9.9323416 -8.9065924 2.15132 1
-2.9041581 -2.6042702 -0.10024745 4
-1.93514 -1.7378167 -0.082607135 1
-11.506864 -10.330615 0.7809881 2
-3.8126221 -3.4159009 -0.11149179 19
-10.860989 -9.7406826 1.7885638 1
-6.1085076 -5.4676695 -0.20201358 3
-2.3244624 -2.085572 -0.089226671 2
-1.687958 -1.5165952 -0.090255395 1
-14.287889 -12.683034 -0.49303359 2
-8.2437992 -7.3259993 3.4709003 27
-14.557588 -12.836224 -0.50897378 2
-15.894646 -14.138535 3.8774159 19
-34.603249 -30.705343 -0.31730136 44
-11.807517 -10.511353 1.8945596 2
-2.9140594 -2.5930524 -0.10021052 4
-3.8256335 -3.4011934 -0.11144059 19
-2.3378799 -2.082221 -0.090730347 2
-1.9475389 -1.7355095 -0.084389105 1
-12.105643 -10.763456 3.6605172 16
-34.613472 -30.827927 1.2992984 57
-1.6847638 -1.5026654 -0.087122865 1
-6.1463284 -5.4610581 -0.20404144 3
-9.90485 -8.8027916 3.5733304 8
-1.9590523 -1.7341683 -0.086173676 1
-8.3344536 -7.3546095 3.4942408 24
-27.226164 -23.990543 -0.13610958 10
-30.574696 -27.016453 5.5046191 9
-3.8368306 -3.388438 -0.11139761 19
-12.463566 -11.007748 3.7439499 30
-34.670654 -30.673 1.2987171 56
-14.608314 -12.790483 -0.50921148 2
-9.9090757 -8.7478809 3.5658221 9
-14.261589 -12.597337 3.5236981 7
-2.9136901 -2.5754914 -0.098293319 4
-6.1772537 -5.4500518 -0.20537043 3
-2.3391743 -2.06881 -0.089172468 2
-1.6783379 -1.4865148 -0.082952961 1
-32.253498 -28.334492 1.242745 50
-13.187492 -11.579334 2.0460529 2
-9.9350824 -8.7092886 3.5646024 11
-3.8485668 -3.3749795 -0.11135162 19
-14.716171 -12.794336 -0.51347649 2
-1.9445066 -1.7093027 -0.079835549 1
-8.3411036 -7.3088279 3.4876323 10
-27.300766 -23.887268 -0.13554184 10
-15.769277 -13.82851 4.585773 9
-14.341077 -12.578613 3.5313582 12
-30.734495 -26.966936 5.5156794 9
-2.925559 -2.5678732 -0.098887071 4
-2.3577573 -2.0713611 -0.092210494 2
-31.758562 -27.884977 2.7089853 20
-6.2252178 -5.4557319 -0.20881027 3
-1.6918972 -1.4885433 -0.086050943 1
-1.6999173 -1.4851347 -0.087070152 1
-32.310436 -28.17009 2.7406139 22
-2.3619366 -2.0605028 -0.091418177 2
-2.9344347 -2.5575991 -0.098853938 4
-14.875644 -12.841956 -0.52134049 2
-8.262969 -7.1895533 3.4510722 31
-27.254204 -23.678864 -0.13207804 10
-12.310633 -10.714984 4.2803111 11
-15.15096 -13.193107 4.4148192 2
-6.2531896 -5.4417491 -0.20978697 3
-14.328231 -12.47906 3.5197008 15
-30.501459 -26.588451 4.0359182 11
-1.9621383 -1.7127116 -0.083422758 1
-32.340225 -28.210983 1.2428918 50
-1.9621322 -1.7007151 -0.081597105 1
-2.9522386 -2.5550494 -0.10070444 4
-2.3690405 -2.0522082 -0.091391779 2
-32.414661 -28.062145 2.7414448 22
-30.524815 -26.421614 4.0283508 11
-14.920374 -12.789837 -0.52115232 2
-8.2806225 -7.1542764 3.4485943 39
-34.932041 -30.134722 -0.31319067 43
-12.364118 -10.685843 4.2854009 1
-1.7079337 -1.4816855 -0.088089943 1
-14.231311 -12.3054 4.1677737 5
-6.2751088 -5.4224343 -0.21006122 3
-14.189323 -12.271222 3.4818671 10
-3.8719008 -3.3479373 -0.11125986 19
-14.491349 -12.538929 2.8631234 8
-34.896469 -30.226381 1.2979798 56
-14.297982 -12.278111 3.495769 10
-15.037931 -12.799691 -0.5260359 2
-8.2996016 -7.1202083 3.4466398 30
-34.985474 -29.968147 -0.31149226 43
-13.275544 -11.392492 4.5507383 5
-14.207076 -12.197975 4.1508479 15
-6.2939458 -5.4004407 -0.2099763 3
-34.992741 -30.09634 1.2982472 56
-2.9700654 -2.552402 -0.10254893 4
-1.9738977 -1.698894 -0.083375528 1
-3.8834996 -3.3343532 -0.11120698 19
-1.7012987 -1.4656124 -0.083915956 1
-2.3850555 -2.0515537 -0.093656734 2
-30.610846 -26.309483 4.028069 11
-14.538004 -12.490734 2.8638031 8
-1.7180834 -1.4696531 -0.088048331 1
-35.064209 -29.9452 1.2979773 56
-1.9916015 -1.7020683 -0.086961746 1
-30.223557 -25.793556 3.9737864 10
-8.3184404 -7.0860934 3.4446828 27
-3.8950472 -3.3207319 -0.11115857 19
-35.059505 -29.819695 -0.31030098 43
-13.288459 -11.323209 4.5428371 6
-15.085567 -12.749583 -0.52604806 2
-6.3187747 -5.3835335 -0.21059766 3
-12.946965 -11.040003 3.2070613 18
-31.328623 -26.722343 5.552711 9
-2.9488142 -2.516361 -0.096231081 3
-2.3771882 -2.0304415 -0.08980035 2
-14.216636 -12.120154 4.1426668 15
-2.390178 -2.0271723 -0.091302954 2
-13.202108 -11.176142 3.874655 3
-35.148186 -29.68401 -0.30946949 43
-3.9065485 -3.3070662 -0.11110967 19
-16.283703 -13.793501 3.12976 2
-30.848549 -26.14106 4.035121 11
-35.147251 -29.804268 1.2979755 56
-1.7290196 -1.4686097 -0.090103954 1
-15.19424 -12.750639 -0.53029597 2
-8.5909443 -7.2664752 3.5315564 34
-6.3526897 -5.3742495 -0.21227092 3
-13.314444 -11.265303 4.5389748 2
-12.873782 -10.900171 3.1841679 15
-1.9855561 -1.6850013 -0.083329186 1
-2.9635396 -2.5111156 -0.097451061 4
-12.985803 -10.917336 3.1996095 10
-15.204884 -12.669291 -0.52776653 2
-35.221031 -29.535202 -0.30827776 43
-14.264052 -11.983215 4.8128819 12
-13.271045 -11.155131 3.8824389 19
-6.371356 -5.3519793 -0.21218935 3
-16.316519 -13.72367 3.1275508 2
-3.9180007 -3.2933631 -0.11106099 19
-2.9873381 -2.5134199 -0.10055561 4
-2.403178 -2.0238266 -0.092806384 2
-31.61145 -26.602863 2.6624794 16
-1.9853826 -1.6730065 -0.081502661 1
-8.6161776 -7.2363515 3.5316694 27
-1.7340585 -1.4625243 -0.090085171 1
-30.811571 -25.92524 4.0209923 11
-35.217495 -29.652819 1.2977047 56
-1.7539001 -1.4688096 -0.095252864 1
-31.872759 -26.633007 2.6742873 17
-2.3980935 -2.0053267 -0.089715622 2
-6.3991294 -5.3372912 -0.21316068 3
-14.254837 -11.89078 4.797812 2
-12.831367 -10.698232 4.9898825 5
-15.289022 -12.649121 -0.53031695 2
-35.293243 -29.506386 1.2975681 56
-3.929404 -3.2796228 -0.11101159 19
-3.0020919 -2.5079837 -0.10177603 4
-12.98434 -10.838915 3.1916761 14
-1.992628 -1.6672803 -0.081930757 1
-13.33849 -11.132513 3.8898425 13
-16.297237 -13.610506 3.1170943 4
-35.290203 -29.383684 -0.30701378 42
-6.451436 -5.3427982 -0.21693894 3
-15.348513 -12.60823 -0.53117424 2
-12.829856 -10.621226 4.9766216 22
-35.374149 -29.244802 -0.30610994 42
-13.621417 -11.289999 3.3146691 13
-3.9407649 -3.2658236 -0.11096453 19
-3.0198824 -2.5050092 -0.10362363 4
-16.233038 -13.460911 3.0995996 2
-2.4110525 -2.0019064 -0.091218531 2
-31.16007 -25.853138 2.6204691 13
-2.011862 -1.6714637 -0.085967526 1
-35.359169 -29.352114 1.29723 56
-1.7351484 -1.4429148 -0.086933397 1
-13.130744 -10.881588 3.8279974 26
-13.746741 -11.3859 4.6337466 4
-13.678997 -11.257322 3.3185887 15
-6.4576759 -5.3100691 -0.21545263 3
-13.182233 -10.846796 3.8315945 11
-13.705035 -11.270881 4.6096916 11
-35.460644 -29.108227 -0.30527827 42
-12.680172 -10.42293 4.9122219 14
-15.404804 -12.564563 -0.53181839 2
-2.0206165 -1.666868 -0.086846799 1
-16.264561 -13.391411 3.097388 2
-3.0102289 -2.4793561 -0.099818952 4
-3.9520717 -3.2520094 -0.11091463 19
-30.653849 -25.248362 3.9740846 10
-2.4088538 -1.9859593 -0.088893346 2
-31.317997 -25.799852 2.6254406 14
-35.44297 -29.213001 1.2972963 56
-1.7221993 -1.4220837 -0.080689058 1
-35.532402 -29.078735 1.2974981 56
-3.9633305 -3.2381423 -0.11086587 19
-30.399382 -24.860989 3.9360418 10
-8.4959698 -6.9354405 3.4561832 12
-35.528023 -28.956238 -0.30401433 42
-13.766876 -11.241332 4.6166039 12
-15.479609 -12.535727 -0.5337314 2
-1.748014 -1.4331378 -0.087932229 1
-13.294473 -10.861446 3.8504138 14
-13.82526 -11.296863 3.3405926 5
-28.840872 -23.574102 5.0753107 6
-3.0218537 -2.471282 -0.10041073 4
-2.4248197 -1.9849423 -0.09116216 2
-31.219282 -25.535889 2.6132219 13
-6.5008197 -5.3075743 -0.21817715 3
-2.0172925 -1.6523699 -0.084117636 1
-1.7559273 -1.429422 -0.088950485 1
-31.379585 -25.484457 2.6184015 13
-2.4438541 -1.9863212 -0.09419474 2
-35.61031 -28.816719 -0.30311051 42
-28.895231 -23.450552 5.0713248 6
-13.32004 -10.804968 3.8475447 14
-13.759026 -11.155034 4.6028695 10
-15.548171 -12.501516 -0.53522044 1
-8.5530777 -6.9323955 3.4676573 31
-15.359049 -12.460426 3.6444583 12
-3.974545 -3.2242315 -0.1108171 19
-6.509964 -5.2772593 -0.21704146 3
-3.036526 -2.4656565 -0.10162926 4
-17.181208 -13.953003 2.4465673 12
-2.0259991 -1.6477293 -0.084997356 1
-35.602737 -28.929058 1.2972946 56
-15.644779 -12.489406 -0.53861195 2
-13.79629 -11.105593 4.6026011 5
-6.5531301 -5.2744212 -0.21976431 3
-15.451635 -12.446248 3.6546371 12
-3.0573535 -2.4648976 -0.10410508 4
-2.4476416 -1.9752686 -0.09340091 2
-32.535065 -26.234495 2.6898854 18
-2.0255885 -1.6357254 -0.083169624 1
-17.21892 -13.884048 2.445581 3
-28.946005 -23.324411 5.066854 6
-3.9857066 -3.2102902 -0.11076736 19
-12.941614 -10.423369 3.744204 18
-1.763835 -1.4256729 -0.08996813 1
-35.695183 -28.679472 -0.30227804 42
-8.5545597 -6.8842392 3.4600177 39
-35.681782 -28.786774 1.2972937 56
-8.5588274 -6.8385701 3.4534118 24
-13.766387 -11.00249 4.5825815 11
-15.735234 -12.47181 -0.54157782 2
-6.5901322 -5.2663627 -0.22178555 3
-13.476633 -10.778551 3.246964 3
-3.0442638 -2.4368966 -0.099674113 4
-3.9968209 -3.1963043 -0.11071855 19
-16.928122 -13.552308 2.4080348 2
-2.0494716 -1.6432059 -0.088557802 1
-35.763382 -28.646809 1.2973598 56
-2.454447 -1.9666699 -0.093372732 2
-12.962519 -10.365748 3.7405667 18
-32.423782 -25.958269 2.676847 17
-35.760769 -28.527023 -0.30101466 41
-17.344297 -13.877978 3.2382834 4
-1.7506222 -1.4049923 -0.083724454 1
-8.6022482 -6.8241634 3.4602385 37
-24.69525 -19.560385 -0.044657767 7
-13.190806 -10.472884 3.7883108 30
-17.336632 -13.772759 3.2297721 4
-2.4673717 -1.9629303 -0.094874755 2
-32.667465 -25.966492 2.6874325 18
-2.0429094 -1.6263076 -0.084927008 1
-35.835056 -28.499144 1.2972233 56
-1.7524132 -1.3964276 -0.082668431 1
-16.981533 -13.497952 2.4089487 21
-3.0588682 -2.4311254 -0.10089219 4
-6.5959325 -5.2333546 -0.22029875 3
-15.270512 -12.116961 5.0137081 11
-3.0703678 -2.4228268 -0.10148426 4
-14.050963 -11.069847 4.6439953 4
-13.28891 -10.475257 3.8037078 19
-6.6141043 -5.2102342 -0.22021475 3
-2.7552092 -2.1758456 1.0772985 1
-17.474983 -13.783301 3.2440774 2
-17.050413 -13.455731 2.4115982 3
-2.4710491 -1.9518396 -0.094079703 2
-34.426289 -27.168457 2.7981596 26
-2.0699224 -1.6360078 -0.091217138 1
-35.915554 -28.358759 1.2972896 56
-1.7723651 -1.4022266 -0.087834999 1
-8.6137905 -6.7844381 3.4562159 28
-15.96357 -12.472054 -0.55067527 2
-24.782396 -19.349009 -0.042895194 100
-14.332039 -11.210272 4.7151103 17
-16.019623 -12.425922 -0.55131286 2
-12.680833 -9.9140253 4.8286514 19
-2.0694056 -1.6239274 -0.089390248 1
-6.6635938 -5.2115788 -0.22363725 3
-2.7378092 -2.1466792 1.0723394 16
-3.0849569 -2.4169164 -0.10270209 4
-36.682774 -28.73633 4.575963 24
-2.480864 -1.9455733 -0.094816558 2
-33.017834 -25.870348 2.6994944 19
-35.986061 -28.210768 1.2971545 55
-29.359493 -22.988068 5.0824685 6
-1.783255 -1.4007494 -0.089890294 1
-1.8033035 -1.4063363 -0.095055647 1
-33.000767 -25.67132 2.6928761 18
-2.4689615 -1.922405 -0.090197161 2
-3.0901828 -2.4036634 -0.10203785 4
-16.104038 -12.401475 -0.55385077 2
-12.745811 -9.8932695 4.8391509 20
-14.358697 -11.150481 4.7117062 17
-6.7289133 -5.2248611 -0.22881025 3
-29.461502 -22.902267 5.0862532 6
-17.184767 -13.367887 2.4165509 3
-2.0688288 -1.6118703 -0.087563179 1
-36.078072 -28.079819 1.297493 55
-2.7750363 -2.1598697 1.2052147 2
-3.1047392 -2.3976333 -0.10325652 4
-16.201174 -12.386298 -0.5572322 2
-6.7375841 -5.1939726 -0.22767399 3
-2.7337849 -2.1129363 1.0686611 47
-2.0867074 -1.6141231 -0.091146447 1
-36.715397 -28.349932 4.5585527 24
-36.172775 -27.951012 1.2978998 55
-12.657739 -9.7542648 4.797977 19
-36.142654 -27.811987 -0.29613632 41
-2.7156126 -2.0985625 1.1888773 37
-33.166096 -25.614319 2.6982894 19
-2.4942374 -1.9281126 -0.094759263 2
-30.393135 -23.456377 5.2182379 6
-14.357329 -11.069221 4.7002187 9
-1.7989495 -1.3929083 -0.091924883 1
-2.0891569 -1.6044163 -0.090221323 1
-12.668612 -9.6922884 4.7903891 4
-36.306339 -27.736389 -0.29716593 41
-36.842625 -28.243151 4.5621567 24
-14.349375 -10.983375 4.6869345 3
-2.7197173 -2.0866239 1.1881472 67
-16.384321 -12.435776 -0.56631297 2
-6.7366285 -5.155829 -0.22548606 3
-2.7347846 -2.0985217 1.0674456 39
-30.471678 -23.34749 5.2181501 6
-3.1067429 -2.3819315 -0.10196362 4
-2.5008752 -1.9193568 -0.094729804 2
-33.594563 -25.758192 2.7209263 20
-1.8129224 -1.3936273 -0.095016286 1
-30.556145 -23.243158 5.2190351 6
-2.5074842 -1.9105694 -0.094700739 2
-1.8146225 -1.3849106 -0.093959607 1
-37.052017 -28.198559 4.5747781 24
-3.1023824 -2.3614657 -0.099416815 4
-2.7844701 -2.1211929 1.0759008 100
-6.7640514 -5.1394401 -0.22645243 3
-2.7159543 -2.0687518 1.1855152 52
-2.1101804 -1.608861 -0.094705172 1
-14.337893 -10.895359 4.6727505 11
-8.5396471 -6.4877315 3.3926914 6
-31.974277 -24.145702 5.4244099 8
-2.662348 -2.008945 0.46165013 1
-2.7199361 -2.056843 1.184786 52
-3.1294582 -2.3648434 -0.10314513 4
-2.5203316 -1.9064831 -0.096201926 2
-2.090822 -1.5826594 -0.087469861 1
-1.8286159 -1.3855081 -0.097050846 1
-4.0839615 -3.0830359 -0.1103232 19
-2.7523487 -2.0816586 1.0681336 63
-6.74371 -5.0869498 -0.22216265 3
-14.322863 -10.805207 4.6576691 11
-2.6519613 -2.0095186 0.57828915 1
-8.5328426 -6.435689 3.3829799 31
-2.7023165 -2.0253456 0.34253195 1
-14.439989 -10.814575 4.6807551 12
-2.7484453 -2.0636938 1.0659817 40
-2.0900176 -1.5706356 -0.085642956 1
-8.5830193 -6.4266 3.3923912 45
-2.6356254 -1.9744567 0.46243244 9
-2.7207248 -2.0425804 1.1832948 69
-3.1407828 -2.3562267 -0.10373496 4
-2.5174685 -1.8905693 -0.093877919 2
-2.6913385 -2.0234611 0.69704908 3
-2.6348882 -1.9821924 0.57780927 6
-1.8333617 -1.3790805 -0.097029991 1
-6.8228774 -5.1074719 -0.22872947 3
-2.6551094 -1.9749004 0.34615085 1
-2.6352928 -1.9681594 0.57770425 10
-2.0891562 -1.5586358 -0.083816849 1
-8.5572319 -6.3607974 3.3764789 28
-2.6033661 -1.9408618 1.0360589 5
-4.105247 -3.0543382 -0.11022391 19
-2.6295738 -1.9556594 0.46274817 10
-2.6774783 -1.9984903 0.69573104 12
-2.733815 -2.0393357 0.81935793 15
-2.7422845 -2.0430753 1.1867546 56
-2.5306051 -1.8859581 -0.095377654 2
-1.8259252 -1.3630753 -0.092862107 1
-14.44817 -10.738184 4.6719685 5
-2.6570828 -1.9620219 0.34649903 1
-3.1524928 -2.3470001 -0.10432291 4
-6.856606 -5.095428 -0.23039506 3
-2.6263239 -1.946546 0.5773952 12
-2.1198571 -1.5694366 -0.091003299 1
-2.6782715 -1.9838675 0.69534796 12
-2.5402555 -1.8794006 -0.096113123 2
-3.144697 -2.3242102 -0.10114869 4
-2.745693 -2.0322151 0.9407897 1
-2.522949 -1.866733 1.0189265 8
-2.6366389 -1.9459556 0.46278003 11
-2.7303526 -2.0194502 1.1822166 50
-14.518431 -10.711838 4.6815858 7
-1.8212675 -1.349771 -0.089731142 1
-14.829349 -10.935303 5.4533048 12
-2.713589 -2.0096061 0.81643993 30
-6.8623447 -5.0607347 -0.22890377 3
-2.646436 -1.9392496 0.34769109 6
-2.6786554 -1.9697288 0.69496328 13
-14.851758 -10.871923 5.4483271 18
-2.6330209 -1.9373138 0.5774259 10
-2.115813 -1.5550758 -0.088274911 1
-2.6401055 -1.9343343 0.46288311 12
-2.76069 -2.0284336 0.94203651 53
-2.5389237 -1.8648703 1.0208279 6
-2.718636 -1.9954468 1.1776795 52
-2.6531086 -1.9299551 0.34772193 6
-14.555948 -10.657262 4.6813335 5
-3.1594939 -2.3172762 -0.10236499 4
-2.7353106 -2.0101905 0.81803453 43
-1.8198869 -1.3384775 -0.087636404 1
-2.5343745 -1.8607548 -0.093022481 2
-6.9185095 -5.0648971 -0.23302083 3
-2.6658998 -1.92577 0.34732935 3
-2.678973 -1.9556117 0.69457978 13
-14.902046 -10.82895 5.4526525 15
-2.640286 -1.9203563 0.46305561 12
-2.5357451 -1.8489716 1.0189849 13
-2.6367843 -1.9252388 0.57738847 11
-2.7191441 -1.9812742 1.1761882 52
-14.559875 -10.582193 4.6720877 3
-2.7230656 -1.9855464 0.93526733 27
-3.1802742 -2.3154714 -0.10483669 4
-2.7100058 -1.9771324 0.81459612 46
-2.553483 -1.8610816 -0.096052624 2
-2.111963 -1.5403787 -0.085546948 1
-1.8213454 -1.3297981 -0.086580023 1
-2.1233022 -1.5378934 -0.087326601 1
-2.6840804 -1.9450268 0.69450647 14
-2.679024 -1.9210482 0.34693906 6
-14.917735 -10.760903 5.4456062 17
-2.6371565 -1.9040627 0.46329993 12
-2.7817881 -2.0116565 1.315171 4
-2.7288003 -1.9744914 1.1769797 54
-2.719897 -1.9694833 0.93383968 33
-3.1846619 -2.3025539 -0.1041735 4
-2.5549114 -1.8493012 1.0215106 1
-2.6495588 -1.9211223 0.57755417 10
-2.8805113 -2.0808399 0.20830446 1
-2.70227 -1.9571092 0.81306535 46
-2.5503373 -1.8452101 -0.093729548 2
-1.8290299 -1.3256466 -0.087597422 1
-3.189395 -2.2890711 -0.10350849 4
-2.6921477 -1.9162548 0.34654734 7
-14.967698 -10.71761 5.4499335 13
-2.6437073 -1.8947906 0.46333003 12
-2.790288 -2.0030155 1.3156524 8
-2.7292044 -1.9603224 1.1754873 56
-2.8532979 -2.0468798 0.21201271 1
-2.7040839 -1.9437255 0.93046868 31
-2.6843815 -1.9306607 0.81049097 39
-2.6561658 -1.91181 0.57758462 10
-2.5563686 -1.836702 -0.093701579 2
-2.6891494 -1.9344234 0.69443285 13
-2.1317475 -1.5326968 -0.088203929 1
-1.8239224 -1.3127759 -0.08446876 1
-1.8472983 -1.3197993 -0.090669215 1
-15.014395 -10.671859 5.4532256 8
-2.6567469 -1.8901299 0.46321803 12
-2.726341 -1.9439059 1.1732342 56
-2.7042971 -1.9296179 0.92952716 41
-2.5658882 -1.8299898 -0.094437256 2
-2.6958013 -1.9249724 0.69446403 13
-2.6594825 -1.9001613 0.57754755 6
-3.1972921 -2.2778702 -0.10347099 4
-2.6877751 -1.918909 0.810175 36
-2.522512 -1.7992477 1.0128284 1
-2.8376086 -2.0207009 0.21449624 1
-2.8019392 -1.9965929 1.3170327 13
-2.137008 -1.5251943 -0.088180773 1
-2.6922102 -1.9021937 0.34699991 9
-2.7069352 -1.8984585 0.34650493 1
-2.8040259 -1.9833663 1.3157164 16
-2.6958978 -1.9108825 0.69407964 13
-2.8413105 -2.0084336 0.2148788 1
-2.5577366 -1.810891 1.0184771 1
-2.7044442 -1.9155319 0.92858684 48
-1.8518144 -1.3133012 -0.090648934 1
-2.5785978 -1.8255082 -0.095936522 2
-3.205152 -2.2666357 -0.10343475 4
-2.139056 -1.5154335 -0.08725585 1
-2.6911178 -1.9071672 0.8098588 36
-15.021476 -10.598085 5.4435949 7
-2.6763253 -1.8900067 0.46296439 11
-2.6627541 -1.8884923 0.57750916 7
-2.7266059 -1.9297943 1.1717417 54
-2.7069032 -1.8843877 0.34695685 1
-2.1346843 -1.5011901 -0.084529422 1
-2.8044577 -1.9690405 1.3139516 26
-2.6878874 -1.8908404 0.80884778 38
-3.2194412 -2.2599206 -0.10465017 4
-2.9969141 -2.1028938 0.069326505 2
-2.5413063 -1.7860279 1.0141349 1
-2.8547561 -2.003016 0.21421148 1
-2.6893826 -1.8851761 0.46285221 10
-2.7029021 -1.9003258 0.92740244 49
-2.7364535 -1.9224598 1.1725351 54
-2.5880949 -1.8186945 -0.096672222 2
-2.6861191 -1.8899338 0.69306999 12
-2.6757934 -1.883733 0.57767683 8
-1.862635 -1.3112172 -0.092702053 1
-2.7555542 -1.9194405 1.4231423 3
-1.8607782 -1.3002546 -0.09060818 1
-2.6925755 -1.8734561 0.46295562 9
-2.7936237 -1.9469421 1.3090423 38
-2.7430594 -1.9128375 1.1725652 54
-3.0025294 -2.0912378 0.069606178 2
-2.7061744 -1.8885545 0.926947 52
-2.6904728 -1.8800452 0.57787901 2
-2.6911187 -1.879108 0.80853117 37
-2.5943515 -1.8095965 -0.096642599 2
-2.6926162 -1.8804961 0.69310164 13
-2.1494286 -1.5003639 -0.08720842 1
-3.0715415 -2.1403682 -0.074515454 3
-2.7561426 -1.9043392 0.34425029 1
-2.8649237 -1.9952645 0.21389498 1
-2.5539248 -1.7816023 1.0154135 1
-2.5340307 -1.7546633 1.0104461 10
-2.7923646 -1.9149557 0.34238738 1
-2.7023139 -1.8662519 0.46291432 10
-2.7971041 -1.9349098 1.3081759 39
-2.7463987 -1.900968 1.1718355 57
-2.8635924 -1.9795402 0.21480231 1
-3.0113704 -2.0818117 0.069395915 15
-2.7159314 -1.8812933 0.92746425 53
-3.0008819 -2.0757298 -0.059432089 7
-2.6811841 -1.8583272 0.80682588 39
-2.5908833 -1.7937878 -0.094319239 2
-2.702364 -1.8733071 0.69334108 13
-2.1513686 -1.4905897 -0.086283542 1
-1.8556917 -1.2871115 -0.087479196 1
-2.7084472 -1.8785521 0.57814968 1
-2.7319283 -1.8889081 1.4133505 17
-2.7941046 -1.9184643 1.305512 37
-17.080606 -11.601188 -0.5673039 2
-2.7235861 -1.8669118 0.46262512 7
-2.7432144 -1.8846469 1.1695812 57
-2.880271 -1.9762297 0.21378586 1
-2.5319052 -1.7401657 1.0089139 21
-3.000524 -2.0589004 0.072118707 22
-2.9933672 -2.0551441 -0.056576483 21
-2.6859276 -1.8477688 0.80668253 40
-2.6067677 -1.7913423 -0.09658289 2
-2.7120991 -1.8660591 0.69357961 13
-2.175766 -1.496248 -0.091665536 1
-2.7083135 -1.8644994 0.57804334 1
-2.7191205 -1.8695072 0.92701024 52
-1.8600937 -1.2805822 -0.087458871 1
-2.7352266 -1.8771175 1.4123474 36
-2.7256887 -1.8566496 1.4072093 31
-2.7091331 -1.8487712 0.92460853 45
-2.8006928 -1.9086463 1.3055446 33
-2.6096818 -1.779972 -0.095789284 2
-2.7020035 -1.8452861 0.69256991 13
-1.8676678 -1.276202 -0.088475488 1
-2.7366242 -1.8618296 0.46251446 7
-2.6955707 -1.8405696 0.80706054 40
-2.9134426 -1.9840204 0.21102057 1
-2.5509434 -1.7401505 1.0114403 21
-3.0092578 -2.0494766 0.071909294 37
-2.993912 -2.0401886 -0.055287182 13
-2.171231 -1.4820156 -0.088938542 1
-2.7262893 -1.8628637 0.57831478 2
-2.7496867 -1.8750039 1.1696119 57
-2.5601883 -1.7333957 1.0120944 22
-3.0042145 -2.0318811 -0.055880081 13
-2.9400945 -1.9871533 0.20895611 1
-2.7975531 -1.8922658 1.3028812 39
-2.1763134 -1.4743769 -0.088914782 1
-2.756125 -1.8653437 1.1696442 56
-2.7596109 -1.8633813 0.46219179 7
-2.7336633 -1.848145 1.4077563 22
-2.7121935 -1.8370295 0.92415398 57
-2.6870363 -1.8210515 0.80552745 39
-2.6125491 -1.7686046 -0.094994843 2
-2.6984158 -1.8290757 0.69197541 12
-2.744287 -1.8611227 0.57858592 1
-1.8784348 -1.2739524 -0.090528451 1
-3.0031502 -2.0300257 0.07389839 35
-3.0216908 -2.0271995 0.072222658 47
-2.6883271 -1.8082744 0.80503714 42
-2.1813684 -1.4667228 -0.088890523 1
-2.7573261 -1.8559343 0.5787552 1
-2.6980672 -1.8151345 0.69158989 13
-2.7303133 -1.8170211 0.34808987 1
-2.7351904 -1.8353095 1.4062369 14
-2.7327669 -1.8314532 0.46293172 1
-2.8008153 -1.8802536 1.3020142 41
-2.769057 -1.860016 1.1711994 57
-2.970119 -1.9923282 0.20654131 1
-2.5628555 -1.7221798 1.0114977 25
-2.7086089 -1.8208607 0.92272592 48
-2.7830713 -1.8685631 -0.012281856 2
-2.6121058 -1.7550533 -0.093436435 2
-1.8924159 -1.2737997 -0.093617119 1
-2.7721732 -1.8481094 1.170469 56
-2.6246791 -1.7502168 -0.094936043 2
-2.7414911 -1.8256832 1.406268 17
-2.7190638 -1.8085854 0.46338794 4
-2.8072717 -1.8704077 1.302045 42
-3.0452054 -2.0275717 0.069815606 40
-2.7330437 -1.823428 0.92543155 56
-1.8935552 -1.2649935 -0.092560932 1
-2.6845865 -1.7921977 0.80402458 45
-2.7503905 -1.837371 0.57851118 1
-2.7142751 -1.8122963 0.69224572 13
-2.7664711 -1.8434656 -0.0078637237 2
-2.7332232 -1.8052266 0.34833106 1
-2.1831512 -1.4568899 -0.08796566 1
-2.8176432 -1.8760877 0.22335947 1
-2.572052 -1.715364 1.012153 23
-1.9011042 -1.2604554 -0.093576692 1
-2.7416909 -1.8177817 0.578233 1
-2.1979022 -1.4556525 -0.090644091 1
-2.7271662 -1.8071597 0.69269359 11
-2.6405256 -1.7474828 -0.097198382 2
-2.7216923 -1.800032 0.0018824461 24
-2.7343342 -1.8105439 0.92473358 46
-2.7135873 -1.7913306 0.46366692 9
-2.765409 -1.8297101 1.1674522 54
-2.5812337 -1.7084889 1.0128053 26
-2.7143493 -1.7792325 0.34993991 1
-2.7413025 -1.8117945 1.4042306 33
-2.7475717 -1.8157504 0.23143281 1
-2.7754059 -1.8344358 0.11063818 1
-2.8169477 -1.8626794 1.302977 41
-2.6973922 -1.7871461 0.80474985 45
-2.5870938 -1.69941 1.0128348 32
-2.8200819 -1.8506403 1.3021089 38
-2.7488534 -1.8063698 0.92598075 62
-2.7344935 -1.7947942 0.00066006114 27
-2.6432498 -1.7360448 -0.096404977 2
-1.8989494 -1.2495307 -0.091483615 1
-2.7195146 -1.7894917 0.57767957 1
-2.1800718 -1.4329655 -0.084315591 1
-2.7367151 -1.7997575 0.69293231 11
-2.7118564 -1.7831334 0.80565 38
-2.7651219 -1.8156784 1.1659582 52
-2.7667654 -1.8148904 0.11286668 1
-2.7130451 -1.7774177 0.46383908 11
-2.7588379 -1.8095529 1.4078819 45
-2.7090361 -1.7616096 0.35070807 3
-2.7507887 -1.8034303 0.23181511 1
-2.7682862 -1.8019562 1.4089469 42
-2.6177664 -1.7064627 1.0175506 23
-2.7596848 -1.7965246 0.11485215 5
-2.2111228 -1.4422886 -0.091497116 1
-2.7124403 -1.7635274 0.46401048 12
-2.7206333 -1.7766591 0.57760674 2
-2.7361999 -1.7857788 0.69254702 12
-2.7450705 -1.7902106 0.92455238 68
-2.6462216 -1.7241499 -0.095609017 2
-2.774956 -1.8076093 1.1667535 56
-2.7283063 -1.7796375 0.8067258 38
-2.8234804 -1.8381089 1.3012445 30
-1.906673 -1.2446111 -0.092498802 1
-2.7402725 -1.7829242 0.23359498 1
-2.7409704 -1.7847075 0.00069292705 24
-2.7134087 -1.7510027 0.3508437 10
-2.7270408 -1.7666092 0.57763839 3
-2.719424 -1.7414575 0.35087407 10
-2.7120719 -1.7491851 0.46418431 19
-2.823236 -1.8239564 1.2994778 37
-2.7778604 -1.7957245 1.1660224 50
-2.7396994 -1.7689726 0.23432417 1
-2.7537484 -1.7793521 -0.00052943401 24
-2.6422467 -1.7084653 -0.093287386 2
-2.7359276 -1.7713419 0.69216251 12
-2.1933827 -1.4193403 -0.085166745 1
-2.7682028 -1.7908413 0.92701858 68
-1.9174196 -1.2420859 -0.09455087 1
-2.7594926 -1.7820385 0.11586148 1
-2.6172721 -1.6925068 1.0163314 18
-2.746135 -1.7776051 0.80797398 40
-2.787771 -1.8001007 1.413118 36
-2.7352805 -1.7574147 0.69177556 13
-2.6514244 -1.7012943 -0.094021477 2
-2.6347234 -1.6907543 1.0185475 17
-2.7615309 -1.7707323 -0.00081193622 19
-2.7357051 -1.7529026 0.23540331 1
-2.8459156 -1.8245263 1.3040062 39
-2.8020856 -1.7955 1.4157357 28
-2.7287781 -1.7340426 0.35069469 12
-2.7656178 -1.7723405 0.11589257 5
-2.7776945 -1.7832458 0.92753631 64
-2.7421701 -1.7615069 0.80696112 41
-2.2048106 -1.4158226 -0.086943649 1
-2.7196393 -1.7483875 0.57739365 5
-1.9151552 -1.231171 -0.092458129 1
-2.7906382 -1.7901876 1.1675795 57
-2.7180777 -1.7396532 0.46421519 16
-1.9160992 -1.2223593 -0.091401309 1
-2.8180349 -1.791851 1.418871 14
-2.7206717 -1.7279607 0.46431667 16
-2.8554683 -1.8166056 1.3049369 31
-2.7868354 -1.7740633 1.1653235 50
-2.2162397 -1.4122497 -0.088720649 1
-2.7871675 -1.7756054 0.92805356 64
-2.7347333 -1.7244493 0.35072568 12
-2.7659478 -1.7599741 -0.00046689442 24
-2.7138317 -1.731312 0.57718295 10
-2.743 -1.7488723 0.69191182 14
-2.6556132 -1.6909202 -0.093609869 2
-2.7549424 -1.7561362 0.8076883 40
-2.7467747 -1.7464864 0.23490962 1
-2.657198 -1.6920763 1.0217024 20
-2.7750611 -1.7647465 0.11543593 3
-2.7437487 -1.7174268 0.35054395 13
-2.7197745 -1.721771 0.57721317 11
-2.2111855 -1.3982172 -0.085995011 1
-2.7920575 -1.7628739 -0.0041949856 24
-2.7929206 -1.7642672 1.1653545 52
-2.8633504 -1.8076054 1.3054194 24
-2.726604 -1.7183931 0.46434683 16
-2.8748727 -1.813831 1.4349383 26
-2.6763701 -1.69116 1.0242325 21
-2.7494032 -1.734705 0.23528999 1
-1.9300817 -1.221786 -0.094490059 1
-2.7557626 -1.7434783 0.69235855 14
-2.6697271 -1.6868188 -0.095489591 2
-2.7865441 -1.7615714 0.9271124 64
-2.7844877 -1.7571005 0.11497813 7
-2.7677119 -1.7507012 0.80841464 40
-2.2190392 -1.392891 -0.086872488 1
-2.8560221 -1.7897725 1.3018529 22
-2.8262904 -1.7713495 -0.0094895065 2
-2.6919301 -1.688493 1.0261353 20
-2.7922871 -1.7522619 0.92714167 68
-2.8906157 -1.810372 1.4380732 12
-2.7457814 -1.7177552 0.4640947 14
-2.8053315 -1.759091 1.1669103 56
-2.7969568 -1.7520152 0.11403242 5
-2.764976 -1.7361686 0.80757463 39
-2.6752324 -1.6779052 -0.095461316 2
-2.7445192 -1.7236793 0.69134545 14
-2.7186122 -1.7084389 0.57710415 12
-1.9405955 -1.2194355 -0.096541196 1
-2.7635236 -1.715711 0.34973702 11
-2.7587395 -1.7271557 0.23497202 1
-2.2105634 -1.3768613 -0.083246946 1
-2.8130999 -1.7484559 0.11259934 5
-2.72787 -1.7009946 0.57720405 12
-2.7504351 -1.7140275 0.69137645 14
-2.7584829 -1.7123032 0.46398368 15
-2.7982996 -1.7424458 0.92717332 68
-2.6977186 -1.679029 1.0261658 19
-2.8183379 -1.7528777 1.1684687 57
-2.8690929 -1.7833358 1.3036857 23
-2.7881367 -1.71749 0.34861284 1
-3.3497975 -2.0814559 -0.1059191 4
-2.6912932 -1.6742365 -0.097721696 2
-1.9482502 -1.2142985 -0.097555496 1
-2.7714491 -1.7216486 0.23430419 1
-2.778003 -1.7301604 0.80830258 39
-2.7665198 -1.7106392 0.69203496 14
-2.7711773 -1.7067933 0.46387646 15
-7.8227477 -4.7740846 0.039134342 6
-2.723664 -1.6819676 1.0299494 19
-2.700392 -1.6668293 -0.098453343 2
-2.8851743 -1.7793648 1.3064166 23
-2.7790608 -1.7129447 0.23416215 1
-2.8096499 -1.7352301 0.92793834 50
-3.3536065 -2.0676177 -0.10525215 4
-2.2686188 -1.4013789 -0.09762644 1
-1.929373 -1.1932521 -0.090282448 1
-2.8243535 -1.742967 1.1685023 59
-2.8295562 -1.7443143 0.11117051 1
-2.7442148 -1.697217 0.57744634 11
-2.7924221 -1.7256188 0.8092066 40
-2.7463379 -1.6859578 0.57740682 11
-2.7446001 -1.6816608 1.0327951 15
-7.8666472 -4.7632027 0.03755508 100
-2.7855742 -1.7022517 0.46373332 9
-2.882653 -1.7646583 1.3042018 17
-2.8266819 -1.7314812 1.1677705 57
-2.8220811 -1.7299856 0.92894346 50
-3.363745 -2.0584865 -0.10583965 4
-2.7911296 -1.7123849 0.69321638 11
-2.2698553 -1.3917621 -0.09670157 1
-2.8521957 -1.7452027 0.10876268 1
-1.9400409 -1.1904829 -0.092333235 1
-2.8053567 -1.7156229 0.23210008 1
-2.7864442 -1.7085198 0.80802047 38
-2.696063 -1.651199 -0.096130207 2
-7.6074653 -4.6091232 -0.25910193 3
-7.8660393 -4.7253499 0.038703974 65
-2.8920379 -1.7565408 1.305135 9
-2.8010473 -1.7027165 1.0422051 17
-2.8280163 -1.7200609 0.92897671 46
-2.8056378 -1.7074859 0.80944473 39
-2.7115257 -1.6482965 -0.098391868 2
-2.8021288 -1.70567 0.69356179 10
-2.2546239 -1.3716503 -0.091273852 1
-3.3573201 -2.0384824 -0.10329485 4
-1.9472055 -1.1859987 -0.093347952 1
-2.8393359 -1.7256086 1.1693292 59
-2.825645 -1.7131435 0.46306163 7
-2.7726302 -1.6887655 0.57785529 6
-7.8819776 -4.7321424 0.35961941 27
-2.8880401 -1.7403393 1.3024706 4
-2.8441215 -1.7162558 0.93047154 23
-2.8570309 -1.7226999 1.1720326 64
-7.5653763 -4.5475779 -0.25307176 3
-2.8542871 -1.7213691 1.0509919 48
-3.3778841 -2.0348308 -0.10575872 4
-2.825151 -1.7058402 0.81086999 38
-2.7138202 -1.6367412 -0.097596139 2
-2.8148222 -1.6999469 0.69401348 10
-2.2693396 -1.3697438 -0.093949027 1
-2.8041191 -1.6944897 0.5784077 2
-1.9512531 -1.1791422 -0.093326055 1
-2.2606373 -1.3537792 -0.090321377 1
-2.7228127 -1.6292098 -0.098328494 2
-17.967587 -10.617009 -0.57507682 2
-7.9052587 -4.7085934 0.3595784 24
-2.9609644 -1.7700921 1.320493 1
-2.8730531 -1.7186888 1.174355 61
-7.550334 -4.5027027 -0.24983412 3
-2.8771536 -1.7214552 1.0541518 45
-3.3815 -2.0209398 -0.10509246 4
-2.8532395 -1.7091817 0.81316656 33
-2.9096675 -1.7418615 0.93902779 19
-2.8275158 -1.6941367 0.69446325 7
-1.9519601 -1.1702896 -0.092268892 1
-2.8322461 -1.6979691 0.57889235 1
-8.065259 -4.7876148 0.6844036 42
-2.8985262 -1.7225102 0.81720454 12
-2.8626566 -1.6992592 1.0504334 39
-17.914911 -10.501572 -0.56939292 2
-38.789806 -22.901274 -0.26932949 38
-65.682465 -38.84779 18.1346 40
-2.8823235 -1.710585 1.1751515 61
-7.5865326 -4.4883947 -0.25183299 3
-3.0335014 -1.801421 0.95586652 1
-3.395261 -2.0130796 -0.10630439 4
-2.7148893 -1.6116354 -0.095242143 2
-2.8573813 -1.6984532 0.69595963 6
-2.2686255 -1.3478065 -0.091195829 1
-1.9559524 -1.1634182 -0.092246987 1
-38.848858 -22.753336 -0.26840368 38
-2.8814144 -1.6964709 1.173659 61
-17.94108 -10.432808 -0.56853229 2
-65.848579 -38.613575 20.972162 40
-65.784004 -38.598034 18.126467 40
-7.5505323 -4.4315643 -0.2465032 3
-65.623405 -38.556004 9.8618011 63
-2.7424319 -1.6150105 -0.1001737 2
-8.0560246 -4.7413464 1.0111657 26
-8.0904722 -4.7644114 0.68467921 42
-1.9565899 -1.1545705 -0.091189988 1
-2.8718894 -1.6911901 1.0510924 39
-3.3919687 -1.995158 -0.10438537 4
-2.2799602 -1.3437628 -0.092971295 1
-2.2643518 -1.3239692 -0.087544493 1
-65.951965 -38.387268 18.13632 40
-7.6037846 -4.4271355 -0.25024527 3
-2.8810999 -1.6830832 1.0517516 43
-65.757622 -38.326214 9.8626585 63
-3.4022515 -1.985232 -0.10497024 4
-17.949684 -10.354004 -0.56662488 2
-2.7581537 -1.611297 -0.1024322 2
-8.0776329 -4.716114 1.0115806 32
-1.9605311 -1.1476692 -0.091169022 1
-38.931557 -22.619314 -0.2679669 38
-2.8821406 -1.6833694 1.1725485 59
-38.931 -22.723843 1.3050289 54
-65.61068 -38.263165 7.1618652 60
-18.006502 -10.303036 -0.56765026 2
-66.08551 -38.1563 18.13718 40
-7.6122313 -4.3964891 -0.24945256 3
-2.886869 -1.6729463 1.051785 43
-3.4261942 -1.9831504 -0.10806072 4
-2.272253 -1.3179567 -0.088418141 1
-39.011841 -22.588524 1.3055708 54
-65.743904 -38.033451 7.1627216 60
-1.9677892 -1.1427021 -0.092182256 1
-2.7636838 -1.6016034 -0.10239992 2
-8.099164 -4.6907883 1.0119965 16
-2.8981073 -1.6791286 1.1748717 57
-39.013798 -22.484999 -0.26753014 38
-3.4227364 -1.9652232 -0.10614201 4
-18.045809 -10.24194 -0.56762791 2
-2.9140818 -1.6747868 1.1771945 57
-65.876335 -37.803249 7.163579 60
-2.8823178 -1.6569035 1.0499427 39
-7.6828103 -4.4014668 -0.25493759 3
-2.7419264 -1.5762671 -0.096260078 2
-2.2801445 -1.3118939 -0.089293003 1
-66.218262 -37.924839 18.138042 40
-39.071255 -22.336483 -0.26660284 38
-39.080082 -22.44595 1.3058704 54
-1.9884419 -1.1453871 -0.097337611 1
-39.163437 -22.31208 1.3064831 54
-39.155991 -22.203634 -0.26623559 38
-2.933476 -1.6722966 1.1802813 36
-2.9777637 -1.6988035 0.94386417 1
-3.4329355 -1.9551553 -0.10672654 4
-66.007957 -37.572594 7.1644397 60
-2.7473338 -1.5666275 -0.096228145 2
-2.2931004 -1.3086854 -0.091516674 1
-1.9621227 -1.1211894 -0.087996334 1
-2.8982995 -1.6526195 1.0518527 31
-7.6634135 -4.3548698 -0.25135261 3
-66.350189 -37.692944 18.138906 40
-18.074472 -10.174806 -0.5669775 2
-39.23241 -22.170034 1.3068167 54
-2.9524646 -1.6707834 0.93951333 1
-18.120321 -10.117345 -0.56737423 2
-39.219364 -22.058699 -0.26544687 38
-66.420174 -37.426159 18.123577 40
-2.9374938 -1.66102 1.1799349 45
-7.7479548 -4.367095 -0.25823167 3
-2.9177253 -1.6501911 1.0543902 22
-3.4224539 -1.9333963 -0.10355633 4
-66.138771 -37.341476 7.1652994 60
-2.7527084 -1.5569631 -0.096196353 2
-2.3060629 -1.3053993 -0.093740672 1
-1.9726757 -1.1180708 -0.090045743 1
-39.288857 -21.926296 -0.26489553 38
-2.9437864 -1.6520094 1.058176 9
-18.12929 -10.043516 -0.56568694 2
-2.7717555 -1.554953 -0.099217407 2
-66.416649 -37.170315 9.8669634 63
-66.268776 -37.109901 7.1661592 60
-3.4291072 -1.9213713 -0.10351545 4
-2.2935185 -1.2877676 -0.089215375 1
-7.7283025 -4.3204999 -0.25464773 3
-1.98323 -1.1148894 -0.092095472 1
-66.611595 -37.227772 18.140636 40
-2.9414692 -1.6497318 1.1795878 8
-39.299129 -22.026791 1.3071169 54
-39.361496 -21.890255 1.3073909 54
-66.734627 -37.006172 18.141457 40
-2.3113334 -1.2876593 -0.092790663 1
-18.188728 -9.9934731 -0.56691998 2
-3.4353898 -1.9099208 -0.10347764 4
-3.0047178 -1.6723286 1.0682212 1
-1.9904071 -1.1097809 -0.093107916 1
-7.7641916 -4.3049951 -0.25664237 3
-2.7736571 -1.5432984 -0.09842182 2
-66.397972 -36.877872 7.1670222 60
-1.9940002 -1.1031183 -0.093087643 1
-2.3157327 -1.2795322 -0.092763454 1
-2.7786834 -1.5340394 -0.098390453 2
-3.452343 -1.9035714 -0.10531288 4
-66.668182 -36.7164 9.8686476 63
-39.45171 -21.760147 1.3081799 54
-66.519951 -36.657021 7.16784 60
-66.679977 -36.700649 12.579163 57
-7.7713838 -4.275301 -0.25585231 3
-66.768967 -36.74263 15.338547 58
-66.818947 -36.748047 18.130627 40
-18.234003 -9.9354982 -0.56731528 2
-3.4797039 -1.9027842 -0.10902718 4
-66.905685 -36.49168 18.120695 40
-18.258001 -9.8659439 -0.56645489 2
-7.8386865 -4.2766504 -0.2609843 3
-66.647552 -36.424137 7.1687036 60
-2.3064225 -1.2639103 -0.089138493 1
-39.534473 -21.625851 1.30883 54
-66.941605 -36.533272 15.349338 59
-2.780498 -1.522385 -0.097595833 2
-1.9977601 -1.0960882 -0.093065828 1
-67.040031 -36.239563 20.947632 40
-39.594864 -21.376364 -0.26292741 38
-18.306396 -9.8095322 -0.56705856 2
-66.99147 -36.235115 18.110762 40
-66.885674 -36.199818 15.309747 58
-7.8079352 -4.2245359 -0.25635549 3
-66.882431 -36.205009 12.571507 57
-66.7323 -36.167999 7.1653814 60
-2.7891715 -1.5144725 -0.098326758 2
-66.615074 -36.111595 4.4952669 63
-2.3244503 -1.2632164 -0.092710838 1
-2.0014913 -1.089058 -0.093043074 1
-39.581623 -21.472172 1.3087816 54
-3.4619234 -1.8774042 -0.10460572 4
-66.835655 -36.201801 9.8581877 63
-2.0017962 -1.0801753 -0.091986403 1
-39.665169 -21.338316 1.3094668 54
-2.7943633 -1.5046629 -0.098295018 2
-66.900337 -35.956985 7.1704316 60
-67.049088 -36.014771 9.8712444 63
-17.722958 -9.4911003 0.17101255 4
-3.4579349 -1.8596423 -0.10268819 4
-18.340504 -9.7454166 -0.56682438 2
-67.158699 -36.022625 18.122431 40
-7.812037 -4.1915188 -0.25521281 3
-2.3167479 -1.248577 -0.089536026 1
-17.795134 -9.4957867 0.87464541 2
-18.091635 -9.5322762 -0.54986393 2
-17.741816 -9.4215202 0.17151707 28
-67.308044 -35.800266 18.129597 40
-7.8687859 -4.1865683 -0.25929677 3
-3.4957232 -1.864184 -0.10827728 4
-67.18586 -35.764038 12.582626 57
-2.326174 -1.2431669 -0.090859815 1
-2.8099191 -1.5003717 -0.10055136 2
-2.0088847 -1.0749394 -0.092999466 1
-67.025497 -35.722748 7.1712961 60
-2.0262086 -1.075083 -0.09711653 1
-17.604259 -9.1971273 -0.51890302 8
-67.432541 -35.564564 18.130468 40
-7.8903418 -4.1626978 -0.25989476 3
-3.5056291 -1.8537421 -0.10886156 4
-2.8115888 -1.4886538 -0.099756114 2
-67.149826 -35.488091 7.1721606 60
-2.3407598 -1.2404383 -0.093532473 1
-17.753328 -9.3481998 0.17216045 28
-17.821062 -9.4297085 0.87473142 2
-2.3380897 -1.2285808 -0.091706969 1
-17.680573 -9.1584225 -0.52129179 2
-17.746813 -9.2656622 0.17315108 28
-67.507858 -35.303135 18.118732 40
-7.8694463 -4.1165819 -0.25631326 3
-67.433891 -35.293098 12.584362 57
-3.5084999 -1.8396003 -0.10819388 4
-67.273338 -35.252987 7.173027 60
-2.8201706 -1.4805814 -0.10048707 2
-17.832579 -9.3561363 0.8745389 12
-2.0127563 -1.0589736 -0.091920242 1
-67.422615 -35.309166 9.8738461 63
-2.3526623 -1.2257375 -0.09437874 1
-3.5078106 -1.8236328 -0.10690221 4
-17.764809 -9.1961498 0.17365427 28
-67.679047 -35.09185 18.132206 40
-7.8943238 -4.0944853 -0.2572614 3
-67.556664 -35.056984 12.585231 57
-67.457375 -35.027359 9.8625183 63
-67.396042 -35.017456 7.1738944 60
-2.8217573 -1.4688567 -0.099691622 2
-67.589996 -35.125294 4.5205526 63
-17.857988 -9.2899809 0.87462455 12
-2.0163584 -1.0518844 -0.09189748 1
-18.501217 -9.4972916 -0.56734031 2
-18.514786 -9.4266872 -0.56607139 2
-17.830572 -9.1512651 0.17321996 4
-67.678612 -34.820438 12.586101 57
-2.8427539 -1.4665174 -0.10308991 2
-7.9623885 -4.0927215 -0.26238123 3
-67.869537 -34.875042 18.149323 40
-2.0269885 -1.0479529 -0.093945101 1
-67.523987 -34.769684 7.1748042 60
-3.5108769 -1.8088849 -0.1062333 4
-2.3431909 -1.2099128 -0.090753369 1
-17.906097 -9.2316265 0.87514383 2
-17.943693 -9.1756792 0.87549919 2
-40.116272 -20.406006 -0.25955397 38
-67.984749 -34.649273 18.150152 40
-2.3366988 -1.1967591 -0.08803042 1
-3.5308623 -1.8043445 -0.10869539 4
-67.799736 -34.583466 12.586969 57
-18.591986 -9.3801746 -0.56833208 2
-7.941052 -4.0467315 -0.25880107 3
-2.0477619 -1.0495902 -0.099096738 1
-67.644989 -34.533276 7.175673 60
-2.8337853 -1.4493811 -0.10000655 2
-2.040812 -1.0375038 -0.095971063 1
-2.372087 -1.2043568 -0.096098833 1
-3.5335391 -1.7901498 -0.10802887 4
-67.920029 -34.346081 12.587838 57
-40.19622 -20.371601 1.3134767 54
-67.759171 -34.308292 7.1764979 60
-40.072971 -20.199133 -0.25672689 37
-68.048592 -34.367672 18.134865 40
-7.9443955 -4.0135074 -0.25765744 3
-2.8352432 -1.4376531 -0.099210061 2
-18.63336 -9.3153725 -0.56850207 2
-40.274216 -20.22562 1.314085 54
-68.080086 -34.164345 4.5240798 63
-2.3833704 -1.1990834 -0.097868957 1
-68.236748 -34.148861 18.151985 40
-2.0377815 -1.0261335 -0.093876429 1
-2.8439224 -1.4289318 -0.099939361 2
-3.5509014 -1.7817988 -0.10985826 4
-68.051392 -34.084469 12.588798 57
-7.9875002 -3.9985201 -0.26033869 3
-39.796124 -19.876707 -0.24940163 35
-67.89045 -34.047325 7.177454 60
-18.685251 -9.2557068 -0.56929886 2
-18.712229 -9.1917801 -0.5688659 2
-68.16993 -33.846199 12.58967 57
-68.292618 -33.87875 18.13665 40
-67.979591 -33.802032 4.5117707 63
-40.334846 -19.969799 -0.25796157 38
-2.8385053 -1.4131953 -0.097616717 2
-68.014816 -33.797768 7.1783686 60
-2.0483665 -1.022023 -0.095923461 1
-68.165085 -33.850643 9.8791971 63
-40.344429 -20.06694 1.3145118 54
-2.3634298 -1.1777196 -0.091544874 1
-8.0341749 -3.9850326 -0.26336777 3
-3.5431702 -1.7616765 -0.10731408 4
-68.40451 -33.651573 18.137484 40
-68.198845 -33.62896 4.5188956 63
-68.317223 -33.63689 12.596761 57
-18.801643 -9.1542082 -0.5719685 2
-68.423889 -33.667759 15.359873 59
-3.5382819 -1.7446226 -0.10539881 4
-68.126564 -33.571556 7.1791959 60
-2.853672 -1.4089092 -0.099874228 2
-2.3602514 -1.1663749 -0.089721888 1
-40.414364 -19.934523 1.3150707 54
-2.0551336 -1.0168742 -0.096936546 1
-8.0150995 -3.9424579 -0.26014146 3
-2.0757773 -1.0184681 -0.10208821 1
-2.3745399 -1.163605 -0.092394195 1
-68.237549 -33.344978 7.1800237 60
-3.5652838 -1.7431971 -0.10910996 4
-68.434204 -33.397694 12.597635 57
-68.521484 -33.412045 18.138359 40
-40.48745 -19.803625 1.3157011 54
-68.671539 -33.491852 15.389012 59
-8.0108356 -3.905638 -0.25830275 3
-2.8408477 -1.3902662 -0.096028619 2
-18.835037 -9.0850687 -0.57171953 2
-40.574173 -19.661751 1.3165239 54
-68.423897 -33.125393 7.1872263 60
-2.3787031 -1.1548258 -0.092366211 1
-2.0759332 -1.0091077 -0.10102979 1
-16.650005 -8.0417461 5.4836102 1
-68.706566 -33.190613 18.155483 40
-68.556137 -33.146103 12.598553 57
-3.5608959 -1.7248892 -0.10719086 4
-2.8635192 -1.3883094 -0.099807397 2
-8.0752783 -3.9003894 -0.26306903 3
-18.816151 -8.9949923 -0.56856251 2
-68.747818 -33.217152 15.379998 59
-18.842241 -8.9306803 -0.56812894 2
-16.679615 -7.9842348 5.4843378 7
-68.821922 -32.950027 18.156361 40
-68.813896 -32.974346 12.624486 58
-2.3758047 -1.1426677 -0.090539977 1
-3.5421648 -1.6998141 -0.10277186 4
-8.0744009 -3.8652022 -0.26157874 3
-68.909332 -32.998497 15.390811 59
-68.631096 -32.893559 9.8826914 63
-68.480217 -32.842834 7.1818542 60
-2.9072273 -1.3968935 -0.10816136 2
-2.0551403 -0.98973954 -0.093763664 1
-40.653198 -19.516045 1.3172078 54
-18.907883 -8.8849707 -0.56998938 2
-16.747795 -7.9485793 5.4969687 5
-40.70293 -19.282148 -0.25596419 38
-68.922852 -32.745472 12.62532 58
-68.930733 -32.721092 18.157192 40
-2.3935881 -1.1414065 -0.094110996 1
-3.5762663 -1.701534 -0.10773257 4
-8.0871153 -3.8383131 -0.26148397 3
-69.018326 -32.769287 15.391643 59
-68.635574 -32.637325 7.1872249 60
-2.8727484 -1.3686532 -0.099743344 2
-2.0618248 -0.98451269 -0.094777547 1
-40.703259 -19.373959 1.3174151 54
-68.847755 -32.436695 9.8843527 63
-16.822546 -7.9120784 5.511167 3
-40.791744 -19.149843 -0.25586206 38
-69.044449 -32.479736 18.158072 40
-69.126564 -32.539711 15.392478 59
-8.0853148 -3.8045902 -0.25999916 3
-69.036705 -32.504169 12.626197 58
-3.5710905 -1.6845526 -0.10581781 4
-2.8949616 -1.3674134 -0.10352416 2
-2.379652 -1.1250955 -0.089590877 1
-2.0754869 -0.98254865 -0.097859561 1
-68.761467 -32.417557 7.1898031 60
-40.781769 -19.245409 1.3181887 54
-18.938755 -8.8187494 -0.56975168 2
-3.5947778 -1.6803433 -0.10890082 4
-19.045563 -8.7875557 -0.57389063 2
-69.15731 -32.237984 18.158949 40
-8.1273832 -3.7897015 -0.26268139 3
-68.899506 -32.188652 7.1931224 60
-2.3870163 -1.1183646 -0.090463541 1
-40.848709 -19.10264 1.3187064 54
-2.0788238 -0.97522837 -0.097837381 1
-68.960564 -32.195637 9.8852272 63
-69.239677 -32.29768 15.393356 59
-2.8818455 -1.3489293 -0.099679485 2
-40.858372 -19.007036 -0.25534552 38
-18.112509 -8.4411936 5.8849111 1
-18.916231 -8.6478062 -0.56448478 2
-16.885937 -7.7981386 5.5141792 1
-3.5754352 -1.6561184 -0.10448487 4
-2.89715 -1.3437353 -0.10193355 2
-2.3908248 -1.1099572 -0.090437263 1
-40.9333 -18.968037 1.3195771 54
-2.0926547 -0.97277015 -0.10091753 1
-69.011475 -31.947445 7.1939993 60
-69.072525 -31.954206 9.8861046 63
-8.1405001 -3.7612057 -0.26258177 3
-69.351936 -32.055241 15.394237 59
-69.269348 -31.995804 18.159824 40
-40.931767 -18.867352 -0.25496534 38
-41.008312 -18.729042 -0.25465539 38
-69.463333 -31.812439 15.395116 59
-19.059084 -8.6326265 -0.57070529 2
-18.019712 -8.2450705 5.8408065 3
-69.380524 -31.75326 18.160706 40
-8.1680117 -3.7392969 -0.26387218 3
-69.373207 -31.777828 12.628829 58
-69.21315 -31.747381 7.2036157 60
-2.9017444 -1.3335402 -0.10190073 2
-2.394604 -1.1015419 -0.090410255 1
-41.010174 -18.829727 1.3203074 54
-2.0783951 -0.95733827 -0.095723458 1
-3.6062667 -1.6550589 -0.10881663 4
-41.079296 -18.687819 1.320897 54
-41.084404 -18.590425 -0.25434408 38
-19.085426 -8.5642443 -0.57025939 2
-69.573906 -31.569221 15.395997 59
-8.1954708 -3.7172387 -0.26516253 3
-3.6011488 -1.6374893 -0.10690077 4
-2.0816414 -0.95001698 -0.095700316 1
-2.4090004 -1.0979433 -0.093079321 1
-2.9027259 -1.321714 -0.10110492 2
-69.483673 -31.534962 12.62971 58
-69.232895 -31.46385 7.1957502 60
-16.031843 -7.268332 5.2472396 10
-2.0883853 -0.94426596 -0.096711859 1
-2.9179866 -1.3163334 -0.1033586 2
-69.403328 -31.227612 9.8887329 63
-15.71594 -7.0638027 4.5080285 3
-19.067715 -8.4763203 -0.56731409 2
-16.146894 -7.2525029 5.2738662 5
-8.2555952 -3.7097147 -0.26958051 3
-3.6067669 -1.6248325 -0.10685941 4
-69.309616 -31.206779 7.193481 60
-2.4020753 -1.0846558 -0.090357296 1
-69.449173 -31.226894 12.605515 57
-41.155235 -18.548912 1.3216276 54
-69.594093 -31.28536 15.377768 59
-41.163673 -18.453127 -0.25410113 38
-16.179071 -7.1990533 5.2761383 7
-41.227856 -18.309034 -0.25358248 38
-15.683436 -6.9833837 4.4938102 10
-18.687454 -8.3275499 3.7702341 1
-3.5942926 -1.6041191 -0.10369453 4
-2.4057665 -1.0761926 -0.090330638 1
-2.09512 -0.938465 -0.097724617 1
-69.541878 -31.019316 7.2062464 60
-2.9224825 -1.3060716 -0.10332459 2
-41.230694 -18.409725 1.3223588 54
-19.073029 -8.3949394 -0.56560713 2
-8.2690706 -3.6793227 -0.26947421 3
-41.298374 -18.267008 1.3229498 54
-2.4183421 -1.0716568 -0.092550583 1
-18.178629 -8.0121632 5.8551822 4
-18.654888 -8.2349682 3.7598095 6
-41.313507 -18.174364 -0.25347552 38
-2.0984588 -0.93071604 -0.097700357 1
-69.702507 -30.784632 7.2117152 60
-15.460963 -6.8164678 4.4313984 12
-19.069225 -8.3137808 -0.56349677 2
-8.2343864 -3.6294646 -0.26485622 3
-3.5964491 -1.5892659 -0.10302565 4
-74.94989 -33.048885 16.471893 100
-2.9127979 -1.2889308 -0.10024261 2
-2.080369 -0.91403621 -0.091472648 1
-2.9171991 -1.2786831 -0.10020954 2
-8.2579002 -3.6053674 -0.26579875 3
-19.127439 -8.2596579 -0.56492418 2
-18.066111 -7.8835077 5.8139615 1
-41.387196 -18.025696 -0.25306693 38
-15.650661 -6.8347707 4.4734874 3
-18.737354 -8.1892796 3.7691455 6
-3.6308665 -1.5892687 -0.10798077 4
-69.7621 -30.51984 7.208046 60
-2.4203811 -1.0619369 -0.092072457 1
-41.387035 -18.1248 1.323921 54
-19.115717 -8.1754007 -0.56239814 2
-15.778068 -6.8247714 4.4998112 11
-8.2557383 -3.5700996 -0.26430839 3
-18.803818 -8.1401129 3.7759616 9
-3.6254342 -1.571804 -0.10606456 4
-2.4311497 -1.0564995 -0.093844429 1
-41.468258 -17.888725 -0.25288978 38
-18.611229 -8.0438662 5.9655161 1
-2.0976491 -0.9128412 -0.095586516 1
-69.94136 -30.307312 7.2159252 60
-2.9251688 -1.2699826 -0.10093819 2
-41.453728 -17.981503 1.3245126 54
-41.51992 -17.837959 1.3251036 55
-2.4275761 -1.0448643 -0.092020586 1
-19.158817 -8.1146927 -0.56299239 2
-70.039406 -30.05934 7.2161045 60
-3.6162915 -1.5528461 -0.10352475 4
-18.639088 -7.9786663 5.9657488 10
-41.534142 -17.745127 -0.25243902 39
-2.925895 -1.2581425 -0.1001429 2
-8.3193808 -3.5630918 -0.26907024 3
-18.962763 -8.1302404 3.7987683 9
-2.0936377 -0.90239513 -0.09349598 1
-15.823198 -6.7786794 4.5054131 2
-2.1109192 -0.90105748 -0.097608998 1
-41.600338 -17.700438 1.3259795 55
-2.9374192 -1.2509143 -0.10163414 2
-70.195282 -29.835989 7.2218852 60
-41.599537 -17.601299 -0.25198659 39
-15.954308 -6.7688723 4.5326438 2
-19.201731 -8.0537663 -0.56358671 2
-17.290071 -7.33008 5.5648136 2
-8.3317041 -3.5339191 -0.26896957 3
-18.878212 -8.0159721 3.7795646 1
-3.639801 -1.5478415 -0.10660564 4
-2.4203618 -1.0317519 -0.089297183 1
-19.240761 -7.9911089 -0.56397343 2
-16.017265 -6.7295656 4.5427532 10
-3.6378176 -1.5319897 -0.10531459 4
-19.069885 -8.0187149 3.8080204 1
-8.3439236 -3.5047102 -0.26886868 3
-72.510513 -30.470551 15.841987 63
-70.317375 -29.597986 7.2245169 60
-17.286947 -7.2575417 5.5567346 2
-2.930829 -1.2360098 -0.099315949 2
-2.438242 -1.0292619 -0.092864759 1
-2.1139703 -0.89361149 -0.097586572 1
-41.680305 -17.562561 1.3268571 55
-16.145443 -6.7122793 5.2179494 3
-8.3560438 -3.4754581 -0.26876783 3
-19.257425 -7.9191723 -0.56311053 2
-16.094543 -6.6958814 4.5564699 4
-19.053911 -7.9336996 3.8007317 4
-3.6248262 -1.5116199 -0.10215336 4
-70.468094 -29.371759 7.2299619 61
-2.9459229 -1.2302263 -0.10156985 2
-2.4381418 -1.0191776 -0.091941938 1
-41.763515 -17.425871 1.3278104 55
-2.109865 -0.88317984 -0.095498882 1
-2.1092799 -0.87426865 -0.094441891 1
-16.135738 -6.6468959 4.5611796 1
-19.266417 -7.8441968 -0.56182915 2
-16.195465 -6.6667199 5.2259293 12
-17.701237 -7.2965908 4.2537861 6
-8.3680601 -3.446162 -0.26866511 3
-3.6482723 -1.5063915 -0.10523268 4
-70.570206 -29.125072 7.2308602 61
-2.9428577 -1.2168732 -0.10001209 2
-70.682182 -29.178072 4.5583844 63
-41.838879 -17.285778 1.3286278 55
-2.4560187 -1.0165277 -0.095508114 1
-70.721886 -29.166479 9.9456129 63
-19.319578 -7.7871819 -0.5630399 2
-2.4414258 -1.0005141 -0.090988748 1
-3.6644051 -1.4980465 -0.10706197 4
-70.753578 -28.86939 12.657684 58
-16.350914 -6.6638856 5.2644939 11
-41.893185 -17.038607 -0.25083268 39
-17.748322 -7.243475 4.2585993 18
-70.676224 -28.858883 9.9269571 63
-70.634567 -28.86297 7.2282615 60
-2.9579167 -1.2109607 -0.10226417 2
-70.554382 -28.836967 4.5462127 63
-17.977627 -7.3316932 5.0156503 3
-41.917473 -17.146873 1.3295178 55
-2.1015036 -0.86244941 -0.091316953 1
-41.977066 -17.000145 1.3300523 55
-17.829538 -7.1987128 4.9726114 3
-70.834618 -28.656075 7.2386203 61
-4.9215684 -1.988932 -0.13062027 21
-16.230654 -6.5488009 5.2232261 7
-41.996937 -16.909872 -0.25111848 39
-2.958406 -1.1990798 -0.10146853 2
-17.917212 -7.2393589 4.2890325 16
-70.923729 -28.670973 9.9474211 63
-3.6548781 -1.4792538 -0.10452189 4
-70.850906 -28.669411 4.5582924 63
-2.4701216 -1.0021323 -0.097248778 1
-2.1223319 -0.86228222 -0.096462563 1
-70.985718 -28.67495 12.681172 58
-19.385063 -7.7309184 -0.56486171 2
-42.062141 -16.863607 1.331086 55
-70.958 -28.424385 4.559618 63
-42.052006 -16.761387 -0.2505168 39
-71.023346 -28.422709 9.9483232 63
-71.085327 -28.426437 12.682076 58
-16.395031 -6.5485001 5.2643867 5
-2.4771423 -0.99487859 -0.098119669 1
-3.6675315 -1.4686919 -0.10572536 4
-16.078608 -6.4236288 4.5302501 11
-2.9481101 -1.1823201 -0.098386705 2
-2.1182179 -0.85154605 -0.094371147 1
-17.994572 -7.1938372 4.2999778 16
-70.968773 -28.407536 7.2423692 61
-19.47135 -7.6864872 -0.56794047 2
-71.105087 -28.19515 4.5632658 63
-19.550867 -7.7421918 3.8637352 3
-19.45577 -7.6057153 -0.56542438 2
-16.361994 -6.4690404 5.2485199 5
-42.132599 -16.622976 -0.25039092 39
-17.661715 -6.9877009 4.9189711 2
-3.6725569 -1.4558017 -0.10568172 4
-71.16394 -28.176233 9.9541664 63
-17.924555 -7.0932517 4.2803159 16
-71.16011 -28.195818 7.2520308 61
-2.9594409 -1.1748405 -0.099875018 2
-2.4734392 -0.9828425 -0.096294194 1
-42.131096 -16.711935 1.3317889 55
-2.1282809 -0.84691942 -0.096415229 1
-42.213581 -16.493067 -0.2503601 39
-19.563482 -7.672092 3.8617733 13
-19.503202 -7.5496435 -0.56643689 2
-16.422831 -6.4300518 5.2601213 3
-16.312998 -6.3918147 4.5784125 4
-71.175919 -27.949953 4.5628591 63
-3.6846497 -1.4464139 -0.10688929 4
-71.271782 -27.966465 7.2546434 61
-2.4693484 -0.97171766 -0.094471842 1
-42.201176 -16.577669 1.3325831 55
-2.1417933 -0.84401685 -0.099494249 1
-71.256966 -27.939581 9.9550257 63
-18.214764 -7.138113 4.3363719 12
-2.9851832 -1.1735404 -0.10441177 2
-19.634254 -7.6207032 3.8695502 1
-8.4374352 -3.2709832 -0.26804909 3
-71.386192 -27.717001 9.9607792 63
-16.342375 -6.3374758 4.5804195 11
-19.521938 -7.4784904 -0.56577671 2
-2.4615779 -0.95922428 -0.091751561 1
-71.345551 -27.722246 7.2537508 61
-2.9853225 -1.162136 -0.10361839 2
-71.317757 -27.71818 4.5662975 63
-42.263367 -16.440224 1.3332351 55
-3.693037 -1.4355339 -0.10747281 4
-2.1264894 -0.82985711 -0.094303273 1
-18.320608 -7.1094322 4.3538003 8
-42.285835 -16.351051 -0.25009754 39
-13.620657 -5.27878 4.4473104 4
-2.1365047 -0.82513011 -0.096347414 1
-71.628853 -27.502356 12.712638 59
-19.626333 -7.4398375 -0.56988972 2
-13.595605 -5.2144542 4.4350352 3
-71.780983 -27.533381 18.311977 41
-3.6868777 -1.4183158 -0.10555666 4
-42.357819 -16.306644 1.3344877 55
-2.4684687 -0.95195097 -0.092621833 1
-71.508827 -27.498247 7.2609668 61
-2.9672835 -1.1431886 -0.099015184 2
-71.46257 -27.487188 4.5699492 63
-71.523247 -27.48275 9.9670668 63
-42.357605 -16.208742 -0.24983458 39
-18.458849 -7.0888615 4.3777475 8
-3.7101982 -1.4123617 -0.10863327 4
-19.637184 -7.3655 -0.56881392 2
-2.453475 -0.93633646 -0.088103637 1
-13.445654 -5.1030951 4.3869781 7
-42.425163 -16.06473 -0.24950224 40
-71.6521 -27.245092 9.9723806 63
-17.791525 -6.7614241 4.2337604 8
-16.404238 -6.2297816 4.5853381 1
-42.42942 -16.164053 1.3353108 55
-8.5083733 -3.23014 -0.27234897 3
-71.764977 -27.267021 12.720452 59
-71.608109 -27.24935 7.2622247 61
-2.9711761 -1.1327465 -0.098981559 2
-71.558113 -27.237049 4.5708556 63
-2.1573491 -0.82445896 -0.10149134 1
-42.519268 -16.028223 1.3364918 55
-71.725143 -27.007133 7.2652359 61
-2.1492817 -0.81276691 -0.098367259 1
-19.707684 -7.3133936 -0.57105732 2
-13.447002 -5.0498652 4.3824792 5
-42.492218 -15.920431 -0.24916917 40
-72.04052 -27.056461 18.330933 41
-17.862703 -6.7170472 4.2439284 16
-71.859657 -27.015812 12.721361 59
-71.839638 -27.029211 9.9855232 63
-3.7113283 -1.3979279 -0.10796678 4
-2.9713552 -1.120908 -0.098186396 2
-71.652771 -26.986582 4.571763 63
-8.4710264 -3.1821136 -0.26773781 3
-2.485837 -0.93866003 -0.095259957 1
-2.1230533 -0.79439825 -0.090077221 1
-42.578693 -15.880774 1.3371006 55
-71.746559 -26.735798 4.5726714 63
-2.9788485 -1.1118233 -0.098913059 2
-71.95211 -26.784678 9.9888811 63
-19.718056 -7.2388701 -0.56998163 2
-16.678679 -6.1959929 5.3031578 5
-42.570053 -15.78002 -0.2490408 40
-17.930265 -6.6657815 4.9518538 8
-17.830744 -6.6339407 4.2326741 12
-8.4820156 -3.1524179 -0.26763314 3
-19.7458 -7.3477807 3.8717923 1
-3.7086983 -1.3821299 -0.1066752 4
-71.882454 -26.779701 7.2721043 61
-2.4707491 -0.92310739 -0.090742841 1
-2.4775317 -0.91574889 -0.091612726 1
-71.933174 -26.519213 4.5788646 63
-3.0047448 -1.1094689 -0.10344681 2
-72.101013 -26.553389 9.9971333 63
-19.758183 -7.1752687 -0.57056475 2
-13.612262 -5.0034881 4.4201546 3
-42.658676 -15.643398 -0.24911293 40
-17.977098 -6.6116958 4.9579387 6
-2.1402359 -0.79224706 -0.094187528 1
-17.986347 -6.6202626 4.2604456 8
-8.5602369 -3.1473989 -0.27376881 3
-19.793488 -7.2867975 3.8758054 1
-3.7134216 -1.3690938 -0.10663207 4
-71.986717 -26.532213 7.274066 61
-42.656384 -15.740022 1.3380686 55
-16.522167 -6.0113978 4.5942745 2
-19.783068 -7.1060863 -0.57031751 2
-13.602304 -4.9458871 4.4125433 4
-42.746876 -15.506342 -0.24918573 40
-8.5299015 -3.1024246 -0.26985124 3
-19.852125 -7.2296276 3.8817034 1
-3.7329533 -1.3614345 -0.10908388 4
-42.733593 -15.598929 1.3390379 55
-2.4879594 -0.90967816 -0.093381234 1
-2.1429031 -0.78470415 -0.094162948 1
-2.9974484 -1.0948644 -0.10112899 2
-71.999062 -26.257832 4.5782928 63
-18.158674 -6.6116228 4.2916632 8
-72.097603 -26.28706 7.2767301 61
-72.204414 -26.305059 9.9995136 63
-19.826534 -7.0434875 -0.57110697 2
-42.802818 -15.454769 1.3398634 55
-2.4782023 -0.89628965 -0.090211801 1
-16.860464 -6.0629096 5.3374953 2
-72.203896 -26.040121 7.2790427 61
-3.7152944 -1.3402951 -0.10529806 4
-42.808273 -15.359411 -0.24878322 40
-16.557619 -5.9587722 4.5980873 2
-19.81768 -7.1386733 3.8719063 9
-18.122442 -6.5267258 4.2796445 8
-8.5143614 -3.0630817 -0.267322 3
-72.340576 -26.068451 10.006299 63
-2.9974775 -1.0829848 -0.10033347 2
-72.142906 -26.024799 4.5821619 63
-2.1455486 -0.77713954 -0.094140515 1
-42.886627 -15.315694 1.3409784 55
-3.0048578 -1.0737503 -0.10106048 2
-72.301849 -25.790064 7.2806554 61
-72.431076 -25.815252 10.007215 63
-18.206043 -6.4849696 4.2924991 10
-3.7347631 -1.3325231 -0.10774954 4
-19.832119 -6.9674315 -0.56982458 2
-16.903257 -6.01158 5.3439298 2
-18.166201 -6.4655929 4.9883757 6
-72.498474 -25.818378 12.756053 59
-2.4940841 -0.89213848 -0.093325242 1
-2.1518056 -0.77086645 -0.095150329 1
-8.5249348 -3.0332327 -0.26721716 3
-42.95113 -15.169568 1.3417345 55
-16.5839 -5.837502 4.5948906 3
-18.276615 -6.4381304 4.3026762 14
-72.617882 -25.575108 12.761992 59
-16.953182 -5.9626069 5.3524399 3
-8.6068344 -3.0284479 -0.27369463 3
-72.520706 -25.561714 10.008126 63
-3.746768 -1.3220148 -0.10895342 4
-3.0122111 -1.0644766 -0.10178813 2
-26.035755 -9.1894026 1.9844433 5
-2.5044537 -0.88594049 -0.095092468 1
-2.1398239 -0.75813395 -0.090994619 1
-72.485359 -25.57011 7.290338 61
-19.902763 -6.9102321 -0.57204992 2
-2.1496706 -0.7531305 -0.093037389 1
-3.7363536 -1.3036474 -0.10641591 4
-17.002974 -5.913343 5.3609486 1
-18.333988 -6.3811088 5.0190454 12
-27.316523 -9.5235672 4.0922012 3
-25.860188 -9.0258684 1.9731306 5
-2.4853613 -0.86942333 -0.089679703 1
-43.022694 -15.0258 1.3426337 55
-18.270327 -6.36057 4.2967906 16
-3.0234251 -1.0559243 -0.10327384 2
-8.5462847 -2.9719138 -0.26700452 3
-19.946812 -6.8435168 -0.57282591 2
-27.283604 -9.3998508 4.0837431 3
-43.115726 -14.783821 -0.24829008 41
-3.7597048 -1.2962795 -0.10948735 4
-26.127167 -9.0114927 1.9865917 5
-2.4810755 -0.85768121 -0.087855801 1
-43.115269 -14.880713 1.3439214 55
-2.1559827 -0.74642754 -0.09404555 1
-8.6512775 -2.9727945 -0.27555245 3
-18.360243 -6.3163414 4.3108087 10
-3.0234768 -1.043471 -0.10247674 2
-39.280758 -13.315861 -0.17855902 20
-18.342064 -6.2368135 5.0104914 2
-25.723616 -8.7718058 1.9625715 5
-2.1659334 -0.74092811 -0.096086882 1
-3.0233016 -1.0315677 -0.10168189 2
-18.441557 -6.272234 4.3232856 12
-8.6879492 -2.9514265 -0.27787036 3
-27.141151 -9.2394257 4.0610795 3
-3.7568643 -1.2798601 -0.10819456 4
-2.5117941 -0.85791618 -0.094557792 1
-43.203579 -14.733849 1.3451384 55
-20.041487 -6.6495171 -0.57355541 2
-25.990967 -8.7666321 1.9762168 5
-43.245693 -14.499538 -0.24777451 41
-16.530388 -5.5599413 4.5632377 7
-2.1463246 -0.726273 -0.089867346 1
-3.03035 -1.0227113 -0.10240986 2
-26.953341 -9.0756912 4.0329895 3
-19.267832 -6.4817367 4.4892569 6
-3.7647593 -1.2685678 -0.10877708 4
-8.6220675 -2.8971231 -0.27084723 3
-26.937456 -9.0780239 3.0270498 4
-2.501615 -0.84515935 -0.091389976 1
-43.309025 -14.60935 1.3467358 55
-18.259029 -6.0750895 4.2777805 8
-26.719549 -8.8982515 3.9990139 3
-3.0224688 -1.0088607 -0.10009434 2
-25.551451 -8.5190287 1.9502785 4
-43.334457 -14.457747 1.3468168 55
-2.1669772 -0.72517604 -0.095009781 1
-20.110083 -6.5942693 -0.57578897 2
-18.3543 -6.1015987 5.0037169 3
-20.495331 -6.8204951 3.9590676 1
-8.6429071 -2.8721769 -0.27178532 3
-2.5080252 -0.83800918 -0.092261471 1
-26.96735 -8.9884148 3.027369 4
-3.7538705 -1.2510085 -0.10624219 4
-3.7731519 -1.2427404 -0.10869181 4
-26.742826 -8.802206 3.9983661 3
-20.492651 -6.7400732 3.9549246 1
-8.6149492 -2.8294497 -0.26821965 3
-20.041727 -6.4943051 -0.57057774 2
-2.1694124 -0.71753025 -0.09498664 1
-2.5071504 -0.82795161 -0.091336317 1
-25.5658 -8.4245548 1.9497488 4
-3.0370808 -1.0019046 -0.10234196 2
-19.320639 -6.3530889 4.4916358 10
-17.815401 -5.8370781 0.20533335 3
-43.430225 -14.321072 1.3482258 55
-18.158188 -5.9194808 0.86698574 2
-2.5080893 -0.81851155 -0.09086033 1
-20.083254 -6.4302154 -0.57136351 2
-28.059908 -9.1348276 3.1235571 4
-3.777386 -1.2294755 -0.10864795 4
-20.489664 -6.6597495 3.9507804 11
-8.7611752 -2.8434784 -0.28057432 3
-16.817196 -5.4605522 4.6197944 4
-2.1718192 -0.70987666 -0.094962768 1
-26.980957 -8.7760515 4.0256491 3
-17.48173 -5.6601739 0.2118073 3
-25.591194 -8.3337946 1.9498547 4
-3.0516839 -0.99485087 -0.10458973 2
-19.344463 -6.2860203 4.4922585 4
-3.7928622 -1.2198154 -0.11047394 4
-15.306389 -4.8426428 -0.3106676 2
-27.680334 -8.8965063 4.1127248 3
-27.841198 -8.9560719 3.1007249 4
-3.0438392 -0.98050976 -0.10227296 2
-25.486979 -8.2013721 1.9427544 4
-2.5182705 -0.81205565 -0.092626788 1
-17.638094 -5.6818471 0.85693043 2
-2.1742013 -0.70221621 -0.094938681 1
-8.6419439 -2.7714376 -0.268702 3
-16.850891 -5.4063826 4.623611 3
-17.268946 -5.5246491 0.21612199 3
-20.30201 -6.4420819 3.9123292 14
-25.626247 -8.1378031 3.8430219 3
-8.7198858 -2.7627752 -0.27482599 3
-15.293489 -4.8341618 0.25145459 3
-19.24172 -6.1041317 4.4628682 4
-28.282356 -8.9888735 3.1390061 4
-3.0284467 -0.96385169 -0.098436266 2
-2.5098612 -0.79964226 -0.089907773 1
-3.8045492 -1.2088708 -0.11167554 4
-2.1765578 -0.69453317 -0.094916701 1
-16.642942 -5.2755542 4.5687714 4
-17.410028 -5.541266 0.85243797 2
-15.357461 -4.7997403 -0.31233951 2
-16.501228 -5.1671953 4.5301723 10
-27.2148 -8.5450096 3.0378292 4
-20.053926 -6.1895494 -0.56545466 2
-15.319752 -4.7835655 0.25147566 38
-19.22909 -6.0261703 4.456214 19
-8.7294083 -2.7322023 -0.27472004 3
-20.377054 -6.3875022 3.9213779 1
-25.703659 -8.0635033 3.8497105 3
-3.7860422 -1.1884059 -0.1078942 4
-3.0654378 -0.96375895 -0.10524698 2
-25.836939 -8.1149054 1.9597124 5
-2.5330136 -0.79720294 -0.094814092 1
-2.1641335 -0.68223596 -0.090760984 1
-2.1848755 -0.68031335 -0.095901228 1
-25.325813 -7.8478107 3.7975769 3
-26.422054 -8.1971741 1.9909955 5
-3.0799553 -0.95645136 -0.1074941 2
-27.373789 -8.4898319 3.0501132 4
-3.8014116 -1.1785975 -0.10971919 4
-20.157616 -6.2413793 3.8814077 13
-8.7159748 -2.6945479 -0.27253884 3
-20.037153 -6.1076846 -0.56314188 2
-2.5133557 -0.78135771 -0.089403801 1
-16.690317 -5.1623111 4.5718894 15
-15.49109 -4.7776017 0.24894747 3
-19.437437 -6.0168161 4.4947462 8
-2.5308945 -0.77705842 -0.092964306 1
-8.7023888 -2.6570108 -0.27035907 3
-3.8016422 -1.1640769 -0.10905237 4
-25.441685 -7.7791452 4.7571507 2
-18.945713 -5.7921357 4.3904309 17
-18.470793 -5.5599508 -0.47719184 2
-16.709991 -5.1043997 4.5725455 5
-27.433664 -8.4033136 3.0532637 4
-2.1871541 -0.67260098 -0.095877834 1
-3.0831943 -0.94560838 -0.1074594 2
-25.445984 -7.7970057 1.9355341 4
-25.833189 -7.9060144 3.8599062 3
-16.994675 -5.2133579 0.84411716 2
-14.070995 -4.1827121 -0.23870438 1
-17.759508 -5.3520288 5.5108824 10
-16.902813 -5.0834208 0.22522031 3
-17.221958 -5.1948667 4.6923399 4
-3.8283 -1.1575522 -0.11274672 4
-2.5223143 -0.76475728 -0.090245172 1
-17.052891 -5.1660013 0.84508944 2
-24.998915 -7.5622721 2.8265688 3
-25.88905 -7.8241577 3.8639019 3
-20.283707 -6.1251969 3.8957331 9
-8.8527269 -2.6690009 -0.28304893 3
-19.114176 -5.7705588 4.4209204 4
-3.0751171 -0.93134689 -0.10514335 2
-25.190054 -7.622333 1.9201481 4
-2.1968045 -0.66711497 -0.097919174 1
-16.971128 -5.0764856 0.84340733 9
-25.996004 -7.7573295 3.8745182 3
-24.929634 -7.4462318 2.8180895 3
-3.0782678 -0.92051965 -0.10510916 2
-25.507324 -7.6209989 1.9365863 4
-2.1916292 -0.65715379 -0.095830813 1
-14.0452 -4.1216159 -0.23636532 1
-14.260376 -4.243813 4.5249314 3
-17.314577 -5.156754 4.7106051 2
-2.5398295 -0.76031655 -0.09380582 1
-19.096478 -5.6923857 4.4134946 8
-8.7664251 -2.6095796 -0.27429795 3
-25.27561 -7.5354037 4.7213192 7
-3.8057301 -1.1361969 -0.10834247 4
-16.986761 -5.0164704 0.84357923 18
-2.5311646 -0.7480638 -0.09108685 1
-25.847874 -7.62431 1.9543066 4
-3.0776131 -0.90857291 -0.10431391 2
-14.030362 -4.1132751 0.27628654 3
-26.01903 -7.6651793 3.8743489 3
-19.018198 -5.5966969 4.3938112 21
-17.829563 -5.237299 5.5206614 2
-17.358536 -5.1037793 4.7171364 10
-14.092059 -4.0818443 -0.23794863 1
-25.271345 -7.4379735 4.7166033 2
-3.8475008 -1.133956 -0.11452749 4
-24.924829 -7.3499093 2.8155835 3
-8.7486448 -2.5709841 -0.27177295 3
-2.1827056 -0.64614183 -0.092709512 1
-16.736151 -4.8573556 4.5629845 11
-24.997366 -7.2624412 4.6672478 7
-18.565624 -5.3062868 -0.47731751 2
-17.75115 -5.146874 5.4938874 5
-14.073383 -4.0724473 0.27595505 3
-18.260839 -5.304584 4.2362132 18
-8.8110828 -2.55583 -0.27650726 3
-26.144657 -7.6028733 3.8874207 3
-3.855149 -1.1215316 -0.1151055 4
-3.0957668 -0.90212411 -0.10732027 2
-28.328814 -8.2481737 2.0905049 5
-2.5224473 -0.73587626 -0.08836858 1
-17.025219 -4.9631162 0.84418666 6
-2.1848626 -0.63844389 -0.092686132 1
-27.115702 -7.8926702 3.0148895 4
-2.186995 -0.63072342 -0.092662975 1
-25.27689 -7.2478204 4.7096806 2
-18.687794 -5.2705278 -0.4826605 2
-16.747278 -4.7970977 4.5618334 14
-8.7930584 -2.517271 -0.27398205 3
-17.082731 -4.9150825 0.84515905 2
-25.320053 -7.2742457 2.8478451 3
-2.5211687 -0.72591496 -0.087443292 1
-3.8589621 -1.1079692 -0.11506198 4
-25.465014 -7.3087835 3.7970028 3
-18.575405 -5.325491 4.2965832 8
-3.0874908 -0.88797522 -0.10500506 2
-25.136358 -7.2237387 1.9126837 4
-16.979584 -4.8484278 0.2259158 3
-3.8513169 -1.0911801 -0.11314955 4
-2.5461113 -0.72338766 -0.09279719 1
-25.215157 -7.1509795 1.915966 4
-17.158871 -4.7748342 -0.39952892 2
-14.286179 -4.0346732 4.5168018 6
-16.992495 -4.7878747 0.22618997 25
-2.203974 -0.62721372 -0.096768975 1
-18.537109 -5.2443981 4.2853174 10
-26.361174 -7.4661617 3.9091561 3
-17.122799 -4.8617978 0.84580618 2
-24.605335 -6.9759164 2.7802813 3
-3.0829322 -0.87496954 -0.1034498 2
-8.7748747 -2.4788673 -0.27145672 3
-25.313345 -7.1625123 4.7118769 5
-16.844435 -4.7611885 4.58145 1
-17.159967 -4.7105083 -0.39849487 2
-17.012894 -4.7294254 0.2263297 25
-18.666752 -5.2105823 4.3081498 8
-8.8102779 -2.4555802 -0.27377072 3
-20.513487 -5.7275319 3.9148362 3
-17.147297 -4.8039775 0.84616089 2
-21.405033 -5.9822431 3.2702584 2
-28.61261 -8.0034657 3.1456783 4
-3.093451 -0.86621964 -0.10493582 2
-26.751661 -7.4855204 1.9997716 5
-2.5372741 -0.7112627 -0.090079077 1
-14.378211 -4.0063591 4.5387807 11
-3.8816648 -1.0850625 -0.11746351 4
-2.1911776 -0.61527592 -0.092615977 1
-2.2006807 -0.60959089 -0.094657503 1
-17.169676 -4.7455177 0.84648013 2
-18.686617 -5.1456985 4.3087606 16
-14.494428 -3.9841003 4.5675087 3
-17.052378 -4.6761818 0.2261384 25
-19.084482 -5.24999 5.1123137 6
-8.7649269 -2.4099135 -0.26882869 3
-21.569218 -5.9468155 3.288919 11
-3.8586798 -1.0640787 -0.11306142 4
-28.509699 -7.86726 3.1340692 4
-3.1001592 -0.85637271 -0.10566153 2
-2.5546923 -0.70645392 -0.093638681 1
-25.175915 -6.9337597 4.6816831 2
-16.421246 -4.4430389 -0.35787475 2
-2.2138965 -0.6048674 -0.097730018 1
-24.085526 -6.5496449 3.6088541 2
-14.562193 -3.9479527 4.5827422 6
-19.127028 -5.1897526 5.1184163 2
-17.109074 -4.627408 0.22564538 3
-20.61758 -5.6013556 3.926029 16
-3.8546607 -1.0484421 -0.11177196 4
-28.686859 -7.8082309 3.1481404 4
-2.549535 -0.69540352 -0.091816999 1
-17.193787 -4.6874719 0.84683454 9
-18.705236 -5.0769687 4.309 10
-3.0956109 -0.84285337 -0.10410473 2
-8.8159389 -2.3890951 -0.27251825 3
-16.225054 -4.3260751 -0.34633097 2
-17.305563 -4.6123419 0.22277039 3
-14.68841 -3.9242461 4.61408 19
-19.206034 -5.1354856 5.1331086 4
-20.809587 -5.5714784 3.9545965 9
-29.130842 -7.814218 3.1865122 4
-17.232018 -4.6299405 0.84745538 11
-24.105444 -6.4600401 3.6086729 2
-3.8698452 -1.0372722 -0.11359302 4
-2.1973464 -0.59166282 -0.092544176 1
-2.5444472 -0.68395108 -0.089994565 1
-3.1061821 -0.83343452 -0.10558893 2
-18.626894 -4.982306 4.2896938 6
-8.836112 -2.3597167 -0.2734437 3
-16.008183 -4.2083435 -0.33377245 2
-25.522289 -6.7532496 1.9277349 4
-17.321491 -4.5517368 0.22298041 3
-15.79771 -4.0969501 -0.32164171 2
-20.861277 -5.5071526 3.9601977 3
-15.404197 -4.0576272 4.809495 10
-16.827969 -4.4337969 4.5590162 3
-8.8056822 -2.3186033 -0.26988533 3
-3.8582518 -1.0189567 -0.11105736 4
-3.1089871 -0.82250488 -0.10555336 2
-2.5506182 -0.67552805 -0.090861708 1
-2.2106221 -0.58647114 -0.095616639 1
-27.171421 -7.1819181 3.0052934 4
-24.080883 -6.3587451 3.6028476 2
-18.668743 -4.9235468 4.2949023 16
-17.271994 -4.5726981 0.84811443 2
-2.5603118 -0.66893923 -0.09262912 1
-30.040764 -7.835979 2.1754153 6
-3.907424 -1.017989 -0.11848418 4
-24.05373 -6.2661262 3.5969903 8
-20.96629 -5.4564567 3.9746046 3
-18.622169 -4.845129 4.2824712 4
-15.60672 -3.9892225 -0.31053519 2
-16.86133 -4.3826747 4.563725 3
-17.213312 -4.4589953 0.22531621 3
-18.588825 -4.8263841 5.6903596 7
-17.310219 -4.5212789 0.8487519 18
-25.125664 -6.5474482 2.8166144 3
-8.7827902 -2.2797241 -0.26701856 3
-3.0889518 -0.80562705 -0.10095937 2
-2.2013528 -0.57574624 -0.092496656 1
-18.603567 -4.760778 5.6900649 10
-19.549084 -5.0078688 5.2033496 4
-3.9032178 -1.0022856 -0.11719541 4
-21.000414 -5.3869457 3.9773765 1
-17.209333 -4.393754 0.22585665 21
-19.376638 -4.968966 4.4314141 6
-29.403801 -7.5575175 3.2051818 5
-2.5549939 -0.65798008 -0.090807579 1
-2.2106564 -0.57028484 -0.094538845 1
-17.329695 -4.4616499 0.8490358 18
-24.215712 -6.2179098 3.6152012 2
-3.1124527 -0.80065191 -0.10510685 2
-8.8369551 -2.2607684 -0.27105594 3
-15.516574 -3.9055088 -0.30477884 2
-44.191685 -11.140514 12.781006 23
-17.354786 -4.403399 0.84942824 9
-2.538295 -0.64418882 -0.086298622 1
-27.109245 -6.8693652 2.0120847 5
-17.269104 -4.344697 0.22530128 29
-24.210236 -6.1262951 3.6120594 2
-25.683767 -6.4919782 4.7439456 13
-3.8991153 -0.98594302 -0.11590388 4
-8.8679066 -2.2356219 -0.27302194 3
-18.772243 -4.7406201 4.3063159 8
-26.58823 -6.730093 2.9464366 4
-19.10243 -4.818789 5.0925078 9
-3.1267016 -0.79203159 -0.10734926 2
-2.205147 -0.56020063 -0.092448898 1
-15.429239 -3.826165 -0.29924014 2
-26.834578 -6.6999645 1.996025 5
-17.303511 -4.289022 0.22517967 29
-25.368845 -6.3180604 4.6888881 5
-15.480589 -3.7843037 -0.30112141 2
-18.501139 -4.5968456 5.6531234 2
-2.5821631 -0.6451441 -0.096129574 1
-19.277853 -4.791316 5.1306753 11
-18.817142 -4.6819668 4.3122945 2
-24.245914 -6.040617 3.6140847 2
-3.9005349 -0.97175324 -0.11554824 4
-25.068886 -6.2524252 2.8062654 3
-3.1064985 -0.77533042 -0.1027563 2
-2.2145066 -0.55427784 -0.094489835 1
-8.9297333 -2.2179649 -0.27774802 3
-17.407595 -4.3487749 0.85034496 13
-24.273436 -5.9618578 3.6153486 2
-16.381111 -3.9435909 -0.34794855 2
-17.335796 -4.232677 0.22508991 25
-16.208868 -3.9718006 4.3947268 2
-19.129873 -4.6922479 4.3723154 8
-25.680298 -6.3002472 4.7367043 5
-3.9151731 -0.96153879 -0.1173734 4
-2.5614927 -0.63092154 -0.090724744 1
-17.437384 -4.2946792 0.85083801 11
-8.8289585 -2.1601605 -0.26798069 3
-3.1091018 -0.76439351 -0.10272147 2
-2.2163444 -0.54645312 -0.094466642 1
-29.331438 -7.206172 3.1925418 4
-2.2067981 -0.53628868 -0.091352582 1
-16.150547 -3.8976471 4.3777547 4
-20.546562 -4.9633732 4.6539478 4
-24.683725 -5.9710817 3.6652334 2
-3.1115425 -0.7539925 -0.10269175 2
-28.716806 -6.956634 2.0973914 5
-25.346933 -6.1383586 2.8283403 3
-3.9491544 -0.95518583 -0.1223093 4
-25.020472 -6.0457029 4.6253109 2
-8.8631268 -2.1372838 -0.27029967 3
-2.5749643 -0.62463975 -0.093388289 1
-17.475521 -4.2392478 0.85148537 11
-16.305313 -3.8650312 -0.34302449 2
-17.373737 -4.1775589 0.22489767 25
-16.074844 -3.8199081 4.356719 6
-8.8976011 -2.1126468 -0.2726098 3
-26.909016 -6.4022765 4.9314733 2
-3.9216297 -0.93398398 -0.11728867 4
-2.5770459 -0.61555487 -0.093361087 1
-2.2198474 -0.53119391 -0.094423011 1
-3.1408181 -0.74939191 -0.10797538 2
-24.41855 -5.8165994 3.6291904 2
-28.768038 -6.8625798 2.0992298 5
-18.394253 -4.3756475 4.2186403 5
-17.492085 -4.1785026 0.85173124 9
-17.419283 -4.1240754 0.22457679 25
-30.693575 -7.3190284 3.3126435 5
-16.322533 -3.8088346 -0.34303501 2
-30.466711 -7.1524034 3.2901144 5
-3.9555628 -0.92739516 -0.12222071 4
-2.5639122 -0.6029101 -0.089748546 1
-3.1509805 -0.74011582 -0.10946047 2
-24.403826 -5.7229304 3.6250632 5
-25.346476 -5.9370232 4.6724882 7
-8.8582783 -2.0705745 -0.26836586 3
-20.429502 -4.7840362 4.6241512 13
-17.525957 -4.1218114 0.85230815 9
-16.032948 -3.7507074 4.343811 9
-17.45298 -4.0676022 0.22445445 25
-2.2178423 -0.52246755 -0.093368903 1
-25.009701 -5.7795091 2.7929637 3
-17.470905 -4.0073657 0.22459692 3
-15.964185 -3.6757433 4.3245778 5
-24.286236 -5.6057973 3.6079199 2
-3.1190171 -0.7210905 -0.10258908 2
-17.559647 -4.0649352 0.85288531 9
-2.2233348 -0.51550126 -0.094377153 1
-3.9663982 -0.91524905 -0.12342083 4
-25.416981 -5.8597994 4.6809759 7
-8.8381929 -2.0332651 -0.26584786 3
-18.909986 -4.358634 4.3164783 4
-2.5735137 -0.59562075 -0.09151312 1
-12.391615 -2.800812 -0.13390079 1
-3.969485 -0.90130574 -0.12337594 4
-24.086842 -5.4710889 3.5804551 2
-3.1176043 -0.70923096 -0.1017963 2
-28.464197 -6.4751501 2.0798094 5
-2.5907021 -0.58998656 -0.095070586 1
-17.597054 -4.0087562 0.85353696 6
-2.2212663 -0.50679725 -0.093322359 1
-25.067348 -5.6869268 4.620851 12
-8.8684864 -2.0075419 -0.26781371 3
-15.9122 -3.6051693 4.3094077 5
-12.401246 -2.7573903 -0.1337537 1
-3.1276422 -0.69996846 -0.10327996 2
-15.8466 -3.532053 4.2910752 4
-20.453234 -4.5636311 4.6199007 4
-8.8870344 -1.9790468 -0.26874393 3
-25.472479 -5.6851516 4.684104 7
-24.400139 -5.452508 3.6180823 2
-26.073721 -5.8356791 1.9481968 4
-2.5964634 -0.58170593 -0.095938146 1
-17.630375 -3.9514935 0.85411531 9
-4.011095 -0.89593041 -0.12955159 4
-25.636417 -5.7355824 2.8467827 3
-2.2078505 -0.49558035 -0.089172959 1
-2.2208056 -0.49026942 -0.092244439 1
-15.797817 -3.4631789 4.2768059 7
-25.360876 -5.5671668 4.6630044 7
-20.447834 -4.4873514 4.6159248 9
-3.9948146 -0.87760288 -0.12639651 4
-2.5945873 -0.57170898 -0.095015101 1
-17.659609 -3.8931787 0.85461926 6
-3.1453276 -0.69231153 -0.1062841 2
-20.53199 -4.513103 3.1258113 2
-25.36437 -5.5838561 1.9086374 4
-8.8941517 -1.9463246 -0.26863438 3
-2.5926728 -0.56173325 -0.094091333 1
-15.466949 -3.3298883 4.7833271 13
-17.702333 -3.8376768 0.85538316 11
-25.141581 -5.442678 1.8957195 4
-24.28027 -5.2475963 3.5987649 2
-25.430246 -5.4891801 4.6714931 2
-28.344374 -6.1280575 3.0889034 4
-3.9631534 -0.85536349 -0.12075339 4
-15.764567 -3.3952208 4.2661605 4
-19.529556 -4.2107725 4.4293909 6
-3.1362395 -0.67819548 -0.1039696 2
-2.2224991 -0.482032 -0.09222018 1
-8.9008179 -1.9151319 -0.26853096 3
-26.134132 -5.5570264 1.9491509 4
-3.1423466 -0.66796213 -0.10469515 2
-24.244871 -5.1467848 3.5921907 2
-12.047543 -2.5000892 -0.11262847 0
-15.327753 -3.2410297 4.7419548 7
-15.572254 -3.2968266 4.2179995 11
-18.26129 -3.8706286 4.1733961 3
-8.8605843 -1.8740425 -0.26429063 3
-26.524359 -5.6233482 4.8468623 2
-3.9892259 -0.84633529 -0.12443947 4
-27.554838 -5.8565712 3.0159039 4
-2.5717428 -0.54728097 -0.088686191 1
-2.2240827 -0.47418559 -0.092196323 1
-17.743582 -3.778399 0.85612077 11
-15.389906 -3.197922 4.7561655 23
-15.444304 -3.2133045 4.1851974 8
-3.1407299 -0.65609461 -0.10390119 2
-31.193163 -6.5183539 2.2244899 7
-2.2369895 -0.46869457 -0.095267646 1
-27.438515 -5.7315907 3.0038917 4
-12.056123 -2.4578745 -0.11248613 0
-17.783989 -3.7219825 0.85684872 11
-2.6002684 -0.54377586 -0.094930038 1
-18.266888 -3.805058 4.1720796 3
-8.8552904 -1.8405441 -0.26315305 3
-19.685343 -4.1020384 3.7303667 2
-24.112978 -5.0306749 3.5735571 8
-4.0114183 -0.83632356 -0.12750384 4
-26.507683 -5.44766 1.9681128 5
-12.024969 -2.4098897 -0.11029973 0
-15.415449 -3.1497788 4.7604961 6
-19.793543 -4.0559516 3.7460182 8
-2.605885 -0.53538436 -0.095798276 1
-4.0064855 -0.82063645 -0.12621523 4
-8.9162521 -1.8206412 -0.26787406 3
-15.478216 -3.1638658 4.1908031 24
-18.222256 -3.7292526 4.1607857 5
-24.017511 -4.9231377 3.5595918 7
-26.423937 -5.4233098 2.9107583 4
-3.1352222 -0.64345771 -0.10234856 2
-2.2309554 -0.45923802 -0.09318158 1
-17.826178 -3.6657305 0.85761517 9
-4.0091066 -0.80724943 -0.12617284 4
-11.954839 -2.3523448 -0.10605408 0
-15.499974 -3.1146474 4.1936893 13
-19.830709 -3.9912963 3.7500324 4
-2.6037436 -0.52588701 -0.094875865 1
-20.858133 -4.2035685 3.158742 6
-15.559579 -3.1307433 3.627728 15
-26.542124 -5.3580017 1.9692835 5
-17.846004 -3.6079943 0.85796267 9
-27.223795 -5.488225 2.9816213 4
-3.1373661 -0.63241142 -0.10231498 2
-8.8677731 -1.7784194 -0.26294628 3
-2.2173049 -0.4483068 -0.089033432 1
-15.139314 -2.9831097 4.6792736 1
-11.943293 -2.3066618 -0.1048888 0
-4.0118175 -0.79314804 -0.12612855 4
-24.81068 -4.9161453 2.7625024 3
-20.973831 -4.1505432 3.1717715 2
-15.577794 -3.0790353 3.0567915 9
-8.8188105 -1.7380921 -0.25802705 3
-15.510605 -3.0644367 3.6160176 27
-2.5978301 -0.51518655 -0.093056649 1
-15.545042 -3.0671079 4.2020063 12
-17.878027 -3.549392 0.85854548 9
-25.306787 -5.0166206 1.9012784 4
-2.2414453 -0.44536901 -0.095198311 1
-3.1470716 -0.62343168 -0.10380029 2
-24.995779 -4.8619747 2.7779696 3
-15.067974 -2.9142947 4.6571074 10
-15.478702 -3.0018728 3.6077595 9
-24.230307 -4.7066293 3.5810862 2
-3.1491439 -0.61234999 -0.10376604 2
-25.190756 -4.9020886 1.8943181 4
-17.917709 -3.4921188 0.85927463 6
-2.2429018 -0.43744829 -0.095175378 1
-4.0299959 -0.78204471 -0.12856963 4
-15.572833 -3.0214369 3.0544555 14
-8.82866 -1.7079282 -0.25826806 3
-2.595701 -0.50527942 -0.092133708 1
-16.741451 -3.2421677 4.4824057 4
-11.915874 -2.258111 -0.10290317 0
-24.891184 -4.7512913 2.7673271 3
-11.931464 -2.2178166 -0.10317392 0
-16.809967 -3.1944218 4.4961624 1
-15.477406 -2.945436 3.6056399 9
-8.8462372 -1.6792002 -0.25919846 3
-15.583179 -2.9668808 3.0546396 22
-4.0093274 -0.7634452 -0.12479611 4
-3.1473179 -0.6005286 -0.10297219 2
-28.860363 -5.5111823 2.0934784 5
-2.6050251 -0.49757287 -0.093898043 1
-17.961138 -3.435375 0.86007893 6
-2.2405326 -0.42880529 -0.094120711 1
-21.095684 -4.0214152 3.184072 2
-19.721048 -3.7421176 5.928997 4
-15.654386 -2.9278564 2.496845 2
-11.860455 -2.1616924 -0.098933786 0
-17.203957 -3.2068906 4.5867634 1
-15.624478 -2.916764 3.6330686 4
-8.8676434 -1.6510891 -0.26047355 3
-15.552564 -2.9046664 3.048209 18
-4.0196562 -0.75077957 -0.12599555 4
-25.048513 -4.6905236 2.780328 3
-3.1377304 -0.58727735 -0.1006612 2
-28.969643 -5.4270558 2.098736 5
-2.6028283 -0.48767108 -0.092974342 1
-18.006353 -3.3787265 0.8609221 11
-2.241931 -0.42088458 -0.094097786 1
-2.2394991 -0.41227213 -0.093043171 1
-20.263206 -3.6981697 6.0708365 4
-17.214926 -3.1466093 4.586966 1
-11.853329 -2.1571572 0.32343349 3
-3.1512668 -0.57834363 -0.10290445 2
-17.084478 -3.1272974 3.9214551 8
-15.578042 -2.8530252 3.0509121 17
-3.9949572 -0.73167974 -0.12159946 4
-25.291941 -4.644546 2.8010983 3
-26.591894 -4.8855047 1.9687276 5
-2.6120985 -0.47989407 -0.094737343 1
-18.067125 -3.3247037 0.8620609 2
-15.625366 -2.8658497 2.49211 14
-8.8343468 -1.6112993 -0.25692251 3
-11.856423 -2.1159382 -0.0981737 0
-2.605998 -0.46930161 -0.092918813 1
-11.876457 -2.1184199 0.32331064 3
-19.41655 -3.4735277 5.8361378 4
-15.626681 -2.805414 3.0573962 9
-15.592196 -2.8033857 2.4868839 14
-27.508921 -4.9544859 2.0179892 5
-15.64997 -2.8151207 1.9319439 2
-8.8908434 -1.5894222 -0.26129606 3
-17.136276 -3.0717182 3.9297254 3
-3.16874 -0.569453 -0.10590456 2
-4.0208631 -0.72109663 -0.12528197 4
-2.2447107 -0.40464133 -0.094050251 1
-11.855788 -2.0730212 -0.097625464 0
-11.868433 -2.034559 -0.097801767 0
-11.88567 -2.0771439 0.32341596 3
-15.758821 -2.7722003 3.0774288 5
-26.664522 -4.7061763 1.9714959 5
-12.758966 -2.2369599 4.0139694 4
-15.588578 -2.7436135 2.4853551 13
-3.1706254 -0.55828851 -0.10587002 2
-16.435337 -2.8867896 3.7886863 1
-15.598786 -2.7495761 1.9266561 30
-4.0077057 -0.70422149 -0.12275209 4
-8.8727055 -1.554131 -0.25912687 3
-14.174055 -2.486069 3.8658669 3
-2.6114516 -0.46031743 -0.09378536 1
-2.2688622 -0.40072948 -0.1002124 1
-11.875028 -2.0324535 0.32384899 3
-15.618773 -2.700933 1.3708299 2
-15.617053 -2.6951077 2.4879892 7
-12.762768 -2.1915877 4.0130782 4
-18.127625 -3.1217604 4.1228018 7
-14.159071 -2.4349155 3.8606 0
-11.899027 -1.9969274 -0.098892502 0
-4.0255165 -0.69350266 -0.12519528 4
-15.850041 -2.7310622 3.0908475 13
-2.6052003 -0.45023999 -0.091968894 1
-3.1724701 -0.54712081 -0.10583538 2
-2.2587371 -0.39074045 -0.097096533 1
-8.8505049 -1.5183024 -0.25661606 3
-15.602305 -2.693908 1.9263084 26
-17.473785 -2.9416559 4.6388659 5
-3.2245314 -0.54498959 -0.11566726 2
-18.196356 -3.0680432 4.1345301 5
-8.8829308 -1.4934326 -0.25892836 3
-15.911955 -2.6843958 3.0995419 4
-15.675194 -2.6486492 2.4943216 10
-4.0551057 -0.68393666 -0.12949967 4
-15.596511 -2.640888 1.3693036 6
-2.6182039 -0.44298816 -0.094627529 1
-2.2408841 -0.37993753 -0.091920644 1
-5.3262911 -0.89648348 -0.13901955 23
-15.61892 -2.6433055 1.927189 22
-15.68253 -2.659641 0.81711453 2
-11.895776 -1.9931434 0.32375863 3
-12.758793 -2.144923 4.010108 6
-12.487297 -2.0506601 -0.12895493 0
-2.2459228 -0.3726567 -0.092927746 1
-8.8604851 -1.4577597 -0.25641742 3
-20.463457 -3.3782291 3.8343189 7
-4.0339913 -0.66581941 -0.12572719 4
-2.6234946 -0.43438861 -0.095495217 1
-15.651543 -2.5924926 1.9294903 26
-15.774323 -2.6086144 2.5058224 1
-3.2147045 -0.53171271 -0.11335596 2
-15.605548 -2.586237 1.3694861 12
-18.210712 -3.0049331 4.1355114 5
-11.896661 -1.9504807 0.3239949 3
-12.766082 -2.1001952 4.0102558 5
-12.06866 -1.936396 -0.10669513 0
-20.041746 -3.2243898 5.9922085 4
-15.626219 -2.5334899 1.3703109 10
-11.911213 -1.9100511 0.3240025 3
-20.272234 -3.2738166 3.8017826 15
-21.524158 -3.4816349 3.2269106 2
-4.0440106 -0.65288657 -0.1269251 4
-15.699732 -2.5440331 1.9332078 2
-2.6172116 -0.42388925 -0.093676426 1
-12.092402 -1.9640675 0.74944055 4
-2.2623851 -0.36718664 -0.097027481 1
-3.2281735 -0.52170384 -0.11559508 2
-18.217607 -2.9373143 4.1349678 3
-8.8656855 -1.4251344 -0.25630987 3
-12.024287 -1.8839591 -0.103887 0
-2.6109567 -0.41297656 -0.091857471 1
-15.6787 -2.4828761 1.3728566 2
-2.244539 -0.35577381 -0.091849789 1
-25.508076 -4.0364842 2.8131013 3
-4.0540943 -0.63917679 -0.1281205 4
-21.791529 -3.4427383 3.2591653 2
-20.362015 -3.21157 3.8146403 7
-11.937806 -1.8693101 0.32382211 3
-12.788163 -2.0096297 4.0126414 1
-8.8943901 -1.396197 -0.25826627 3
-3.2144597 -0.50730932 -0.11252516 2
-11.963584 -1.8315483 -0.10026917 0
-18.344461 -2.8886139 4.1582284 1
-2.6200693 -0.40448925 -0.093618743 1
-26.205511 -4.0504575 1.9434488 4
-20.133276 -3.0874424 6.0114198 4
-11.948445 -1.825987 0.32390317 3
-21.592037 -3.3299398 3.2328563 2
-26.436142 -4.0837827 2.8953912 4
-3.1967168 -0.49299729 -0.10869724 2
-3.9821129 -0.61280507 -0.11627325 4
-20.326683 -3.1294737 3.807327 7
-8.907012 -1.3662111 -0.25885212 3
-2.2495577 -0.34803471 -0.092855752 1
-12.013288 -1.7961144 -0.10238105 0
-26.438322 -3.9894416 2.8946416 4
-12.011499 -1.752867 -0.1018322 4
-12.836347 -1.9228432 4.022305 4
-12.488685 -1.8637682 0.31526434 3
-8.8801174 -1.3302526 -0.25599927 3
-20.372524 -3.0635619 3.8132391 7
-21.55632 -3.2472284 3.2272029 2
-4.0818381 -0.61345154 -0.13175489 4
-3.217751 -0.48465878 -0.1124547 2
-25.840248 -3.9014816 1.9232018 4
-2.6213796 -0.39524159 -0.093591109 1
-2.2544947 -0.34066269 -0.093863219 1
-3.2348816 -0.47560319 -0.11545471 2
-25.99588 -3.8319721 1.9312145 4
-2.2441118 -0.33100852 -0.090748318 1
-26.696381 -3.932868 2.9168656 4
-4.0838695 -0.59909332 -0.13170993 4
-27.419214 -4.0320454 3.960947 3
-20.054697 -2.944025 3.7605135 4
-8.8609676 -1.2956628 -0.25383359 3
-16.466288 -2.4160144 3.7817907 3
-2.6380863 -0.38825244 -0.097144432 1
-18.39983 -2.6899719 5.5345507 2
-12.072839 -1.7186413 -0.10455732 0
-12.14537 -1.6899272 -0.10790665 0
-25.736212 -3.701726 1.9167389 4
-3.2208853 -0.46198148 -0.11238576 2
-2.6354814 -0.37839025 -0.096221603 1
-27.17522 -3.9062717 2.958889 4
-4.0623822 -0.58137482 -0.12793958 4
-20.162493 -2.8877788 3.7765119 1
-8.8969221 -1.2690798 -0.2564832 3
-12.053776 -1.7126697 0.32289001 3
-12.772734 -1.8219255 4.0018034 11
-2.2604711 -0.32527202 -0.094847471 1
-27.246452 -3.8289695 2.9644804 4
-18.627745 -2.6065667 4.2061319 5
-8.8139572 -1.2289029 -0.24882926 3
-19.725315 -2.749788 5.8906536 4
-12.097677 -1.6401181 -0.10500722 0
-3.2397478 -0.45421353 -0.1157677 2
-4.0602002 -0.56796014 -0.12727916 4
-2.2652323 -0.31861472 -0.09585733 1
-26.016598 -3.6584375 1.9315804 4
-20.484308 -2.8680217 3.8271716 10
-2.6636031 -0.37381348 -0.10246055 1
-2.2739029 -0.31165391 -0.097895436 1
-25.961847 -3.5581427 1.9282418 4
-3.2879279 -0.44916251 -0.12483361 3
-29.485949 -4.0384464 3.1642141 4
-12.85702 -1.7467079 4.0218453 5
-20.110762 -2.7422788 4.4974675 2
-20.302307 -2.770113 3.7965095 12
-12.115131 -1.5992953 -0.10548069 7
-8.8615532 -1.2038953 -0.25250879 3
-4.0894804 -0.55741209 -0.13157965 4
-2.6648071 -0.36440966 -0.10243307 1
-8.8419189 -1.1696819 -0.25034639 3
-12.178012 -1.5642205 -0.10830302 0
-21.297716 -2.8226008 5.5153065 7
-16.329857 -2.1686344 3.7495072 3
-21.014585 -2.7923746 3.9099553 3
-3.242671 -0.43137535 -0.11569832 2
-26.330343 -3.5147994 1.9478363 4
-2.6466558 -0.352431 -0.097931542 1
-2.2557359 -0.30106711 -0.092719987 1
-4.1050291 -0.54483855 -0.13370875 4
-29.203564 -3.8957016 3.1380379 4
-20.111345 -2.6601598 5.9909654 3
-20.779249 -2.6871192 3.8707786 13
-12.207107 -1.5245039 -0.10938974 0
-18.702969 -2.4073219 5.6063347 1
-21.220358 -2.736783 5.4951963 8
-8.8537722 -1.1396928 -0.25093225 3
-4.0323596 -0.5207898 -0.12186976 4
-29.062784 -3.7734661 3.1245868 4
-2.6555157 -0.34409717 -0.09969309 1
-2.2643514 -0.29409117 -0.09475714 1
-16.329422 -2.1104121 3.7481594 18
-3.2440717 -0.41995156 -0.11566347 2
-26.251261 -3.4107714 1.9432123 4
-19.581097 -2.4506438 5.8426814 9
-28.735725 -3.6287932 3.0945065 4
-12.204341 -1.4807673 -0.10884029 0
-17.19928 -2.1570883 4.5521984 3
-16.34436 -2.0541797 3.7498853 18
-4.0419092 -0.50758582 -0.12306697 4
-2.2614427 -0.2856029 -0.093703784 1
-3.3155742 -0.41734147 -0.12927663 3
-26.71863 -3.3764529 1.968181 4
-22.070587 -2.7813854 3.2843547 2
-2.6411421 -0.33277473 -0.096085764 1
-20.847176 -2.6217263 3.8804829 9
-8.8576193 -1.108637 -0.25083131 3
-22.076113 -2.7036099 3.2841187 2
-21.263815 -2.5911567 5.5015726 7
-16.405863 -2.0035698 3.7608304 4
-8.8455305 -1.0756509 -0.24935672 3
-20.985466 -2.5645244 3.9015419 3
-4.1141768 -0.50197357 -0.13419427 4
-28.487106 -3.4961598 3.0714941 4
-3.246752 -0.3970868 -0.11559372 2
-27.011637 -3.317477 1.983721 5
-2.6383317 -0.32298368 -0.095163852 1
-2.2738478 -0.27902159 -0.096771032 1
-19.991978 -2.4309974 5.9521384 4
-12.219522 -1.4370265 -0.10920328 19
-28.265608 -3.3686202 3.0509522 4
-4.0687289 -0.48192641 -0.1267022 4
-20.276371 -2.3935592 6.0272717 8
-9.8426971 -1.1566503 0.36040765 2
-21.291941 -2.5189662 5.5063429 12
-29.002069 -3.4589097 2.0910895 5
-2.6471004 -0.31458533 -0.096925691 1
-22.083332 -2.6260586 3.2841275 2
-2.2747228 -0.270982 -0.096748106 1
-3.3261023 -0.39430955 -0.13072094 3
-8.8532877 -1.0435419 -0.24959503 3
-2.6597648 -0.30611277 -0.099580728 1
-4.0782309 -0.4677957 -0.12789682 4
-28.08213 -3.2273097 5.0402393 2
-20.196598 -2.3088894 6.0035906 1
-17.890558 -2.0499401 4.7093582 3
-2.2679303 -0.26165226 -0.094663419 1
-27.980806 -3.2304282 3.0247567 4
-9.7752476 -1.1122837 0.36168757 2
-8.8411283 -1.0091383 -0.24811564 3
-10.639061 -1.1737895 -0.027194509 3
-20.140417 -2.3094003 4.4942832 6
-3.3079257 -0.37976804 -0.12689273 3
-2.2687836 -0.25323334 -0.094639547 1
-3.2505932 -0.36160475 -0.11548689 2
-9.7513409 -1.0732229 0.3622551 2
-20.171638 -2.2414548 4.4991264 4
-10.643012 -1.1364934 -0.027073281 3
-19.918777 -2.2029638 5.9263253 6
-27.715168 -3.0966017 3.0003254 4
-27.771729 -3.0882647 4.9888434 2
-4.0326982 -0.44750285 -0.12040389 4
-2.6491549 -0.29495835 -0.096868329 1
-8.8365955 -0.97725517 -0.24732862 3
-9.7884521 -1.0972581 0.70635229 35
-8.7764702 -0.93948078 -0.24173586 3
-10.666699 -1.1012404 -0.027971875 3
-18.272535 -1.9609166 4.7957582 1
-27.542648 -2.9652464 4.9506726 2
-4.0616546 -0.43626276 -0.12470375 4
-27.551411 -2.9807186 2.9850743 4
-20.147991 -2.1674299 4.4932117 4
-3.2517502 -0.35014629 -0.11545285 2
-2.6500797 -0.28561339 -0.096840426 1
-9.7310791 -1.0364897 0.36275232 2
-19.995329 -2.1405852 5.9452829 6
-2.2695675 -0.24520864 -0.094616644 1
-9.7921352 -1.0629239 0.70646256 35
-27.319818 -2.8589711 2.9637995 4
-10.809523 -1.0777186 -0.034988269 3
-19.987167 -2.068949 5.9413519 13
-18.062113 -1.8743746 4.745285 2
-8.7835798 -0.90910995 -0.24198003 3
-2.6509752 -0.27625254 -0.096812963 1
-9.7956924 -1.0285951 0.7065745 35
-4.0552068 -0.42115554 -0.12341903 4
-20.206062 -2.1021421 4.5034351 2
-3.3036504 -0.3439748 -0.12527151 3
-9.7027225 -0.9990927 0.36337885 2
-2.2818558 -0.23838899 -0.097683743 1
-27.25421 -2.7557013 2.9573889 4
-19.996046 -1.9991248 5.9421029 7
-3.2930224 -0.3311547 -0.12296236 2
-2.6673555 -0.26845136 -0.10036412 1
-9.7275133 -0.98697352 0.70533103 36
-2.2825861 -0.2303257 -0.097660072 1
-4.0408373 -0.40530846 -0.12089334 4
-8.8104086 -0.88068587 -0.24393916 3
-18.060659 -1.8103153 4.7436829 1
-9.5946274 -0.95399016 0.36529049 2
-10.258422 -0.98647201 -0.0064256606 4
-15.458375 -1.493507 4.712347 2
-10.172058 -0.94400179 -0.0017294571 4
-9.5419197 -0.91666567 0.36629376 2
-27.196146 -2.6536989 2.9516842 4
-4.0500097 -0.39185065 -0.12209088 4
-8.7855825 -0.84710449 -0.24143822 3
-17.078655 -1.655952 3.8859229 1
-2.6604276 -0.25828466 -0.09854722 1
-3.2862527 -0.3187933 -0.12141222 2
-2.264055 -0.22037858 -0.09248744 1
-9.6830435 -0.94818598 0.70453757 37
-17.073929 -1.6510286 4.5121684 2
-15.451822 -1.4382656 4.709403 5
-9.4732866 -0.87657595 0.36755875 2
-10.163275 -0.90726393 -0.0010032378 4
-2.6650674 -0.24972999 -0.099415511 1
-4.039402 -0.37720886 -0.12018796 4
-18.151834 -1.6943266 4.7626438 13
-27.129765 -2.5513949 2.9452696 4
-8.780467 -0.8155551 -0.24065313 3
-3.2950802 -0.30794537 -0.1228924 2
-2.2608757 -0.21201512 -0.091434382 1
-9.4899549 -0.86382842 0.70098239 40
-27.155828 -2.4627893 2.9471614 8
-18.213772 -1.635797 4.7759786 3
-9.4961195 -0.84512973 0.36734506 2
-19.333405 -1.7414215 4.327549 2
-4.0484791 -0.36370122 -0.12138486 4
-3.2764428 -0.29515317 -0.11907038 2
-2.2730322 -0.2054614 -0.094503038 1
-2.6464224 -0.23856984 -0.094915524 1
-8.7830458 -0.78629833 -0.24055915 3
-15.616261 -1.3984056 4.7527676 6
-19.450697 -1.6833521 4.3496809 16
-26.314442 -2.2866969 3.8051426 3
-3.2812798 -0.28394574 -0.11979338 2
-2.2852006 -0.19842629 -0.097569793 1
-27.170107 -2.368227 2.9480057 4
-4.06145 -0.35047373 -0.12320194 4
-9.4968042 -0.83089125 0.70116425 40
-26.298918 -2.2784162 4.7442398 2
-8.8253613 -0.75891113 -0.24389043 3
-16.662638 -1.4376483 4.4131641 4
-15.30345 -1.3163692 4.6670861 2
-2.6743429 -0.23157865 -0.10114904 1
-9.8705864 -0.81143254 0.01450231 5
-9.4790001 -0.81011826 0.36777264 2
-15.253718 -1.2609578 4.6526814 7
-9.4297314 -0.77428621 0.36870807 2
-9.7855291 -0.77164072 0.019088097 5
-8.7643261 -0.72271597 -0.23830362 3
-3.2978218 -0.27368084 -0.12278973 2
-4.0546875 -0.33552694 -0.1219182 4
-19.421122 -1.6122814 4.3429847 12
-2.6595066 -0.22084506 -0.097544327 1
-16.681017 -1.3803853 4.416523 11
-2.308903 -0.19227855 -0.10372524 1
-27.170158 -2.2724373 2.9476094 4
-9.4636889 -0.79456753 0.70059258 41
-2.679575 -0.21347746 -0.10199289 1
-15.230944 -1.2053722 4.645565 3
-4.0517583 -0.32166246 -0.12125987 4
-19.580801 -1.559978 4.3735585 8
-16.726168 -1.3280981 4.4262052 3
-9.4741583 -0.76368374 0.70083988 40
-9.7004433 -0.73072141 0.023672603 5
-9.4043798 -0.73901898 0.36925736 2
-8.8143911 -0.69573832 -0.24232551 3
-27.16988 -2.1766779 2.9472055 4
-3.2790961 -0.26049942 -0.11897024 2
-2.2940633 -0.18288231 -0.099585891 1
-2.6879916 -0.20460972 -0.10375421 1
-9.5992517 -0.68926173 0.029071495 5
-27.174856 -2.0861619 2.9473195 8
-4.052773 -0.30739254 -0.1212184 4
-8.848362 -0.66877329 -0.24497671 3
-2.2753046 -0.17369927 -0.094415843 1
-18.187447 -1.3800994 4.7659273 2
-9.4527473 -0.72861695 0.70049131 41
-9.4048185 -0.70588624 0.36939257 30
-15.870374 -1.2000687 4.8174744 14
-19.390303 -1.4764706 4.3353333 6
-3.2994411 -0.2510117 -0.12272601 2
-15.808842 -1.1397303 4.7999558 1
-2.6613832 -0.19313793 -0.097468071 1
-27.16398 -1.9897177 2.9460313 4
-4.0458493 -0.29256856 -0.11993442 4
-2.2796655 -0.16593188 -0.09542381 1
-18.182302 -1.3156735 4.7638664 15
-20.074472 -1.4579079 4.4689617 8
-8.8783836 -0.63975215 -0.24727866 3
-25.507919 -1.8549092 4.6140671 2
-3.3002105 -0.239384 -0.12269221 2
-9.4292154 -0.69355524 0.70010448 41
-9.5777111 -0.6522817 0.030403119 5
-9.4153233 -0.64032441 0.36950421 79
-18.65234 -1.2792087 5.5673056 10
-18.258558 -1.2569267 4.7808218 1
-9.4434538 -0.66132468 0.7004348 41
-2.2801428 -0.15787119 -0.095400728 1
-27.182573 -1.8954476 2.9473996 4
-4.090126 -0.28131521 -0.12671186 4
-25.198874 -1.7437695 4.5638323 2
-2.6852911 -0.18535489 -0.10280634 1
-8.8527508 -0.60514843 -0.24477731 3
-20.373249 -1.4043437 4.5268726 13
-3.3127301 -0.22798023 -0.12492928 3
-9.5679865 -0.61624879 0.031124314 5
-2.2883303 -0.14990476 -0.097437516 1
-4.0910401 -0.26619947 -0.12666756 4
-15.658297 -1.0158911 4.757637 2
-18.111271 -1.179885 4.745719 2
-21.639988 -1.4174688 3.9928751 3
-5.3870873 -0.34939051 -0.13730204 23
-27.185246 -1.7952549 2.9473646 4
-2.662518 -0.17387199 -0.097413562 1
-9.449708 -0.62681091 0.70061851 41
-9.4035435 -0.60475332 0.36983615 66
-19.594713 -1.2782655 4.3733034 8
-3.2860167 -0.2139345 -0.11959021 2
-8.8230057 -0.57048619 -0.24193332 3
-9.5661039 -0.58077401 0.031436518 5
-21.399693 -1.3283643 3.1892743 2
-9.4135866 -0.57060975 0.36981615 55
-18.161997 -1.1161324 4.7567987 3
-24.863781 -1.5369971 4.5088425 2
-4.1037307 -0.25180715 -0.12848239 4
-9.4638157 -0.59277272 0.70095545 41
-21.359945 -1.3315293 2.4277449 5
-2.6630449 -0.16399749 -0.097385101 1
-15.081605 -0.92273164 4.6011438 10
-2.2810555 -0.14092813 -0.095354415 1
-8.8846188 -0.54164189 -0.24697237 3
-19.612843 -1.2070378 4.376225 8
-3.3415725 -0.20514746 -0.13015997 3
-10.349788 -0.59022021 -0.0083103543 4
-10.686593 -0.57564378 -0.02528711 3
-27.062212 -1.5874208 2.9359479 4
-15.082815 -0.86712456 4.6007996 1
-9.4235067 -0.53640085 0.36979732 46
-21.198038 -1.2320305 3.921057 1
-24.758718 -1.4456758 3.6072114 2
-4.0414138 -0.23298773 -0.11852018 4
-2.7258132 -0.15775062 -0.11166115 1
-9.4518547 -0.55708832 0.70079869 41
-2.2891831 -0.1329056 -0.097390339 1
-8.7909641 -0.50344056 -0.23864743 3
-19.703211 -1.1398981 4.3933759 8
-3.2637885 -0.18823609 -0.11497631 2
-2.2895279 -0.12521394 -0.097368836 1
-3.3427188 -0.18219014 -0.13009217 3
-20.186714 -1.1040742 4.4877968 17
-17.82089 -0.96988153 4.6761417 5
-9.4351301 -0.50554401 0.36973524 35
-15.798925 -0.8556062 4.7935658 1
-24.454115 -1.3462857 3.5689838 2
-21.623884 -1.1846406 3.9888744 1
-4.0933747 -0.22228223 -0.12653619 4
-26.880245 -1.4870683 2.919569 4
-2.6639509 -0.14518549 -0.097332098 1
-9.4615479 -0.52603984 0.70104837 41
-8.7526321 -0.47353515 -0.23513436 3
-21.61198 -1.1081069 3.9865885 1
-8.7501698 -0.44263181 -0.23469651 3
-4.0743065 -0.20686506 -0.12339547 4
-2.6643538 -0.1357778 -0.097306021 1
-3.3432503 -0.17040215 -0.13005795 3
-14.945388 -0.75680596 4.562603 1
-9.4447365 -0.47285452 0.36971155 22
-17.989403 -0.91588205 4.7148337 2
-20.34516 -1.0412965 4.518405 4
-24.299974 -1.2524798 3.5495162 2
-26.670298 -1.3818163 2.9007161 4
-9.6846399 -0.50185448 1.0453467 3
-9.507163 -0.49515289 0.70198619 40
-2.3014421 -0.11772017 -0.100434 1
-14.826281 -0.69868928 4.5299687 6
-9.4967546 -0.46123093 0.70186335 40
-2.7036688 -0.1282302 -0.10621782 1
-26.495762 -1.2797915 2.8850515 4
-24.117727 -1.1584342 3.5265899 2
-10.11307 -0.43808234 0.0045246077 4
-9.4342527 -0.43917334 0.37000504 13
-20.219149 -0.96386242 4.4932461 6
-8.7754622 -0.41306603 -0.23665668 3
-4.078866 -0.19270854 -0.12397261 4
-3.3437371 -0.15861797 -0.13002431 3
-9.7181501 -0.4694303 1.0471754 3
-24.203697 -1.1561873 4.4012852 2
-2.2901707 -0.10901546 -0.097323999 1
-2.2904489 -0.10091639 -0.097301595 1
-9.5022097 -0.42809635 0.70204192 40
-9.7914572 -0.43857443 1.0511601 3
-3.3638012 -0.14770301 -0.13377546 3
-26.27706 -1.1770266 2.8654795 3
-23.947025 -1.0662035 3.5051394 2
-9.4476252 -0.40660375 0.36991739 2
-19.663443 -0.86832345 4.3838449 17
-24.041727 -1.0640877 4.3750191 2
-9.6594009 -0.38444015 0.027793037 5
-14.911451 -0.65034723 4.5525203 3
-8.7807474 -0.38245979 -0.23690386 3
-4.0438957 -0.17678848 -0.11835327 4
-2.665061 -0.11695915 -0.097252354 1
-3.2974937 -0.13312574 -0.12086964 2
-9.4688778 -0.37426609 0.3697021 2
-23.782434 -0.96087909 6.0615554 2
-20.452595 -0.83147448 4.5383153 9
-8.7261953 -0.34941885 -0.23201454 3
-23.776802 -0.96894842 4.3323169 2
-4.0680914 -0.16351436 -0.12202869 4
-9.7688847 -0.4032402 1.0499746 3
-2.6653659 -0.10754067 -0.097226419 1
-23.744244 -0.97388059 3.4797361 2
-26.109716 -1.0779448 2.8505147 3
-2.2868388 -0.092650041 -0.096250802 1
-9.5235271 -0.39561349 0.70252633 40
-14.631787 -0.5867666 4.4766698 2
-26.005711 -0.98246956 2.841224 3
-18.940794 -0.69357139 5.6389613 5
-9.484025 -0.34155652 0.36958233 2
-8.7073631 -0.31807995 -0.23020853 3
-23.661497 -0.88126856 4.3136225 2
-23.620441 -0.88596797 3.4642012 2
-4.0448561 -0.14831443 -0.11826977 4
-3.2900028 -0.12120329 -0.11932248 2
-9.8060551 -0.37034744 1.0520215 3
-2.7162883 -0.10001898 -0.10881831 1
-9.5207624 -0.36205429 0.7025528 40
-2.2947853 -0.08484818 -0.098286808 1
-20.335598 -0.75538456 4.5150771 10
-24.085615 -0.82538199 2.6700938 3
-17.495474 -0.57915777 5.2486539 5
-19.880938 -0.66874814 4.425663 8
-6.5972772 -0.2174111 -0.048677854 3
-23.486656 -0.79240376 4.2854466 2
-23.397142 -0.7955476 3.4363198 2
-4.0689573 -0.13487941 -0.12194376 4
-3.3334963 -0.1110741 -0.12761544 3
-9.7752523 -0.33485925 1.0504034 3
-2.665875 -0.08871568 -0.09717305 1
-2.2949789 -0.076733917 -0.098264396 1
-2.7167437 -0.080837689 -0.10876381 1
-23.280626 -0.70998067 3.4217663 2
-18.952599 -0.56108242 5.6414623 1
-6.6095772 -0.19108054 0.41543797 3
-19.883018 -0.59910661 4.4258819 6
-6.5779901 -0.1936546 -0.04689645 3
-23.256216 -0.7031042 4.2484188 2
-4.057467 -0.12019579 -0.12004387 4
-23.950844 -0.73681021 2.6581149 6
-3.2670379 -0.097290047 -0.11471359 2
-9.7962265 -0.30119044 1.0515871 3
-2.2990081 -0.068733014 -0.099271461 1
-20.859938 -0.55551779 4.6173272 11
-6.5861216 -0.16725288 0.41588798 3
-18.745419 -0.49409992 4.8883753 3
-23.779903 -0.64822084 2.6429379 3
-23.155743 -0.61890858 4.2322412 2
-23.154755 -0.60473675 6.7747874 2
-23.120152 -0.62405962 3.4017758 2
-4.0696249 -0.10623006 -0.12185983 4
-3.3242009 -0.087301515 -0.12565599 3
-9.8290586 -0.26771477 1.0534204 3
-2.6662529 -0.069878832 -0.097120732 1
-2.3030086 -0.060708232 -0.10027776 1
-6.5825467 -0.16950761 -0.047164496 3
-6.7087684 -0.14748095 0.17847572 43
-6.6498609 -0.15892355 0.64814752 28
-22.94746 -0.53898519 3.380301 2
-22.999681 -0.53413117 4.2072124 1
-22.940344 -0.51873916 6.7167177 2
-6.614562 -0.14474627 0.41551465 3
-2.7053716 -0.061371982 -0.10602983 1
-4.0461917 -0.090642564 -0.11809972 4
-6.5591044 -0.14585534 -0.045041472 3
-2.2992589 -0.052062202 -0.099225551 1
-20.822449 -0.47789815 4.6098733 11
-23.724249 -0.55941576 2.6380656 13
-3.3047736 -0.074540332 -0.12183604 2
-22.843311 -0.45046893 4.1821814 1
-15.937435 -0.30390289 4.8275962 3
-6.6629195 -0.12241331 0.41482508 3
-2.7366714 -0.051957149 -0.11314949 1
-23.767769 -0.47719523 2.6420553 13
-4.0503478 -0.076471418 -0.11867786 4
-22.810251 -0.45184043 3.3632793 2
-20.470644 -0.39806286 4.5408382 15
-3.2774358 -0.062350292 -0.11650427 2
-6.6502995 -0.13439846 0.64822114 28
-6.5833926 -0.12327716 -0.047024053 3
-2.3109336 -0.044153623 -0.10229054 1
-9.7055931 -0.11384705 0.026603233 5
-22.706392 -0.3682172 4.1603065 1
-2.7367442 -0.042777121 -0.11312374 1
-4.0583959 -0.063056551 -0.11987649 4
-19.920294 -0.32099748 4.4329147 6
-6.6552148 -0.09889552 0.41502297 3
-15.945981 -0.24817067 4.8298531 2
-22.628935 -0.37293759 3.3407972 2
-2.2993903 -0.035787869 -0.099181168 1
-3.2657642 -0.050604273 -0.11420078 2
-23.810995 -0.39468053 2.6460478 13
-6.6235428 -0.10078169 -0.050375231 3
-2.6666133 -0.032200515 -0.097015537 1
-3.2540479 -0.03951342 -0.11189961 2
-23.859869 -0.31611007 2.650558 13
-2.3032782 -0.028105831 -0.10018913 1
-15.977503 -0.19266866 4.8383594 16
-9.6918602 -0.07969024 0.027416363 5
-4.0624576 -0.048811909 -0.12045415 4
-8.3014641 -0.099201806 -0.19431762 3
-22.53363 -0.28646863 4.1327367 1
-19.852468 -0.25034878 4.4196649 8
-22.475183 -0.29166386 3.3217788 2
-2.2916787 -0.019843958 -0.097080305 1
-9.7463236 -0.097080208 0.70758158 37
-2.6666241 -0.022773281 -0.096989825 1
-3.2776446 -0.028253295 -0.11640786 2
-23.898563 -0.23293358 2.6541946 13
-22.337017 -0.21163838 3.3047349 2
-19.955135 -0.1817549 4.4398947 10
-22.411922 -0.20641419 4.1133842 1
-15.983727 -0.1367269 4.840097 6
-8.2418947 -0.069549873 -0.18909919 3
-4.0546103 -0.034443278 -0.11917419 4
-9.6620293 -0.045551158 0.029040918 5
-20.12822 -0.11284804 4.4739852 8
-8.1862059 -0.040345874 -0.18422282 3
-22.278084 -0.12715833 4.0921321 1
-22.202539 -0.1325959 3.2881806 2
-9.6985149 -0.062577732 0.70676976 37
-4.0230041 -0.019993681 -0.1141787 4
-23.930981 -0.14946264 2.6573002 13
-3.2422855 -0.016485166 -0.10956465 2
-2.7055864 -0.013588098 -0.10589634 1
-2.2955101 -0.011757283 -0.098087452 1
-9.7111883 -0.043157738 0.36700156 2
-9.6780186 -0.011698262 0.0283344 5
-16.032242 -0.080966279 4.8532944 7
-22.087629 -0.054553945 3.2740941 2
-3.2658 -0.005114981 -0.11407124 2
-23.992992 -0.065847576 2.6630702 13
-4.0348148 -0.0058539077 -0.11599474 4
-9.6985769 -0.028559161 0.70687401 37
-5.4960346 -0.0074546472 -0.14829196 24
-22.068922 -0.04865329 4.0588603 1
-8.1622963 -0.011584862 -0.18208317 3
-9.7078724 0.022307059 0.026918039 5
-2.2993143 -0.0036472264 -0.099093854 1
-2.697731 -0.004010614 -0.10408307 1
-9.7631826 -0.0091510173 0.3662852 2
-20.102837 -0.042283151 4.4692011 4
-18.283642 0.035423864 5.4610181 3
-2.7288303 0.0055463244 -0.11120193 1
-9.7830572 0.025127718 0.36607498 2
-20.122349 0.028153816 4.4732695 4
-9.7216282 0.056429878 0.026313704 5
-21.900999 0.022635952 3.2511079 2
-8.1263323 0.016989512 -0.17891926 3
-4.0544825 0.0083817691 -0.11904924 4
-21.98983 0.028549409 4.046452 1
-2.3108215 0.0045056343 -0.10215851 1
-9.7305145 0.0054653934 0.70758986 37
-3.2657104 0.0064053927 -0.11403868 2
-24.058697 0.018200332 2.6691959 3
-9.7983255 0.039842583 0.70899719 36
-2.7053144 0.015086711 -0.10581692 1
-2.3145673 0.012695164 -0.1031647 1
-9.7532377 0.09080442 0.024797849 5
-18.097885 0.09850359 5.4112072 1
-20.1161 0.098605312 4.4723344 8
-8.0743265 0.045234665 -0.17438878 3
-21.784081 0.10459612 4.0138054 1
-21.74189 0.098634504 3.2315786 2
-4.0424852 0.022599936 -0.1171508 4
-3.2655797 0.017921051 -0.11400581 2
-9.7980309 0.074212857 0.7091015 36
-9.9165487 0.12705819 0.016600275 4
-20.137079 0.16924372 4.4767885 8
-7.9624448 0.072588168 -0.16473268 3
-21.664955 0.17991477 3.9950693 1
-4.0462446 0.036863513 -0.11772836 4
-3.2575541 0.029377684 -0.11246012 2
-2.6973579 0.024580518 -0.104004 1
-21.626177 0.17386042 3.2174821 2
-2.3105567 0.020864196 -0.10211429 1
-20.452185 0.2434942 4.5389929 11
-9.8320723 0.16049007 0.020957956 5
-7.9022784 0.099797137 -0.15952212 3
-21.545584 0.25441092 3.9763272 1
-21.466551 0.2477753 3.1979465 2
-3.2298508 0.040547073 -0.10713265 2
-9.7896156 0.10848799 0.70905286 36
-2.3258414 0.029213678 -0.10620689 1
-4.0380979 0.05101198 -0.11644895 4
-2.6659756 0.033746883 -0.096832342 1
-2.3256345 0.037437219 -0.10618336 1
-2.7047403 0.043756541 -0.10573722 1
-3.2570906 0.052352883 -0.11239528 2
-4.0417595 0.065294236 -0.11702687 4
-21.338421 0.32106537 3.1823606 2
-21.327221 0.32656544 3.9417717 1
-18.860855 0.29583874 4.9171271 3
-21.315834 0.33954152 6.2808113 1
-9.8170691 0.14322013 0.70969445 36
-20.42948 0.31479305 4.5349808 20
-9.775404 0.19558819 0.023901323 5
-7.8778572 0.12853098 -0.15738343 3
-21.266581 0.40015936 3.9325125 1
-18.121161 0.35263094 5.4192877 2
-2.665499 0.052594282 -0.096781224 1
-9.8444004 0.1781444 0.71033752 35
-21.202108 0.39331493 3.1657825 2
-3.2646396 0.064566307 -0.11387441 2
-20.439812 0.3901521 4.5375237 4
-4.045352 0.080318242 -0.11760297 4
-7.853364 0.15571135 -0.15525021 3
-17.342316 0.33610111 4.5642161 5
-2.3099303 0.04579825 -0.10204696 1
-9.7945366 0.23032749 0.022993941 5
-20.500971 0.46315384 4.5500674 6
-17.245468 0.39469212 4.5421906 9
-4.0093999 0.093757093 -0.11199234 4
-3.2643032 0.076074556 -0.11384133 2
-2.3058021 0.053888217 -0.10099582 1
-17.46324 0.4042334 5.2423429 1
-9.8435793 0.21439834 0.71044791 35
-2.7275624 0.063864045 -0.11104064 1
-21.170061 0.47623944 3.9175706 1
-21.029751 0.46750146 3.1447628 2
-5.4939222 0.12871477 -0.14788923 24
-7.7809291 0.18299052 -0.1490137 3
-9.8254805 0.26725134 0.021484984 5
-9.8683748 0.30130836 0.019359183 5
-9.8426704 0.24892007 0.71055323 35
-2.715543 0.073209994 -0.10833647 1
-17.608273 0.46929395 5.2821321 1
-20.900887 0.53790915 3.1291664 1
-21.02599 0.54670787 3.8950236 1
-4.032639 0.10920693 -0.11566214 4
-20.345953 0.53454858 4.5202641 4
-22.966635 0.58862102 2.5743177 3
-3.3188818 0.089593321 -0.12439589 3
-2.3209529 0.062854163 -0.10508689 1
-7.7403126 0.20923644 -0.14551556 3
-17.265177 0.45870999 4.5473728 13
-10.094818 0.3418155 0.007933124 4
-20.826534 0.61091042 3.8636012 1
-2.3013289 0.070104159 -0.099924318 1
-18.347946 0.54837757 4.8000765 8
-20.859076 0.60994357 3.1244485 1
-20.426325 0.60468239 4.5366478 6
-7.7155905 0.23432624 -0.14338867 3
-4.0440192 0.123043 -0.11747909 4
-22.976387 0.66535258 2.5756221 3
-3.3027771 0.10025453 -0.12133954 2
-9.8416433 0.28344253 0.7106576 35
-2.6645141 0.081320494 -0.096702129 1
-20.793341 0.67728651 3.1167488 1
-20.753084 0.68153167 3.8524354 1
-17.53297 0.58722305 5.2632213 21
-18.341991 0.60931009 4.7993579 3
-20.769299 0.68395561 4.60464 2
-4.0672011 0.13734846 -0.12115242 4
-2.695322 0.091282636 -0.10382066 1
-9.8405542 0.31623375 0.7107569 35
-7.6469221 0.25914621 -0.13750271 3
-3.2630606 0.11061528 -0.11374398 2
-2.2932529 0.077996321 -0.097845279 1
-18.316252 0.67271608 4.7941141 1
-7.5822129 0.28230467 -0.13196364 3
-20.683342 0.75179029 3.8419001 1
-4.0389662 0.15067504 -0.11678183 4
-2.7026901 0.10108788 -0.10558011 1
-20.766922 0.74926025 3.1140051 1
-2.2890353 0.085578308 -0.0967969 1
-20.668577 0.75314558 4.5856061 2
-9.8952465 0.3527222 0.71193933 34
-9.875164 0.37185141 0.36555308 2
-3.2351153 0.12056365 -0.10842066 2
-17.607241 0.71326244 5.284965 1
-9.9657879 0.39021477 0.71343112 33
-2.6632702 0.10909256 -0.096625626 1
-20.475237 0.81609267 3.8092129 1
-9.8976879 0.40746659 0.36528245 2
-20.470215 0.82320702 5.2967143 1
-20.54409 0.82069844 4.5619493 2
-7.5571961 0.30795151 -0.12983528 3
-20.73827 0.82096994 3.1110148 1
-4.0225301 0.16426542 -0.11426623 4
-3.2502825 0.13259389 -0.11141293 2
-2.3349845 0.095498361 -0.10911408 1
-3.2300899 0.14321214 -0.10760062 2
-20.395863 0.88637722 4.5336647 2
-20.73118 0.89342213 3.1107428 1
-17.558195 0.77293748 5.2726455 8
-9.9080963 0.44271141 0.36519882 2
-18.536554 0.81086934 4.8471079 3
-7.4843154 0.33134004 -0.12361149 3
-4.0297399 0.17877492 -0.11546306 4
-2.7017388 0.12018409 -0.10552714 1
-9.9842415 0.42600533 0.71392208 33
-2.2920661 0.10195504 -0.097782232 1
-20.420824 0.88559115 3.8012052 1
-9.9463425 0.47935927 0.36467892 2
-20.271494 0.95028323 3.7780049 1
-17.559092 0.83463597 5.2738762 2
-18.159874 0.85823739 4.7602401 12
-20.30624 0.9537788 4.5169349 2
-7.4511757 0.35610726 -0.12080318 3
-20.7397 0.96658182 3.1124499 1
-4.0211058 0.19259547 -0.11418537 4
-3.2530239 0.1557098 -0.11210526 2
-2.6934233 0.1293706 -0.10371574 1
-10.034531 0.46340165 0.71503019 32
-2.276161 0.1093541 -0.093647256 1
-5.3883634 0.2771427 -0.13543466 23
-18.092422 0.91861367 4.7454686 12
-7.4219327 0.38084286 -0.11833572 3
-20.078575 1.0117911 3.7478366 1
-20.742016 1.0395113 3.113414 3
-4.0163736 0.20656264 -0.1135268 4
-3.2209861 0.16560867 -0.10602478 2
-2.6617131 0.13733131 -0.096549168 1
-9.9808235 0.49603358 0.71413225 33
-2.3027015 0.11875908 -0.10082329 1
-20.137995 1.0166341 4.4847922 2
-9.9564934 0.51485729 0.36459684 2
-17.636909 0.90027463 5.2959542 1
-3.2085338 0.17635193 -0.10372648 2
-19.903702 1.0800791 5.1687942 2
-7.3528166 0.40322682 -0.11245741 3
-19.97224 1.0766107 3.7315924 1
-4.0273738 0.22133663 -0.11534083 4
-2.7000661 0.14883563 -0.10545009 1
-10.070786 0.53588355 0.71601385 32
-20.718311 1.1111021 3.1111619 3
-19.91861 1.0755762 4.4426298 2
-9.9904804 0.55174375 0.36413997 2
-2.3021817 0.12690896 -0.10080124 1
-9.9804115 0.5863142 0.36437055 2
-2.6994388 0.15837346 -0.10542372 1
-19.863644 1.1424228 4.432826 2
-5.4852281 0.32073551 -0.1473255 24
-19.786839 1.1361904 3.7026834 1
-18.040541 1.0428059 4.7354236 2
-20.741913 1.1852316 3.1148493 3
-21.738831 1.236131 2.469348 3
-2.2900581 0.13440803 -0.097695932 1
-3.2313364 0.18901266 -0.10822963 2
-10.09271 0.57255369 0.71658313 31
-4.0185957 0.2350692 -0.11406412 4
-7.3392587 0.42964393 -0.11135434 3
-13.469689 0.8357563 -0.16278507 1
-10.090547 0.60794204 0.71668988 31
-2.6909957 0.16744381 -0.10361326 1
-10.030102 0.62452447 0.36366531 2
-19.660402 1.1980766 3.6832659 1
-20.733557 1.2576324 3.1145754 3
-2.2894564 0.14292197 -0.097672969 1
-3.2148445 0.2000258 -0.10517231 2
-4.0255036 0.25041583 -0.11525845 4
-7.289887 0.45247343 -0.10718436 3
-21.666412 1.3119686 2.4635401 3
-17.577599 1.0810596 4.6285863 1
-13.366935 0.87645435 -0.15759763 1
-19.800404 1.2119021 4.4214892 2
-13.375822 0.92176658 -0.15806863 1
-10.063683 0.66204625 0.36321002 2
-19.577133 1.2618719 3.6708131 1
-2.7213986 0.17943111 -0.11072578 1
-4.0363469 0.26535967 -0.11707361 4
-17.478323 1.1364828 4.6065469 5
-18.973349 1.2282093 4.2598639 2
-20.732634 1.334131 3.1153026 3
-3.2218776 0.21187936 -0.10665325 2
-10.108101 0.64636922 0.7171877 31
-7.2364707 0.47470763 -0.10267495 3
-2.3312895 0.1537466 -0.10896011 1
-17.480148 1.1950513 4.6080852 2
-13.384384 0.9695031 -0.15853293 1
-10.081162 0.69871008 0.36300397 2
-18.918125 1.2878964 4.2500377 4
-19.466076 1.3232391 3.653924 1
-4.0274715 0.27832443 -0.11579817 4
-2.6895816 0.18646759 -0.10356129 1
-20.708168 1.4017739 3.1130369 3
-10.089845 0.6789844 0.71697873 31
-7.1591301 0.49493667 -0.09611927 3
-3.2249467 0.22351328 -0.1073778 2
-2.3306484 0.16200119 -0.10893752 1
-10.159121 0.71942037 0.71847785 30
-2.6966019 0.19652657 -0.1053206 1
-4.0342693 0.29307342 -0.11699486 4
-17.446577 1.2542094 4.6014662 5
-19.343012 1.3829956 3.6351328 1
-3.2162664 0.23376615 -0.10583577 2
-10.118453 0.73694551 0.36248907 2
-18.991671 1.3597465 4.2656541 2
-20.695093 1.4737304 3.1122687 5
-2.3030212 0.16793157 -0.10172171 1
-7.1413679 0.51893502 -0.094682015 3
-13.398567 1.0201019 -0.1592927 1
-2.6880331 0.20548034 -0.10351016 1
-10.140491 0.75386906 0.71827441 30
-5.3793392 0.40965179 -0.13504989 23
-10.163578 0.77606577 0.36184871 2
-20.705524 1.5473931 3.1144679 7
-19.207954 1.4410344 3.614439 1
-2.2868764 0.17534816 -0.0975881 1
-18.894426 1.4226962 4.2477512 16
-3.1996255 0.24450994 -0.10278059 2
-7.1116018 0.54190648 -0.092221715 3
-17.463072 1.3200021 4.6066494 2
-4.0173106 0.30681416 -0.11448013 4
-13.456558 1.0719506 -0.16227716 1
-13.44667 1.1186044 -0.16183902 8
-7.0698466 0.56373531 -0.088743061 3
-19.100029 1.5036489 3.598177 1
-18.908766 1.4904284 4.2517982 16
-17.208786 1.3661423 5.1905746 6
-10.172525 0.81444174 0.36176804 2
-20.707485 1.6241446 3.1156819 5
-4.0358262 0.32251576 -0.11753504 4
-3.2025807 0.256111 -0.10350905 2
-2.6755071 0.21454318 -0.10080957 1
-2.3131402 0.18555139 -0.10476477 1
-10.213312 0.79708666 0.71985388 29
-2.3008304 0.1928072 -0.10166124 1
-13.480398 1.1689835 -0.16361721 1
-17.201834 1.4262791 5.1902294 9
-7.0200782 0.58462304 -0.084582187 3
-19.011862 1.5637766 3.5850723 1
-4.0227685 0.33575985 -0.11564185 4
-2.6940851 0.22559863 -0.10524706 1
-10.210364 0.83290321 0.71995735 29
-20.693651 1.6960369 3.1149039 5
-19.065645 1.5699884 4.2839832 2
-3.225065 0.26933515 -0.10801195 2
-10.185466 0.85144413 0.36162251 2
-18.973867 1.629413 4.2672195 2
-5.3467011 0.46494499 -0.13153341 22
-13.492058 1.2176583 -0.16428639 1
-10.154438 0.88474011 0.36216006 2
-4.0726695 0.35432032 -0.12363801 4
-20.677576 1.7676432 3.1138813 1
-10.207294 0.86871356 0.72005969 29
-2.2846465 0.19964661 -0.097529314 1
-2.704845 0.23611601 -0.1078985 1
-3.2592382 0.28372645 -0.11478223 2
-6.9821668 0.60620439 -0.081444301 3
-18.899897 1.6212837 3.5681648 1
-13.519449 1.2679048 -0.16576111 1
-4.0122719 0.36339548 -0.11432885 4
-20.621729 1.8356878 3.1079006 1
-18.764164 1.675931 3.5474544 1
-6.9560971 0.62858665 -0.079330675 3
-18.780258 1.679149 4.2304096 3
-10.250772 0.92932868 0.36071399 2
-18.784903 1.6846499 4.9213433 2
-2.7039144 0.24568072 -0.10787413 1
-18.77195 1.6885514 5.6191974 3
-2.2953963 0.2087608 -0.10059176 1
-3.238575 0.29348791 -0.11097364 2
-10.204095 0.90451127 0.72016442 29
-10.200771 0.94029516 0.72026676 29
-11.459095 1.1160785 -0.061483636 1
-10.227456 0.96340829 0.3611275 2
-18.689539 1.7421644 4.9006634 2
-18.735054 1.7413223 4.2228913 3
-6.9180517 0.64968032 -0.076194443 3
-5.3352327 0.50179672 -0.13046871 22
-20.520199 1.8991542 3.096226 1
-4.0344973 0.37971744 -0.11799794 4
-20.514383 1.8930022 2.3668337 2
-3.2061498 0.30202246 -0.10489915 2
-2.6913011 0.25416389 -0.10517249 1
-2.2945633 0.21689276 -0.10057128 1
-18.65974 1.7325587 3.5318091 1
-2.2975514 0.22539209 -0.10157888 1
-3.1971674 0.31259578 -0.10335907 2
-20.390821 1.9592701 3.0810814 1
-18.551222 1.788098 3.5155265 2
-18.670113 1.8013184 4.2115183 1
-6.8720121 0.6697638 -0.072378218 3
-4.0409231 0.39468694 -0.11919511 4
-20.452003 1.9595453 2.362052 2
-2.6903076 0.26368228 -0.10514823 1
-10.237136 0.97986323 0.72114611 29
-10.247814 1.0016 0.36085877 2
-10.32791 1.0441368 0.35965815 3
-12.229869 1.2752317 -0.10072263 0
-18.454666 1.8408502 3.5011332 1
-2.6504788 0.26933545 -0.096203357 1
-4.0315657 0.40814051 -0.11792091 4
-6.8259158 0.68952113 -0.068562172 3
-19.032906 1.8965111 2.9118676 6
-18.593262 1.8597091 4.1978297 1
-5.3669772 0.54287124 -0.1346809 23
-19.011681 1.8891898 2.2333651 5
-3.2037823 0.32465875 -0.1048399 2
-2.2889664 0.23277155 -0.099502832 1
-10.241508 1.0165495 0.72140568 29
-17.693636 1.834336 4.6725082 2
-18.365484 1.8969965 3.4880154 2
-10.288302 1.0766397 0.36031646 2
-18.485338 1.9111253 4.1779613 1
-18.917803 1.9486806 2.8984289 8
-4.0261722 0.4212234 -0.11726604 4
-2.6688802 0.28024054 -0.10064054 1
-5.4638143 0.57101876 -0.1466195 24
-10.253899 1.0523019 0.7218132 28
-18.929539 1.9480428 2.2267849 10
-6.7758031 0.7085644 -0.064406291 3
-3.2142591 0.33716789 -0.10707593 2
-2.2880485 0.240879 -0.099482216 1
-12.276302 1.3649491 -0.10330055 0
-10.308439 1.1134778 0.36004543 3
-18.264706 1.948099 3.4729838 2
-10.297783 1.093297 0.72285157 28
-17.702471 1.8979872 4.6763191 2
-6.7455883 0.72820199 -0.061959095 3
-4.0206566 0.43499094 -0.11661074 4
-18.833712 2.0015719 2.218945 10
-2.6755505 0.29050612 -0.1024003 1
-18.808126 2.0040488 2.8857386 7
-18.271555 1.9538375 4.1372786 1
-3.2130384 0.34795579 -0.10704837 2
-2.3063745 0.2506268 -0.10460128 1
-10.317856 1.1302096 0.72341615 27
-2.6861145 0.300767 -0.10505299 1
-17.69206 1.9564875 4.6755815 4
-4.0033913 0.44671792 -0.11410271 4
-5.3333101 0.5945366 -0.13117389 22
-18.147726 2.0000005 3.455425 2
-10.324265 1.1518321 0.35984004 3
-18.292147 2.0176454 4.1428542 1
-18.720366 2.0577683 2.8757634 6
-18.721535 2.0560555 2.2096844 9
-3.203902 0.3584283 -0.10550684 2
-2.2784948 0.25584742 -0.097388178 1
-6.7349882 0.75102186 -0.061211437 3
-12.294931 1.4128587 -0.10437894 0
-6.6767945 0.76834762 -0.056378655 3
-10.307946 1.1884787 0.36013332 3
-18.17918 2.0729604 4.1222258 1
-18.04987 2.0565002 3.4410424 2
-4.0369711 0.46554595 -0.11962225 4
-18.716503 2.1270673 2.8764582 12
-18.676506 2.1173835 2.2064846 16
-3.2103479 0.37063262 -0.10698831 2
-2.6848991 0.31074315 -0.10502715 1
-17.831692 2.0383339 4.7102652 2
-10.333405 1.1704389 0.7239154 27
-12.351323 1.4632051 -0.10737356 0
-2.2967036 0.26609591 -0.10250568 1
-10.372849 1.2117561 0.72487557 26
-18.760078 2.1986148 2.8830907 12
-14.094952 1.718963 -0.19595508 1
-10.379098 1.2335473 0.35906571 3
-17.901693 2.1098967 4.7286015 1
-18.082026 2.1261346 4.1046715 1
-6.650229 0.78900623 -0.05426991 3
-4.00383 0.47609195 -0.11464337 4
-18.716364 2.1883378 2.2109547 19
-3.2089427 0.38196349 -0.10695878 2
-2.6759598 0.3193292 -0.10321876 1
-2.2726307 0.27154484 -0.09632045 1
-17.948299 2.1087086 3.4260132 2
-18.783678 2.2681122 2.8872459 13
-3.2035999 0.39282125 -0.10617349 2
-2.3061237 0.28375563 -0.10554707 1
-2.6940937 0.33112547 -0.10765404 1
-18.763859 2.2605348 2.216141 20
-4.0255923 0.49304077 -0.11831112 4
-10.439923 1.2566929 0.7263841 25
-17.850504 2.1606948 3.4116175 2
-6.6038189 0.8070932 -0.050460778 3
-17.82832 2.1646535 4.7133493 1
-14.037233 1.7619064 -0.19319846 1
-17.945755 2.1739509 4.0794029 1
-10.402418 1.2733321 0.35873738 3
-6.5692291 0.82634479 -0.047672618 3
-17.787842 2.216413 3.4029226 2
-4.0041466 0.50478441 -0.11518487 4
-17.774109 2.2213335 4.7026343 1
-8.4234257 1.0585656 2.8230844 4
-17.828852 2.2232587 4.0579858 1
-12.650031 1.6335254 -0.12298689 1
-10.437492 1.3147776 0.35822597 3
-2.6580048 0.33633915 -0.099603914 1
-18.814899 2.3387876 2.8923931 12
-18.807123 2.3326123 2.2209699 20
-3.1943195 0.40315819 -0.10463308 2
-2.2858436 0.28954795 -0.10038929 1
-10.562381 1.3089628 0.72898674 23
-10.557642 1.345999 0.7290917 23
-2.687665 0.34968102 -0.10671329 1
-8.3735933 1.0822421 2.8106472 11
-18.834311 2.4030123 2.224371 17
-5.3491001 0.69269794 -0.13426791 23
-12.592664 1.67105 -0.12024702 1
-10.436706 1.3518971 0.35826886 3
-17.727455 2.2786617 4.6937346 1
-17.746862 2.276263 4.043509 1
-6.5365591 0.84561205 -0.045056 3
-17.72501 2.2717242 3.3942268 1
-18.859642 2.4114864 2.8992732 11
-4.0179486 0.52090263 -0.11761764 4
-3.2005949 0.4154329 -0.10611418 2
-2.2962327 0.29911801 -0.10345118 1
-2.2874169 0.30625051 -0.10137655 1
-10.552773 1.3830303 0.72919649 23
-3.1912446 0.42570943 -0.10457431 2
-18.861231 2.4736276 2.2277734 15
-18.902134 2.4842348 2.9059093 11
-7.8322983 1.0699927 0.12125856 10
-8.3600655 1.1103809 2.8081217 24
-10.499222 1.3974196 0.35732743 3
-8.2876348 1.0985391 2.4767468 12
-17.622849 2.3214717 3.3791897 1
-6.5117402 0.86570615 -0.043119662 3
-2.6708729 0.35716608 -0.1031229 1
-4.0277672 0.53660244 -0.11943209 4
-17.726982 2.3369019 4.0413737 1
-8.3329067 1.1319894 2.1800184 9
-10.486252 1.4331621 0.35755399 3
-18.950251 2.5581267 2.9132879 13
-3.209111 0.43959919 -0.10832011 2
-2.6695194 0.36661583 -0.10309902 1
-4.0492768 0.55396992 -0.12309907 4
-12.503337 1.748557 -0.11607859 0
-8.3292255 1.1361006 2.8009005 28
-2.2747505 0.3128171 -0.09827555 1
-8.2681847 1.1255494 2.4731963 13
-10.547773 1.4200343 0.72930127 23
-6.4848876 0.8853783 -0.041015517 3
-17.504906 2.3684323 3.3616145 2
-18.903685 2.5465937 2.2326026 17
-8.3026667 1.1599349 2.4823575 22
-3.1880097 0.44824061 -0.10451622 2
-8.2139902 1.1806099 0.101622 8
-8.3040419 1.162414 2.7952435 19
-6.4579782 0.90486735 -0.038911637 3
-8.3616104 1.1649592 1.8812799 9
-18.962688 2.6274834 2.9162071 1
-2.648818 0.37338701 -0.098616786 1
-4.0159082 0.56389469 -0.11812145 4
-2.2620645 0.3192938 -0.095173672 1
-5.3412714 0.74910337 -0.13411374 23
-18.943882 2.6196017 2.2372568 10
-8.2685251 1.1528977 2.1681418 18
-10.524656 1.4760206 0.35698289 3
-8.2576656 1.1801528 1.8651922 12
-7.9824343 1.1761624 0.11325192 8
-8.3131905 1.1934872 2.7989764 24
-8.2540894 1.1827629 2.4719977 15
-6.4290385 0.92390209 -0.036637217 3
-4.0099115 0.57749152 -0.11746655 4
-8.2737808 1.1778095 1.2725339 6
-2.6589904 0.38440615 -0.10126811 1
-2.2761555 0.32947829 -0.099262282 1
-8.2502737 1.1768004 1.5658938 4
-8.2448988 1.1791668 2.1643651 18
-3.213558 0.46336001 -0.10977095 2
-8.2434063 1.1726707 0.97642279 3
-8.238842 1.186535 0.3924216 2
-2.6652584 0.39493242 -0.10302705 1
-8.177887 1.1927259 0.97312766 7
-3.1846199 0.47075063 -0.10445789 2
-8.2123375 1.1985641 1.2674376 9
-8.2381468 1.204618 1.5649828 4
-5.3357253 0.78666884 -0.13401209 23
-8.3203058 1.2243495 2.8021889 27
-8.1613398 1.204711 0.39363599 2
-8.2270184 1.2061329 2.1617448 20
-8.2459326 1.2111893 2.4711685 17
-7.7431092 1.1689242 0.12527968 87
-8.2165489 1.1960124 0.68380898 58
-2.2863801 0.33922032 -0.10232431 1
-6.3901868 0.94130665 -0.033513833 3
-8.2162514 1.2037414 1.8592485 15
-3.996047 0.58991492 -0.1155769 4
-8.1766138 1.2195768 0.68318397 59
-8.0996342 1.2247418 0.39460409 2
-8.2492352 1.2412888 2.4730661 14
-7.7151904 1.192469 0.12655877 13
-8.3215799 1.2544218 2.8038344 9
-3.1906352 0.48315191 -0.10593823 2
-8.2187567 1.2344425 2.1610529 22
-6.3414364 0.95696628 -0.029540481 3
-8.1866646 1.2265201 1.5591117 4
-8.2040682 1.2314204 1.8580604 18
-2.265969 0.34447628 -0.097168796 1
-2.6522012 0.40263888 -0.10032842 1
-8.1705532 1.2218251 1.2641248 16
-8.1498623 1.2179155 0.97189903 3
-3.9899619 0.60340875 -0.11492252 4
-8.1128931 1.2392745 0.68208832 60
-2.2646625 0.35251489 -0.097149521 1
-2.6622524 0.41378641 -0.10297938 1
-7.781919 1.2307137 0.1230204 11
-8.3551903 1.2894939 2.8143518 2
-8.0754423 1.2501299 0.39498913 10
-8.2466497 1.2705432 2.4736006 10
-8.2142744 1.2632966 2.1611338 22
-6.3340225 0.97864532 -0.029139008 3
-8.2035036 1.2608162 1.8587748 18
-8.1802568 1.2549623 1.5589441 4
-3.9955509 0.61866218 -0.11611958 4
-8.1405258 1.246613 1.261883 28
-3.1888387 0.49442264 -0.10590928 2
-8.1296558 1.2441123 0.97110844 7
-8.1619864 1.2815402 1.5572876 8
-3.1870024 0.50568837 -0.10588098 2
-8.1172638 1.2714283 0.97075105 19
-2.6491423 0.42140397 -0.10028175 1
-8.0630245 1.2772368 0.39518926 15
-8.2901478 1.3070416 2.4850338 4
-2.2442284 0.35757053 -0.091995306 1
-8.2252026 1.2945602 2.1643012 22
-8.2184448 1.2926693 1.8620261 18
-8.0926046 1.2653012 0.68185365 60
-3.9932752 0.63274896 -0.11608262 4
-8.1537266 1.2779475 1.2635703 47
-7.9251618 1.2831967 0.11557397 8
-6.3637595 1.0072725 -0.031966466 3
-2.662966 0.43323919 -0.10382401 1
-8.0544682 1.3049051 0.39532858 2
-5.2728686 0.85349673 -0.1275833 22
-8.2098637 1.3208961 1.8614707 18
-8.0880337 1.2937109 0.68193239 60
-8.1047802 1.2986741 0.97039324 31
-8.1651869 1.3114524 1.5583582 8
-8.1449366 1.3073708 1.263296 30
-16.879763 2.7168133 4.5145955 1
-8.2725935 1.3332664 2.174803 18
-7.9461589 1.3152363 0.1143463 8
-3.994734 0.64814836 -0.11666057 4
-3.1927876 0.51874822 -0.10735986 2
-6.3778162 1.0324768 -0.033434924 3
-2.2924354 0.37384561 -0.10532445 1
-7.9869657 1.349336 0.11211177 43
-8.0843163 1.3245516 0.96959978 27
-8.037921 1.33123 0.39559078 18
-8.2050858 1.349728 1.8615508 15
-2.2910244 0.38196838 -0.10530436 1
-8.0831261 1.3235155 0.6820147 60
-3.1831105 0.52874839 -0.10582143 2
-8.1699953 1.3431427 1.5596828 4
-8.3471661 1.3753098 2.1907048 2
-16.816198 2.767123 4.5020475 1
-6.4016056 1.0593998 -0.03575233 3
-3.9845529 0.6609447 -0.11538887 4
-2.6420214 0.43998924 -0.099342503 1
-8.1520071 1.3378953 1.2644477 26
-8.0370674 1.3601052 0.3956075 18
-16.765959 2.8115633 3.8702507 1
-8.1947498 1.3752943 1.5634784 4
-8.114995 1.3588334 0.97164083 15
-8.0785923 1.3504771 0.68208903 60
-3.9978447 0.67690021 -0.11782274 4
-2.6712306 0.45400232 -0.10645051 1
-8.2333145 1.3840643 1.8670225 6
-8.0017929 1.3807448 0.11118658 8
-16.749157 2.8134632 4.4885798 1
-3.1811533 0.5399915 -0.10579292 2
-6.405633 1.0832126 -0.036371674 3
-8.1609287 1.3688056 1.2657759 16
-2.2590797 0.38500524 -0.097069614 1
-3.9797816 0.68832821 -0.1153179 4
-19.528799 3.3363521 3.0015123 1
-16.584784 2.8393724 3.2288597 2
-16.616617 2.8465157 3.8426316 1
-16.627726 2.8531091 4.4624023 1
-8.051877 1.3917053 0.39537969 18
-2.2577031 0.39261806 -0.09705139 1
-8.0894928 1.3815038 0.68248212 60
-2.6541631 0.46083951 -0.10286225 1
-8.1337194 1.3913404 0.97302794 3
-3.1947455 0.55330133 -0.10878365 2
-8.183732 1.4007043 1.268353 9
-8.0201845 1.4143785 0.11006332 8
-6.4174294 1.1084145 -0.037670102 3
-8.1160393 1.4153697 0.68318826 59
-2.6409199 0.4682233 -0.10016513 1
-18.122091 3.1549788 1.5270846 2
-19.567722 3.4136016 3.0081558 1
-16.527939 2.8893428 3.2214098 1
-8.0823202 1.4261893 0.39490873 18
-2.2637713 0.40235421 -0.099085003 1
-8.036727 1.4463979 0.10903795 8
-16.540188 2.8961811 3.8296802 3
-3.9810264 0.70373034 -0.11589579 4
-18.148155 3.1646869 2.1762452 9
-3.2042096 0.56717515 -0.1110172 2
-16.551758 2.902885 4.4471312 1
-6.4291286 1.1337147 -0.038968194 3
-16.513721 2.9465644 3.2209384 1
-8.0376854 1.4742705 0.10881125 8
-8.1578979 1.4690081 0.39373651 2
-18.038082 3.2055581 1.5232266 2
-18.070181 3.2164249 2.1703467 9
-2.266067 0.41105834 -0.10009221 1
-10.871179 1.9342306 0.73841119 17
-2.6275713 0.47598538 -0.097466633 1
-16.445492 2.9437499 4.4245849 1
-16.437088 2.9376028 3.8113174 3
-6.4446526 1.1598049 -0.040605571 3
-19.594007 3.4925036 3.0133221 1
-3.9901254 0.71984887 -0.11771095 4
-3.1943829 0.5771206 -0.10948009 2
-2.6258917 0.48482493 -0.097445086 1
-16.464329 2.9973569 3.2147567 1
-14.130935 2.5832958 4.4131718 10
-10.82216 1.9851253 0.3524906 3
-16.373051 2.982506 3.8006628 3
-17.930164 3.2583146 2.8035674 1
-3.9642944 0.72896385 -0.11397377 4
-17.950014 3.2548721 1.51915 2
-16.400999 2.9922333 4.4165611 1
-10.840986 1.9661862 0.73803997 18
-8.0795231 1.5112572 0.10648309 8
-6.4620333 1.1863811 -0.042413447 3
-17.962666 3.2623169 2.1617668 7
-3.176795 0.5855884 -0.10643217 2
-2.2683299 0.41977942 -0.10109887 1
-17.879135 3.3087025 2.1553206 9
-16.240927 3.0220015 4.3812895 3
-10.857545 2.0085461 0.73861706 17
-13.898686 2.5726106 1.2948433 36
-3.1747484 0.59625202 -0.10640591 2
-4.0082655 0.75157762 -0.12134025 4
-17.871702 3.3124616 2.7977874 1
-16.432264 3.0511012 3.2114272 2
-6.4618902 1.2086796 -0.04269433 3
-16.281351 3.0248702 3.7846112 3
-2.6240923 0.49412611 -0.097422771 1
-10.826852 2.0252657 0.35241356 3
-14.07612 2.6243794 4.4007831 8
-2.2668393 0.42742339 -0.1010806 1
-8.1153107 1.5474212 0.10445686 8
-19.739893 3.7293701 3.0372205 1
-16.170271 3.0629814 3.7646968 3
-10.835331 2.0662181 0.35227442 3
-10.889662 2.0539997 0.73951066 17
-3.1841366 0.60965389 -0.10864058 2
-2.2614434 0.43475455 -0.10003532 1
-17.785122 3.3558607 2.1479881 9
-16.407789 3.1061223 3.2093654 10
-6.4771142 1.23509 -0.044331774 3
-2.6337543 0.50557846 -0.10007289 1
-16.226292 3.0781827 4.3805404 2
-14.081895 2.6765947 4.4050956 8
-3.9744568 0.75984287 -0.11636874 4
-10.892748 2.1135097 -0.037611172 2
-13.825307 2.6649523 2.2858291 3
-13.866721 2.6823187 3.822824 8
-6.502017 1.2635119 -0.046818145 3
-13.848705 2.6734264 2.7925675 7
-3.9716866 0.77384996 -0.11633254 4
-3.1896105 0.6223855 -0.11012165 2
-13.778159 2.6504509 1.2894366 68
-2.6089029 0.51048571 -0.09470351 1
-2.2484295 0.4405897 -0.09693633 1
-10.8852 2.151701 -0.037506051 2
-13.809634 2.657969 1.7859119 6
-14.051456 2.7219312 4.3994908 7
-13.860393 2.6771433 3.304306 7
-10.941234 2.1034696 0.74079776 16
-13.853303 2.7301831 3.8220491 6
-2.610842 0.52047598 -0.095572449 1
-13.996249 2.7622483 4.3870988 7
-13.807964 2.7078853 1.7867638 6
-3.9843807 0.79089808 -0.11876369 4
-13.854654 2.7250142 2.7952397 2
-6.5287561 1.2925049 -0.049473193 3
-2.2657559 0.45227069 -0.1020496 1
-13.879704 2.7313898 3.3102314 4
-13.821631 2.7145603 2.2867067 1
-3.1796157 0.63213873 -0.1085837 2
-10.900634 2.1964936 -0.038597047 2
-2.2374458 0.45542383 -0.094843537 1
-2.6241148 0.53323215 -0.099111877 1
-17.503361 3.4951193 1.4985222 2
-3.1656232 0.64162564 -0.10629136 2
-3.9852331 0.80642307 -0.11934239 4
-19.867933 3.973877 3.0594065 1
-15.955393 3.1995099 3.7288859 4
-8.1313505 1.6706612 0.10276762 8
-13.951795 2.8069413 4.3778453 7
-6.5355954 1.3189414 -0.050427373 3
-16.357851 3.2782362 3.207315 12
-15.974396 3.207901 4.3292279 1
-17.507679 3.497864 2.1265209 6
-17.412638 3.5405552 1.4943231 2
-2.6183238 0.54174656 -0.098198205 1
-8.1155891 1.6971676 0.10334448 8
-15.917143 3.25455 4.3184776 1
-6.5425701 1.3442923 -0.051384576 3
-16.346169 3.3355584 3.2074733 12
-19.908249 4.0545282 3.0665524 1
-3.9629343 0.81652433 -0.11622269 4
-3.186367 0.6575014 -0.11078845 2
-5.3790073 1.106375 -0.14516886 24
-15.886289 3.2436867 3.7174571 4
-2.2509069 0.46643946 -0.09893129 1
-17.43276 3.5465305 2.1209669 9
-13.731779 2.8129792 4.3200336 5
-2.2340281 0.47129944 -0.094806433 1
-13.82947 2.8835077 4.3499246 7
-15.852129 3.2992487 4.3059101 1
-8.2502222 1.7554293 0.096216001 8
-6.5513964 1.3701144 -0.05251085 3
-16.349741 3.3960176 3.2101727 12
-3.9677045 0.83209628 -0.11741947 4
-17.342106 3.5914714 2.1139805 9
-2.6163237 0.55101514 -0.098175563 1
-15.794011 3.2826333 3.7013948 4
-3.1647258 0.6647805 -0.10698956 2
-17.333546 3.5878222 1.4907779 2
-19.956013 4.1371202 3.0746925 1
-2.6142929 0.56028414 -0.098153383 1
-3.949214 0.84282255 -0.11491711 4
-17.257198 3.6370571 2.1075311 9
-11.059857 2.3903968 -0.047985356 2
-13.807833 2.9296021 4.3469238 5
-15.709338 3.3225772 3.6868753 4
-19.995678 4.2184567 3.0818379 1
-3.1584475 0.67514658 -0.10620663 2
-17.254339 3.6345797 1.4872311 2
-2.2247107 0.4776392 -0.09273535 1
-16.356964 3.4573853 3.213505 13
-6.5679231 1.3976703 -0.054317344 3
-15.726012 3.3306472 4.278801 1
-17.179977 3.6837604 2.1017938 9
-3.1867092 0.69289231 -0.11221273 2
-2.5931628 0.56545609 -0.093677193 1
-3.9732041 0.86255145 -0.11919827 4
-20.036957 4.3005371 3.0892341 1
-16.356236 3.5171773 3.2155678 13
-6.5745978 1.4232619 -0.055274352 3
-15.643772 3.3661177 3.676213 4
-15.664623 3.3751273 4.267138 1
-11.011108 2.3832307 0.34943467 3
-17.151585 3.6758153 1.4823705 2
-11.012318 2.4206362 -0.045879155 2
-2.2304978 0.48715019 -0.09476921 1
-15.626334 3.371423 4.8529797 3
-15.535091 3.4088511 4.8312006 2
-15.576473 3.4133935 4.2491112 1
-2.2475812 0.49917546 -0.099882223 1
-17.096807 3.7287142 2.0955172 11
-11.183077 2.4991698 -0.05497583 1
-3.1841762 0.70414943 -0.11218432 2
-2.6063204 0.57795769 -0.097217329 1
-17.06827 3.7206378 1.4786004 2
-15.560834 3.4054508 3.6620762 5
-6.6025853 1.4535899 -0.058096088 3
-16.339853 3.5736547 3.21509 12
-20.091476 4.3859096 3.0983684 1
-3.9739363 0.87740219 -0.11977898 4
-2.241955 0.50630748 -0.09883634 1
-16.984852 3.7649012 1.4748292 2
-3.1317465 0.70435047 -0.10235301 2
-20.134022 4.4691458 3.1060135 1
-11.111835 2.5242758 -0.051669523 1
-15.470163 3.4515631 4.816731 2
-11.154037 2.496083 0.34716666 3
-15.545293 3.4637594 4.2447181 1
-16.327131 3.6309104 3.2152469 13
-15.496977 3.4485145 3.6517985 4
-6.6012626 1.4776559 -0.058374688 3
-3.9668961 0.89055282 -0.11912593 4
-16.997972 3.7696853 2.0878079 11
-2.6041925 0.58718181 -0.097194247 1
-11.10285 2.5632322 -0.051564392 1
-2.60584 0.59726745 -0.098063454 1
-15.475955 3.5053709 4.2312317 1
-3.9521024 0.90193444 -0.11724134 4
-16.321913 3.6898484 3.2166743 13
-6.6173472 1.5056819 -0.060179241 3
-15.363701 3.4844947 4.7907705 2
-11.168555 2.5405076 0.34690812 3
-15.410035 3.4859893 3.636884 5
-16.918495 3.8143806 2.0818851 11
-20.166548 4.5505633 3.1124175 1
-2.2287674 0.51172119 -0.095738739 1
-16.916918 3.8121412 1.4719323 2
-3.1636655 0.72318608 -0.10911192 2
-15.324939 3.5322924 4.7836065 2
-11.206278 2.5904255 0.34629053 3
-11.109292 2.6057982 -0.052259296 1
-15.402714 3.5456562 4.2168384 1
-15.321111 3.5224588 3.6215827 5
-5.1561513 1.1940989 -0.12091487 21
-2.5884418 0.603019 -0.094478764 1
-3.9526894 0.91675323 -0.11782263 4
-16.831146 3.85677 2.075248 9
-16.316483 3.7487967 3.218102 13
-2.2419515 0.52308255 -0.099825732 1
-16.833292 3.8553963 1.4681567 2
-3.1610291 0.73436815 -0.10908455 2
-6.6352592 1.5342811 -0.062153347 3
-20.221966 4.6375732 3.1218019 1
-2.2287202 0.52841294 -0.096728005 1
-16.745676 3.8971927 1.4641628 2
-3.1506996 0.74375176 -0.10754823 2
-16.767 3.9040303 2.0707541 9
-16.739695 3.9026451 2.6765745 1
-5.2485433 1.2347883 -0.1328201 23
-15.258876 3.5645609 3.6116877 5
-16.314688 3.8086567 3.2201629 12
-11.162213 2.6595039 -0.055350836 1
-15.267229 3.5754769 4.7712212 2
-15.264902 3.5704641 4.1869874 1
-6.6608133 1.5648367 -0.064804234 3
-2.5976214 0.6148333 -0.097128086 1
-3.9724631 0.93606383 -0.12148549 4
-11.964482 2.8942363 -0.097014219 0
-15.199119 3.6113844 4.174407 1
-15.18317 3.6031339 3.5990865 5
-6.7095094 1.6011143 -0.069492131 3
-16.285774 3.8621886 3.2177775 13
-16.636978 3.9402962 2.6653078 1
-3.9575403 0.94734561 -0.11960132 4
-3.1365235 0.75218439 -0.10525983 2
-16.654097 3.9375389 1.4599452 2
-2.5877771 0.62224394 -0.095325299 1
-2.2192435 0.53454989 -0.094657369 1
-16.683332 3.9463072 2.0644698 11
-15.213161 3.6191826 4.7598777 2
-6.6844053 1.6200213 -0.067738265 3
-16.268204 3.9183226 3.2172935 13
-15.140818 3.6537268 4.1636362 1
-15.102671 3.6489959 4.7328591 2
-11.899872 2.9228797 -0.094108194 0
-15.124559 3.6453538 3.5899532 5
-3.1490667 0.76693988 -0.10825207 2
-3.9925435 0.9705236 -0.12573221 4
-16.591835 3.9861865 2.0574601 11
-2.2285552 0.54513639 -0.097721457 1
-16.581852 3.981914 1.4568174 2
-2.5854976 0.63141358 -0.095306851 1
-20.414982 4.9081836 3.1536825 2
-16.608519 3.9833531 0.85993934 2
-2.2265439 0.55304158 -0.097702824 1
-16.254278 3.9753342 3.2174432 11
-15.059671 3.6945915 4.7246432 1
-15.089972 3.6975477 4.1546865 1
-15.039146 3.6806846 3.5754135 5
-6.7057128 1.6501317 -0.07005199 3
-20.424561 4.9862556 3.157352 2
-3.95064 0.97523797 -0.11953497 4
-16.519615 4.0301933 2.052242 11
-3.1539085 0.77992338 -0.10973263 2
-16.517271 4.027751 1.4541243 2
-2.5983403 0.64426315 -0.098848045 1
-16.506943 4.0202904 0.85830814 2
-2.6111248 0.65720809 -0.10238805 1
-3.9356077 0.98631912 -0.11765213 4
-16.429304 4.0674181 1.4501191 2
-14.994056 3.7343602 4.7101593 1
-5.7288098 1.4362572 0.43104452 3
-15.004978 3.7326243 4.1375508 0
-14.968907 3.7192283 3.5639637 5
-6.7230206 1.6794518 -0.072026454 3
-20.453112 5.0692101 3.163507 2
-16.443422 4.072772 2.0466657 11
-3.1434457 0.78918433 -0.10819889 2
-16.43833 4.0647264 0.85734904 2
-2.2320147 0.56280559 -0.09973751 1
-16.24015 4.0322895 3.217593 11
-16.355547 4.1119833 2.0400107 8
-5.7236567 1.456404 0.43109548 3
-14.957704 3.77667 4.1295056 0
-14.898592 3.7573478 3.5525103 5
-6.7402081 1.7089158 -0.074001007 3
-16.233488 4.0911283 3.2190132 10
-20.500576 5.157269 3.1721461 2
-3.9550443 1.0059837 -0.12131632 4
-3.1329575 0.79838073 -0.10666488 2
-16.341265 4.1065331 1.4461111 2
-2.6125028 0.66740692 -0.1032574 1
-14.947066 3.7784331 4.7008958 1
-2.2224431 0.56884915 -0.097668029 1
-2.2203498 0.57673693 -0.0976495 1
-14.847579 3.8088043 4.6770082 1
-5.7184343 1.4765378 0.4311451 3
-14.876338 3.8117507 4.1132779 0
-14.830089 3.7954867 3.5414441 5
-20.551525 5.2466974 3.1812837 2
-3.1338637 0.81042171 -0.10739215 2
-16.280251 4.1519737 1.4436319 2
-16.19982 4.1431155 3.2159882 11
-6.7456856 1.7355567 -0.074957259 3
-16.290762 4.1565099 2.0355055 10
-2.583611 0.66992778 -0.097003125 1
-3.9437518 1.0179708 -0.12004881 4
-14.753428 3.8355441 4.0870452 0
-16.181286 4.1988921 3.2155018 8
-20.59441 5.3345594 3.1894274 2
-3.9324267 1.0298953 -0.11878285 4
-3.1309221 0.82150412 -0.10736615 2
-16.19978 4.1920371 1.4400591 2
-2.5962646 0.68297982 -0.10054345 1
-2.2144871 0.58365518 -0.096606322 1
-14.834032 3.8608665 4.6771431 1
-5.6434631 1.4785516 0.43227741 3
-5.7117386 1.4841107 0.63849854 9
-16.218153 4.1986523 2.0302808 12
-14.759608 3.8327296 3.5299881 5
-6.7893262 1.7734531 -0.079300754 3
-2.5900002 0.69119424 -0.099632479 1
-5.172823 1.3719956 -0.12767509 22
-16.137735 4.2480836 3.2108839 4
-14.738151 3.8912442 4.6542969 1
-5.591754 1.4861704 0.43304765 3
-20.63693 5.4227915 3.1975725 2
-14.678874 3.869581 3.516607 5
-14.720266 3.8848772 4.0826426 0
-6.7868471 1.798319 -0.079579122 3
-3.9247024 1.0434548 -0.11813129 4
-16.125437 4.2381172 2.0232697 10
-3.1277902 0.83312315 -0.10733887 2
-2.2047567 0.58995652 -0.09453702 1
-14.649704 3.9229889 4.6335373 1
-5.5091505 1.4851865 0.4342975 3
-16.05205 4.2858372 3.1992764 3
-2.2025898 0.59778488 -0.094519004 1
-2.5835812 0.69982421 -0.09871988 1
-3.1475461 0.8502453 -0.11183493 2
-16.056503 4.2802925 2.0184009 10
-3.9400375 1.0623915 -0.12117917 4
-20.681955 5.5160279 3.2062232 2
-14.62341 3.90992 3.5082397 5
-14.65377 3.9224317 4.0700445 0
-6.8112321 1.830385 -0.082229443 3
-2.5510359 0.70040137 -0.091578133 1
-5.4382019 1.4867719 0.4353663 3
-3.9249551 1.0725013 -0.11929899 4
-20.724714 5.6013827 3.2143574 2
-14.549598 3.9422457 3.4959993 5
-14.602208 3.9652615 4.6242681 1
-15.987276 4.3287091 3.1911633 3
-14.59917 3.9600546 4.0601673 0
-2.2153287 0.60963315 -0.098604932 1
-6.8162451 1.8574463 -0.083186321 3
-15.991318 4.3230691 2.0138888 14
-3.1368771 0.85931629 -0.11030076 2
-5.40588 1.498493 0.43583307 3
-14.540014 3.9988487 4.0493898 0
-14.510986 3.9864893 3.4911101 5
-6.8407001 1.8886272 -0.085838854 3
-15.884306 4.3607345 3.1766946 3
-20.792929 5.6980333 3.2259853 2
-3.1263442 0.86778599 -0.10876951 2
-5.633954 1.5508052 0.84308267 3
-2.5710502 0.71561015 -0.096898444 1
-3.9249029 1.0873909 -0.11988233 4
-15.911426 4.3584552 2.0079336 12
-2.1982863 0.61302817 -0.09448503 1
-14.509922 3.9949973 4.6024599 1
-2.2258492 0.62909335 -0.1026742 1
-14.402724 4.0199771 4.5764713 1
-5.624548 1.5695651 0.8429119 3
-3.1194139 0.87778163 -0.10798971 2
-14.47702 4.0362663 4.0376978 0
-20.849247 5.7920504 3.2361219 2
-15.811751 4.4005537 3.1673071 3
-5.3542771 1.5046368 0.43659902 3
-14.449559 4.0242448 3.4815786 2
-6.8378043 1.913726 -0.08611729 3
-3.8981383 1.0948933 -0.11615312 4
-15.826865 4.3950644 2.0016274 12
-2.5797181 0.72784978 -0.099549189 1
-5.5610757 1.5502739 0.63619941 9
-2.1937661 0.62864035 -0.094450481 1
-2.5695596 0.73488533 -0.097748205 1
-3.8941944 1.1086327 -0.11611915 4
-5.6189237 1.5893478 0.84296238 3
-14.481343 4.0966663 4.6027236 1
-5.3565865 1.525651 0.43652579 3
-14.43644 4.0796304 4.0314627 0
-14.378604 4.0589471 3.4701147 2
-6.8539987 1.9442394 -0.088090107 3
-20.893694 5.8833156 3.2447662 2
-15.769095 4.4386826 1.9978274 12
-3.1200197 0.8898806 -0.10871845 2
-5.5016122 1.5547388 0.6351307 8
-15.76193 4.4463434 3.1617298 2
-3.8864028 1.1212889 -0.11547042 4
-15.69972 4.4786744 1.992951 12
-2.5668821 0.74398112 -0.097726524 1
-5.4575758 1.5631756 0.63438052 8
-5.5171895 1.5818163 0.83752847 3
-3.1243539 0.90305811 -0.11019893 2
-20.941578 5.976058 3.2539089 2
-15.681596 4.4831738 3.1510684 1
-6.8815608 1.97817 -0.091078073 3
-14.300035 4.0910501 3.4571044 2
-5.3318949 1.538996 0.43687212 3
-2.1989033 0.63855094 -0.09648519 1
-15.614943 4.5138178 1.9866388 8
-5.3340697 1.5599912 0.43679827 3
-14.217645 4.121563 3.4433186 2
-6.8974833 2.008996 -0.09304931 3
-15.616373 4.52388 3.1429482 1
-5.4173899 1.5724282 0.63371038 8
-2.1891382 0.64422625 -0.094417274 1
-3.8899624 1.1371911 -0.11666943 4
-20.992882 6.0702991 3.2635493 2
-3.1173124 0.91301256 -0.10941953 2
-5.4078989 1.5713712 0.8316552 3
-2.5641763 0.7530846 -0.097706497 1
-3.0951591 0.91852456 -0.10562741 2
-5.2824368 1.5652375 0.4375616 3
-14.176654 4.1636853 3.4380343 1
-15.51615 4.549171 2.5514281 1
-5.3907704 1.5870482 0.83104438 3
-5.3925624 1.5858859 0.63335878 8
-2.1942048 0.654172 -0.096451797 1
-15.551148 4.5545788 1.9822974 8
-3.8934619 1.1531411 -0.11786926 4
-15.528323 4.5575447 3.1310108 1
-6.9209256 2.0422008 -0.095698781 3
-2.5576944 0.76108021 -0.096796028 1
-3.8893158 1.166872 -0.11783607 4
-6.9251142 2.0699162 -0.096653484 3
-15.451581 4.5939808 3.120981 1
-15.461972 4.5922651 2.5465949 1
-3.0993729 0.93170309 -0.10710882 2
-2.1806905 0.65867382 -0.093357332 1
-5.3582773 1.5980945 0.8295539 3
-2.5736241 0.77567846 -0.10122542 1
-15.470068 4.5898595 1.9763396 4
-5.257668 1.5781268 0.43790543 3
-5.3811331 1.6031735 0.63328481 8
-14.101678 4.1955338 3.4257917 1
-5.1588135 1.5646755 -0.13200371 23
-6.9291925 2.0976856 -0.09760835 3
-3.8699791 1.1760414 -0.11534032 4
-2.1782846 0.66642421 -0.093340933 1
-15.398476 4.6274838 1.9712789 2
-2.5521288 0.77920204 -0.096755445 1
-15.42289 4.6396146 2.5437479 1
-5.3619871 1.6180952 0.63305157 8
-14.052962 4.2348003 3.4189603 1
-5.2022409 1.5816339 0.43872634 3
-3.0960062 0.94266313 -0.10708354 2
-2.5567636 0.79052323 -0.098515786 1
-5.2654371 1.6209499 0.4376972 3
-13.95909 4.2600713 3.4028499 1
-5.126626 1.5747358 -0.12861784 22
-21.205427 6.4550338 3.3036129 2
-15.332532 4.6664152 1.9667521 2
-3.1001186 0.95589322 -0.10856472 2
-2.1795497 0.67528236 -0.094348975 1
-3.8581905 1.1873932 -0.11407645 4
-6.2125497 1.906068 -0.034582529 3
-13.943984 4.3090153 3.4029734 1
-6.2057576 1.9279091 -0.034528866 3
-21.205359 6.5362935 3.3067889 2
-3.8652596 1.2045022 -0.11589194 4
-15.247462 4.6990795 1.9604312 2
-3.0816469 0.9622342 -0.10552677 2
-2.5464375 0.79728675 -0.096714661 1
-2.1770866 0.68303257 -0.094332591 1
-5.2756767 1.653291 0.6317504 8
-2.5547166 0.80979931 -0.099365123 1
-3.0931778 0.97780627 -0.1085149 2
-15.173761 4.7347517 1.9551867 2
-3.8609328 1.2181314 -0.11585923 4
-6.2407374 1.9627924 -0.038197823 3
-13.928701 4.3578959 3.4030976 1
-13.824778 4.3298111 3.9124093 0
-2.1819785 0.69306576 -0.096366666 1
-13.731423 4.3536305 3.8934274 0
-13.743932 4.3618913 4.4335246 2
-21.109669 6.6692204 3.3007004 2
-2.1683874 0.69733417 -0.093273632 1
-3.0971437 0.99110806 -0.10999613 2
-15.107599 4.7723598 1.9506575 2
-3.8490224 1.2293813 -0.11459631 4
-2.548058 0.81767631 -0.098454744 1
-17.221189 5.4488502 3.4345055 1
-13.771033 4.361825 3.3738379 1
-5.2201724 1.65627 0.63075328 16
-2.1658463 0.70504206 -0.093257219 1
-2.5599573 0.83145845 -0.1019942 1
-13.69001 4.393456 3.8871815 1
-3.8408468 1.2417608 -0.11394951 4
-15.064137 4.8168349 1.9482802 2
-13.702713 4.4018264 4.4263306 2
-13.733139 4.4029379 3.3693185 2
-21.08609 6.7431498 3.3008885 2
-3.0973115 1.003255 -0.11072385 2
-5.2085338 1.6728283 0.63067746 7
-2.5420985 0.83573878 -0.098414719 1
-13.705468 4.4558387 4.4316764 1
-14.994013 4.8525028 1.9433883 2
-3.8589551 1.262606 -0.11761108 4
-13.639113 4.4257245 3.3531992 2
-13.633665 4.4282656 3.8772929 1
-14.048505 4.5563836 2.9044588 0
-5.1797166 1.6838077 0.63024104 7
-3.089958 1.0130085 -0.10994676 2
-14.037314 4.5483174 2.375351 1
-5.1641946 1.6989475 0.63008451 7
-3.0751038 1.0202676 -0.10766198 2
-13.980824 4.5798435 1.8491257 1
-13.975935 4.5827146 2.3695025 1
-13.58613 4.4613299 3.3455856 3
-13.558738 4.4566636 3.8628552 2
-13.597939 4.4738069 4.4056664 1
-3.8544269 1.2762266 -0.11757915 4
-13.983571 4.5896697 2.8963158 2
-5.1486292 1.7139958 0.62992787 38
-13.509665 4.493176 3.854784 2
-13.529337 4.4953904 3.337199 3
-13.918578 4.6225586 2.88817 5
-13.916373 4.6173706 2.3639014 1
-3.9474072 1.3221204 -0.13355093 4
-3.0676968 1.0299087 -0.10688382 2
-5.2361598 1.7445599 0.82600862 3
-13.926783 4.6163454 1.8456597 1
-13.563749 4.5154095 4.4005594 1
-13.852976 4.6504035 2.357801 2
-13.849775 4.6537728 2.8793902 10
-13.430958 4.5194983 3.8394332 2
-5.1352239 1.7313527 0.82055914 3
-13.851882 4.6455903 1.8402169 7
-13.489173 4.5433111 4.3839517 1
-3.0675263 1.0425529 -0.10761153 2
-13.467956 4.53023 3.3280406 3
-5.1060262 1.7426567 0.81928676 3
-13.787443 4.6806006 1.8358574 7
-13.786819 4.6848483 2.3514555 2
-13.362493 4.5514092 3.8268185 2
-13.795067 4.6920795 2.8731563 8
-13.387918 4.5583639 3.3150158 3
-3.1193924 1.0728577 -0.11888094 2
-5.0846882 1.755473 0.81844902 3
-13.73736 4.7263441 2.8662796 9
-4.9962416 1.7347277 0.44140425 3
-13.30584 4.5843482 3.8169241 2
-13.732357 4.7184358 1.8323938 8
-13.330937 4.5912991 3.306623 3
-13.731853 4.7227077 2.3466046 3
-5.0598588 1.7659557 0.81739014 3
-13.680425 4.7578721 2.8593957 11
-13.246253 4.6133447 3.8061137 2
-4.9601378 1.7409321 0.44191772 2
-13.659727 4.7489452 2.3392496 4
-13.317348 4.6363392 3.3071208 4
-13.675093 4.7498398 1.8285563 8
-5.070189 1.7879266 0.62913787 120
-5.0309315 1.7758592 0.81611311 3
-13.662493 4.8009901 2.3418527 8
-13.685941 4.813664 2.8633318 11
-4.8973274 1.7384975 0.44284868 2
-13.193154 4.6468949 3.7971268 2
-13.65161 4.792738 1.8279513 1
-13.287966 4.678494 3.3045273 3
-5.048408 1.8013467 0.62886024 120
-6.002696 2.141495 1.0982716 2
-5.0167437 1.7918034 0.81571776 3
-13.704506 4.8724852 2.3499441 9
-13.705267 4.8772454 2.8698168 10
-13.120808 4.6759157 3.7835951 2
-4.887044 1.7552751 0.44294959 2
-13.266866 4.7260909 3.3038762 2
-5.0028276 1.8067834 0.81531864 3
-4.8845429 1.7738419 0.44293073 2
-13.074918 4.7113929 3.776428 1
-13.751198 4.9479465 2.8807528 10
-13.740578 4.9423523 2.3572898 10
-13.239049 4.7686186 3.3016698 4
-6.2447777 2.2602706 -0.046013068 3
-6.0621934 2.1878474 1.1047891 2
-5.0284781 1.8153061 0.62862217 124
-4.9704108 1.8140192 0.81381816 3
-4.8898082 1.7942817 0.44279194 2
-13.793978 5.0152836 2.8910432 10
-13.037098 4.7469726 3.7710748 1
-13.217478 4.8107138 3.3006177 5
-13.763152 5.0022998 2.3626318 9
-6.2371497 2.281132 -0.045963861 3
-5.0035205 1.8253272 0.62825936 118
-13.798527 5.0672326 2.3697169 8
-13.20683 4.8567572 3.3018861 4
-4.8608837 1.8032264 0.44318613 2
-4.952683 1.8274126 0.8131994 2
-3.843646 1.4250934 -0.12342017 4
-13.842975 5.0880704 2.9026172 8
-6.2402692 2.3071768 -0.046925597 3
-4.9274316 1.8379389 0.81213903 2
-13.840163 5.1376386 2.377804 8
-13.869422 5.1530719 2.9103699 5
-4.8357072 1.8133905 0.44352195 2
-4.9643517 1.8804096 0.25462174 44
-6.2470212 2.3346677 -0.048226181 3
-3.8012333 1.4256088 -0.11723619 4
-13.214534 4.9149342 3.3074205 4
-3.7998366 1.4404124 -0.1178211 4
-13.878701 5.2101378 2.3856502 5
-4.9484673 1.8722001 -0.11927164 21
-13.211843 4.9667788 3.3106291 2
-4.8251739 1.8298788 0.44362104 2
-3.0577207 1.1614864 -0.11339378 2
-13.890953 5.2193384 2.9174962 2
-4.913063 1.853368 0.81174117 2
-6.2495055 2.3619263 -0.049185537 3
-4.9714937 1.8935643 0.62830228 7
-4.8074298 1.842611 0.44383863 2
-13.942674 5.2946043 2.9297049 1
-4.9418015 1.8896294 -0.11923049 21
-13.923389 5.2826509 2.394237 1
-4.9176588 1.8749056 0.81244177 2
-3.7907331 1.4531007 -0.11717434 4
-3.0312941 1.1645036 -0.10885239 2
-7.1448784 2.7265403 -0.13106941 3
-13.189711 5.0140214 3.309974 2
-3.7639077 1.4566711 -0.11345678 4
-4.9389248 1.900237 0.62777579 7
-2.998174 1.1629469 -0.10281058 2
-14.003905 5.3665466 2.4075527 1
-13.166421 5.052846 3.3085268 2
-12.762284 4.9025536 3.7242923 0
-4.8011923 1.8587075 0.44387445 2
-7.1040587 2.7382758 -0.12814166 3
-4.8649774 1.891758 0.62636542 6
-4.775919 1.8683977 0.44420812 2
-13.169613 5.1098123 3.3132865 2
-3.0011213 1.1769236 -0.1042923 2
-7.1092191 2.7689896 -0.12943444 3
-3.7731869 1.4763266 -0.11588616 4
-12.693208 4.9298801 3.7116597 1
-12.624973 4.9545298 3.6990213 1
-3.7679131 1.48965 -0.1158564 4
-7.0845556 2.7881641 -0.128025 3
-12.748012 5.0069127 4.2402062 1
-4.8765287 1.9170126 0.62680984 7
-3.0005546 1.1889691 -0.10502104 2
-13.118635 5.1431332 3.3064332 2
-4.7540302 1.8802328 0.44448501 2
-3.7993567 1.5174536 -0.12197637 4
-12.608218 5.0033655 4.2047548 1
-7.109889 2.826968 -0.13117515 3
-12.567588 4.9830604 3.6891136 2
-13.093141 5.1862454 3.304997 3
-2.992635 1.198154 -0.10424592 2
-3.0211864 1.2218326 -0.11099582 2
-13.074801 5.232162 3.3051059 4
-7.0980177 2.8512042 -0.13094693 3
-12.510161 5.0112529 3.6792042 3
-12.561821 5.0361271 4.1964941 1
-12.458113 5.0412874 3.67066 4
-13.050837 5.2758002 3.3040545 6
-12.515352 5.0686226 4.1882334 1
-7.1692438 2.908931 -0.13831848 3
-13.034 5.3223133 3.3045495 10
-12.395185 5.0666227 3.6593819 5
-12.454508 5.0950241 4.1757884 1
-12.355648 5.1012087 3.6540217 5
-13.026068 5.3724785 3.3069823 13
-12.400782 5.124022 4.1654305 1
-13.021576 5.4241772 3.3101764 18
-12.343436 5.1512055 4.1540189 1
-12.289043 5.1243758 3.6418214 4
-16.69796 7.0165234 3.4465783 1
-12.247574 5.1576815 3.635999 6
-13.004211 5.4705954 3.3106663 18
-12.286052 5.1780658 4.1426101 1
-13.443601 5.7037673 2.3593521 1
-12.984878 5.5161948 3.3107688 16
-16.669556 7.0734973 3.4460735 1
-12.189882 5.1839275 3.6260774 6
-12.228637 5.2045851 4.1311994 1
-12.96899 5.5632644 3.3116448 18
-16.66275 7.1396589 3.449389 1
-12.183604 5.2360706 4.1234512 1
-13.423456 5.7508912 2.3594584 1
-12.139322 5.2128997 3.6179771 7
-16.652056 7.2042937 3.4520676 1
-12.081556 5.2384834 3.6080551 6
-12.960136 5.6134095 3.314069 18
-12.101297 5.2512455 4.1047158 1
-12.068572 5.2875118 4.100626 1
-12.946502 5.6642604 3.3157232 18
-12.037112 5.2720795 3.6017778 7
-12.908533 5.7017655 3.3119521 19
-11.979266 5.2970328 3.5918522 5
-11.999474 5.3101635 4.0860786 1
-16.588318 7.3883915 3.4550123 1
-11.92495 5.3232245 3.5828373 6
-11.966591 5.3459797 4.0819855 1
-12.895557 5.7502122 3.3136013 19
-16.52392 7.4258466 3.4481285 1
-11.899327 5.3637295 4.0674257 1
-12.878826 5.7970352 3.3144755 19
-11.87415 5.3507051 3.5747333 7
-11.822481 5.3750105 3.5661659 4
-11.887396 5.4086552 4.0696101 1
-12.862952 5.8415585 3.3153436 19
-0.41320947 0.20833702 0.44256181 63
-16.504919 7.4870005 3.4495301 1
-12.911362 5.9162822 2.8171604 0
-11.782228 5.4067721 3.5607908 4
-11.819125 5.427887 4.0550523 1
-12.856596 5.8931785 3.3185406 18
-11.799938 5.469347 4.0551434 1
-12.894055 5.963201 2.8178966 2
-12.824048 5.9355817 3.3163211 18
-11.735637 5.4379234 3.5540543 3
-11.693472 5.4683995 3.5482223 4
-12.83614 5.9940076 2.8116302 0
-12.799531 5.9789138 3.3156428 15
-11.727141 5.4883313 4.0395441 1
-11.662331 5.5081182 4.0260296 1
-16.428879 7.7357392 3.4557774 1
-11.637136 5.4920311 3.5387454 3
-12.790851 6.0296369 3.3184505 11
-12.750056 6.0652375 3.3142886 7
-11.611472 5.5341301 4.0167012 1
-16.390898 7.78826 3.4539895 1
-11.598378 5.5236835 3.5338223 4
-12.707402 6.0997992 3.3097377 6
-11.54724 5.5492225 3.5257118 4
-12.74169 6.1095295 2.3013251 1
-16.374123 7.8507905 3.4560261 1
-11.553613 5.5565281 4.0052781 2
-16.315819 7.8898673 3.4504104 1
-12.641 6.1199808 3.2997584 6
-11.483024 5.5657129 3.5139494 4
-11.493247 5.5748854 3.9928031 2
-12.646132 6.1158137 2.2909369 1
-3.6303105 1.7889597 -0.11462695 4
-12.542453 6.1202312 2.2795584 1
-16.284443 7.9453001 3.4498968 1
-12.577047 6.1436996 3.2905579 6
-11.43885 5.5940709 3.5076563 4
-11.456197 5.6067648 3.9876556 2
-12.506612 6.1572409 2.2776537 1
-12.530704 6.1756973 3.2852302 6
-3.6310387 1.8052684 -0.11583021 4
-16.231621 7.990201 3.4455569 1
-11.380633 5.6152964 3.4977214 4
-11.374025 5.6162939 3.9689045 4
-3.5998182 1.8058234 -0.11150528 4
-16.242382 8.0663471 3.452688 1
-7.0116701 3.4985898 -0.14557832 3
-11.329398 5.6396699 3.4896045 4
-11.324784 5.641613 3.9600942 5
-12.466706 6.1987457 3.2760267 6
-12.445754 6.1817231 2.27226 1
-11.272058 5.6649384 3.9502358 6
-3.6535068 1.8485723 -0.12192366 4
-16.196281 8.1144304 3.4496245 1
-6.9993029 3.5232301 -0.14552738 3
-12.434598 6.2306843 2.2738483 1
-12.418498 6.2293086 3.2703104 4
-11.281607 5.6654801 3.4823987 4
-12.350957 6.249896 3.2603316 4
-11.215856 5.6862197 3.9393306 5
-6.9868493 3.5478306 -0.1454768 3
-16.153576 8.1640959 3.4471941 1
-11.237254 5.6927748 3.4761045 3
-3.5763288 1.8259078 -0.10961357 4
-16.152958 8.2349958 3.4524143 1
-12.304416 6.2807722 3.2549989 3
-11.1807 5.7136536 3.4666197 2
-11.178569 5.7168283 3.9341788 5
-11.12934 5.7368855 3.4584997 3
-16.148535 8.3042202 3.4569941 1
-12.254313 6.3095903 3.2488923 3
-11.129183 5.7410436 3.9253666 5
-11.081484 5.7658968 3.9170723 6
-11.079682 5.7607141 3.4508348 3
-12.197189 6.3345342 3.2412341 2
-12.16093 6.3700738 3.2382214 2
-11.023484 5.7851233 3.9056401 4
-11.050711 5.7950907 3.4486372 3
-10.99579 5.8157268 3.4396031 2
-10.991098 5.8175015 3.9020565 6
-12.085236 6.3874297 3.2266927 2
-10.957026 5.8470902 3.4351296 2
-10.937139 5.8407817 3.8921955 4
-12.05464 6.4282622 3.2252338 2
-12.014659 6.4612632 3.2214477 1
-10.890724 5.8635454 3.4233649 1
-10.898466 5.871944 3.8870454 4
-11.974607 6.494092 3.217658 1
-10.864154 5.9028587 3.8829339 4
-10.849469 5.8906546 3.417974 1
-10.808154 5.9175262 3.4125838 1
-10.792475 5.913259 3.8673096 3
-11.924125 6.5210752 3.211544 1
-10.754684 5.9418287 3.8621521 1
-10.766789 5.9442048 3.407191 1
-11.852968 6.5364575 3.2007797 2
-10.72642 5.9687843 3.401794 2
-10.70437 5.9608436 3.8528028 3
-11.829916 6.5780339 3.2008626 1
-10.679204 5.9893527 3.3945737 2
-11.739546 6.5745955 2.6988041 0
-10.691126 6.0003119 3.8549671 1
-11.756478 6.5887685 3.1893184 4
-11.609663 6.5557795 2.6791217 2
-10.646399 6.0245662 3.8477144 3
-10.630919 6.0115628 3.3873553 2
-11.700751 6.611732 3.1820374 5
-10.572037 6.034234 3.8315659 3
-0.42655176 0.26905924 0.53130752 58
-11.551035 6.5790424 2.6728308 0
-10.59678 6.0439887 3.3842447 3
-11.640429 6.6344919 3.173985 4
-11.728908 6.7372589 2.7105381 0
-10.564243 6.0772281 3.3815866 4
-10.522872 6.0578351 3.8232679 4
-11.600005 6.6655955 3.1701894 3
-11.766851 6.8160844 3.2136755 3
-10.542804 6.1143289 3.3816581 4
-10.481436 6.0831833 3.8170586 4
-11.763309 6.8119459 2.721458 0
-11.749606 6.86131 3.2153075 4
-10.499345 6.1385794 3.3758066 3
-10.453295 6.1160955 3.8150351 7
-11.739302 6.8532267 2.7215381 1
-10.477691 6.175437 3.3758779 2
-11.756026 6.9183531 2.7292724 0
-3.6224916 2.1510017 -0.1398844 4
-11.782967 6.9362683 3.2285652 3
-10.40008 6.1342149 3.8051612 9
-10.468726 6.2173061 3.3791366 4
-10.344631 6.1482673 3.7942336 7
-11.809185 7.0075455 3.2402744 3
-10.305787 6.1718941 3.7885425 9
-10.446221 6.2512217 3.3787487 7
-11.863273 7.0930734 3.2581794 3
-11.913554 7.1770234 3.275311 2
-10.42417 6.2878857 3.3788183 7
-10.259188 6.193161 3.7807579 10
-10.222475 6.2201681 3.7761159 9
-11.960855 7.2655835 3.2924507 2
-10.389217 6.3192458 3.3757012 9
-12.015659 7.3565674 3.3111379 1
-10.371919 6.3587642 3.3771367 6
-10.184606 6.2488089 3.7714748 6
-11.20292 6.9082747 2.1820416 1
-10.347834 6.3941579 3.3767331 3
-10.113242 6.2542119 3.7558191 6
-10.082978 6.2846332 3.7532601 6
-10.343491 6.4417567 3.3818097 2
-0.45561704 0.31218457 0.53228611 52
-11.121204 6.9120693 2.1736131 1
-12.127706 7.5991874 2.8383048 0
-11.063175 6.93009 2.1686804 1
-10.065722 6.3231101 3.754889 3
-0.40327135 0.28248474 0.56817126 59
-4.9802508 3.1686232 0.22719494 62
-10.339451 6.4922562 3.3873434 1
-10.330892 6.5350423 3.3910477 1
-4.9696074 3.1852934 0.22722225 62
-12.204563 7.7069039 2.8581507 0
-4.9440994 3.1437733 0.022570588 3
-11.014018 6.9560499 2.1652505 1
-0.40218347 0.28405225 0.56817085 59
-2.7211945 1.7415054 -0.1047661 2
-3.3748431 2.1537752 -0.10718644 4
-12.218805 7.7729287 2.8658731 0
-10.279404 6.5507135 3.3828981 1
-2.6721506 1.723352 -0.094987497 2
-10.962241 6.9747081 2.1610637 1
-1.9453619 1.2619902 -0.10355923 1
-12.295529 7.8269444 3.4076245 1
-3.3842759 2.1756878 -0.11023656 4
-2.2340767 1.4562696 -0.095486924 1
-3.3836095 2.1913197 -0.11144683 4
-2.6696386 1.7344815 -0.095726825 2
-10.918831 6.9984488 2.1581233 5
-12.254669 7.8561716 2.878063 0
-12.345405 7.9164963 3.4255259 1
-5.04252 3.2577391 0.43341446 3
-9.9930696 6.4229765 3.7529638 1
-1.9117224 1.249898 -0.094341092 1
-10.246463 6.5805192 3.3802183 2
-6.3967857 4.1199665 -0.12500903 3
-10.875816 7.0249491 2.1554372 9
-9.9217424 6.4266863 3.7373126 3
-4.980577 3.2430069 0.43430242 3
-12.293417 7.9418826 2.890893 0
-2.2239547 1.4610586 -0.094144195 1
-12.335919 7.9747086 3.4302514 2
-6.3788986 4.1403136 -0.12463806 3
-10.235195 6.6267133 3.3839288 3
-2.6664615 1.7465631 -0.096464232 2
-1.9102771 1.2591534 -0.095354609 1
-4.9825435 3.2681901 0.22454418 63
-3.3854184 2.2103155 -0.11326998 4
-9.8602276 6.4362988 3.7247999 4
-12.344967 8.0365486 2.9062755 0
-1.9025266 1.2638849 -0.094323017 1
-2.6668429 1.7603097 -0.097953305 2
-10.828185 7.050993 2.152252 10
-10.218365 6.6668782 3.3858113 5
-6.4077563 4.1909561 -0.12897424 3
-2.2070222 1.46196 -0.091026455 1
-3.3311441 2.1921887 -0.10466292 4
-12.376958 8.0628204 3.4466059 2
-12.435395 8.1598883 3.4668326 2
-10.200931 6.7041602 3.3872318 8
-12.405922 8.1381578 2.9235718 0
-10.781331 7.0718918 2.1488125 11
-3.3403051 2.2141993 -0.10771463 4
-2.2004352 1.4683675 -0.090572782 1
-9.8084602 6.4518962 3.7154303 4
-6.3863006 4.2091322 -0.12826709 3
-2.6638701 1.7719303 -0.098691911 2
-1.8980014 1.2706798 -0.094314255 1
-12.449833 8.2294455 2.9376771 0
-10.172424 6.7367644 3.38592 10
-1.8969172 1.2792567 -0.095329389 1
-2.2000849 1.4794229 -0.091894612 1
-3.3390558 2.2303715 -0.10892544 4
-10.743159 7.1010036 2.1468728 11
-0.36923131 0.27629337 0.46052554 63
-9.7695942 6.4757056 3.7102487 6
-6.3614669 4.2250137 -0.12722301 3
-12.490415 8.2618122 3.4870687 3
-2.6444361 1.7727498 -0.095674232 2
-9.710247 6.4882116 3.6987848 10
-1.8921136 1.2863817 -0.09532132 1
-2.1912892 1.485499 -0.090995632 1
-10.693744 7.1252222 2.1434357 12
-0.36811379 0.27782124 0.4605248 63
-12.485204 8.3189535 2.9505124 0
-10.140997 6.7699471 3.3841558 11
-6.2379098 4.1768332 -0.11626166 3
-12.548124 8.3664293 3.5080791 3
-12.55111 8.4263887 2.9690855 0
-10.13817 6.8196187 3.3901398 12
-9.6825619 6.5190949 3.6972666 13
-6.2463636 4.2143016 -0.11858173 3
-2.1922131 1.4980384 -0.092760988 1
-1.8744154 1.2848946 -0.091219358 1
-12.587152 8.4562645 3.5244343 3
-10.66244 7.1613183 2.1427481 13
-0.38553113 0.29626969 0.49435896 60
-0.36601949 0.28063232 0.46052483 63
-9.6271267 6.5287409 3.6863182 12
-10.11211 6.8512497 3.3892806 15
-12.611366 8.5277758 2.9863791 0
-6.2999949 4.2808404 -0.1254406 3
-2.1903753 1.5076442 -0.093639627 1
-12.653239 8.5618114 3.546989 3
-1.8989309 1.3106761 -0.10042009 1
-10.612148 7.1791348 2.138804 13
-10.086356 6.8856692 3.3888783 16
-9.5929327 6.5549383 3.6827061 15
-12.715513 8.6656713 3.5687706 3
-12.685905 8.6429529 3.0068684 0
-10.561854 7.1966815 2.1348605 14
-6.2651143 4.2895761 -0.12339144 3
-0.43971613 0.33455116 0.53228456 52
-10.523406 7.2248039 2.132916 14
-10.380208 7.1317992 2.5615208 8
-9.5507116 6.575542 3.6764722 15
-6.2861667 4.3363681 -0.12705457 3
-10.4812 7.2057347 3.0414677 2
-10.06408 6.9250388 3.3898489 16
-9.5116463 6.598134 3.6712844 15
-12.766359 8.829257 3.034765 16
-10.034871 6.957056 3.3885341 15
-10.480343 7.2523108 2.1304767 14
-0.37247366 0.29102069 0.53063697 62
-0.38382196 0.29965663 0.47593865 60
-10.457435 7.2436485 3.0419099 8
-0.36483571 0.28785411 0.53047252 63
-9.466197 6.6161022 3.6640046 16
-10.436891 7.2788706 2.5826921 8
-10.438028 7.2818623 3.0431275 16
-10.017982 6.9949799 3.3904083 15
-0.46283862 0.35719207 0.51123464 48
-10.439778 7.2759423 2.128031 14
-0.36958051 0.29206723 0.47728193 62
-9.4345512 6.6410346 3.6609104 17
-10.389885 7.2978415 2.5782764 12
-10.380999 7.284482 1.6733671 12
-0.38669038 0.30531517 0.531048 60
-0.36194676 0.28857484 0.44254842 63
-10.381629 7.2898483 2.123086 14
-0.36851802 0.29345295 0.47728035 62
-10.396305 7.3072653 3.0393031 4
-9.9997187 7.0346293 3.3922842 15
-13.000876 9.19382 3.6749811 5
-10.337776 7.31077 2.1201363 13
-0.43466607 0.34124213 0.53228414 52
-12.958347 9.1610823 3.0911276 2
-9.9729881 7.0657282 3.3914237 15
-9.4095631 6.6730618 3.6604362 19
-0.3673923 0.29490378 0.47728088 62
-10.343944 7.3128834 1.6721581 16
-0.42476204 0.33788896 0.47123075 53
-10.290579 7.3296103 1.6691421 13
-9.946847 7.1024895 3.3914778 15
-13.011441 9.2704926 3.1084325 2
-10.297792 7.3396769 2.1181934 13
-0.35972655 0.29142803 0.44254696 63
-2.5994701 1.8788683 -0.10005897 2
-2.1651752 1.5705411 -0.097122192 1
-13.038892 9.2928133 3.6925037 4
-1.8595672 1.3530767 -0.098319493 1
-9.3659868 6.6943526 3.6542008 19
-9.3204212 6.7115102 3.6469173 19
-2.5704122 1.8721259 -0.094791323 2
-10.242084 7.349525 1.6666657 13
-2.1468832 1.5692031 -0.093563683 1
-10.262264 7.3688936 2.1167469 13
-13.073581 9.3838787 3.127327 3
-9.9313202 7.1442132 3.3942661 15
-1.8484372 1.355239 -0.096265413 1
-13.038102 9.3613596 3.7003286 4
-10.20327 7.3761482 1.6652747 12
-9.2842436 6.7352109 3.6427751 18
-13.011528 9.4116697 3.7019482 4
-13.125469 9.4908695 3.14431 2
-10.220218 7.3933263 2.1142988 13
-2.5701377 1.8858527 -0.096281603 2
-2.1349573 1.5723031 -0.091779426 1
-1.837316 1.3573432 -0.094212748 1
-3.2414274 2.3703749 -0.10873544 4
-0.36398777 0.29923952 0.47727817 62
-9.9124689 7.1836414 3.3961406 15
-6.204401 4.5411406 -0.131173 3
-9.8840151 7.2161632 3.3952787 15
-13.207135 9.6203785 3.1673558 2
-10.165269 7.4082184 2.1098511 14
-10.164407 7.4026103 1.6638813 13
-2.52526 1.8673235 -0.087261163 2
-2.1135652 1.568489 -0.087334543 1
-13.035572 9.4987917 3.715977 2
-3.2522244 2.3957717 -0.11239849 4
-1.8324683 1.3639241 -0.094205774 1
-9.2495737 6.7598848 3.6391551 13
-2.5535319 1.901791 -0.095509119 2
-9.8601637 7.2520103 3.3957853 16
-9.2117348 6.7821136 3.6344879 12
-10.132779 7.4392123 2.1089029 14
-10.122259 7.4265347 1.6621277 13
-1.8213475 1.3659251 -0.092151731 1
-13.267329 9.735424 3.1862535 3
-13.021151 9.5583982 3.7206988 2
-2.1048253 1.5737317 -0.086437523 1
-3.2373548 2.4026322 -0.11115821 4
-1.8195844 1.3747348 -0.093167447 1
-2.1086452 1.5881751 -0.089091748 1
-2.5309477 1.899229 -0.091744289 2
-3.2224741 2.4094086 -0.10991687 4
-9.1754045 6.8052998 3.6303439 12
-9.8408861 7.2912531 3.3976593 17
-12.996995 9.6110458 3.7230916 2
-10.097725 7.4632554 1.6623578 15
-13.326886 9.8510237 3.2051504 2
-10.090604 7.4630127 2.1064541 13
-6.0089078 4.4971962 -0.1156295 3
-13.390553 9.9706793 3.2250049 2
-3.2075889 2.4161224 -0.1086766 4
-2.1029871 1.5956999 -0.089083128 1
-2.5115721 1.8988805 -0.088730894 2
-10.045204 7.484261 2.1035025 13
-12.985235 9.6729879 3.7285883 2
-9.8183298 7.328125 3.3986201 16
-9.1359272 6.8260179 3.6251521 12
-10.042644 7.4773355 1.6591581 15
-1.8022408 1.3720466 -0.089068443 1
-9.0964231 6.8465533 3.6199579 10
-1.809743 1.3877537 -0.093153894 1
-2.5111232 1.9125119 -0.090221457 2
-9.9939795 7.4959135 1.6566781 16
-9.9997797 7.5052772 2.1005502 13
-9.7956324 7.364924 3.3995819 18
-12.941772 9.7114859 3.7263246 4
-13.463024 10.097982 3.2467773 2
-5.9994383 4.5231237 -0.11627301 3
-3.199029 2.4274893 -0.108663 4
-2.1066806 1.6102017 -0.091735944 1
-1.8109722 1.3988808 -0.095192745 1
-2.516891 1.9308867 -0.093213648 2
-12.874685 9.73207 3.7182453 5
-2.088475 1.6083554 -0.088179238 1
-9.9560003 7.5199618 1.2160579 6
-9.9484863 7.5166163 1.65456 15
-9.9448156 7.5189023 2.0960991 13
-5.6532235 4.3013163 0.41827366 3
-5.9962301 4.5538225 -0.11758733 3
-9.0599661 6.8692174 3.6158113 10
-9.7805815 7.4075303 3.4028213 22
-13.528468 10.221186 3.2672698 2
-3.1746352 2.4269433 -0.10558334 4
-9.905695 7.5442209 2.094147 13
-9.7436342 7.4336338 3.3996763 16
-12.873277 9.802125 3.7264543 2
-5.9325423 4.538795 -0.11252052 3
-13.60894 10.356864 3.2909579 2
-3.169189 2.4405785 -0.10618211 4
-2.5100315 1.9398357 -0.093202531 2
-9.9167976 7.5452518 1.2152191 19
-2.1014049 1.6299291 -0.093494222 1
-1.8028945 1.4030343 -0.094162919 1
-9.9093275 7.5419202 1.6531631 18
-9.0265341 6.8940334 3.6127131 12
-8.9807835 6.9093342 3.6054215 12
-9.7236462 7.4725938 3.4015467 17
-13.665099 10.475297 3.3098552 2
-9.8717022 7.5682521 1.6519455 17
-2.4937706 1.9416226 -0.090940744 2
-9.8664312 7.5619154 1.2135988 2
-1.8009609 1.411835 -0.095178485 1
-3.1668291 2.4566088 -0.10739484 4
-2.1049073 1.6445305 -0.096148089 1
-12.848142 9.8544207 3.7288439 2
-9.8728304 7.5741887 2.0931938 13
-5.9917488 4.618814 -0.12055354 3
-2.0897713 1.6449144 -0.093477696 1
-5.8772211 4.5534124 0.93573618 3
-8.9365625 6.9255714 3.5986557 13
-5.8451128 4.5439811 0.41407889 2
-9.8335857 7.5991597 2.0912406 13
-11.370058 8.786129 2.8493147 1
-12.824178 9.9113016 3.732013 2
-1.7895362 1.4139106 -0.093127258 1
-9.7083511 7.5179477 3.4052453 16
-5.9659953 4.6326027 -0.11951788 3
-3.1326237 2.4491081 -0.10247538 4
-9.8184643 7.5852156 1.6491038 17
-2.4989893 1.9605125 -0.093932383 2
-8.8834953 6.937233 3.5892699 15
-12.7707 9.9418383 3.7274208 2
-11.373483 8.8558197 2.8567135 7
-2.4764929 1.9573786 -0.090169542 2
-2.0681994 1.6408159 -0.089033082 1
-3.1301987 2.4650526 -0.10368806 4
-9.7866716 7.620821 2.088289 14
-5.9213176 4.6316223 -0.11646748 3
-9.6849499 7.5544143 3.4062049 17
-9.779171 7.6099358 1.6477031 18
-1.7844901 1.4203233 -0.093120091 1
-1.7916247 1.436226 -0.0972054 1
-8.86057 6.969624 3.5898368 18
-2.4819372 1.9758575 -0.093162179 2
-5.890954 4.6477017 0.41270995 2
-9.6552792 7.5860291 3.4053371 19
-12.754284 10.00113 3.7321351 2
-11.360998 8.910305 2.8605981 9
-5.9049964 4.6524701 -0.1164417 3
-9.7410765 7.6405334 2.0853331 14
-3.1090035 2.4664261 -0.10122357 4
-9.7398224 7.634449 1.6463059 18
-2.0592833 1.6458124 -0.088138863 1
-2.050354 1.6507493 -0.08724232 1
-5.8745689 4.6684399 0.41273594 2
-9.7066898 7.663722 1.6456286 18
-3.1158092 2.4896586 -0.10427572 4
-11.338968 8.9575033 2.8625653 8
-5.9073954 4.6880317 -0.11842872 3
-8.8102407 6.9804621 3.580971 15
-12.737609 10.060413 3.7368517 2
-2.4718301 1.9822621 -0.092401378 2
-1.7864991 1.4426444 -0.097198538 1
-9.6954613 7.6600132 2.0823781 14
-9.6316223 7.6223426 3.4062946 18
-9.6703539 7.6903868 1.6445876 18
-5.9819007 4.8185182 0.14052323 16
-8.7705278 6.9994173 3.575773 15
-2.0505998 1.6629252 -0.089011043 1
-5.6425629 4.5031219 0.92384368 3
-1.7752831 1.4442502 -0.09514644 1
-2.4586296 1.9861836 -0.090890773 2
-5.8831787 4.7090106 0.41230702 2
-9.6108866 7.6609979 3.4081655 18
-12.705297 10.107527 3.7376859 2
-5.8815026 4.7014055 -0.11739518 3
-11.285786 8.9801292 2.8581491 10
-9.6622801 7.6891298 2.0814221 14
-3.1286895 2.5178828 -0.10855398 4
-8.7290058 7.0142374 3.5695248 13
-9.6299849 7.7085719 1.2085431 2
-11.268123 9.0275803 2.8607535 6
-9.0167522 7.2370477 2.8136454 4
-5.8368959 4.6997299 -0.11434649 3
-8.9919825 7.2220912 3.230751 8
-9.6228104 7.713161 2.079464 14
-3.119772 2.5289657 -0.10854111 4
-9.612134 7.6995049 1.6410191 17
-2.4515796 1.9949381 -0.090881728 2
-2.0507822 1.6751108 -0.090777569 1
-6.1160283 4.909451 0.68305939 60
-1.7519801 1.4361733 -0.089004308 1
-8.6877546 7.0316076 3.5638008 10
-8.9634867 7.2437987 2.8063118 20
-8.9688034 7.2339387 1.16336 4
-8.9857731 7.2546229 1.9806983 16
-9.0027294 7.2801757 3.241281 18
-2.048161 1.6845093 -0.09165737 1
-3.11127 2.5394826 -0.10852952 4
-8.98281 7.2570906 2.3934245 27
-2.4506264 2.0085878 -0.092373662 2
-1.7498729 1.4448782 -0.090021111 1
-5.8203363 4.7202854 -0.11432172 3
-8.9698467 7.2396154 1.5694865 13
-1.7570143 1.4605566 -0.0941066 1
-2.0330653 1.684477 -0.088988639 1
-8.9542227 7.2742128 1.1641784 2
-8.9425497 7.267045 1.5691628 28
-3.0899837 2.5405712 -0.10606483 4
-8.9324627 7.2637291 1.9762353 20
-8.9342327 7.2699933 2.3886783 19
-8.9347162 7.2774816 3.228549 14
-3.3542423 2.7605703 0.45776829 2
-8.6614828 7.0609188 3.5633178 13
-2.4343288 2.0099003 -0.090112612 2
-5.7882137 4.7282352 -0.11261769 3
-8.9397469 7.2793121 2.8071327 32
-3.092798 2.5620606 -0.10850471 4
-8.90277 7.2992167 2.3877609 19
-8.8902302 7.2841449 1.9737742 18
-8.6219063 7.0818887 3.5586414 16
-2.0313079 1.6957968 -0.090311542 1
-1.754542 1.4696074 -0.095122635 1
-8.9095135 7.2949886 1.5684811 13
-3.3470802 2.7755773 0.45772508 14
-8.8746109 7.2833629 3.2185533 13
-8.8885107 7.2924533 2.800966 24
-5.7923388 4.7672648 -0.11494165 3
-2.4420676 2.0313978 -0.093855299 2
-8.8544245 7.3145013 2.3833325 19
-2.01894 1.698477 -0.088530086 1
-8.8356447 7.3062077 3.2149434 13
-8.8507061 7.3137155 2.7979004 24
-5.7817049 4.7927232 -0.11558918 3
-8.8541012 7.3093629 1.9723161 18
-3.0741091 2.5660589 -0.10665343 4
-2.4227078 2.0301313 -0.090844713 2
-1.7460487 1.4737709 -0.09409444 1
-8.5912352 7.1100111 3.5571117 19
-2.4033868 2.0287509 -0.087833561 2
-8.5483599 7.1254382 3.5508604 19
-8.8099165 7.3372478 3.2149823 14
-8.8222599 7.3354125 1.9713535 18
-1.7348264 1.4751084 -0.092042528 1
-3.0741646 2.5845079 -0.10847943 4
-8.8134613 7.3330264 2.3801775 21
-5.7371769 4.7902079 -0.11254311 3
-2.0113919 1.7044476 -0.088078894 1
-8.8143682 7.3360448 2.7952249 28
-3.052866 2.5852978 -0.10601684 4
-8.7785482 7.3564105 2.3782995 19
-8.50844 7.143115 3.5456579 19
-8.7721119 7.3582187 3.2113714 12
-8.7719603 7.3531919 2.7909939 23
-5.7447982 4.8308249 -0.1152042 3
-8.7781391 7.3511639 1.9683903 20
-2.0203249 1.7241154 -0.092508532 1
-2.4112885 2.0498781 -0.09157782 2
-1.7265934 1.4788673 -0.091014646 1
-8.4803238 7.170527 3.544647 19
-1.72132 1.4850638 -0.091009319 1
-1.999241 1.7188113 -0.088065572 1
-3.2794826 2.8002341 0.45828956 118
-8.7435751 7.3796201 2.3764224 19
-8.7400618 7.3789659 2.7894797 23
-3.0315988 2.585968 -0.10355341 4
-8.7294579 7.3628759 1.9646744 17
-2.4100358 2.0635064 -0.093069546 2
-8.7372551 7.3815236 3.2086718 13
-2.3846982 2.0568912 -0.088558488 2
-1.7160239 1.4912348 -0.091002926 1
-8.6963968 7.3996496 3.2041464 13
-8.432972 7.1816382 3.5368235 16
-3.2466772 2.7924898 0.45872667 118
-8.7020969 7.3995409 2.7864127 23
-8.7025213 7.397614 2.3732646 22
-8.6974812 7.3884225 1.9637105 5
-3.0103662 2.5865254 -0.1010908 4
-1.9961075 1.7284765 -0.088945776 1
-8.4106169 7.2137814 3.5379062 27
-2.3774002 2.0653875 -0.088550292 2
-3.0222902 2.6151295 -0.10537013 4
-8.6554279 7.4102535 2.3688328 19
-3.2154877 2.785835 0.45913598 117
-8.6730633 7.4275789 2.7856731 24
-1.7195525 1.5049078 -0.094066121 1
-8.6673765 7.4276862 3.2032702 14
-3.7297046 3.2198052 0.1020216 2
-1.9884748 1.7343587 -0.088496514 1
-3.335902 2.8995991 0.76820773 2
-8.629405 7.4480019 3.1996372 12
-3.0040281 2.6181362 -0.10353202 4
-1.7053707 1.5035524 -0.0910042 1
-8.6203537 7.4329643 2.3669348 19
-3.7697771 3.2771046 0.096316203 2
-1.9867505 1.7452714 -0.089831211 1
-8.3515234 7.2144241 3.5258734 21
-2.3581307 2.0636425 -0.08555191 2
-3.3510251 2.9134572 0.92649919 2
-3.9195843 3.4044549 -0.10467079 20
-8.6350002 7.447845 2.7825866 24
-3.2025931 2.7946317 0.45919338 117
-2.3656883 2.0848713 -0.089298606 2
-8.3173609 7.2362127 3.5227535 19
-8.6665468 7.5330625 3.2192829 6
-3.7581983 3.2904305 0.09632764 2
-8.6240883 7.4890528 2.3733456 12
-2.9917703 2.6262178 -0.10291261 4
-1.9657683 1.7396454 -0.085391112 1
-1.70587 1.5147194 -0.093046121 1
-8.6459103 7.5102391 2.7923126 15
-3.1836257 2.7981389 0.45937082 117
-8.2904224 7.2641788 3.5222542 22
-1.9654758 1.7518011 -0.087162934 1
-8.6935072 7.6049757 2.8117397 12
-2.3612604 2.0958796 -0.090044513 2
-1.6917061 1.5132408 -0.08997447 1
-3.7134879 3.2749629 0.10002793 2
-2.9914281 2.6446083 -0.10474341 4
-8.7208252 7.6338186 3.2444024 7
-8.682663 7.5931649 2.3915732 9
-8.7613287 7.7234955 3.2654147 8
-3.8086634 3.380502 -0.092779331 19
-8.2474241 7.2780499 3.5159903 24
-8.7553053 7.713068 2.8350465 11
-8.7317133 7.6899996 2.4078834 7
-3.3600314 2.9859893 1.0915512 2
-2.9642198 2.6396067 -0.10105982 4
-2.3508668 2.1017103 -0.089289114 2
-1.9651197 1.7639666 -0.088932559 1
-1.6979643 1.5294935 -0.094062276 1
-1.6925157 1.5356025 -0.094060287 1
-2.9815757 2.6736472 -0.10656796 4
-8.7787046 7.7859511 2.4238751 3
-3.1493077 2.8279383 0.45947817 1
-8.216013 7.3019371 3.5139179 27
-8.8319654 7.8405881 3.2960112 8
-3.7112334 3.3196478 0.097697265 2
-2.3345642 2.1023009 -0.087033026 2
-1.9603094 1.7722812 -0.089372069 1
-8.8193998 7.8242941 2.859129 12
-1.6783558 1.5339798 -0.090988569 1
-2.3329871 2.1158345 -0.088529289 2
-8.8740168 7.9282227 2.8808842 9
-3.7531574 3.3804216 0.091665566 2
-8.1758804 7.3180027 3.5086997 27
-8.8917065 7.9492402 3.323411 8
-2.9691575 2.6815977 -0.10594808 4
-1.9467132 1.7728368 -0.087151766 1
-8.9478903 8.055788 3.3499014 9
-9.0611019 8.1516733 2.9379513 4
-1.953504 1.7914876 -0.091139413 1
-8.1371698 7.335145 3.5040064 19
-3.6491141 3.3113296 0.1020769 2
-3.4559956 3.1378727 1.2810109 7
-2.9449332 2.6789713 -0.10287816 4
-1.6815503 1.5477438 -0.094054542 1
-2.3196189 2.1189196 -0.087023608 2
-1.9297312 1.7828404 -0.085814498 1
-8.1099148 7.3624663 3.503504 24
-1.6674038 1.5460299 -0.090984367 1
-8.9166479 8.0846357 3.3490107 8
-9.3327436 8.4539986 3.0179126 5
-3.430223 3.1369064 1.2778258 14
-2.9325173 2.6867864 -0.10225891 4
-2.3237894 2.1376901 -0.09001974 2
-3.6551888 3.3402481 0.10007267 2
-8.0824356 7.3869705 3.5024748 31
-3.4211481 3.149786 1.2781516 3
-2.9171543 2.6918902 -0.10102741 4
-1.9204997 1.7871284 -0.084923439 1
-9.3960094 8.5711184 3.0427749 5
-8.8723364 8.1015615 3.3440158 7
-1.6647643 1.5546176 -0.092004098 1
-2.3307722 2.159163 -0.093767598 2
-3.622725 3.334439 0.10242935 2
-9.4687891 8.6950798 3.0699615 5
-8.0478792 7.4075637 3.4993529 30
-1.9187914 1.7976085 -0.086251818 1
-2.9081087 2.7017288 -0.10102181 4
-8.8538799 8.1390619 3.3467755 6
-3.6639276 3.3956478 0.09639746 2
-2.3027918 2.1489406 -0.08851096 2
-1.6592269 1.5606078 -0.092002191 1
-8.8467369 8.1899481 3.3536422 4
-9.5320797 8.8146601 3.0952094 4
-8.0019207 7.4175658 3.4920371 30
-3.6554708 3.4106627 0.096069321 2
-2.8956409 2.709383 -0.10040304 4
-2.286871 2.1487756 -0.086256146 2
-1.9124023 1.8044825 -0.086248808 1
-1.6425447 1.5558165 -0.087909333 1
-1.6341608 1.5591 -0.086884588 1
-1.9088526 1.8139749 -0.087132789 1
-2.2994483 2.1756065 -0.091505177 2
-3.1510642 2.9631264 0.91609186 1
-2.8889577 2.7223463 -0.10101055 4
-3.7721186 3.5427558 0.081313521 3
-9.5903339 8.9307995 3.1192923 4
-8.8664808 8.2660303 3.3691792 4
-7.9673142 7.4378228 3.4889128 30
-2.2831075 2.1757784 -0.089250378 2
-1.6257777 1.5623515 -0.085860416 1
-1.9024042 1.8208094 -0.087129168 1
-3.0910122 2.9281528 0.9099502 1
-2.8793283 2.7326062 -0.10100555 4
-3.6881883 3.4894989 0.08954224 2
-8.8900719 8.3463411 3.3860838 6
-3.1242402 2.9676418 0.45845383 1
-7.9242015 7.4500251 3.4826438 30
-9.6665363 9.0648327 3.1484215 5
-2.8725481 2.7455401 -0.10161307 4
-3.6700583 3.4970911 0.090220697 2
-7.9007902 7.4805479 3.4837098 30
-3.1270273 2.9816518 0.76273876 1
-2.2753913 2.1839199 -0.089246176 2
-1.8959349 1.8276256 -0.087126613 1
-3.0835602 2.9418566 0.91031629 1
-1.634324 1.5814155 -0.090971045 1
-9.7390633 9.1968241 3.1767747 2
-8.8905077 8.405592 3.3956864 8
-3.0731523 2.9527977 0.91032338 1
-1.8866041 1.8317422 -0.086236872 1
-8.8581028 8.4341373 3.3947961 8
-7.8548341 7.4897389 3.476393 30
-2.8542151 2.7475898 -0.099768169 4
-3.0700102 2.9488885 0.75918585 1
-1.6258794 1.5846441 -0.089946203 1
-2.2601213 2.1857014 -0.087366946 2
-3.6397212 3.4942992 0.092240997 2
-1.8896635 1.8482479 -0.089338861 1
-3.0532687 2.9548264 0.75874656 1
-3.0708449 2.9724989 0.91141313 1
-2.8440142 2.7582438 -0.099764675 4
-8.8297672 8.4695168 3.3957283 4
-1.6115419 1.5827917 -0.086876765 1
-7.8201656 7.5120807 3.4737909 37
-3.6152248 3.4968226 0.093590081 2
-2.2605231 2.202292 -0.089613944 2
-1.6112115 1.5942326 -0.088919856 1
-2.2555537 2.2130744 -0.090360627 2
-3.0538313 2.9772604 0.75964141 1
-7.7784863 7.5275989 3.4685671 31
-1.8771341 1.8499629 -0.08756271 1
-2.8280618 2.7633734 -0.098532423 4
-3.5956926 3.5027246 0.094435036 2
-8.8083096 8.5115337 3.3989429 11
-1.6055346 1.6000304 -0.088918529 1
-1.8621382 1.8485686 -0.084899351 1
-3.0375528 2.9825559 0.75920218 1
-2.2448835 2.2184007 -0.089607917 2
-3.0148458 2.9616137 0.90708297 1
-3.5603974 3.4932961 0.097125478 2
-8.7783661 8.5424824 3.3989632 11
-2.8097587 2.7651925 -0.096690267 4
-7.7492123 7.552259 3.4675372 31
-2.2426562 2.2318892 -0.09110526 2
-3.5594933 3.5170186 0.095789559 2
-1.6109388 1.6165875 -0.093006983 1
-1.8583686 1.857962 -0.085784204 1
-2.8113179 2.7861977 -0.09913753 4
-8.7580795 8.5828285 3.4021766 12
-3.0072269 2.975101 0.9074496 1
-7.7226295 7.5795107 3.4675543 31
-1.610714 1.6277852 -0.09504991 1
-8.7223253 8.6081486 3.4003699 12
-7.7014632 7.6120796 3.4696651 31
-1.85177 1.8646308 -0.0857822 1
-3.0621002 3.0487754 0.76277214 1
-2.2207015 2.2261524 -0.087350592 2
-2.9938571 2.9829943 0.90709323 1
-2.7972307 2.7920434 -0.098214105 4
-3.5926292 3.5742579 0.09042871 2
-1.8423684 1.8685361 -0.084894113 1
-2.7803183 2.795042 -0.096678108 4
-2.9662797 2.9768527 0.90492725 1
-2.2128136 2.2340865 -0.087347947 2
-3.0513213 3.0596507 0.76277709 1
-7.6609435 7.6255975 3.4644408 28
-1.5938964 1.6227447 -0.090959474 1
-3.551645 3.5589881 0.093788467 2
-8.6948175 8.6415548 3.4012978 13
-2.2104728 2.2475183 -0.088845722 2
-8.6616564 8.6693373 3.4004054 15
-3.4995024 3.5322299 0.098490372 2
-2.7900741 2.8244195 -0.10096293 4
-2.9812024 3.012651 0.9081865 1
-3.0064764 3.0367339 0.76011068 1
-1.8468087 1.8861313 -0.088439628 1
-7.6395764 7.657999 3.4665499 28
-1.5908659 1.6312007 -0.09197975 1
-7.6126275 7.6848736 3.4665644 27
-1.5713754 1.623279 -0.086866915 1
-1.8318301 1.8844858 -0.08577732 1
-2.9590046 3.010716 0.75722206 1
-2.205287 2.2581851 -0.089592867 2
-2.7717023 2.8259554 -0.099121451 4
-3.5733373 3.6297975 -0.09263669 19
-8.6366692 8.7053051 3.402245 15
-2.9677277 3.020422 0.90782899 1
-3.47013 3.5277052 0.10050855 2
-1.568324 1.6316772 -0.087887645 1
-2.9286489 3.001404 0.75566864 1
-2.2000575 2.2688556 -0.090341799 2
-3.4773314 3.5598018 0.098165475 2
-8.600564 8.7301168 3.4004359 13
-7.5896564 7.7157559 3.4681513 22
-2.9851258 3.0592177 0.91145188 1
-1.819636 1.8855217 -0.084001392 1
-2.758925 2.8330028 -0.098505378 4
-1.8129388 1.8920506 -0.083999678 1
-2.9743099 3.0698249 0.91145563 1
-2.7627912 2.8568857 -0.10156524 4
-3.4619722 3.5692823 0.098506041 2
-8.5725899 8.7631102 3.4013646 14
-1.5679537 1.6428349 -0.089931883 1
-2.9460931 3.0402353 0.75789809 1
-2.1837347 2.2683158 -0.088087849 2
-7.5570884 7.7369552 3.4660673 15
-7.5163736 7.749732 3.46084 10
-1.8089532 1.9013519 -0.084886134 1
-2.9411509 3.0576379 0.90856439 1
-2.7554588 2.8695333 -0.10217455 4
-3.5347853 3.6676133 -0.092621014 19
-8.5417681 8.7932501 3.4013793 14
-2.9101808 3.0250335 0.75589895 1
-2.1729486 2.2733164 -0.087335788 2
-3.4661007 3.5986359 0.096498623 2
-1.5593996 1.6457279 -0.088908479 1
-2.9078438 3.0439639 0.75656986 1
-7.4904437 7.777555 3.4613776 9
-2.833488 2.9770272 0.46134797 1
-8.5216923 8.8344402 3.4050453 13
-2.7232652 2.8566613 -0.097270079 4
-2.1758564 2.2923434 -0.090334654 2
-1.80492 1.9106346 -0.085770831 1
-1.5508454 1.6485811 -0.087885417 1
-2.908113 3.0452511 0.90567333 1
-3.4450681 3.6023421 0.097508803 2
-1.5503565 1.6597316 -0.089929432 1
-1.7900023 1.9087025 -0.08310882 1
-2.8229616 2.9870946 0.46135131 1
-2.1540818 2.2859936 -0.086582348 2
-8.4892759 8.8629999 3.4046006 12
-3.4434288 3.6260188 0.096171305 2
-2.7104213 2.8635044 -0.096654966 4
-2.8887527 3.0456839 0.75590533 1
-2.9222586 3.0813725 0.90893346 1
-7.4778032 7.8191929 3.4671535 10
-6.3587561 6.7000232 2.6931512 4
-3.4140882 3.6209531 0.09818802 2
-3.4958396 3.7050354 -0.092608683 19
-6.377522 6.7242117 3.0458372 9
-2.8124001 2.9971321 0.46135461 1
-2.1541438 2.3021922 -0.088830285 2
-2.8865402 3.0658855 0.90568101 1
-2.7057722 2.8788476 -0.097877055 4
-1.5390924 1.6597455 -0.087884031 1
-2.8669226 3.0444283 0.75501788 1
-1.7859255 1.9179413 -0.083994947 1
-1.5438658 1.6764903 -0.091974057 1
-1.7871917 1.9328266 -0.086654596 1
-2.8578367 3.0574043 0.9033311 3
-2.7092271 2.9027791 -0.10093729 4
-3.4827695 3.7174172 -0.092604429 19
-3.4150491 3.647486 0.096515626 2
-6.3418765 6.7294707 2.6954424 12
-6.3511906 6.7438745 3.0447977 11
-2.8368676 3.0343833 0.75346345 1
-2.1378555 2.3013568 -0.086578347 2
-2.765991 2.9694512 0.46209151 1
-1.774966 1.9335771 -0.084879883 1
-2.6745217 2.886569 -0.095420986 4
-2.8261399 3.0444736 0.75346565 1
-2.1310556 2.3104348 -0.086952642 2
-3.4696567 3.7297549 -0.092600666 19
-3.3802805 3.6364202 0.099201284 2
-6.3288789 6.7631383 2.6991019 2
-2.7527475 2.9763734 0.46215147 1
-7.3790903 7.8809695 3.4608989 18
-1.5325807 1.6764386 -0.08992748 1
-2.7641044 3.0095134 0.46170139 1
-3.456502 3.7420406 -0.092596702 19
-1.7734463 1.9456384 -0.086653516 1
-8.3799524 8.9987516 3.4101272 11
-3.3592675 3.6396766 0.10021201 2
-2.1255627 2.320915 -0.087701634 2
-1.5213178 1.6763409 -0.087882861 1
-2.669733 2.9018548 -0.09664496 4
-2.8071713 3.0458028 0.75279981 1
-7.3632402 7.9196324 3.4656236 31
-2.9013245 3.171428 1.0666754 2
-2.7746022 3.0324268 0.75102139 1
-2.1200213 2.3313849 -0.088450015 2
-1.517995 1.6846541 -0.088904969 1
-2.7180471 2.9812837 0.46243852 1
-7.3301177 7.9398866 3.4635372 31
-1.7532294 1.937754 -0.082217962 1
-2.65678 2.9084578 -0.096029133 4
-3.4433029 3.7542906 -0.092593901 19
-3.4143555 3.7244866 0.091830209 2
-8.3403463 9.0196486 3.4074008 10
-4.9279718 5.3866649 -0.097327985 3
-7.3139668 7.9784255 3.4682641 37
-2.7590787 3.0467677 0.4613665 1
-2.6679897 2.9411123 -0.10092791 4
-2.1064239 2.3332057 -0.086948946 2
-1.5120043 1.6901404 -0.088904805 1
-1.7383945 1.9354737 -0.07955683 1
-2.7720265 3.0510886 0.751692 1
-3.430059 3.7664814 -0.09259019 19
-7.9253135 8.6342993 3.275064 19
-1.7434146 1.9546388 -0.083547436 1
-4.9359837 5.4334068 -0.10067739 3
-2.7845509 3.0873251 0.90080953 124
-2.6468923 2.9389629 -0.098475486 4
-7.8567648 8.6205683 3.2618392 12
-1.5112318 1.7012807 -0.090949662 1
-2.7558298 3.0550745 0.75124818 1
-2.0954981 2.337847 -0.08619719 2
-3.4167771 3.7786427 -0.092587434 19
-2.6996405 3.0035424 0.46238479 1
-7.2911181 8.0098639 3.4703674 30
-7.2603354 8.0326471 3.4693291 30
-2.7558072 3.0766673 0.75214118 1
-2.0898678 2.3482378 -0.086946264 2
-2.7655759 3.0884089 0.89972579 125
-2.6365085 2.9483879 -0.098474979 4
-3.4034517 3.7907522 -0.092585422 19
-7.8251314 8.6467543 3.2613921 21
-2.6028249 2.9185424 0.46419606 1
-1.4947414 1.6953328 -0.086860232 1
-1.7404237 1.9652225 -0.084877379 1
-1.7360706 1.9743698 -0.085764617 1
-2.7506425 3.093828 0.89918566 126
-2.6864226 3.0316186 0.46221954 1
-2.7341943 3.0746453 0.75125164 1
-1.4861103 1.6978654 -0.085837647 1
-2.0815518 2.3557165 -0.086945675 2
-2.6287444 2.9607003 -0.099085763 4
-3.2491491 3.6485515 0.10592688 2
-8.215476 9.1391354 3.4083548 5
-7.2294888 8.0553522 3.4682872 30
-2.7383687 3.1021304 0.89900559 120
-2.6569967 3.0203516 0.46261665 1
-8.1963625 9.1825018 3.4129255 6
-3.2682674 3.6956301 0.10190447 2
-2.6077046 2.958313 -0.096634425 4
-2.0758417 2.3660891 -0.087696292 2
-2.7153041 3.0754764 0.75058573 1
-1.7251455 1.9762634 -0.0844336 1
-3.3766706 3.8148246 -0.092580505 19
-1.4930257 1.7175965 -0.090950526 1
-7.2063031 8.0865183 3.4703929 30
-8.1588907 9.2055101 3.4111078 6
-1.4765948 1.7114577 -0.08686018 1
-7.1675816 8.1003609 3.4662058 28
-3.3446922 3.8060615 -0.089258261 18
-2.5919814 2.9617038 -0.095407449 4
-2.0674622 2.3735137 -0.087695569 2
-2.7313914 3.1163416 0.89954913 125
-2.6991084 3.0791922 0.75014168 1
-2.6383331 3.0208602 0.46278676 1
-1.7155318 1.9795671 -0.083547555 1
-4.8591309 5.502646 -0.1006603 3
-1.4859319 1.7341385 -0.092995651 1
-1.7188718 1.9973909 -0.087094337 1
-2.7111142 3.1156347 0.89828396 123
-2.6197004 3.0212731 0.46295759 1
-7.1467633 8.1342535 3.4693565 27
-8.1265259 9.2341948 3.4111159 6
-4.7842202 5.4571633 -0.09361241 3
-3.3497238 3.8387115 -0.092575938 19
-2.5841432 2.9738934 -0.096020341 4
-2.048619 2.3691664 -0.084694944 2
-2.6802652 3.0798514 0.74947399 1
-1.6937166 1.9831063 -0.080886945 1
-2.5840917 2.9949484 -0.098469041 4
-3.3361883 3.8505845 -0.092574053 19
-8.1043463 9.2744493 3.4147758 6
-2.6301568 3.0546346 0.46250513 1
-1.4695258 1.7279135 -0.088906206 1
-2.6667378 3.0864029 0.74925202 1
-2.0428278 2.3794422 -0.085443981 2
-2.692194 3.1163223 0.89720064 121
-7.1181526 8.159421 3.4693618 27
-4.7640538 5.4748878 -0.093609966 3
-3.3226118 3.8624129 -0.092572674 19
-7.0894489 8.1844702 3.469367 28
-2.5956802 3.036885 0.46301496 1
-1.7021048 2.0067997 -0.086208083 1
-2.6689866 3.1109161 0.75036699 1
-1.4630752 1.7334932 -0.088907331 1
-2.0417488 2.3959916 -0.087695375 2
-8.0726709 9.3073072 3.415694 6
-2.678005 3.1233983 0.89683843 123
-2.580791 3.0135338 -0.10030624 4
-4.7867641 5.5397048 -0.098971568 3
-1.4569113 1.7387804 -0.088907495 1
-1.6792659 1.9955702 -0.08088731 1
-7.0642729 8.2164955 3.4714689 28
-2.5948892 3.0586827 0.46278968 1
-8.0476027 9.3445129 3.4184384 6
-4.7594342 5.5475745 -0.097964428 3
-3.3083119 3.8747883 -0.092572592 19
-2.6708839 3.1374419 0.8973822 125
-2.0332651 2.4033015 -0.08769507 2
-2.652199 3.1148646 0.74992186 1
-2.5545857 3.0048189 -0.096629411 4
-7.0454445 8.2530613 3.4756658 27
-2.6346662 3.1167576 0.74936545 1
-2.0170517 2.4016593 -0.085444696 2
-2.528477 2.9959662 -0.092954203 4
-2.6650031 3.1529915 0.89810568 126
-2.5736437 3.0558028 0.46301609 1
-3.2946489 3.8865135 -0.092570797 19
-1.6747373 2.0045748 -0.081775427 1
-1.4507294 1.7440487 -0.088907808 1
-8.0096684 9.3669157 3.4166169 6
-3.2809467 3.8981934 -0.092570469 19
-7.9843335 9.4039555 3.4193609 6
-2.6473792 3.1549237 0.89720112 120
-3.082186 3.6673689 0.11398643 2
-1.452088 1.7581067 -0.091976799 1
-2.5472527 3.0467362 0.46335441 1
-7.0189204 8.2807941 3.4767184 27
-2.6158507 3.1170521 0.74869728 1
-2.5281811 3.0169847 -0.095404133 4
-1.6727029 2.0165224 -0.083549514 1
-2.0085485 2.4088869 -0.085445166 2
-3.0356894 3.6388299 0.11833307 2
-6.9773073 8.2907791 3.4714627 27
-2.5546019 3.0771608 0.46294633 1
-7.9512758 9.4320326 3.4193442 3
-2.514962 3.0229914 -0.094805799 4
-2.6284788 3.1552472 0.8961041 122
-2.0025659 2.4190707 -0.086207159 2
-2.615191 3.1385393 0.74957538 1
-1.6579612 2.0136433 -0.080901168 1
-1.4307864 1.7457014 -0.085854158 1
-1.4248917 1.7506211 -0.08585722 1
-2.5994968 3.1412914 0.74912661 3
-2.6191733 3.1656735 0.89628023 125
-1.9918939 2.4228878 -0.085460819 2
-3.2541082 3.9208496 -0.092587844 19
-2.4997108 3.0254588 -0.093583167 4
-3.0517778 3.6825809 0.11463967 2
-7.9273071 9.4675236 3.4220767 2
-6.9545836 8.3200378 3.4735501 27
-2.5520051 3.0949845 0.46277362 1
-1.656211 2.0252671 -0.082677208 1
-1.6415012 2.0222769 -0.080020621 1
-6.9302797 8.3504419 3.4756384 27
-2.5282316 3.0887403 0.46305144 1
-1.4161779 1.7528185 -0.084837943 1
-7.9015341 9.5043793 3.424804 1
-3.0234256 3.6750925 0.11664701 2
-2.6079853 3.1750073 0.89627671 126
-1.9883709 2.4360461 -0.086964808 2
-2.5883944 3.1505544 0.74912274 4
-2.4966474 3.0434546 -0.095425256 4
-7.8606567 9.5231743 3.4220576 6
-1.4173832 1.7668546 -0.087908618 1
-2.5721459 3.1536405 0.74867332 6
-2.4833665 3.0493124 -0.094816625 4
-3.0206609 3.6980822 0.11530031 2
-1.9847794 2.4492068 -0.088469662 2
-1.6343257 2.0281892 -0.08002384 1
-3.2264173 3.9438818 -0.092597872 19
-6.9058404 8.3807726 3.4777269 28
-2.592937 3.1797106 0.89572942 121
-2.496865 3.0731547 0.46349844 1
-1.4160371 1.7779367 -0.089956395 1
-6.87637 8.4050922 3.4777179 27
-2.5867817 3.1950963 0.8964476 130
-2.5584552 3.1597357 0.74844605 7
-2.462517 3.0459909 -0.092371903 4
-3.0228484 3.7272418 0.11328443 2
-2.4936426 3.0913076 0.46332496 1
-1.6321069 2.0400915 -0.081801794 1
-1.9736016 2.453289 -0.087723315 2
-2.4776518 3.0940199 0.46343252 1
-2.4567785 3.060884 -0.093602136 4
-1.6174388 2.0369391 -0.079145268 1
-3.1985722 3.9667256 -0.092608348 19
-6.8468108 8.4292936 3.4777105 25
-2.5599713 3.1842892 0.74955368 11
-1.4023473 1.774112 -0.086893126 1
-7.8010092 9.5873785 3.4247777 5
-2.9711277 3.6922984 0.11830871 2
-1.9669814 2.4637587 -0.088478014 2
-1.4030657 1.7884318 -0.089964606 1
-2.5456314 3.1907759 0.74932569 13
-6.8156843 8.4546213 3.4776988 25
-7.7705436 9.6222324 3.4265902 5
-3.1838844 3.9786344 -0.092613041 19
-2.4479196 3.073137 -0.094218783 4
-1.6221826 2.0581696 -0.083583951 1
-2.4775252 3.1172533 0.4631744 1
-2.9599652 3.7064693 0.11796796 2
-1.9627872 2.4772427 -0.089981928 2
-1.3915199 1.7877597 -0.087923519 1
-6.7893109 8.4858122 3.4797857 27
-2.4265773 3.0700135 -0.091773391 4
-2.540076 3.2080626 0.74987745 16
-1.9466034 2.4751234 -0.087736145 2
-2.9493961 3.7200816 0.11762714 2
-7.7448196 9.6630554 3.4302292 5
-2.4634495 3.1234248 0.46322504 1
-1.6059237 2.053699 -0.080483764 1
-3.1691597 3.9905052 -0.092620872 19
-2.5490224 3.2435212 0.89769387 1
-2.4536655 3.1337786 0.46319139 1
-1.9353812 2.479043 -0.086990349 2
-3.1550908 4.0017447 -0.092625417 19
-2.9412668 3.7367918 0.1169498 2
-1.392444 1.8018484 -0.090995364 1
-6.7642975 8.5157585 3.4818695 28
-2.5187328 3.20468 0.74898165 17
-1.5998614 2.061012 -0.080931336 1
-2.4008775 3.0601833 -0.088103347 4
-2.3950005 3.0749314 -0.089333564 4
-2.5276253 3.2401628 0.89624125 1
-1.9364119 2.4982638 -0.089995503 2
-1.5949867 2.0698328 -0.081822626 1
-1.3884552 1.809914 -0.092021339 1
-2.5074086 3.2136538 0.74897689 17
-4.3961496 5.589509 -0.081265859 3
-7.6743717 9.7143641 3.4292941 6
-6.7391572 8.5456133 3.4839559 28
-2.4301422 3.1268866 0.4634681 1
-1.3627962 1.7907151 -0.083846509 1
-1.5779518 2.0633609 -0.07827954 1
-2.3865931 3.0865688 -0.089951187 4
-1.9153692 2.4898152 -0.086249657 2
-7.645062 9.7474728 3.4311061 5
-4.3566999 5.5800366 -0.07859163 3
-2.4923379 3.2179143 0.74863583 19
-2.5038073 3.2335696 0.89442474 1
-2.4290116 3.148109 0.46323642 1
-6.7019286 8.5602598 3.4807997 28
-6.6813579 8.5960121 3.4849803 33
-2.405551 3.1410487 0.4635134 1
-7.6228228 9.7896891 3.4356561 5
-4.3395281 5.5985627 -0.07893578 3
-2.3879101 3.1106296 -0.093020774 4
-2.5046976 3.2581546 0.89622927 1
-1.3660043 1.8078072 -0.087939687 1
-2.4784975 3.2236612 0.74840856 21
-1.5778707 2.078248 -0.080944061 1
-1.9114177 2.5028677 -0.08775524 2
-6.6582494 8.628685 3.488111 33
-3.0984349 4.0462499 -0.092652708 19
-2.4030552 3.1606765 0.46331024 1
-1.3714931 1.8279907 -0.093055598 1
-1.5656986 2.0777998 -0.079175107 1
-2.4695692 3.2356563 0.74862432 24
-1.904979 2.5128191 -0.08851064 2
-2.4809306 3.2513967 0.89441407 1
-4.3100257 5.6013303 -0.077603146 3
-2.3647599 3.1035633 -0.089962251 4
-6.6349859 8.6612902 3.4912443 30
-2.4865289 3.282289 0.89694089 1
-2.3465354 3.1026354 -0.088131599 4
-1.5511554 2.074208 -0.076519087 1
-2.3894424 3.1660943 0.46336013 1
-4.3025184 5.6323085 -0.079288691 3
-1.8912717 2.5134542 -0.087015875 2
-2.4544666 3.2397351 0.74828494 28
-1.3602562 1.8268609 -0.0910156 1
-2.3721704 3.1666884 0.46349537 1
-1.5485617 2.0859902 -0.078297675 1
-3.0093453 3.9894836 -0.080810063 17
-2.4700737 3.2848482 0.89621115 1
-2.3500445 3.129812 -0.091812707 4
-2.4381504 3.2421722 0.74783248 31
-4.2657032 5.6253972 -0.076951355 3
-1.8847762 2.5233574 -0.087771893 2
-1.3419616 1.816484 -0.085907489 1
-6.6092291 8.6907883 3.4933276 31
-1.3378599 1.8244293 -0.086934537 1
-6.5763373 8.7109985 3.4922652 31
-2.429122 3.2540441 0.74804991 46
-1.8830069 2.5394831 -0.090026714 2
-2.4729836 3.3126583 0.89837527 1
-2.3670442 3.1831157 0.46334797 1
-7.4929047 9.9070787 3.4387918 4
-4.2362356 5.6277895 -0.07561858 3
-3.0555348 4.0791001 -0.092674747 19
-2.3389919 3.1382031 -0.091819331 4
-1.5435342 2.0946856 -0.07918974 1
-6.5480447 8.7372589 3.4932971 30
-2.3558025 3.1915743 0.46334067 1
-3.041158 4.0899472 -0.092681669 19
-1.8668966 2.536859 -0.087782152 2
-2.4248712 3.2722642 0.74871069 47
-1.5384656 2.1033685 -0.080081746 1
-1.3266985 1.823128 -0.084894411 1
-2.3135765 3.1276517 -0.088149928 4
-7.4627852 9.9396458 3.4406009 4
-1.5180956 2.0917954 -0.075208724 1
-3.0267465 4.1007557 -0.092690796 19
-2.4109094 3.2777343 0.74848104 69
-1.8626471 2.549834 -0.089287445 2
-2.3096662 3.1453938 -0.089994691 4
-2.8357186 3.8483174 0.11487658 2
-2.3445275 3.1999865 0.46333471 1
-6.5219564 8.7664967 3.4953787 33
-1.3225507 1.8310382 -0.085921191 1
-2.3296416 3.2035542 0.46341243 1
-6.49575 8.7956572 3.4974594 33
-1.8465655 2.5470829 -0.087042265 2
-2.39096 3.2751496 0.74769562 100
-7.3963351 9.9967241 3.4419367 5
-2.8340766 3.8743834 0.11319152 2
-1.3137292 1.8327487 -0.084904008 1
-1.5153517 2.1035311 -0.076987423 1
-3.012295 4.1115112 -0.09269879 19
-2.4176714 3.3145697 1.0415434 2
-2.3032947 3.1599748 -0.091226615 4
-2.390079 3.2752085 0.89111894 1
-2.3135679 3.205447 0.46351895 1
-1.3210622 1.8561425 -0.091043599 1
-1.5090562 2.110574 -0.077436224 1
-1.8375568 2.5537252 -0.087049499 2
-2.25916 3.1237657 -0.082656786 3
-2.4059646 3.3232028 1.0415361 2
-2.3856308 3.2933404 0.89219725 5
-2.9978025 4.1222067 -0.092706859 19
-6.4648223 8.818531 3.4974446 30
-7.3704724 10.035264 3.4455707 5
-4.1272564 5.6495771 -0.071636558 3
-1.4992585 2.112895 -0.076555118 1
-2.3749039 3.3018391 0.74834841 110
-2.3942263 3.331805 1.0415276 2
-2.9832783 4.132863 -0.092716195 19
-2.3022442 3.2137136 0.46351203 1
-6.4223986 8.8257504 3.4921882 28
-1.8210769 2.5511701 -0.084805585 2
-4.1357198 5.7026906 -0.075671963 3
-7.3380599 10.068775 3.4473763 5
-2.363966 3.289459 0.89074177 5
-2.2616403 3.1513419 -0.086339273 4
-1.2980682 1.839398 -0.083890818 1
-2.3492346 3.3031447 0.46208945 1
-2.3544054 3.2994597 0.74756205 40
-1.816691 2.5640552 -0.086310983 2
-2.3535223 3.2995126 0.89091605 3
-6.3875451 8.8464012 3.4911218 28
-1.2892517 1.8410037 -0.082874194 1
-1.4959961 2.1248753 -0.078333996 1
-2.2411804 3.1466591 -0.083896078 4
-2.8252082 3.950052 0.1084693 2
-2.3500583 3.3192122 0.89217412 5
-2.2859805 3.2402596 0.46332699 1
-6.6643043 9.287466 3.2063892 11
-1.8099272 2.5737615 -0.087067753 2
-2.2231057 3.1450708 -0.082065061 3
-2.428319 3.4296112 1.054028 2
-2.9533818 4.1545343 -0.092733771 19
-2.8206391 3.9730017 0.1071201 2
-2.3439267 3.3094921 0.74766558 22
-1.4827336 2.1224005 -0.076122053 1
-6.3700218 8.8876715 3.4973927 30
-1.2849858 1.8488191 -0.08390075 1
-6.341032 8.9132471 3.4984231 30
-6.6225758 9.2982874 3.2027192 13
-2.9387429 4.1650314 -0.092742622 19
-1.8100153 2.5930247 -0.090075448 2
-2.808964 3.9862797 0.10677492 2
-2.3582401 3.3577735 1.0415047 2
-2.347651 3.3405392 0.89361393 5
-2.3275685 3.3113925 0.74721271 9
-1.4695065 2.1198604 -0.07391081 1
-2.244348 3.1979275 -0.09065073 4
-1.2829478 1.859772 -0.085951872 1
-2.2862051 3.2646728 0.46303618 1
-6.3052173 8.9293089 3.4963093 27
-2.2909346 3.2956457 0.4626323 1
-6.5853729 9.3152781 3.2008746 11
-2.7833273 3.980051 0.10844386 2
-2.2146637 3.1802242 -0.085756898 4
-2.3463786 3.3662028 1.0414973 2
-2.8663394 4.0946841 -0.080893427 17
-2.3300593 3.3408334 0.89270073 7
-1.78255 2.5739648 -0.084079698 2
-2.3112261 3.3132172 0.7467593 1
-1.4653972 2.1299381 -0.0752469 1
-1.2740896 1.8612938 -0.08493419 1
-6.2754011 8.9504185 3.4962924 30
-2.3130848 3.340626 0.89178932 10
-2.9100912 4.1853547 -0.092761174 19
-1.7784524 2.5864613 -0.085586302 2
-1.2566041 1.8499495 -0.079827063 1
-2.2039986 3.187747 -0.085764192 4
-2.4085824 3.477736 1.0575073 2
-2.3058937 3.3292041 0.74730867 1
-6.5959163 9.3960953 3.217742 3
-1.4616152 2.1397521 -0.076582998 1
-2.7577722 3.9737046 0.11011087 2
-1.4619007 2.1561956 -0.079693072 1
-2.2964373 3.3407078 0.74752355 1
-6.248373 8.9788485 3.4983692 30
-2.863328 4.1502466 -0.086131021 18
-2.3174543 3.3744068 1.0402296 12
-2.3029928 3.3525705 0.89214242 12
-2.1944566 3.1992569 -0.086385176 4
-2.7368824 3.9737408 0.11110801 2
-6.7079172 9.6291828 3.2775021 1
-1.7756381 2.6028161 -0.087845199 2
-1.2742358 1.8895067 -0.091080286 1
-6.2086124 8.9924698 3.495204 28
-2.8798227 4.2065153 -0.092782117 19
-2.2934363 3.3640752 0.89249557 10
-2.2330604 3.2872918 0.46317297 1
-6.925868 10.013743 3.3806117 1
-2.7183101 3.9769487 0.11176908 2
-2.178632 3.2006254 -0.085167043 4
-1.2564325 1.8783126 -0.085973062 1
-1.4438095 2.1473782 -0.075708359 1
-1.764181 2.6059895 -0.087101877 2
-2.2955005 3.3656995 0.74862707 1
-2.3026669 3.3798525 1.0397207 12
-1.2519736 1.8860693 -0.087002032 1
-1.4317485 2.1462085 -0.073941499 1
-1.7504816 2.6058834 -0.085608438 2
-2.1673353 3.2084239 -0.085175902 4
-2.7270029 4.0193815 0.10840584 2
-2.2722244 3.357501 0.74750656 1
-6.9727159 10.156596 3.4143584 2
-2.2849629 3.3771844 0.89302963 7
-2.2168987 3.2887001 0.46327892 1
-2.8423645 4.1841183 -0.088048339 18
-6.1923738 9.0365725 3.5025203 30
-2.3625181 3.5491996 0.3089748 12
-6.9392385 10.184367 3.4152474 3
-2.2437935 3.3526807 0.46230668 1
-2.1627367 3.2259483 -0.087023087 4
-1.7390332 2.6089511 -0.084864758 2
-2.2739708 3.3853645 0.74883246 1
-1.4307835 2.1610265 -0.076607905 1
-6.1518731 9.0456724 3.4983089 28
-2.2764289 3.3902781 0.89356321 1
-2.8186142 4.1811447 -0.086161762 18
-2.7422099 4.0717821 0.10403392 2
-1.2430798 1.88745 -0.08598467 1
-6.1331258 9.0864973 3.5045745 30
-1.7320257 2.6184537 -0.085622489 2
-2.262208 3.3951302 0.89319324 1
-2.1643538 3.2615712 0.46399689 1
-2.8038819 4.1911669 -0.086171836 18
-2.6604145 3.9827988 0.11408778 2
-2.3298297 3.5278742 0.31073034 11
-2.2462301 3.3704219 0.74726611 1
-1.4209223 2.1629994 -0.075727209 1
-1.2320067 1.8856002 -0.083945766 1
-6.9100361 10.21844 3.4179635 3
-2.1379609 3.2141106 -0.08335463 3
-2.3173831 3.5362005 0.31072047 11
-6.0925322 9.0953197 3.5003626 28
-2.8203249 4.2471638 -0.092824191 19
-2.2625484 3.4240501 1.0414363 8
-1.2187885 1.8805031 -0.080883957 1
-2.2455494 3.3949864 0.7483691 1
-2.2479811 3.3999281 0.89282244 1
-2.6240096 3.9592812 0.11743329 2
-1.7249727 2.6279452 -0.086379647 2
-6.8806877 10.252441 3.4206774 3
-2.119957 3.2119548 -0.081525929 3
-1.4198325 2.1778276 -0.078394726 1
-2.1937046 3.3550508 0.4626483 14
-2.2335637 3.4030204 0.74836022 1
-1.71568 2.6341565 -0.086387657 2
-2.1042023 3.2129865 -0.080309249 3
-2.2460263 3.4255681 1.0404257 4
-6.8403277 10.270198 3.418828 2
-2.2270756 3.3947673 0.89136529 1
-2.3071218 3.5478039 0.31051522 11
-2.6145048 3.9752464 0.11675146 2
-2.7499208 4.1748333 -0.080975644 17
-1.4077542 2.1765118 -0.07662788 1
-1.2250919 1.9041775 -0.087024994 1
-6.0670171 9.1264095 3.5034852 25
-2.2405465 3.443505 1.0419179 16
-1.6965344 2.6256464 -0.083019428 2
-2.225991 3.4176533 0.74879616 1
-1.2183331 1.9086496 -0.087030865 1
-2.0928607 3.2205269 -0.080317959 3
-1.3935317 2.1718953 -0.073973358 1
-2.735209 4.1846189 -0.080986746 17
-6.8042402 10.294272 3.4188042 3
-2.2990177 3.5627151 0.31011277 11
-2.2416596 3.4424767 0.89569652 1
-2.6115587 4.0011439 0.11506263 2
-6.0392227 9.1542225 3.505559 25
-6.0091815 9.1787348 3.5065842 25
-6.7680812 10.318238 3.4187777 3
-2.0967886 3.2510719 -0.084615886 4
-2.3061955 3.6009808 0.30833635 12
-2.258142 3.4936507 0.90038949 1
-2.2117157 3.4222951 0.74856329 1
-1.3890717 2.1818225 -0.075310126 1
-1.2136991 1.916319 -0.08805985 1
-2.238255 3.4664111 1.0441607 10
-2.7314396 4.2109041 -0.083369426 18
-2.5952537 4.0071239 0.11538793 2
-2.4954834 3.8589478 1.4349279 8
-1.7024635 2.6546786 -0.088279836 2
-1.3845627 2.1917551 -0.076648153 1
-2.2238972 3.4684565 0.8967635 1
-2.7056901 4.2040424 -0.081010006 17
-2.223803 3.4668965 0.751001 1
-6.738246 10.351849 3.4214892 3
-2.0831413 3.2552898 -0.084013186 4
-1.6779423 2.6378486 -0.083035029 2
-1.1962497 1.9046153 -0.082953967 1
-2.226016 3.4744267 1.0441502 2
-2.5767515 4.0097246 0.1160473 2
-5.972681 9.1934576 3.5044653 25
-5.9403729 9.2145157 3.5044417 27
-1.377863 2.1984158 -0.077098526 1
-2.209383 3.4715223 0.75076848 1
-1.6707642 2.6471832 -0.083793499 2
-6.6976285 10.36904 3.4196393 3
-2.6908777 4.2136736 -0.081020474 17
-2.6040103 4.0823197 0.10966153 2
-2.244344 3.5264423 0.90217894 1
-2.0608416 3.2462118 -0.080959238 3
-1.1894886 1.9089845 -0.082959861 1
-5.9138069 9.2409134 3.5065134 27
-2.215138 3.5058329 0.75253803 1
-2.1380689 3.3985603 0.46251503 235
-2.3086271 3.657196 1.2243395 9
-2.060137 3.2701726 -0.084031411 4
-1.6656834 2.6598048 -0.085302815 2
-1.3626388 2.191963 -0.074000515 1
-1.1827121 1.9133264 -0.082965702 1
-2.6760335 4.2232652 -0.08103317 17
-2.5982919 4.1049867 0.10830773 2
-6.6760054 10.415519 3.4260001 3
-2.216723 3.5110867 0.89963633 1
-6.6370401 10.431291 3.4241507 2
-2.0555909 3.2871585 -0.085879028 4
-5.8834076 9.2649984 3.5075388 27
-2.1357973 3.4213693 0.46224946 246
-7.838129 12.292051 3.409318 1
-2.3149381 3.6953526 1.2300761 3
-2.6941302 4.2824183 -0.088160396 18
-2.1768081 3.4734735 0.74985957 1
-1.3510352 2.1901126 -0.072233431 1
-2.5514991 4.0639572 0.11332832 2
-2.2064843 3.5223644 0.89998865 1
-1.6584047 2.6691113 -0.086061269 2
-1.1843014 1.9306453 -0.087062165 1
-2.2870319 3.6803319 1.2255949 6
-1.1715407 1.9249943 -0.084001221 1
-2.1215749 3.4256504 0.4622955 250
-6.59831 10.45139 3.423209 2
-7.8139648 12.349401 3.4162695 3
-2.5432544 4.0810003 0.11247902 2
-2.0312247 3.2745495 -0.082213767 3
-1.6430923 2.6648715 -0.083817899 2
-2.1796076 3.504828 0.75140589 1
-1.3579879 2.2180266 -0.078450292 1
-5.8529215 9.289012 3.5085611 27
-2.670496 4.2786269 -0.086275741 18
-2.2011075 3.539947 0.90106314 1
-1.1605624 1.9227533 -0.081963159 1
-2.1629577 3.5058863 0.75095034 1
-1.6378784 2.6774261 -0.08532656 2
-5.8161526 9.3031101 3.5064418 28
-2.2722805 3.6827595 1.0693743 2
-2.1158957 3.4434006 0.46211526 255
-6.5678372 10.484507 3.4259183 3
-7.7768989 12.386832 3.4185634 3
-2.5192771 4.0749216 0.11397602 2
-2.6320462 4.2512321 -0.081069939 17
-2.019665 3.2818239 -0.082222626 3
-2.2846017 3.7052014 1.2287772 39
-1.3396783 2.2064998 -0.074022375 1
-2.1555502 3.4956853 0.89544576 19
-5.7834606 9.3236208 3.5064156 28
-2.1037431 3.4509795 0.46210387 253
-2.5165796 4.1024666 0.11211913 2
-7.7334132 12.414179 3.4185312 2
-2.2610259 3.6966605 1.225572 3
-2.6170731 4.260613 -0.081082873 17
-1.9944029 3.2673206 -0.078249708 3
-2.1845787 3.5691595 0.90248805 35
-1.1557978 1.9302678 -0.082991511 1
-1.6367857 2.696646 -0.088337727 2
-2.1633487 3.5339208 0.75227398 1
-1.3380964 2.2212718 -0.076690845 1
-2.2740698 3.7144108 1.0728674 2
-6.5330729 10.510928 3.4268034 3
-1.3240277 2.2162161 -0.074037775 1
-2.215229 3.646261 0.90989059 9
-2.1741486 3.5789366 0.75470889 1
-1.6230888 2.6958878 -0.086845569 2
-2.5915527 4.2530851 -0.078722313 17
-5.7527366 9.3473177 3.507436 28
-1.9839177 3.2761545 -0.078566641 3
-2.0979023 3.4687023 0.46192366 246
-6.4961548 10.533942 3.4267733 3
-7.6856737 12.434704 3.4169457 3
-2.2730427 3.7449703 1.2332249 3
-2.2326095 3.6771009 1.0660976 2
-1.1489484 1.9345022 -0.082998954 1
-2.5095015 4.123281 0.11093225 2
-7.6564646 12.485098 3.4223425 3
-2.2123237 3.6732824 1.0643357 33
-5.7219167 9.370882 3.5084579 27
-2.0825102 3.4711211 0.46199811 215
-6.4530187 10.546886 3.4240062 3
-2.4635222 4.0813942 0.11595258 2
-2.5744817 4.2589459 -0.078260861 17
-1.9827633 3.3000789 -0.081641003 3
-2.1813836 3.6203225 0.90626323 20
-1.6156281 2.7050853 -0.087604754 2
-2.1383781 3.5493793 0.75225145 1
-1.3079536 2.2077744 -0.070496947 1
-1.1461619 1.945278 -0.085050724 1
-2.0681732 3.4751861 0.46203336 215
-7.6105828 12.508685 3.4215224 3
-2.1962481 3.6761391 1.0635636 2
-1.5937161 2.6908453 -0.083120063 2
-2.1363125 3.5740583 0.75334281 1
-1.135204 1.9428955 -0.083021991 1
-5.695034 9.4009609 3.5115635 27
-2.3928418 3.9984624 0.12499249 2
-6.4261451 10.586233 3.4285288 3
-2.1696503 3.6298447 0.90642297 18
-5.8759971 9.676322 2.3556089 15
-1.3052384 2.2208402 -0.072730966 1
-1.9690473 3.3038299 -0.081048727 3
-1.1242766 1.9404577 -0.080986045 1
-5.6619997 9.4210396 3.5115259 30
-2.0600624 3.489435 0.46190575 215
-6.3869381 10.60554 3.4275734 3
-7.5687056 12.538811 3.4222472 3
-2.3621666 3.9797814 0.12765975 2
-5.8420076 9.6970263 2.3555689 19
-2.219409 3.7433167 1.0723057 2
-1.9553292 3.3075185 -0.080449954 3
-2.163063 3.6478205 0.9074921 13
-1.5862477 2.6999569 -0.083882973 2
-2.1569788 3.6362746 0.75688457 1
-1.3014358 2.2322524 -0.074515574 1
-5.6249099 9.4343977 3.5093923 28
-2.348139 3.9882207 0.12764196 2
-5.8120337 9.7243843 2.3568056 18
-1.9375185 3.3043883 -0.078626342 3
-1.2935287 2.2369974 -0.074526951 1
-2.1481302 3.6521668 0.90711409 43
-1.5716145 2.6972902 -0.082019255 2
-2.1815631 3.7105098 1.0662838 2
-2.1524179 3.657666 0.75775903 1
-7.518599 12.555362 3.4198678 3
-6.3516955 10.631376 3.4284422 3
-2.0456827 3.4934011 0.46194628 134
-1.1113734 1.9346548 -0.077927217 1
-1.2896221 2.2483904 -0.076311253 1
-2.1312883 3.6516824 0.75685364 1
-5.5957184 9.4608746 3.5114479 27
-6.3223586 10.66713 3.4320469 3
-7.4825912 12.595279 3.4229193 3
-1.1104875 1.948673 -0.081004448 1
-1.9217875 3.3045709 -0.077415437 3
-2.1807187 3.7387481 1.0692699 2
-5.7799029 9.7482653 2.357404 18
-2.3422771 4.0102906 0.12628108 2
-2.1506195 3.6854882 0.90981025 16
-1.5630895 2.7046533 -0.082407318 7
-7.4403811 12.624971 3.4236431 3
-2.359026 4.0687947 -0.045613933 13
-1.5605689 2.7221222 -0.085046612 2
-2.1365969 3.6914861 0.90961283 1
-1.9141704 3.3182676 -0.078656346 3
-5.7531481 9.7730198 1.9534507 1
-1.2736679 2.2396934 -0.072773963 1
-5.7456636 9.7686405 2.3573616 19
-2.3240671 4.0118027 0.12693545 2
-1.0976288 1.9427942 -0.077946648 1
-6.2769461 10.676029 3.4283509 3
-5.5644464 9.4839573 3.512454 28
-5.5350351 9.5102234 3.5145106 27
-6.2473512 10.711567 3.4319551 3
-5.7073383 9.7820969 2.3560433 18
-2.3112469 4.0239701 0.12657963 2
-2.137099 3.7235448 0.91212565 1
-7.3998184 12.662609 3.4259138 3
-5.7150893 9.7909098 1.9529049 19
-1.9079028 3.3356988 -0.080510594 3
-1.5494626 2.7263544 -0.084684521 2
-1.2732762 2.2580016 -0.07633394 1
-1.0962964 1.9570056 -0.081024773 1
-5.5032945 9.5287905 3.5144706 30
-6.2175059 10.742557 3.4346507 3
-5.6727085 9.7978153 2.3553641 18
-7.3595715 12.690718 3.4266396 3
-2.291733 4.0214939 0.12757021 2
-5.6784139 9.803196 1.9518651 19
-1.8907287 3.3319898 -0.078687683 3
-2.1085074 3.7033274 0.90921682 5
-1.5363327 2.7249012 -0.08319591 2
-1.2567964 2.2472749 -0.072352737 1
-1.0857837 1.9541608 -0.078988731 1
-1.0791961 1.9579505 -0.078997791 1
-1.5311373 2.7369816 -0.08470954 2
-5.4736843 9.554904 3.516525 30
-5.6437168 9.8187866 1.9513228 19
-7.3152895 12.711946 3.4258103 3
-6.187592 10.777958 3.4382522 3
-5.6422577 9.8246508 2.3565991 18
-2.2822714 4.0361762 0.12688081 2
-1.8815421 3.3418534 -0.079313762 3
-1.2570846 2.2651119 -0.075910874 1
-5.4401107 9.5742092 3.516484 30
-6.153626 10.80652 3.4400306 2
-7.2726192 12.74108 3.426532 3
-2.2799866 4.0650606 0.12484781 2
-5.6097207 9.8479595 2.3571959 17
-1.0683768 1.9552211 -0.076962307 1
-5.6052666 9.831811 1.9502792 17
-1.8638275 3.3383551 -0.077491656 3
-1.5214616 2.7425265 -0.084723137 2
-1.2432091 2.2595663 -0.073260896 1
-1.2352045 2.2640998 -0.07327158 1
-5.4103031 9.6001387 3.5185361 30
-1.8559738 3.3519177 -0.078733169 3
-5.5687661 9.8481321 1.9497367 17
-5.5731802 9.8643265 2.3565128 18
-1.5176247 2.7582622 -0.086988069 2
-6.1156693 10.828211 3.4399831 3
-1.0729816 1.9792789 -0.083109125 1
-7.2356734 12.7803 3.4295807 2
-2.1433835 3.8956447 0.29981369 17
-2.2352881 4.0217118 0.12986349 2
-1.2339302 2.2804837 -0.076388545 1
-5.5380983 9.8746672 1.950694 17
-5.53269 9.8736725 2.3545542 22
-5.3784661 9.6225815 3.5195422 30
-2.184423 4.0008693 0.29429379 21
-1.4996277 2.7503631 -0.084000349 2
-6.0814953 10.861016 3.4426696 3
-7.1943703 12.817281 3.431849 2
-2.2132545 4.015841 0.1311876 2
-1.841602 3.3554826 -0.078137554 3
-1.0541389 1.9632487 -0.076982595 1
-1.0528725 1.9772356 -0.080061376 1
-1.2187498 2.2733274 -0.073295839 1
-1.4879779 2.7523732 -0.083262615 2
-1.8317025 3.3655562 -0.078766383 3
-5.4953127 9.8924417 2.3541877 23
-2.236207 4.0897841 0.12478911 2
-6.0395403 10.875647 3.440798 2
-7.1532183 12.849444 3.4333444 3
-2.1508799 3.9737909 0.29623932 19
-5.339191 9.635788 3.5174005 30
-2.1569161 3.9555662 0.45531178 2
-5.5036297 9.8986483 1.9511465 17
-1.0439703 1.9777442 -0.079049595 1
-4.4858041 8.2340345 0.057309542 6
-5.3053393 9.6546431 3.5173562 30
-2.1449168 3.9667902 0.45523602 2
-5.4493322 9.9049435 3.1747918 6
-5.4641905 9.9229364 2.7652423 2
-2.2217927 4.0977883 0.12476946 2
-5.4624891 9.9152727 2.3547821 22
-5.4688663 9.9180384 1.9511034 19
-1.8198259 3.3721459 -0.078782357 3
-1.483996 2.7680531 -0.085527487 2
-5.464911 9.8977242 1.1504825 2
-1.2126 2.2811847 -0.074194431 1
-5.2749853 9.6758232 3.5183623 30
-5.4294114 9.9335842 2.3547392 22
-5.4367366 9.9247589 1.1509962 30
-4.4640899 8.2595949 0.056684598 6
-5.4024472 9.898468 0.35889527 3
-1.0332003 1.9748188 -0.077013366 1
-5.4402008 9.9264193 0.75444686 13
-5.4018302 9.8924065 2.753947 22
-1.1931757 2.265147 -0.06888248 1
-5.4263582 9.9234467 1.9490566 17
-1.7945271 3.3544891 -0.074507512 3
-1.4742128 2.7734287 -0.085540913 2
-3.3142893 6.1080284 -0.067991607 3
-5.4230013 9.9395065 3.1788535 13
-1.1940132 2.2846735 -0.072886571 1
-1.7947013 3.3814144 -0.078201979 3
-5.4002213 9.9631243 2.3566093 22
-5.3913465 9.9381704 1.9485117 19
-4.4255424 8.2578106 0.057628691 6
-5.2409892 9.6944485 3.5183182 28
-5.3859525 9.9508514 0.3583084 68
-5.3954468 9.9679337 3.1815474 18
-5.4008813 9.9690247 2.7670927 36
-5.394196 9.9299345 1.1500618 33
-5.3945642 9.9218626 0.75386649 21
-3.2793977 6.0953093 -0.065668285 3
-1.4568435 2.7650089 -0.082552962 2
-1.0317863 1.9887902 -0.080092184 1
-5.2142978 9.7265301 3.522464 27
-5.3511443 9.9698668 3.17694 4
-1.7789903 3.3809402 -0.076992504 3
-5.3621359 9.9676285 1.9499674 19
-4.400331 8.2804832 0.05719737 6
-5.3624754 9.9909258 0.35791948 100
-5.3593116 9.9760151 2.7643323 38
-3.2171431 6.0293522 -0.058308862 3
-2.3903086 4.5072203 -0.093296923 19
-1.0269388 1.9958026 -0.081125475 1
-5.3595686 9.9717674 2.3546479 21
-5.369307 9.9584293 0.75423545 30
-1.1840543 2.285624 -0.072011143 1
-5.3707986 9.9699907 1.15135 47
-1.4475622 2.7700331 -0.082567304 2
-1.0143362 1.9893855 -0.078067131 1
-5.3334017 9.9756165 0.75414634 23
-4.3721919 8.2977877 0.057060089 6
-5.3301044 9.9784002 1.1506355 38
-1.4359026 2.7718234 -0.081830084 2
-1.7708182 3.3943036 -0.07823579 3
-5.330904 9.9935226 1.9509227 19
-5.1746378 9.7347517 3.5192752 28
-5.3255072 10.006316 0.35792997 100
-3.2300038 6.103919 -0.064382695 3
-5.8682237 11.014033 3.4496727 5
-5.8949013 11.05367 3.0020783 21
-5.3245492 9.9906874 2.3546009 22
-1.1741033 2.2865248 -0.071135432 1
-5.2734261 9.9933252 0.35839671 67
-5.2988429 10.004249 1.1510326 38
-4.3402424 8.3079414 0.057316031 6
-5.1422591 9.7564363 3.5202763 28
-5.8295512 11.034728 3.4496212 6
-5.8449955 11.05369 2.9973712 25
-3.2085423 6.1153779 -0.064411461 3
-5.292068 10.005349 1.9498743 19
-1.7719085 3.4250734 -0.08254385 3
-5.285068 9.9833031 1.5470654 15
-1.4261054 2.777036 -0.081844062 2
-1.0072773 1.9931288 -0.07807824 1
-1.1696934 2.2976975 -0.072922222 1
-5.291328 10.012959 2.3551931 22
-5.2993207 9.9961748 0.75414127 34
-5.2602959 10.021302 1.5490053 27
-3.1945136 6.1408501 -0.065784268 3
-5.2580152 10.035113 2.3557854 22
-1.7542627 3.4209847 -0.080721974 3
-1.4199803 2.7891555 -0.083360352 2
-5.2655945 10.026456 1.151209 35
-1.1597263 2.2985392 -0.072047018 1
-5.265173 10.016641 0.75413507 67
-0.99839085 1.9934347 -0.077065937 1
-5.2494903 10.009998 1.9478264 19
-2.283026 4.4204135 -0.078171149 17
-5.8107748 11.082968 2.9992585 17
-5.2346034 10.004858 0.35846263 80
-5.1115923 9.7814245 3.5223253 28
-4.3166437 8.3338871 0.056686316 6
-4.2892251 8.352685 0.056448959 6
-5.09337 9.8302393 3.5317097 30
-1.0003462 2.0142236 -0.082191102 1
-1.1470354 2.2941606 -0.069839977 1
-5.203207 10.030403 0.35830072 68
-5.2233467 10.068833 3.1831365 0
-5.2262721 10.02812 0.75392371 66
-5.039876 9.7105188 2.688117 3
-5.2227702 10.053665 2.3557367 21
-5.2266641 10.03795 1.1507187 35
-1.4082904 2.7908349 -0.082622938 2
-5.2316017 10.052185 1.5502232 48
-1.7311407 3.4063201 -0.077060759 3
-5.2171135 10.033782 1.9485303 20
-3.1747799 6.1557283 -0.066149652 3
-5.1994119 10.062499 0.75424701 77
-5.0552759 9.8413763 3.5295672 27
-5.1914296 10.056403 1.1506689 35
-1.400249 2.7994354 -0.083388314 2
-5.1889329 10.056516 1.5487303 28
-5.1661482 10.045183 0.35831127 61
-5.1892295 10.066278 1.9504814 20
-2.3106601 4.5493712 -0.093408555 19
-4.9540958 9.6291418 2.6659606 32
-3.1531394 6.1670132 -0.06618125 3
-5.1735907 10.059631 3.1757913 0
-4.2690563 8.3855848 0.055427127 6
-1.7154639 3.4055586 -0.075852089 3
-1.1407201 2.3018322 -0.070740826 1
-5.1628203 10.02483 2.3470724 37
-0.98244268 1.9973654 -0.076064803 1
-4.9310784 9.6675568 2.6705692 20
-3.7387528 7.4228163 0.10945418 8
-5.0171676 9.8523903 3.5274224 27
-5.1363926 10.074072 0.35809052 100
-5.1525517 10.105593 3.1830404 0
-5.1502309 10.077529 1.9494342 20
-5.1481342 10.064215 1.5475978 28
-5.1650124 10.08262 0.75423908 29
-1.7107205 3.4257867 -0.078321658 3
-5.1475625 10.081641 2.3540447 21
-3.1113222 6.1392684 -0.062516384 3
-1.3876444 2.7992957 -0.08227738 2
-5.1570373 10.076481 1.1507324 33
-1.1343645 2.3094757 -0.071639761 1
-0.973575 1.9975629 -0.075052701 1
-3.0915556 6.1538539 -0.062881805 3
-1.3723651 2.793855 -0.080039851 2
-4.2227731 8.440608 0.053967409 6
-4.9860735 9.8769865 3.5294709 27
-5.1383533 10.165402 3.1939373 0
-4.8971238 9.6849785 2.670521 26
-5.1202674 10.115633 2.3568683 21
-5.1202841 10.106314 1.950884 20
-1.6896113 3.4143817 -0.075274892 3
-5.1127949 10.082379 1.5475489 28
-5.1225772 10.096451 1.1507944 38
-1.1244042 2.3101723 -0.070765473 1
-5.1204715 10.083049 0.75377905 29
-0.96648866 2.0011628 -0.075063258 1
-2.1589592 4.3325887 -0.062115043 15
-5.0973854 10.085068 0.358156 100
-4.187747 8.4448309 0.054515179 6
-1.3660594 2.8058488 -0.081556447 2
-5.0889492 10.118093 1.1509666 38
-0.96114868 2.0081823 -0.076096855 1
-1.1197661 2.3212483 -0.072552115 1
-4.9513774 9.8946104 3.5294218 27
-5.0728459 10.124447 0.35776424 100
-5.0885487 10.155752 3.18659 0
-4.8648844 9.7057886 2.6712496 30
-5.0829558 10.130192 2.3561795 21
-2.1202955 4.2943039 -0.055963691 14
-5.0767002 10.108464 1.9485844 19
-1.6775621 3.4204707 -0.075291052 3
-5.0882387 10.121736 1.5496664 26
-3.0681145 6.161294 -0.062577344 3
-5.0832591 10.097555 0.75364721 26
-4.1634474 8.4703646 0.05388239 6
-2.0998094 4.2912669 -0.054561593 14
-5.0456119 10.144617 2.3554912 21
-5.0394235 10.122837 1.9480355 19
-4.9148889 9.9086514 3.5283253 28
-5.0355134 10.138761 0.35777289 100
-5.0458832 10.159804 3.1828914 0
-4.8325615 9.7264776 2.671977 28
-3.0285184 6.1365962 -0.059247855 3
-1.6619371 3.4194725 -0.074082479 3
-5.0491171 10.132586 1.5488939 26
-1.3526022 2.8038096 -0.080069855 2
-5.0480285 10.125359 1.1502508 35
-1.1097906 2.3218856 -0.071677864 1
-5.0532274 10.126194 0.75384533 25
-0.95751488 2.0186408 -0.078153841 1
-5.0212622 10.151159 0.7539618 25
-3.6022842 7.4107919 0.11284436 8
-4.8852472 9.9363842 3.5314205 28
-2.0722675 4.2739291 -0.051260445 14
-5.0135441 10.150402 1.5488441 26
-1.6587147 3.44315 -0.077167034 3
-0.94689125 2.015286 -0.076120161 1
-1.101566 2.3259547 -0.071689919 1
-4.996356 10.149368 0.35783711 100
-5.0102005 10.177634 3.182842 0
-5.0106921 10.139599 1.1499797 38
-4.8054051 9.7575951 2.6750331 26
-3.0105078 6.1544981 -0.059951339 3
-5.0082216 10.158895 2.3548036 20
-1.3391739 2.8016992 -0.078582726 2
-5.0074263 10.147732 1.9489857 19
-2.0589731 4.2849102 -0.051756155 14
-3.6079049 7.4881153 0.10926765 8
-4.8469276 9.9467402 3.5292745 28
-4.9607339 10.166991 0.35778579 100
-4.9692831 10.184856 3.1800539 0
-4.7685313 9.7693148 2.6738186 23
-2.9641106 6.1151857 -0.055278309 3
-4.9725523 10.176579 2.3547533 22
-4.9762025 10.174299 1.9501845 20
-1.6483258 3.4526818 -0.077798367 3
-4.9761338 10.164522 1.5484337 23
-1.3310224 2.8100994 -0.079348944 2
-4.9821997 10.171597 1.1508163 35
-1.0950673 2.3335018 -0.072590575 1
-0.93802088 2.0153253 -0.075107515 1
-4.9847379 10.167086 0.75386953 17
-2.9329562 6.1060524 -0.053462036 3
-4.9402957 10.201221 2.3559785 22
-4.7342191 9.7861519 2.6737714 23
-4.9422307 10.195428 1.9506353 20
-1.6291736 3.4444485 -0.07536418 3
-4.9369416 10.209401 3.181828 0
-4.053103 8.4710855 0.05611534 6
-4.922411 10.179115 0.35781983 100
-4.813684 9.9673414 3.5302708 28
-2.0456333 4.2958713 -0.052254409 14
-4.936934 10.17495 1.5476598 23
-1.3262957 2.8255215 -0.081616603 2
-4.9447308 10.185588 1.1505446 38
-1.0885293 2.3410277 -0.073490977 1
-0.93087339 2.0188067 -0.075119555 1
-4.9481678 10.182898 0.75377733 100
-4.7820415 9.991293 3.5323172 28
-4.6998501 9.8028927 2.6737218 23
-0.925412 2.0257401 -0.076154076 1
-4.888433 10.200081 0.35771057 100
-4.9095922 10.244381 3.1863358 0
-2.9045105 6.1021361 -0.052147344 3
-4.90275 10.215129 2.3552883 22
-2.103503 4.4531989 -0.072223991 16
-4.902091 10.203963 1.9493332 19
-1.6118286 3.4396741 -0.07354179 3
-4.9099336 10.210267 1.5494158 24
-1.3180332 2.8338883 -0.082382016 2
-4.9072208 10.199447 1.1502714 38
-1.0699792 2.3239973 -0.06817846 1
-4.9106746 10.196765 0.75364274 14
-4.8509035 10.213734 0.35771668 100
-4.8685951 10.235988 2.3558762 21
-4.758656 10.032544 3.5395997 31
-4.6679764 9.8247995 2.6748354 25
-2.0671165 4.4178133 -0.066548213 16
-4.8758297 10.231212 1.5497234 23
-4.8671312 10.223065 1.9495296 20
-1.3028938 2.8280838 -0.080145858 2
-4.8696823 10.21317 1.1499977 38
-1.0702412 2.3454959 -0.072629422 1
-4.8748865 10.214099 0.75359052 14
-0.9215951 2.0361292 -0.078210965 1
-1.6031339 3.4526238 -0.074787207 3
-4.873611 10.261721 3.1862845 0
-2.855166 6.0573301 -0.046972267 3
-2.0635495 4.4503117 -0.069896623 16
-4.8346577 10.247407 1.950479 20
-4.7217603 10.045901 3.5384998 34
-4.8133316 10.227239 0.35772178 100
-4.8309526 10.249636 2.3551853 20
-4.8390279 10.231294 0.7535395 100
-4.8390055 10.241183 1.15061 35
-1.0653082 2.3564696 -0.074417539 1
-3.5010939 7.5393152 0.10911262 8
-1.5903457 3.4587152 -0.074807175 3
-0.91568726 2.0432162 -0.079246715 1
-4.8273945 10.262221 3.1816692 0
-4.6325908 9.8439035 2.6751704 22
-2.8579202 6.1178575 -0.051709909 3
-1.2440453 2.7320783 -0.058762789 2
-4.8381095 10.249279 1.5496691 23
-1.0615667 2.3711545 -0.077093385 1
-4.6830659 10.059939 3.5373971 33
-4.7913609 10.279288 3.1816151 0
-2.6880581 5.8145919 -0.022502398 3
-4.7948542 10.271118 2.3557677 21
-2.0470965 4.4580855 -0.06992121 16
-1.5781459 3.4644637 -0.074825883 3
-4.798717 10.259154 1.5488944 22
-1.2133344 2.6922534 -0.049390983 6
-4.8004017 10.257304 1.1504452 33
-4.8002796 10.272507 1.9514232 20
-4.8064685 10.260066 0.75373214 100
-0.89848351 2.0256667 -0.073120028 1
-4.6013703 9.8673697 2.6766708 22
-4.7773452 10.248688 0.35760903 100
-3.474613 7.5517449 0.1090711 8
-2.5237374 5.5174308 0.0060367268 3
-4.7579541 10.286263 2.3553963 30
-1.5558432 3.44871 -0.071164869 3
-1.0465343 2.3609512 -0.073556565 1
-4.8047905 10.402041 3.2089236 0
-4.7447696 10.272791 0.35744277 100
-4.6493611 10.079984 3.5383942 33
-4.5617261 9.872982 2.6742928 21
-3.448086 7.5640602 0.10903154 8
-4.7643933 10.279714 1.5492028 23
-4.7642145 10.289472 1.9513694 20
-1.1929495 2.673583 -0.044525333 12
-4.77034 10.286908 1.1511688 35
-4.7661977 10.267991 0.75347245 100
-2.0617697 4.5301452 -0.078495257 17
-0.89129943 2.0290072 -0.073131919 1
-4.6172085 10.103438 3.5404348 34
-4.7087202 10.289545 0.35738781 100
-4.5229249 9.8802118 2.6723027 25
-2.353128 5.2011318 0.036258385 3
-4.721005 10.301293 2.3550229 21
-2.0474949 4.5411386 -0.078993522 17
-1.5420076 3.4507544 -0.070569292 3
-4.7283101 10.29654 1.5491493 23
-1.1868154 2.6850696 -0.046042282 12
-4.7308588 10.296501 1.1506727 35
-1.0348797 2.3577402 -0.07179483 1
-4.7239089 10.297306 1.9500662 19
-4.7267804 10.277563 0.75325489 96
-0.89227891 2.04984 -0.078258641 1
-3.8698814 8.550786 0.056143671 6
-4.6955018 10.320471 1.549819 23
-4.6963911 10.316833 1.1508411 35
-1.1896789 2.7161794 -0.051690165 4
-4.6957407 10.305141 0.75344783 100
-3.8431742 8.5717535 0.055705082 6
-4.6885891 10.315791 1.9502635 20
-1.9833055 4.4438825 -0.065242358 15
-4.5849447 10.126797 3.5424771 34
-1.0265344 2.3615639 -0.071809188 1
-4.4857683 9.8908491 2.6710892 7
-0.88338947 2.0496542 -0.07724715 1
-5.190309 11.433815 3.4660006 7
-2.2214487 4.9633684 0.059088148 3
-4.6759462 10.313432 0.35721925 100
-4.69309 10.335914 2.3581593 21
-1.5430818 3.485059 -0.07549642 3
-6.1062479 13.538102 3.4597301 5
-4.6551666 10.348907 2.357466 20
-1.2389196 2.8491569 -0.078739956 2
-3.813076 8.5853596 0.055658642 6
-4.6601806 10.333439 1.1507851 35
-4.5493779 10.143006 3.5424244 34
-4.634779 10.319017 0.357337 100
-4.6950312 10.4526 3.2087615 0
-4.6612339 10.325359 0.7534771 81
-0.87934232 2.0599787 -0.079306163 1
-2.0947738 4.731998 0.081247471 3
-1.0214235 2.3724511 -0.073598243 1
-4.6573114 10.343175 1.9517103 22
-1.5275058 3.4834597 -0.074288413 3
-4.6642399 10.347937 1.5508472 24
-3.7861981 8.6061516 0.055220004 6
-4.6197009 10.346261 1.5489867 23
-2.0485604 4.6741328 0.087273568 2
-4.6172056 10.361753 2.3567746 18
-1.5070673 3.4709902 -0.071241073 3
-0.86884356 2.0562167 -0.077271961 1
-4.6241722 10.340002 0.75338095 54
-1.2337208 2.8644216 -0.081008993 2
-4.6263824 10.355346 1.1510634 30
-1.0178584 2.3868732 -0.076274067 1
-4.6275415 10.374104 1.9536539 24
-4.5121655 10.155576 3.5413237 34
-4.5985646 10.335387 0.35728285 100
-6.0635843 13.570354 3.4619858 5
-1.9274285 4.4037905 -0.058164556 15
-3.7511256 8.6085911 0.055764828 6
-4.4780769 10.175073 3.5423152 33
-4.5688214 10.36622 0.35699928 96
-4.589519 10.359989 0.75340748 13
-6.0207729 13.602456 3.4642401 5
-2.0272169 4.6705747 0.088255279 2
-4.5872769 10.392492 2.3592715 20
-4.5927501 10.394089 1.9540979 27
-1.499679 3.4872811 -0.073101237 3
-4.5850091 10.366221 1.5492926 23
-1.2219912 2.8653491 -0.080274217 2
-4.5900316 10.37169 1.1510093 30
-1.0046144 2.3799641 -0.073625654 1
-1.8209659 4.2077613 -0.03158417 11
-0.85679376 2.0488782 -0.074214078 1
-4.5389261 10.396999 0.356713 96
-5.9714599 13.620098 3.4633923 5
-4.4439073 10.194449 3.5433075 33
-1.7013934 3.9783688 -0.00072571996 8
-4.5498214 10.395799 1.9520445 24
-4.5567117 10.400621 1.5510422 24
-1.2102706 2.8662264 -0.079539172 2
-4.5552564 10.391564 1.1511732 30
-0.98984534 2.3694189 -0.070088051 1
-4.5507202 10.370713 0.75322843 13
-0.8495295 2.0520737 -0.074226424 1
-1.4889826 3.4963248 -0.073733307 3
-3.7257187 8.6328535 0.055126607 6
-2.0107737 4.6778531 0.088229775 2
-5.0451326 11.541896 3.4748774 6
-4.5507903 10.408713 2.3592155 19
-4.5189919 10.403193 1.1508998 30
-3.6969264 8.6453886 0.055082526 6
-4.4145398 10.219994 3.5463982 30
-4.5058694 10.415886 0.3566027 87
-4.517664 10.427608 2.3598013 18
-4.5183582 10.395933 0.75337869 13
-4.5234151 10.424017 1.5517088 24
-0.98617899 2.3837893 -0.072765104 1
-5.0046158 11.559709 3.4748154 6
-5.93155 13.659103 3.4671967 5
-1.99912 4.6960225 0.087195002 2
-1.6186216 3.8281777 0.019683143 6
-4.5117264 10.408249 1.9514879 30
-1.4766535 3.5017271 -0.073753797 3
-1.2064835 2.8850446 -0.082559966 2
-0.84693629 2.0658584 -0.077307694 1
-4.3817282 10.242707 3.5484374 30
-4.4645343 10.420786 0.35671902 90
-4.484077 10.422819 1.1510651 30
-4.5127883 10.533513 3.2084827 0
-1.4633404 3.5031919 -0.073158965 3
-4.4817748 10.434319 1.9529339 30
-1.512184 3.6189215 0.047697559 3
-4.4763298 10.432718 2.357831 19
-5.886024 13.678965 3.4671276 5
-3.6713138 8.6694851 0.054444559 6
-0.98597634 2.4051366 -0.077217728 1
-4.4884987 10.422094 0.75357217 13
-1.966679 4.6666574 0.090531185 2
-4.4884124 10.443649 1.5520135 24
-1.1900058 2.8750551 -0.079571709 2
-0.84271359 2.0761194 -0.079367362 1
-4.4519224 10.437943 0.75351709 13
-4.4506669 10.445996 1.1514519 30
-1.1772377 2.8719862 -0.078085303 2
-4.4504352 10.451424 1.551237 24
-4.3442264 10.254657 3.5473354 34
-3.6393142 8.6788321 0.054591931 6
-0.82803357 2.0613649 -0.074262589 1
-0.9759115 2.4051948 -0.07634335 1
-1.4789596 3.5770011 0.053853817 2
-4.4428301 10.45581 2.3590493 18
-1.9510708 4.6733665 0.090507209 2
-5.8333673 13.688918 3.464726 2
-1.4588249 3.5266502 -0.07624609 3
-4.4295468 10.440247 0.35660437 90
-4.448287 10.457443 1.9538776 31
-4.3952675 10.461417 0.35645917 84
-3.6072826 8.6880283 0.054742955 6
-4.3082209 10.270048 3.547277 33
-4.4387636 10.565321 3.2083666 0
-5.5681634 13.200567 3.355325 2
-1.9346224 4.6803842 0.090479866 2
-4.4123302 10.486053 2.3615432 18
-4.4147024 10.480483 1.9548185 31
-0.82072443 2.0644615 -0.074274361 1
-4.4129252 10.448166 0.75333595 13
-0.96432871 2.4016464 -0.074582145 1
-4.4163585 10.467232 1.1517273 23
-1.1686401 2.87992 -0.078854412 2
-4.4121776 10.463487 1.5508202 26
-1.4339472 3.5028775 -0.071358263 3
-1.4679096 3.5860274 0.053357471 2
-0.81794345 2.0782177 -0.077357046 1
-0.94516277 2.380096 -0.068382964 1
-4.3819647 10.488363 1.1520021 26
-1.1569324 2.8805873 -0.078119546 2
-1.4262247 3.5190129 -0.073219724 3
-4.4016662 10.581011 3.2083092 0
-4.3755126 10.501635 2.3614872 17
-4.2706523 10.281746 3.5461743 27
-4.3616633 10.484308 0.35628843 81
-4.3763599 10.492429 1.9542626 28
-1.4513885 3.5822039 0.054525353 2
-4.3778195 10.46745 0.75336039 13
-4.3832211 10.497431 1.5525664 26
-5.2850604 12.659945 3.2350721 4
-3.5775726 8.7069798 0.054395702 6
-1.9173195 4.6876826 0.090452991 2
-4.3386459 10.517118 2.3614287 18
-4.2404981 10.311116 3.5503054 25
-4.3248754 10.499722 0.35622966 65
-1.4326161 3.5728285 0.056405574 2
-4.3410659 10.511566 1.9547045 26
-4.345736 10.493979 0.7535494 13
-4.3420568 10.496484 1.1515017 26
-0.94278455 2.3979845 -0.071947843 1
-4.3445334 10.513697 1.5525056 26
-0.81020755 2.0814385 -0.077370532 1
-4.3251128 10.507518 3.1854527 0
-5.0733562 12.284939 3.1504834 2
-1.9008193 4.6945796 0.090425506 2
-1.1477677 2.8886602 -0.07888706 2
-1.4070765 3.5098729 -0.070787504 3
-3.5485299 8.7233448 0.054150164 6
-0.80134243 2.0809045 -0.07635992 1
-4.2831292 10.508367 0.35628375 65
-4.1705952 10.238529 3.1133616 2
-4.2253647 10.359593 2.7348447 4
-2.1835709 5.4230423 0.024474088 3
-4.2802281 10.485813 2.3530743 9
-1.3893909 3.5022109 -0.068659328 3
-4.3068891 10.538692 1.9561406 27
-1.1390746 2.8965087 -0.079657055 2
-4.3049064 10.516275 1.1516626 26
-0.93537122 2.4052567 -0.072850451 1
-1.4224293 3.5856321 0.055433556 2
-3.5216975 8.745162 0.053608492 6
-4.1656122 10.237683 3.5240664 9
-4.3085961 10.513785 0.75357163 13
-4.3106852 10.536416 1.5531682 24
-3.4894934 8.7539434 0.05373653 6
-4.2515574 10.536458 0.35600281 43
-4.0187449 9.9703808 3.0417087 2
-3.984921 9.8987179 3.4203207 10
-4.073595 10.093169 2.6746807 6
-2.172065 5.4493089 0.022744907 3
-4.0950041 10.139295 2.289844 5
-4.1424632 10.243724 1.9138378 1
-1.4112952 3.5944815 0.054923885 2
-4.2709403 10.527174 0.75344795 13
-1.3807976 3.5164123 -0.07022769 3
-4.2388558 10.466927 1.5447874 9
-1.1258494 2.8934281 -0.078184351 2
-4.2489982 10.485342 1.1488112 7
-0.92388564 2.4015219 -0.071101442 1
-0.78954005 2.0731876 -0.073313817 1
-3.9465356 9.9038935 3.4176354 31
-1.3639241 3.5104523 -0.068411514 3
-3.4609957 8.7718801 0.053379238 6
-3.9625046 9.9322863 3.0284193 17
-3.9532795 9.898551 2.6300311 22
-2.1866748 5.5401678 0.015136987 3
-3.9613135 9.9123306 2.2476764 19
-1.4031091 3.6106479 0.053472385 2
-3.9891343 9.969799 1.8745439 1
-4.0511451 10.111121 1.5084497 1
-1.1156288 2.8975642 -0.078204922 2
-4.0818572 10.18043 1.1295705 2
-0.91686052 2.4085689 -0.072007045 1
-4.1116652 10.242328 0.74672776 18
-0.78365296 2.0797365 -0.074352361 1
-3.4309394 8.7860041 0.053219896 6
-0.90979695 2.4155943 -0.072912395 1
-3.9160199 9.9174089 3.0210581 14
-3.9177859 9.9107294 2.6295748 20
-0.7748298 2.0790956 -0.073344268 1
-3.9182198 9.9340191 3.4222772 37
-3.9301324 9.9502668 0.36541378 3
-2.1932306 5.6127038 0.0092112953 3
-1.3926046 3.621289 0.05273312 2
-3.9222615 9.9047747 1.8637334 28
-1.3589336 3.5337532 -0.071505696 3
-3.9285188 9.9092999 1.4872741 19
-1.106864 2.905313 -0.07897722 2
-3.9378138 9.9263391 1.1134367 10
-3.9368236 9.9520159 2.2520721 30
-3.9484441 9.9416714 0.73968148 23
-3.8948359 9.9370966 1.8661629 26
-3.402292 8.8037596 0.052860469 6
-3.8848732 9.9381657 0.36574659 3
-3.8840787 9.9385538 3.0228097 11
-3.8844438 9.9282799 2.63028 23
-2.172019 5.6168585 0.0095079085 3
-3.8923929 9.9421234 2.2478561 30
-1.3680668 3.5968318 0.056510899 2
-1.3464715 3.5386989 -0.07153061 3
-3.9018576 9.9435711 1.4891883 32
-1.0936856 2.9020853 -0.077495068 2
-3.9007492 9.9347105 1.1130357 28
-0.90414381 2.426224 -0.074705631 1
-3.9016769 9.9259396 0.73895603 23
-0.7703349 2.0892003 -0.075407639 1
-3.8847556 9.9515018 3.4232554 30
-3.3764646 8.8288403 0.05210958 5
-3.8485336 9.948204 0.36573404 3
-3.855335 9.9566393 2.6333125 23
-3.8614116 9.9545946 1.8665916 26
-0.76577652 2.0992827 -0.077469848 1
-1.0747663 2.8841939 -0.073009178 2
-3.868813 9.9559431 1.1134098 26
-1.3368959 3.5509589 -0.072783396 3
-3.8640196 9.9499712 1.4883984 26
-3.849812 9.9652834 3.4231846 30
-3.869777 9.9471836 0.73905212 23
-3.8463256 9.9450788 3.0209172 14
-0.89412236 2.4259601 -0.073835537 1
-2.1639652 5.6543097 0.0067750248 3
-3.8596578 9.9614325 2.2487433 38
-1.3604859 3.6147482 0.054819923 2
-3.346909 8.8445339 0.051850699 5
-3.8106179 9.9681349 3.419975 28
-3.8208747 9.980463 0.3653768 3
-3.8156431 9.9695911 3.0235829 11
-3.8261945 9.9562416 1.4876063 27
-3.8232255 9.9776297 2.6347921 27
-2.139009 5.6490674 0.0079136593 3
-3.8218148 9.9677486 2.2473979 30
-1.3477409 3.6197073 0.054794464 2
-3.8293502 9.9756775 1.8675203 28
-1.3200564 3.544791 -0.070968285 3
-1.0688746 2.8991308 -0.07528422 2
-3.836777 9.9770927 1.113782 26
-0.88553995 2.4292998 -0.073854268 1
-3.8363225 9.9646025 0.73906457 23
-0.75551224 2.0949719 -0.075438738 1
-2.1177084 5.6530156 0.0082092499 3
-3.7910895 9.9923515 2.2492411 34
-1.3428564 3.6450009 0.052152202 3
-1.3104097 3.5569751 -0.072221644 3
-3.7926831 9.9735117 1.487898 29
-0.87271297 2.421689 -0.071208216 1
-1.0600526 2.9067364 -0.076057389 2
-3.7769992 9.9852629 3.4209514 34
-3.7858436 9.9939823 0.36530602 12
-3.7806363 9.9831362 3.0235121 14
-3.7910142 9.9985046 2.6362727 27
-3.799906 9.9744577 0.73891252 23
-3.8060789 10.001853 1.1143769 26
-3.795759 9.9929514 1.8679503 26
-0.74808234 2.0978153 -0.075453542 1
-3.310029 8.8457966 0.052376963 6
-3.7645767 9.9923239 0.73891938 23
-3.7401876 9.9993467 3.4208758 28
-3.7535384 10.022685 3.0298195 11
-3.756089 9.999649 1.8668784 28
-3.7598829 10.021214 2.2517178 39
-3.2768583 8.8519449 0.052609712 6
-3.7518668 10.015528 0.36511713 12
-3.7499568 10.001609 2.6338747 34
-2.1259966 5.737308 0.0012678518 3
-1.2958268 3.5583093 -0.07163503 3
-3.7637508 10.008084 1.4898065 29
-1.049271 2.9108348 -0.076079264 2
-3.7720728 10.023459 1.1147457 26
-0.86371285 2.4251032 -0.071226485 1
-1.3272313 3.6445718 0.05283767 2
-0.74166161 2.1043904 -0.07649415 1
-3.7197227 10.039647 3.0306597 11
-3.7167175 10.028825 0.3650448 18
-3.2541747 8.8860168 0.051363319 5
-2.1142843 5.7673078 -0.00079371268 3
-3.7274959 10.041935 2.2529225 31
-3.7259026 10.025964 1.8685538 28
-1.2804798 3.5556459 -0.070434064 3
-3.7300358 10.025156 1.4900955 30
-1.0375978 2.9110394 -0.075349949 2
-3.73265 10.025628 1.1140096 28
-0.85098267 2.4173944 -0.068581231 1
-3.7316382 10.011273 0.73897207 23
-0.73283178 2.1035843 -0.075487159 1
-1.3101659 3.6382744 0.05423763 2
-3.7132339 10.034288 3.4270875 31
-3.7231576 10.036954 2.6384521 27
-3.2160618 8.8788538 0.052284397 6
-0.73217666 2.1244493 -0.080620639 1
-3.6820471 10.058326 3.4301555 30
-3.6829197 10.04572 0.36491713 3
-3.6844695 10.052846 3.0305889 11
-3.6879189 10.050149 2.6383822 27
-2.0667684 5.7020864 0.0057300637 3
-3.689471 10.047746 2.2515767 30
-1.2931616 3.6318967 0.05563689 2
-3.6941805 10.048455 1.8697329 24
-1.2707138 3.5677197 -0.071687236 3
-3.6962409 10.042107 1.4903853 30
-1.0259345 2.9111938 -0.074620374 2
-3.6988606 10.042595 1.1141598 26
-0.84928304 2.4388397 -0.073039874 1
-3.702822 10.041338 0.73926872 23
-3.6467266 10.071384 3.4300849 30
-3.649055 10.062522 0.36478639 3
-1.0156543 2.9149888 -0.074641615 2
-3.6560354 10.072433 2.6402485 26
-1.2900115 3.6626844 0.052282244 2
-3.6616678 10.069009 1.8706585 24
-3.6582253 10.047745 1.4895915 27
-3.6705577 10.074418 1.1151962 26
-0.83861697 2.4365308 -0.071726389 1
-3.6703684 10.061954 0.73936141 22
-0.71925616 2.1127212 -0.076541722 1
-3.6555662 10.064546 2.252141 30
-2.0342653 5.6758657 0.0087176021 3
-1.2581328 3.5723641 -0.071713418 3
-3.6471455 10.060442 3.0291495 10
-3.1951785 8.918395 0.050742347 5
-1.2743663 3.6599407 0.053205986 2
-3.6281598 10.056186 0.73888141 23
-3.6256998 10.068181 1.4902426 30
-2.008827 5.6681976 0.010023614 3
-3.6158335 10.084363 3.0318122 10
-3.6164813 10.082953 0.36460039 21
-3.6073942 10.073462 3.4268711 28
-3.1597981 8.9184704 0.051269107 5
-3.6193213 10.081715 2.6394017 24
-3.6304142 10.093176 1.8720843 24
-1.2428145 3.5695422 -0.070511915 3
-1.0094199 2.9298046 -0.076917797 2
-3.6345069 10.085552 1.1150129 23
-0.83268487 2.44699 -0.073520452 1
-3.622946 10.084918 2.2533457 28
-0.70642668 2.1009288 -0.072463468 1
-3.5942664 10.116345 2.2564607 27
-3.6578352 10.324124 3.4953685 18
-3.5838196 10.103297 0.36441153 6
-3.5870421 10.115508 3.0362976 8
-3.5892696 10.10933 2.6424279 24
-1.9990761 5.7035146 0.0074569848 3
-1.2655222 3.6758022 0.051752064 3
-3.5922809 10.098581 1.871015 24
-1.2261857 3.5629513 -0.068697251 3
-3.5930719 10.088517 1.4908915 27
-0.99504656 2.9224563 -0.074685231 2
-3.599113 10.09844 1.1149405 23
-0.81869829 2.4354527 -0.069987014 1
-3.5969641 10.080326 0.73905361 23
-0.70162547 2.1108787 -0.074527167 1
-3.1298382 8.9334631 0.051006377 5
-0.9860546 2.9298382 -0.075458109 2
-3.5554969 10.107591 1.8704425 16
-3.5656419 10.104359 0.7392261 22
-3.1064765 8.967164 0.049758255 5
-3.7007256 10.558916 3.5591481 30
-3.5537455 10.131058 0.36410773 3
-4.2420654 12.061154 3.5165553 3
-1.2431796 3.6542585 0.055053778 2
-3.5650194 10.11495 1.11509 23
-0.81139839 2.4421854 -0.070892446 1
-0.69807559 2.1244631 -0.077615067 1
-3.7550383 10.677485 2.3504257 7
-2.0012009 5.772613 0.0018593663 3
-1.2176268 3.5785997 -0.070565179 3
-3.5630417 10.116268 1.4922613 25
-3.0763218 8.9819727 0.049496122 5
-4.2016873 12.08168 3.5178351 3
-4.9971066 14.315168 3.5179651 3
-3.5355453 10.132084 0.73947978 22
-3.6636546 10.572039 3.5590744 27
-3.5888329 10.343509 0.36096686 3
-2.0015383 5.8380303 -0.0034016229 3
-3.754462 10.795035 2.3681974 16
-3.7652895 10.812221 1.9627436 17
-1.2369325 3.6775241 0.052649442 2
-0.68795192 2.1198277 -0.075584054 1
-0.80275846 2.4452391 -0.070911944 1
-3.6979179 10.60181 1.1428944 4
-3.7493675 10.754007 1.5522116 15
-0.97439134 2.9297938 -0.074729294 2
-1.1983981 3.5644338 -0.067521594 3
-3.0447919 8.9929018 0.049429819 5
-3.7381067 10.821816 0.7540738 11
-0.79540199 2.4519315 -0.071818687 1
-3.6278169 10.588707 3.5600431 24
-3.7248199 10.804872 1.5557402 19
-1.2226558 3.6783085 0.053097069 2
-4.9494843 14.340243 3.5194094 3
-3.7141898 10.81875 0.35379678 31
-4.1605649 12.100221 3.5186613 3
-1.9836462 5.8527379 -0.0041178796 3
-3.717875 10.812075 2.3687568 14
-3.7325947 10.840561 1.9646606 16
-1.1923735 3.5874686 -0.070617937 3
-0.96534717 2.9371183 -0.075503089 2
-3.7321754 10.818418 1.1547626 15
-0.6804381 2.1224477 -0.075600438 1
-0.79377198 2.4751813 -0.076722465 1
-3.009346 8.9923916 0.049956489 5
-3.5906394 10.601588 3.5599656 27
-3.681457 10.847013 0.35348713 31
-4.1206503 12.122332 3.5203948 3
-4.8953357 14.346598 3.5169806 3
-1.9604629 5.8523397 -0.0034883297 3
-3.6850932 10.840175 2.3712292 14
-1.2122877 3.6902869 0.052118137 2
-3.694555 10.853805 1.9645814 16
-1.1732466 3.5731795 -0.067575499 3
-3.688211 10.821857 1.5560194 20
-0.95626324 2.944406 -0.076276191 2
-3.7020767 10.854277 1.1560112 18
-3.6961939 10.823734 0.75374955 12
-0.66783029 2.1104279 -0.071521476 1
-3.6639876 10.867375 1.155934 18
-3.6421096 10.856266 0.35346571 28
-4.0793715 12.140613 3.5212181 3
-4.8488212 14.37502 3.5192022 2
-3.6496084 10.860723 2.3724244 15
-3.6564627 10.866888 1.9645036 16
-0.94458991 2.9442453 -0.075547367 2
-0.66412497 2.1239355 -0.074608579 1
-0.77803975 2.4578791 -0.071855798 1
-3.6569164 10.833035 0.75359046 12
-1.1580822 3.5700059 -0.066374026 3
-1.2005657 3.698487 0.051614773 3
-3.6541064 10.846221 1.5570232 20
-3.5546632 10.617992 3.560935 27
-1.9285316 5.8295674 -0.00083945738 3
-2.9800415 9.014967 0.049295161 5
-1.1817926 3.6859655 0.053728048 2
-3.5198584 10.637942 3.5629506 27
-3.6078627 10.880547 0.35321125 28
-3.614018 10.881143 2.3736207 12
-3.617686 10.877974 1.9641753 15
-3.6220009 10.869019 1.1551918 15
-0.76934433 2.4608128 -0.071874939 1
-3.6298409 10.878175 0.75420624 11
-3.6141407 10.859815 1.5569408 20
-0.9349336 2.9516492 -0.076322459 2
-1.9093103 5.84027 -0.0012181575 3
-4.7996435 14.404168 3.5214157 3
-4.0346317 12.155778 3.5211256 3
-1.1537477 3.6006653 -0.070699692 3
-2.9528277 9.038805 0.048538778 5
-0.65622145 2.1265981 -0.074625522 1
-3.5677776 10.893951 0.35312939 28
-3.5895755 10.90521 1.1564348 18
-3.9907458 12.166382 3.5201247 3
-4.7503619 14.42484 3.5220864 3
-1.1738222 3.7074604 0.051557612 3
-3.4830785 10.658383 3.5649629 30
-2.9273663 9.068284 0.04748283 5
-1.8786625 5.8169022 0.0014323764 3
-3.5763421 10.887671 1.9635923 15
-1.1347724 3.5861681 -0.067657359 3
-3.5823655 10.891523 1.5586623 19
-0.92201126 2.9476767 -0.07484173 2
-0.76268864 2.4712548 -0.073672026 1
-3.5884953 10.887896 0.7540397 11
-3.5739233 10.894612 2.3735354 12
-0.6511519 2.1364384 -0.07669045 1
-2.8986382 9.0881863 0.046922289 5
-3.5295558 10.906593 0.35304862 28
-1.834434 5.751761 0.0077906814 3
-3.5540717 10.911979 0.75420582 11
-0.90850711 2.9417865 -0.072984956 2
-3.5428891 10.900438 1.5582237 20
-1.1115592 3.5584445 -0.062463887 3
-3.5456104 10.922974 1.9665072 13
-1.1620002 3.7155447 0.051053315 3
-3.539398 10.918536 2.3753693 12
-3.5500522 10.914151 1.1561333 15
-4.6979151 14.436036 3.5208178 5
-0.75517303 2.4778318 -0.074578755 1
-3.9468265 12.176819 3.5191252 2
-3.4384196 10.64876 3.5586035 28
-0.64114088 2.1315899 -0.074659251 1
-3.4956901 10.926089 0.35285482 28
-2.8615854 9.077075 0.047944486 5
-3.5066762 10.941729 2.3772044 12
-3.5211406 10.948893 1.1573827 15
-3.4088802 10.678729 3.5637627 30
-3.5071166 10.920567 1.5588645 20
-3.5132897 10.91698 0.75396281 11
-0.89934134 2.9488978 -0.073759057 2
-0.62875944 2.1193497 -0.070580311 1
-0.74519253 2.4769769 -0.073709853 1
-3.91134 12.213038 3.5245013 2
-4.6399798 14.430253 3.516063 5
-1.8092595 5.7432103 0.0090965051 3
-1.146433 3.7122555 0.051977355 2
-3.5072834 10.935565 1.9664257 13
-1.094709 3.5493944 -0.060341824 3
-2.833976 9.1005764 0.04718563 5
-3.4775229 10.930719 0.75392562 11
-3.4839535 10.965165 1.1575232 13
-3.4647226 10.961325 0.35242516 25
-3.4708276 10.947376 1.9663504 13
-4.5979214 14.464504 3.5198379 5
-3.3737586 10.698195 3.5657775 30
-3.8765969 12.244758 3.5289705 2
-1.0852541 3.5607476 -0.061596561 3
-3.4707003 10.961697 2.3783975 13
-1.1413325 3.738935 0.049096007 3
-0.73445988 2.4722352 -0.071951278 1
-1.7902931 5.7535257 0.0087156817 3
-0.62244225 2.1254358 -0.071620673 1
-3.4712479 10.940595 1.5595027 20
-0.89074367 2.957859 -0.074908569 2
-2.7978365 9.0973253 0.047808845 5
-3.3350332 10.706504 3.5646508 30
-3.4274724 10.977397 0.35228735 25
-3.8300853 12.247355 3.5261483 3
-3.445276 10.962104 0.75425136 11
-4.5245414 14.409714 3.5050108 6
-1.7686511 5.7520642 0.0093488069 3
-3.4370332 10.989069 2.3808651 12
-3.4336145 10.963476 1.9667683 13
-1.0775189 3.5798128 -0.064080626 3
-3.4384215 10.963689 1.5605071 20
-0.88321948 2.9685006 -0.076434195 2
-3.4430435 10.96992 1.1569995 13
-0.72452372 2.4712965 -0.071081765 1
-1.1257396 3.7355733 0.050018631 3
-0.61883354 2.1387582 -0.074708566 1
-1.111375 3.7359211 0.050466277 3
-3.2986124 10.72206 3.5656164 31
-3.7882807 12.264651 3.5269678 2
-1.752027 5.7698479 0.0082942005 3
-3.3960955 10.993734 2.3795102 13
-1.0684717 3.5950859 -0.065949433 3
-3.4047532 10.99108 1.5618658 20
-3.4104347 10.985745 0.75441539 11
-0.71931696 2.4852049 -0.073766932 1
-3.4011068 10.994577 1.969183 13
-2.7724307 9.1282568 0.046653293 5
-0.61125398 2.1411338 -0.074725308 1
-3.3877633 10.985748 0.35226214 25
-3.4069602 10.989758 1.157359 15
-4.5016894 14.513674 3.5231092 3
-0.87095696 2.9661782 -0.075328723 2
-3.2598212 10.730085 3.564492 30
-3.3504112 11.001578 0.35212305 25
-3.7498608 12.292964 3.5305221 2
-3.3742752 11.005465 0.75449735 10
-4.4589448 14.555822 3.528424 3
-1.7281821 5.7647543 0.0092617199 3
-3.3598592 11.013344 2.3807011 13
-3.3637128 11.010457 1.9695984 13
-1.0616872 3.6178987 -0.069049299 3
-3.3649955 10.999357 1.5614244 19
-0.86048472 2.9694376 -0.075352222 2
-3.3695881 11.005636 1.1575007 13
-0.71110702 2.4897902 -0.074230433 1
-1.0993893 3.7438118 0.049961351 3
-0.60251093 2.1397955 -0.073718056 1
-2.731004 9.107584 0.048166513 5
-3.3153369 11.024925 0.35186657 25
-0.84826076 2.967025 -0.074247777 2
-1.0407785 3.5953746 -0.064777479 3
-3.3258548 11.04038 2.383167 12
-1.6979493 5.738605 0.012083365 3
-4.403286 14.556588 3.5252163 3
-3.7135749 12.328607 3.5358975 2
-3.2232862 10.745387 3.5654569 31
-2.6973 9.1115732 0.048394471 5
-3.3285789 11.033775 1.9710131 13
-1.0908693 3.763041 0.048028816 3
-0.59607172 2.1458118 -0.074758813 1
-3.336849 11.021265 0.75449651 10
-3.336863 11.036677 1.1585226 13
-0.69941878 2.4831679 -0.072027899 1
-3.3275776 11.015119 1.5617015 19
-2.66188 9.1096897 0.048920132 5
-3.2976019 11.031197 0.75437307 10
-3.6737039 12.352954 3.5385387 2
-3.7894819 12.71705 3.1424613 2
-3.1889205 10.76794 3.568517 31
-3.2784004 11.042434 0.35169587 21
-1.6708195 5.7218609 0.014062216 3
-3.2905486 11.06353 2.3849967 12
-1.0764509 3.7632685 0.048475381 3
-3.2887046 11.0418 1.9704318 13
-1.0281004 3.5992193 -0.064804062 3
-3.2924035 11.03836 1.5626999 18
-0.83778286 2.9701986 -0.074270278 2
-3.3004692 11.05617 1.1588812 15
-0.68949831 2.482106 -0.071159557 1
-0.58846802 2.1481066 -0.074775822 1
-0.82842994 2.9771068 -0.075046264 2
-2.633873 9.1325846 0.048158571 5
-3.1544375 10.79038 3.5715754 36
-3.6247838 12.347342 3.5338883 2
-1.6438286 5.7049913 0.016041758 3
-3.2539892 11.082767 2.3861897 12
-1.0609015 3.759625 0.049399287 3
-1.0165496 3.6068034 -0.065446705 3
-3.2594101 11.069128 1.5644172 17
-3.2522452 11.061094 1.9713455 13
-3.2616804 11.067886 1.1587977 15
-0.68184233 2.4884589 -0.07206741 1
-0.5808593 2.1503868 -0.074793778 1
-3.2629371 11.056302 0.75457418 10
-3.6727912 12.48987 3.0927958 2
-3.2442446 11.069384 0.35138035 21
-3.2162254 11.098142 2.3867412 12
-1.6260356 5.718576 0.015324092 3
-1.0027094 3.6067753 -0.064859688 3
-0.67192936 2.4873233 -0.071198612 1
-3.5836637 12.367685 3.5356176 2
-3.2020173 11.069395 0.35147136 21
-3.1171048 10.803466 3.5720165 27
-2.6018233 9.1419716 0.048089482 5
-3.5883594 12.365557 3.0644288 4
-3.2179351 11.087857 1.9732593 13
-3.2239673 11.092156 1.5654154 17
-0.81455743 2.968915 -0.072813556 2
-3.2217102 11.075646 1.158493 13
-3.2275639 11.079373 0.75473672 10
-1.0453917 3.7559307 0.050321549 3
-0.57655156 2.1637487 -0.077882841 1
-1.6042494 5.7187176 0.015785785 3
-3.0781083 10.810864 3.5708878 27
-3.1654241 11.088428 0.35127157 21
-3.5413582 12.384133 3.5364361 2
-3.5411258 12.365096 3.0616255 12
-3.1772714 11.109553 2.3866591 12
-1.0377328 3.7788503 0.047912408 3
-0.98777169 3.6029124 -0.063659735 3
-0.56233692 2.1437242 -0.071755119 1
-3.1920793 11.102347 0.75489509 10
-0.6653294 2.4973688 -0.072995305 1
-3.1884701 11.106241 1.1595144 13
-0.8085016 2.9870563 -0.075844325 2
-3.182811 11.095966 1.564611 18
-3.1801448 11.103098 1.9736738 13
-2.5742145 9.172821 0.046928097 5
-0.65659702 2.5019059 -0.073460445 1
-3.1497786 11.125804 1.1598674 13
-0.79961377 2.9977915 -0.077373736 2
-3.1447432 11.134034 1.976079 12
-3.1511779 11.114243 0.75480765 10
-2.5354683 9.1589394 0.048045747 5
-3.0382612 10.822377 3.5708005 27
-3.1301093 11.119452 0.3508912 21
-3.4968059 12.401082 3.5372479 2
-3.4901385 12.359431 3.0576558 12
-1.5853454 5.7324696 0.015065837 3
-3.1407058 11.136587 2.3891191 12
-1.0270529 3.7943225 0.04645317 3
-0.97772521 3.61814 -0.065532051 3
-3.1452479 11.119318 1.5656031 18
-0.55867374 2.1608696 -0.075869776 1
-2.4995482 9.1545172 0.048668839 5
-3.004482 10.848047 3.5749047 27
-3.0943811 11.142103 0.35063097 21
-3.4501066 12.402253 3.5344219 3
-0.78902733 3.0007961 -0.077397004 2
-3.447854 12.375607 3.0583358 17
-1.5706499 5.7573743 0.013335563 3
-3.1059506 11.162953 2.3915815 12
-3.1073017 11.150936 1.9767444 14
-1.0115026 3.7904806 0.047376312 3
-0.55101818 2.1630435 -0.075887881 1
-3.11274 11.12736 0.75476408 10
-0.64131099 2.4819198 -0.068148233 1
-3.1106071 11.145816 1.5669591 18
-3.1129348 11.144672 1.1602247 13
-0.95846176 3.5989597 -0.061872937 3
-0.63835996 2.5050213 -0.073055595 1
-3.0747392 11.168372 1.5679542 18
-3.4070804 12.397295 3.0601766 13
-2.4674172 9.163434 0.048598669 5
-2.9674489 10.862483 3.5758672 25
-3.4128902 12.437021 3.5397916 2
-3.0689099 11.181606 2.3927708 12
-1.0013714 3.8056998 0.045917463 3
-0.94041896 3.5835013 -0.058829479 3
-3.0759988 11.163424 1.160581 13
-3.0764205 11.148032 0.75488174 10
-0.54230189 2.1614599 -0.074880071 1
-3.0692453 11.165805 1.9771582 14
-1.5482533 5.7553954 0.013965049 3
-0.77469921 2.9905331 -0.07478752 2
-3.0574474 11.160784 0.35043013 21
-3.0275714 11.18492 2.3914115 12
-1.5344061 5.7840466 0.011897299 3
-3.3614929 12.401819 3.0585344 13
-3.3671796 12.441632 3.5378754 2
-3.0183041 11.171659 0.35034302 21
-2.9303427 10.876781 3.5768306 25
-2.4394646 9.1876545 0.047736228 5
-0.62897539 2.505589 -0.072631359 1
-0.98583543 3.8017588 0.046840228 3
-3.0353723 11.195848 1.9795657 14
-0.92884147 3.590807 -0.059471693 3
-3.0387487 11.190819 1.5689493 17
-0.75992733 2.9783149 -0.07180319 2
-3.0389714 11.182041 1.1609377 13
-3.0426731 11.178237 0.75520211 9
-0.53568274 2.1673026 -0.075921744 1
-2.409301 9.2040806 0.047269098 5
-2.9833262 11.197817 0.3500244 21
-3.3286474 12.472383 3.5423353 2
-3.3185017 12.415655 3.0588257 12
-1.5151261 5.7934546 0.011515387 3
-2.9904044 11.203306 2.3926005 12
-0.91566044 3.5923562 -0.059193179 3
-0.74837357 2.9773989 -0.071075201 2
-3.0029142 11.204402 1.1615144 13
-0.62166542 2.5136471 -0.07398469 1
-3.0076966 11.204464 0.75544244 9
-0.53005737 2.1768498 -0.077988222 1
-3.0002775 11.221951 1.9814751 14
-0.97348386 3.8092408 0.04633525 3
-3.0005376 11.205478 1.5692219 17
-2.8921614 10.887219 3.5767484 25
-0.5162673 2.1565268 -0.071859233 1
-2.3770046 9.2126932 0.047197547 5
-2.8539505 10.897538 3.5766633 27
-2.9481947 11.223857 0.34970573 21
-3.2869053 12.491735 3.5440614 2
-2.9614203 11.234551 1.9816381 12
-3.912256 14.795914 3.5426888 2
-1.5020214 5.8258896 0.009108494 3
-2.9551976 11.229207 2.3950608 12
-0.96213031 3.8205266 0.045351688 3
-0.90248042 3.5938656 -0.058914069 3
-2.9612246 11.216145 1.5691355 17
-0.73991257 2.9878113 -0.072602712 2
-2.9656911 11.222802 1.1618687 13
-0.61532366 2.5254457 -0.076226257 1
-2.9673407 11.211294 0.75527501 9
-0.51262593 2.1734915 -0.07597407 1
-2.8176754 10.915173 3.5786734 25
-2.9119043 11.245946 0.34944138 21
-3.2430785 12.50341 3.5439656 2
-3.8593633 14.805983 3.5418 3
-1.4805173 5.827487 0.0094006453 3
-2.9178259 11.247363 2.3962481 12
-2.9220033 11.245089 1.9815513 13
-0.89082968 3.601048 -0.059556499 3
-2.927001 11.245915 1.5708506 17
-0.72987127 2.9925129 -0.073002562 2
-2.9314599 11.252618 1.1628875 13
-0.60085511 2.507092 -0.071358502 1
-2.9290481 11.22571 0.75526977 9
-0.95071214 3.8317826 0.044369038 3
-2.3446689 9.2211733 0.047126431 5
-0.88717651 3.638773 -0.065116525 3
-2.8823614 11.273048 2.3987072 10
-1.4650854 5.8521395 0.0076677669 3
-3.8133907 14.842423 3.5463328 2
-2.8749115 11.273227 3.2437732 5
-2.8775089 11.27564 0.3490634 21
-2.7822866 10.936447 3.5817258 25
-2.3143044 9.2372732 0.046660043 5
-2.8845565 11.263159 1.982463 13
-0.71580356 2.9819806 -0.070394218 2
-0.59298187 2.5131786 -0.072266996 1
-0.9321661 3.8161006 0.046720631 3
-2.88957 11.26405 1.5714812 17
-2.890969 11.259201 1.1625785 13
-2.8957734 11.259319 0.75567138 9
-0.50393873 2.1717649 -0.074967116 1
-2.7448647 10.950115 3.5826869 27
-2.8524754 11.273352 1.1627123 11
-0.87137622 3.6306138 -0.063302457 3
-1.4495007 5.8767543 0.0059345877 3
-2.2882912 9.2707338 0.04529864 5
-2.8359616 11.278112 0.34909332 21
-2.8343823 11.279706 3.2427742 9
-2.8397729 11.281992 2.8180411 24
-2.8418212 11.279493 2.3979826 12
-0.92170316 3.8311086 0.045261502 3
-2.8480239 11.284967 1.9838701 12
-2.8530478 11.285894 1.5724758 16
-0.70132816 2.9694908 -0.067409188 2
-0.58409387 2.5154738 -0.072287947 1
-0.49624729 2.1737499 -0.074985191 1
-2.8582909 11.277367 0.75574529 9
-2.8113008 11.335851 2.8268569 9
-2.799361 11.299841 0.34882861 21
-2.811368 11.306635 1.9852802 13
-2.2552707 9.2769632 0.045325778 5
-0.68938321 2.9664462 -0.066304386 2
-2.8168824 11.298975 1.1635077 13
-2.8236883 11.306898 0.75606364 8
-0.48662508 2.1682155 -0.072953939 1
-2.706902 10.961783 3.5831256 19
-1.4229376 5.8588467 0.007913637 3
-2.8041842 11.297261 2.3991714 10
-0.57616395 2.5215123 -0.073197059 1
-2.8124638 11.292188 1.5720277 17
-0.86053157 3.6415279 -0.064559333 3
-0.91114509 3.8460867 0.043802343 3
-0.56724852 2.5237436 -0.073217258 1
-2.7636063 11.32532 0.34850585 21
-2.2222338 9.2830868 0.045352291 5
-2.6801157 11.018271 3.596117 16
-3.6590056 14.890037 3.5475364 5
-1.3994342 5.8524289 0.0088798795 3
-2.7693448 11.326396 2.4022679 10
-2.7755597 11.332043 1.9871868 11
-0.47799569 2.1663859 -0.071947008 1
-2.7840238 11.316947 0.75597513 8
-2.7811408 11.324495 1.1643016 13
-0.68034899 2.9747877 -0.067456089 2
-2.7738268 11.306088 1.5722983 17
-0.84383774 3.6294148 -0.062129527 3
-0.89662588 3.8456345 0.044247676 3
-3.0692527 12.55619 3.5453975 5
-2.7452927 11.330735 0.75596845 8
-0.55832231 2.5259461 -0.073237918 1
-2.7389519 11.33529 1.5740099 17
-0.82819158 3.6210709 -0.060314815 3
-0.88402975 3.8528337 0.043741055 3
-2.7333944 11.35161 2.4047258 11
-1.3750348 5.8420386 0.010184807 3
-3.0252063 12.567099 3.5453014 5
-2.1934361 9.3065681 0.044486579 5
-2.6455898 11.04472 3.6007371 24
-2.7229214 11.331268 0.34847733 12
-0.47312376 2.1795361 -0.075038292 1
-2.7348478 11.338087 1.9865999 12
-0.66652995 2.9640365 -0.064847231 2
-3.6114824 14.922059 3.5512912 5
-2.7452557 11.349895 1.1650964 12
-0.46356118 2.173898 -0.073007084 1
-2.7044988 11.355789 1.1647877 13
-0.65606719 2.9665864 -0.064871043 2
-2.6888421 11.36427 0.34803724 12
-2.6978958 11.359406 1.9880062 12
-3.5600922 14.938682 3.5519483 5
-1.3610995 5.8741522 0.007775879 3
-2.6018322 11.033534 3.5948973 19
-2.9801981 12.5741 3.5442915 5
-2.6963611 11.372864 2.4065475 10
-0.87045288 3.856137 0.043710019 3
-0.82011586 3.6433778 -0.063418023 3
-2.7001266 11.348925 1.5742804 17
-0.5466069 2.5167532 -0.07059145 1
-2.7083974 11.352172 0.75612122 8
-2.1323988 9.1959209 0.050461099 6
-0.5404489 2.5302608 -0.07328786 1
-2.0854635 9.1413374 0.053552419 6
-2.6508415 11.381636 0.34782007 6
-2.9333735 12.573349 3.5414515 5
-3.5095241 14.958936 3.5533712 5
-1.3283679 5.8287363 0.012107868 3
-2.6583018 11.390174 2.4077213 11
-2.661741 11.384462 1.9899013 12
-0.80819583 3.6502991 -0.064069904 3
-0.64190835 2.9538188 -0.061894033 2
-2.668402 11.380976 1.1655688 12
-0.8582539 3.8651896 0.042954944 3
-2.6649642 11.377916 1.5759805 17
-2.5554919 11.010915 3.5859108 22
-0.4576737 2.1832538 -0.075082175 1
-2.6723204 11.377364 0.75634772 8
-2.5186224 11.027566 3.5879023 30
-2.6351931 11.398561 0.75648504 8
-2.0660262 9.2032938 0.050691083 6
-2.6118326 11.39496 0.34765723 3
-2.8955007 12.610336 3.5477109 5
-0.84417909 3.866467 0.043157283 3
-2.625056 11.38741 1.5758768 17
-0.79441702 3.6494913 -0.063489258 3
-2.6245408 11.405561 1.9912919 11
-0.44994244 2.1850824 -0.075103909 1
-0.5301466 2.526669 -0.071977146 1
-2.6321592 11.406028 1.1663465 12
-3.4597657 14.982854 3.5555561 5
-1.315204 5.8646088 0.0093533285 3
-2.6201506 11.407349 2.4088898 11
-0.63510531 2.9715676 -0.064931966 2
-2.5745807 11.41596 0.34737632 3
-3.4081202 14.998957 3.5561936 5
-2.4799235 11.036587 3.5878005 31
-0.83460665 3.8870397 0.040977526 3
-2.5872281 11.426517 1.9926826 11
-2.0515182 9.2885876 0.046639301 5
-2.5869181 11.404545 1.576491 18
-0.62282729 2.9663546 -0.063454486 2
-2.5957806 11.430974 1.1671236 12
-0.52254581 2.5344486 -0.073336244 1
-2.5961173 11.411838 0.75646269 8
-0.44131887 2.1831079 -0.074099787 1
-1.235919 5.6170697 0.031247325 3
-2.8521378 12.62445 3.5485067 5
-2.5845897 11.435932 2.4119694 11
-0.77526969 3.6255412 -0.059219915 3
-0.51183403 2.5288906 -0.071581423 1
-2.0298789 9.344677 0.044072926 5
-2.8095949 12.642223 3.550211 5
-1.2348444 5.7031813 0.024104247 3
-2.5462382 11.45286 2.4131372 11
-0.82091165 3.8901682 0.040940799 3
-0.76426184 3.6361735 -0.060484067 3
-2.5495851 11.425418 1.5774653 18
-2.5578845 11.428881 0.75651997 8
-2.444612 11.060513 3.5918841 31
-0.43271503 2.1811039 -0.073095657 1
-2.5471399 11.435758 1.9925764 12
-2.5372014 11.43682 0.34709561 3
-2.558362 11.451909 1.1676785 12
-3.3572698 15.018714 3.5576031 5
-0.6176334 2.9917233 -0.067997426 2
-2.4100151 11.08811 3.5970109 31
-2.5005949 11.461481 0.34675375 3
-2.765245 12.652245 3.5500944 6
-3.2994542 15.007668 3.5528207 3
-1.2016605 5.6493764 0.029116401 3
-2.5069218 11.465813 2.4136677 10
-0.80633181 3.8893824 0.041380983 3
-0.75405359 3.6506186 -0.062361922 3
-2.5138838 11.453937 1.5791584 18
-0.60360658 2.9787772 -0.065016732 2
-2.5164351 11.453238 1.1671335 10
-0.50375056 2.5347006 -0.072494186 1
-2.5222094 11.457512 0.75681746 7
-0.42584744 2.1866171 -0.074141443 1
-2.5078933 11.448709 1.9929713 12
-1.9979479 9.3558531 0.043788299 5
-2.722543 12.669712 3.5517991 5
-1.1637024 5.5720592 0.03615788 3
-2.4684052 11.482484 2.4148357 11
-2.4728842 11.48092 1.9958562 12
-0.73775905 3.6380389 -0.059936792 3
-0.58625966 2.9504204 -0.059023049 2
-2.4805908 11.481697 1.1681306 12
-0.49478674 2.5366828 -0.072518222 1
-0.42231128 2.2071867 -0.079285383 1
-2.3702755 11.092978 3.5958624 31
-1.9613011 9.3454514 0.044595011 5
-2.4595311 11.466483 0.34670866 3
-0.78660744 3.8652658 0.044681937 3
-2.468184 11.493875 2.8406737 1
-2.4780211 11.482372 1.5808489 17
-2.4846244 11.478213 0.75695479 7
-0.41200665 2.197561 -0.076232381 1
-2.3297191 11.093931 3.5936685 36
-2.4227133 11.4909 0.34636548 3
-2.6797471 12.687047 3.5535023 5
-2.4282758 11.504613 2.840956 7
-1.1025466 5.3855081 0.052658152 3
-2.4289587 11.49517 2.4153659 11
-2.434298 11.497519 1.9967456 11
-0.7274639 3.6524122 -0.06181604 3
-2.4377422 11.491205 1.5807456 17
-0.57542157 2.9507735 -0.058675099 2
-2.4420266 11.49838 1.1684623 10
-0.48748577 2.5462518 -0.074320532 1
-2.4477925 11.50272 0.75717032 7
-0.77721983 3.8876314 0.042262148 3
-1.9268372 9.3446846 0.044905182 5
-2.3899648 11.522896 2.8427835 9
-2.3874195 11.523007 0.34590665 3
-2.3935795 11.52702 2.4190791 10
-1.0552304 5.2570562 0.064094529 3
-2.6401112 12.71947 3.5588474 5
-2.287174 11.085295 3.5888591 28
-1.8891208 9.3281384 0.046010341 5
-0.40095806 2.1840992 -0.072153606 1
-2.3964598 11.517856 1.998135 11
-0.76685238 3.9061007 0.040317938 3
-2.40745 11.511443 0.75706524 7
-0.47848365 2.5481808 -0.07434535 1
-2.402534 11.51099 1.1685781 10
-0.56748182 2.9645207 -0.060960636 2
-0.7112695 3.6397178 -0.059390832 3
-2.3991048 11.507712 1.5813572 18
-1.8527589 9.3173256 0.046816997 5
-2.3695638 11.531782 0.75719929 7
-2.3645041 11.543578 1.5837653 18
-2.3568721 11.530313 1.9985261 12
-0.75432295 3.9148307 0.0395656 3
-1.0117055 5.1420069 0.074350201 3
-2.2514334 11.108607 3.5929399 27
-2.3478253 11.535444 0.34574041 3
-2.5931039 12.717466 3.5559988 3
-2.3511484 11.539136 2.8442242 10
-2.354769 11.543311 2.4202452 10
-0.69844157 3.6424193 -0.059424244 3
-0.55579519 2.9609606 -0.059859276 2
-2.3662834 11.539115 1.169571 10
-0.47109011 2.5577114 -0.07614845 1
-0.39482823 2.1932991 -0.074225277 1
-0.54534107 2.9631264 -0.059887968 2
-1.8129169 9.2887564 0.048517279 5
-2.2155664 11.131826 3.5970192 25
-2.309792 11.555576 0.34545681 3
-2.2948151 11.470679 2.8286419 11
-0.74093127 3.9196246 0.039291352 3
-2.3256276 11.559833 1.5843774 18
-2.3188374 11.5504 1.9999141 12
-2.3258123 11.54757 1.1694648 10
-0.38784844 2.1986837 -0.075270981 1
-2.3315544 11.55198 0.75733632 6
-0.68640327 3.6489444 -0.060073864 3
-2.3158705 11.559483 2.4214103 10
-0.98958099 5.1262317 0.075991943 3
-2.5496678 12.732453 3.5572472 4
-0.45727494 2.536665 -0.070836365 1
-2.2753251 11.567768 2.4213033 10
-0.97076023 5.1259923 0.076281689 3
-0.67394108 3.653502 -0.060416244 3
-2.5042458 12.737755 3.5562189 4
-0.44947913 2.5442197 -0.07219474 1
-1.7748616 9.2678423 0.049822435 6
-2.2716427 11.575581 0.3451719 3
-2.1787918 11.151126 3.6000528 27
-2.2284708 11.350061 2.8026147 20
-2.2834601 11.583989 2.0030434 13
-2.2890489 11.587654 1.5860686 17
-0.5317347 2.9498594 -0.056905322 2
-2.2892971 11.57545 1.1704583 12
-2.2950389 11.579903 0.75763148 6
-0.72791129 3.9263191 0.038777765 3
-0.38238922 2.2116284 -0.078366645 1
-0.95038873 5.1178703 0.077247977 3
-2.1374164 11.147595 3.5968127 28
-2.4629767 12.7639 3.5601964 5
-2.2370548 11.587531 2.423106 11
-0.71641481 3.9407663 0.037309758 3
-2.2476282 11.591949 1.585601 17
-0.6606729 3.6541295 -0.06014305 3
-0.44009906 2.5441027 -0.071774259 1
-2.2560012 11.595942 0.75768548 6
-2.2455409 11.605784 2.004679 12
-0.52286369 2.9596443 -0.058439054 2
-2.1844327 11.336872 2.798254 8
-2.2541807 11.611044 1.1718917 12
-2.2333837 11.595472 0.34488711 3
-1.7392722 9.2585411 0.050530545 6
-0.37150311 2.1980271 -0.074288122 1
-2.1465476 11.354341 2.8000834 6
-2.209795 11.639126 2.0078106 13
-2.1950252 11.615232 0.34460181 3
-0.5131734 2.9655402 -0.059219547 2
-2.2126961 11.615195 1.1715634 10
-0.4303489 2.5420408 -0.07090947 1
-0.3644709 2.2033467 -0.07533405 1
-2.0982938 11.155271 3.59671 28
-2.4196901 12.780351 3.5618985 5
-2.2168758 11.611861 0.75773841 6
-0.92932063 5.1057539 0.078552239 3
-2.2017081 11.622675 2.4274521 9
-0.70176566 3.9395864 0.037749447 3
-0.64702964 3.6527765 -0.059561141 3
-2.2092676 11.61172 1.5865705 17
-1.7052766 9.2569628 0.050841928 6
-2.1715629 11.63527 1.5879005 17
-2.1572948 11.638786 0.344257 3
-2.3755972 12.792836 3.5626893 5
-2.1081882 11.369757 2.8015251 6
-0.9121148 5.1131258 0.078166097 3
-2.1646616 11.649963 2.4305243 15
-2.1682215 11.643164 2.0072021 13
-0.63265818 3.6474955 -0.058365457 3
-0.6901406 3.9539573 0.036281794 3
-2.1784382 11.631572 0.75787187 6
-0.42172703 2.5456736 -0.071377896 1
-0.50158381 2.9617708 -0.058118332 2
-2.175739 11.642718 1.1725546 10
-0.3581385 2.212435 -0.077405103 1
-2.0613198 11.174195 3.5997417 28
-2.1186972 11.658295 0.34397104 3
-2.023546 11.189219 3.6017275 28
-2.3296492 12.795615 3.5612032 4
-2.0719268 11.396611 2.8052869 7
-0.67400163 3.944881 0.037675008 3
-2.1295869 11.662621 2.0085895 13
-2.1329727 11.654802 1.5888689 17
-0.4914934 2.9656754 -0.058523234 2
-2.1349082 11.65051 1.1724467 10
-0.88368994 5.171567 0.25803035 41
-2.1406279 11.65509 0.75808358 5
-0.35030389 2.2139187 -0.077427164 1
-0.89265132 5.1086946 0.078794047 3
-2.1259868 11.669375 2.4323239 14
-0.61980176 3.6499269 -0.058401022 3
-0.413091 2.5492945 -0.071847193 1
-0.86550051 5.1748638 0.25798237 41
-0.40407625 2.550957 -0.071871191 1
-1.9849746 11.200292 3.6026695 27
-2.0799835 11.677674 0.3436847 3
-2.2868853 12.815443 3.5638158 4
-2.0355058 11.423366 2.8090475 7
-0.87540746 5.1159425 0.078407638 3
-2.0872073 11.688658 2.4341223 14
-0.66082567 3.9513559 0.037160899 3
-2.0908425 11.681964 2.009975 11
-0.60621721 3.6484306 -0.057819966 3
-2.0957251 11.682042 1.5905535 16
-0.47742659 2.948302 -0.054786764 2
-2.0955 11.666009 1.1727785 10
-2.1012118 11.670612 0.75813681 5
-0.34175113 2.2115595 -0.076422259 1
-0.84031934 5.1387687 0.25992143 40
-1.9443077 11.19983 3.6004751 25
-2.2447028 12.838965 3.5673373 4
-0.85279167 5.0937262 0.080557957 2
-2.04691 11.700034 2.4346497 14
-0.64690757 3.953886 0.037122708 3
-0.59618968 3.666317 -0.060316097 3
-2.0645909 11.701733 0.75851017 5
-0.39190248 2.5353303 -0.067892663 1
-2.0547545 11.689554 1.590446 16
-0.46807438 2.955991 -0.055944536 2
-1.9989147 11.449977 2.8128099 6
-2.0574446 11.689236 1.1735488 10
-2.0383227 11.681202 0.34363335 3
-2.0537639 11.710949 2.0126033 9
-0.3353118 2.2205896 -0.078494273 1
-0.3812184 2.5273299 -0.065693066 7
-1.9056805 11.210649 3.6014152 27
-0.84087843 5.1547775 0.44199818 2
-2.2010217 12.854682 3.569037 4
-1.9580666 11.453314 2.8119287 7
-0.83626741 5.104764 0.07983356 3
-2.0113873 11.738497 2.4396291 15
-2.0140786 11.726133 2.0134902 10
-0.58048773 3.6530516 -0.057888519 3
-2.0158458 11.70868 1.5914145 16
-0.45660126 2.952055 -0.054843985 2
-2.0199597 11.716268 1.1745383 10
-2.0235529 11.709136 0.75840098 5
-0.32539815 2.2105713 -0.075440221 1
-0.63576257 3.9720032 0.03517738 3
-0.82019109 5.1301112 0.26046988 39
-0.62177205 3.9744418 0.03514 3
-0.82274872 5.1579309 0.44194934 2
-2.1708972 12.948947 3.5893893 0
-1.9209099 11.477755 2.8153024 3
-0.81899893 5.1118274 0.07944686 3
-1.9691978 11.739879 2.438566 3
-1.9726118 11.731421 2.0131304 8
-0.56829524 3.6591976 -0.0585391 3
-1.9775249 11.73162 1.5927396 15
-0.4475342 2.9616075 -0.056377713 2
-1.9802482 11.731388 1.1748673 2
-0.37126863 2.5231256 -0.064382762 1
-0.32225966 2.2385936 -0.082638241 1
-0.8014769 5.1292577 0.26062039 39
-0.30973679 2.2132745 -0.075482979 1
-0.83283275 5.2804604 0.81430876 3
-0.43774399 2.9672682 -0.057159215 2
-0.80293375 5.1511698 0.44204903 2
-0.81250495 5.2013974 1.5591503 5
-0.80369925 5.1306143 0.078045323 3
-0.78953153 5.0913115 1.9172275 7
-0.79434651 5.1071391 1.729399 4
-0.8185885 5.2298989 1.373803 4
-0.60643095 3.9690015 0.036056742 3
-0.55472839 3.6575058 -0.057958703 3
-0.36961573 2.5669308 -0.074194223 1
-0.82159543 5.2022753 0.62548894 7
-0.78212065 5.1243887 0.26096904 39
-0.78105831 5.1061182 0.080364965 2
-0.76731586 5.1470547 0.25992543 40
-0.78153479 5.1344662 0.44229734 2
-0.7715928 5.0813322 1.7225251 11
-0.7813217 5.127048 1.5436319 11
-0.784935 5.1414452 1.3588084 9
-0.59376371 3.9791832 0.035063677 3
-0.54314566 3.6674607 -0.059224088 3
-0.79435968 5.1722121 0.99202251 2
-0.42791793 2.972899 -0.057940748 2
-0.79444146 5.1654267 0.80766797 2
-0.3598927 2.5645995 -0.073328704 1
-0.76593685 5.0600195 1.9077725 12
-0.79799271 5.173811 0.62479854 6
-0.79164344 5.1688099 1.1766927 3
-0.30189726 2.2145848 -0.075504512 1
-0.77752322 5.1630092 0.62446874 6
-0.58231139 3.9971461 0.033117078 4
-0.77036852 5.1398306 0.98874223 2
-0.74381131 5.0362496 1.9004081 20
-0.75058758 5.0650301 1.7179295 14
-0.76315004 5.1354365 0.44227892 2
-0.75886226 5.1028857 1.5381702 16
-0.76334912 5.1229801 1.3552614 13
-0.76181316 5.1011987 0.08099319 2
-0.76929545 5.146337 1.1734085 3
-0.52957845 3.6656737 -0.058642995 3
-0.41359586 2.9513633 -0.0534513 2
-0.77174115 5.1408315 0.80608165 2
-0.35462937 2.5891771 -0.078692652 1
-0.29405245 2.2158649 -0.075525612 1
-0.34485593 2.5867879 -0.077827118 1
-0.42040184 3.1593497 0.36037722 1
-0.72578257 5.0371723 1.8998373 25
-0.73782349 5.0863881 1.5342555 22
-0.43012288 3.1366792 0.13807929 1
-0.752285 5.1427412 0.98869407 2
-0.40567231 2.9685438 -0.05649079 2
-0.28559241 2.2133133 -0.074522667 1
-0.7486856 5.1335731 1.1713686 3
-0.43085256 3.1331224 0.025655456 2
-0.74252445 5.1083245 1.3523525 9
-0.43245429 3.1559052 0.24844623 1
-0.73184633 5.0621185 1.7165153 16
-0.33206975 2.5651114 -0.072513565 1
-0.72272873 5.0994372 1.3503958 9
-0.41659608 3.1227119 0.1399589 1
-0.71164489 5.0495052 1.7128299 23
-0.41673461 3.1153312 0.028703278 2
-0.73974419 5.1810193 0.99187464 2
-0.4337962 3.2152419 0.58478582 1
-0.41371873 3.1255736 0.47256568 1
-0.70746469 5.0361304 1.8987442 27
-0.42409801 3.1619279 0.69553876 1
-0.72786546 5.1187696 1.1690806 10
-0.39641201 2.9779503 -0.058026444 2
-0.27714896 2.2107177 -0.073518313 1
-0.71811467 5.0775642 1.5318862 22
-0.41768637 3.1380377 0.2501063 1
-0.40028441 3.1058369 0.36313307 1
-0.39908558 3.1035216 0.47289321 1
-0.40446439 3.1083758 0.69243455 1
-0.70836246 5.1117334 1.1677881 17
-0.70329726 5.0924273 1.3487586 13
-0.69089442 5.046463 1.9007872 47
-0.40077198 3.092988 0.14374781 1
-0.32537255 2.5819128 -0.076097295 1
-0.4066484 3.1142266 0.58267283 1
-0.40339464 3.1053734 0.030519906 2
-0.40301067 3.1160877 0.25210637 1
-0.69182289 5.0446601 1.7109591 23
-0.40621492 3.1282854 0.8045364 1
-0.69964993 5.0823793 1.5322226 22
-0.38597077 2.9835262 -0.058809843 2
-0.27364263 2.2425454 -0.081744201 1
-0.39049527 3.1153677 0.36270443 1
-0.39925656 3.14364 0.58320224 1
-0.67224872 5.0492492 1.9007368 37
-0.67492336 5.0530901 1.7122747 26
-0.39200902 3.1177197 0.25207636 1
-0.68390757 5.0913434 1.3480703 22
-0.38931099 3.0946972 0.14371647 1
-0.39214081 3.1050546 0.030797713 2
-0.39928988 3.1575141 0.80701786 1
-0.3146311 2.5756321 -0.074343689 1
-0.26339763 2.2284358 -0.077663615 1
-0.37606218 3.0932467 0.36386955 1
-0.68713337 5.0988603 1.1657465 17
-0.38640678 3.0973146 0.47298065 1
-0.39353129 3.114053 0.69262296 1
-0.68032402 5.0753469 1.530241 16
-0.37368682 2.9734397 -0.056578755 2
-0.66415691 5.0896111 1.5325121 16
-0.3631922 2.9749732 -0.05660715 2
-0.65337628 5.0441823 1.8985984 20
-0.37661996 3.1068161 0.47283128 1
-0.65658218 5.0518212 1.7113172 26
-0.37842557 3.1015699 0.25356987 1
-0.66542429 5.0900521 1.3473867 31
-0.66977149 5.1054187 1.1661954 21
-0.25494498 2.2257633 -0.076659866 1
-0.38023004 3.0998499 0.69171512 1
-0.37666926 3.0844932 0.14511903 1
-0.37975654 3.0968792 0.032305911 2
-0.38526917 3.1394315 0.80519438 1
-0.30552241 2.5769548 -0.074367844 1
-0.38526207 3.1254787 0.58277279 1
-0.36821717 3.1165397 0.36274409 1
-0.36509538 3.1044028 0.47286117 1
-0.64016557 5.0639963 1.7135431 23
-0.64459896 5.0804996 1.5301448 22
-0.36775869 3.1050956 0.25337034 1
-0.64917469 5.1043386 1.3492455 27
-0.3534002 3.0903573 0.36410871 10
-0.65152901 5.1060214 1.1658981 31
-0.36938354 3.102339 0.031661715 2
-0.35213199 2.97258 -0.055882532 2
-0.3698507 3.1053679 0.69190413 1
-0.29696649 2.5821149 -0.075283296 1
-0.37310132 3.1191432 0.58258152 1
-0.24816181 2.2345376 -0.078732654 1
-0.63455057 5.0390558 1.8964601 27
-0.37250292 3.1291776 0.80408818 1
-0.36829466 3.1037304 0.1429406 1
-0.24078535 2.2394664 -0.079779953 1
-0.35960874 3.1028583 0.58219218 1
-0.35971203 3.1128249 0.69220436 1
-0.34190959 2.9759803 -0.056287717 2
-0.36200485 3.1346622 0.80441618 1
-0.34408736 3.1037023 0.36348104 1
-0.63356578 5.1085258 1.16585 28
-0.62672424 5.0829878 1.5300952 22
-0.61969811 5.0625534 1.9021591 20
-0.62340403 5.0741882 1.7153136 19
-0.35516059 3.094768 0.25435704 2
-0.63229191 5.1146612 1.3504673 31
-0.35870275 3.1150844 0.14171615 1
-0.35761669 3.0979865 0.032555562 2
-0.28729945 2.5795219 -0.074418686 1
-0.33364964 3.1090927 0.36325213 1
-0.34556794 3.106108 0.25348058 1
-0.6023916 5.0687761 1.9031559 17
-0.34423503 3.1153095 0.47268108 11
-0.60477412 5.0708017 1.713901 14
-0.6117053 5.1067996 1.5343 22
-0.61482203 5.1210084 1.3510553 36
-0.61347324 5.095232 1.1638108 14
-0.34642014 3.0975013 0.032833651 2
-0.34933832 3.1243174 0.80330986 1
-0.33193085 2.9812953 -0.057070054 2
-0.34872198 3.1143184 0.69217366 8
-0.27686557 2.5710881 -0.072217964 1
-0.34730801 3.0944366 0.58196354 4
-0.34585169 3.102792 0.14335768 1
-0.23442194 2.2520301 -0.082878172 1
-0.33412758 3.0983205 0.1440441 1
-0.58778155 5.0960097 1.9098994 27
-0.33779174 3.1218297 0.80292076 1
-0.33900681 3.115711 0.5823319 1
-0.33668301 3.1078513 0.69170457 1
-0.32342964 3.1164312 0.3629227 1
-0.22644868 2.253083 -0.082900509 1
-0.33065289 3.0969129 0.47295129 1
-0.58718061 5.0750837 1.7143065 9
-0.26879993 2.5800235 -0.07402391 1
-0.59500426 5.1188998 1.5361835 22
-0.33512229 3.1115029 0.25311169 1
-0.59629422 5.1194749 1.3503695 13
-0.59915662 5.1251473 1.1672443 14
-0.33652183 3.1067827 0.031571258 2
-0.32063285 2.9768429 -0.055969197 2
-0.33106938 3.1409287 0.58277994 1
-0.57033002 5.102129 1.9108946 15
-0.31972343 3.0983026 0.47292101 1
-0.57176417 5.0966811 1.7188066 7
-0.57897216 5.1367831 1.5392252 22
-0.32288194 3.1030228 0.25392735 1
-0.57878095 5.1257067 1.3509566 13
-0.58213103 5.1353469 1.1681893 7
-0.32756558 3.1238608 0.029078398 2
-0.32677031 3.1232448 0.80289125 1
-0.31012467 2.9781895 -0.055997025 2
-0.32596609 3.111243 0.69178474 1
-0.25918132 2.577322 -0.073158078 1
-0.21549909 2.2311037 -0.076769017 1
-0.32520485 3.1154747 0.14210381 1
-0.31341109 3.1257308 0.36249313 1
-0.31437975 3.12415 0.25220507 1
-0.56268668 5.1436338 1.3534496 27
-0.3170352 3.1291645 0.028431013 2
-0.5557335 5.1143789 1.7223953 7
-0.25079626 2.584259 -0.074518114 1
-0.3107408 3.1155314 0.47265139 1
-0.55448782 5.1216021 1.9155483 10
-0.56161797 5.1448808 1.5403359 22
-0.30428451 3.142921 0.36166552 1
-0.31672633 3.132524 0.80357826 1
-0.56601822 5.1533685 1.1701287 14
-0.30058619 2.9872985 -0.057532907 2
-0.31745297 3.1324363 0.69285005 1
-0.31665599 3.1365473 0.13968572 1
-0.31849128 3.1304107 0.58251065 1
-0.20952618 2.2474327 -0.080893449 1
-0.19922602 2.2292042 -0.075786725 1
-0.54103166 5.1621222 1.9259453 7
-0.3073577 3.1417105 0.69325852 1
-0.29004118 2.9885757 -0.057562049 2
-0.30021787 3.1208158 0.47256202 1
-0.53958505 5.1320295 1.7259834 7
-0.54813081 5.1575441 1.170328 18
-0.29734904 3.1799247 0.3598395 1
-0.54468346 5.1568146 1.5422196 16
-0.30430698 3.1333973 0.25149637 1
-0.54576731 5.1556411 1.3549882 9
-0.30558631 3.1378801 0.13965547 1
-0.30551437 3.1265738 0.029017549 2
-0.30758068 3.1496892 0.80498147 1
-0.2397757 2.5698874 -0.070983469 1
-0.30744237 3.1317616 0.58248007 1
-0.51257128 5.1859326 0.25903258 40
-0.29673386 3.1469855 0.69344717 1
-0.22954506 2.561271 -0.068782009 1
-0.19087724 2.2262967 -0.074782528 1
-0.29427728 3.1657989 0.47187185 1
-0.5282523 5.1921911 1.7395754 2
-0.52790272 5.17065 1.544488 11
-0.29510066 3.1505239 0.25011092 1
-0.53067583 5.1655974 1.1710244 7
-0.29771179 3.15535 0.024674781 2
-0.28041238 2.997622 -0.059098084 2
-0.52899963 5.1695442 1.356845 9
-0.29728466 3.162842 0.13675864 1
-0.29919749 3.1568964 0.58292824 1
-0.29553372 3.1430862 0.80423433 1
-1.2394018 11.372294 3.6168392 31
-1.1990906 11.373028 3.6156824 31
-0.28578588 3.138314 0.58249938 1
-0.5181734 5.1987562 0.99020088 2
-0.39370513 4.1111512 0.022065945 5
-0.51652759 5.2031794 1.175449 7
-0.51098293 5.1920571 0.44125596 2
-1.5884219 14.798078 3.9955845 0
-1.8193619 16.792601 3.8471158 6
-0.51325023 5.1932034 1.3602911 4
-0.34656796 3.6828148 -0.057908751 3
-0.26849124 2.9871266 -0.056866959 2
-0.52359414 5.2355757 0.80867589 2
-0.21782631 2.5390654 -0.063466072 1
-0.1865283 2.257925 -0.083011217 1
-0.50933605 5.147862 0.079286277 2
-0.4951537 5.2039289 0.25818169 40
-1.1587719 11.373589 3.6145303 30
-0.49272293 5.1940627 0.44120583 2
-0.37922671 4.1127534 0.022025976 5
-0.49952406 5.2170429 1.1768917 3
-0.50277078 5.2158055 0.80741966 2
-0.50454402 5.2124343 0.623963 6
-1.2521769 12.116401 2.4803917 11
-0.21358684 2.5826938 -0.073284581 1
-0.3325083 3.6803918 -0.057329439 3
-0.47895712 5.2257504 0.25713226 41
-0.17599538 2.2396407 -0.077904902 1
-1.5347939 14.811867 3.9972534 0
-1.7622452 16.842392 3.855448 6
-0.49210262 5.1577821 0.0785596 3
-0.25828239 2.9961565 -0.058404561 2
-0.49983957 5.2088094 0.99086636 7
-0.16806653 2.2404909 -0.077927187 1
-0.48636195 5.2244606 0.62410837 6
-1.1172794 11.381899 3.6154618 31
-0.48489806 5.2424808 0.99368215 2
-0.36527982 4.126224 0.020550555 5
-0.47605693 5.2199736 0.44079274 2
-1.4861161 14.848423 4.0043864 0
-0.45854822 5.2077646 0.25808141 40
-1.7077352 16.891665 3.8637884 9
-1.2092267 12.136929 2.4828091 12
-0.20295867 2.5740268 -0.071085297 1
-0.48647484 5.2456827 0.80890119 2
-0.24770632 2.9972911 -0.0584336 2
-0.31911626 3.67785 -0.056749146 3
-1.2158166 12.151753 2.0500224 12
-0.47312179 5.1517978 0.079187378 2
-0.44376531 5.2453737 0.25623322 41
-1.0785168 11.397562 3.618484 30
-0.19365829 2.5730302 -0.07066495 1
-1.1823432 12.168395 1.1903626 2
-0.23591182 2.986666 -0.056201935 2
-1.178382 12.1578 1.6186203 13
-0.30656296 3.6831253 -0.057401523 3
-1.173609 12.160142 2.0504031 12
-0.34993896 4.1198306 0.021466656 5
-0.46093559 5.2536802 0.44026175 2
-1.6533151 16.944687 3.8728991 9
-0.45622021 5.1655579 0.078121439 3
-1.1690676 12.164919 2.4865069 13
-0.47334495 5.2780962 0.62509179 7
-1.4387741 14.900311 4.0151572 0
-0.15973176 2.2374685 -0.076922938 1
-0.44867304 5.3091636 0.43940118 3
-1.1314586 12.19847 2.4911599 13
-0.42927155 5.278873 0.25458688 42
-1.0409052 11.405196 3.6194263 31
-1.1426075 12.180456 1.1906908 12
-1.3842682 14.882279 4.0095587 0
-0.43845165 5.1713357 0.077732719 3
-0.33621529 4.1291723 0.020471748 5
-0.29319286 3.6804903 -0.056820467 3
-1.1367399 12.172029 1.6193991 12
-0.18475616 2.5758739 -0.071134895 1
-1.145233 12.178137 0.76276928 4
-1.1333097 12.188138 2.0532699 11
-1.5973766 16.985796 3.8796923 11
-0.22888872 3.0229015 -0.063015111 2
-0.15219563 2.2420995 -0.07797046 1
-0.41837531 5.3641391 0.25034061 45
-1.1073629 12.209986 0.76321441 4
-1.001619 11.416723 3.6214073 30
-1.0834198 12.199255 0.33517438 3
-1.3310311 14.848302 4.0003314 1
-1.4589591 16.129768 3.7091675 1
-1.0894271 12.210492 2.4923141 13
-0.32353985 4.1423678 0.018998936 5
-1.0945979 12.211842 2.0556433 11
-0.28049245 3.6777444 -0.056238186 3
-1.1014236 12.200532 1.1914492 10
-0.17516227 2.5670044 -0.068932571 1
-0.42159188 5.1869745 0.076495774 3
-1.0965282 12.201972 1.6216103 13
-0.21670683 3.008285 -0.060028713 2
-0.14463137 2.2467144 -0.079018041 1
-1.0411944 12.209181 0.33496794 3
-1.4850343 17.037891 3.8874874 6
-0.30931923 4.1476741 0.018480828 5
-1.0543268 12.243532 2.0590048 11
-1.0558836 12.205805 1.6214999 13
-0.20406802 2.9818444 -0.054778866 2
-1.0608654 12.228437 1.1926455 12
-0.13562754 2.2320201 -0.074934952 1
-1.0660393 12.229966 0.76341492 4
-0.2682617 3.6868274 -0.057507344 3
-0.96156627 11.420443 3.6212971 36
-1.2825078 14.891949 4.0092797 0
-0.16627005 2.5697975 -0.069403678 1
-1.0484083 12.234176 2.4953711 12
-0.40299001 5.1847057 0.076784059 3
-0.40067166 5.3897758 0.24908814 46
-1.024235 12.245829 0.76353568 4
-0.92134267 11.422108 3.6206636 27
-1.0001348 12.232921 0.33454919 3
-1.0082793 12.269493 2.5003369 13
-0.29506424 4.1529341 0.01796311 5
-1.0124435 12.259283 2.0603774 10
-1.0204709 12.26018 1.1940612 14
-0.15893106 2.5900311 -0.073881142 1
-0.12733157 2.2327716 -0.074958593 1
-1.0127013 12.229706 1.6231672 13
-0.1937153 2.990659 -0.056317788 2
-0.38615882 5.2022104 0.075378567 3
-1.4154692 16.965351 3.8718624 6
-1.2297255 14.920139 4.0145841 0
-0.25286713 3.6683671 -0.05446342 3
-0.60312223 8.0107708 0.11752693 9
-0.95712012 12.260698 0.33406329 3
-0.98426121 12.559056 3.0002754 2
-0.57081783 7.9613218 0.12004751 9
-0.96797657 12.271099 2.06125 10
-0.2406138 3.6773531 -0.055731941 3
-0.97219664 12.261239 1.6255559 15
-0.1843375 3.00527 -0.058985468 2
-0.97738075 12.287997 1.1952504 12
-0.14932024 2.590863 -0.073908031 1
-0.9798373 12.257752 0.76356989 4
-0.12142789 2.2565637 -0.081137292 1
-0.87990862 11.43341 3.6226382 27
-0.28105783 4.1700835 0.016007749 6
-1.1800189 14.955689 4.0217137 0
-0.37005717 5.2295923 0.073123485 3
-0.96509635 12.297021 2.5040228 13
-0.93916672 12.289268 0.76400763 4
-0.9311564 12.288658 1.6275856 15
-0.26540911 4.15942 0.017401598 5
-0.53978419 7.9236841 0.12197071 10
-0.14112408 2.6032743 -0.076604798 1
-0.84011334 11.440559 3.6235719 27
-0.91638255 12.292138 0.33352238 3
-1.1241653 14.917316 4.01157 0
-1.2644709 16.578341 3.7931283 6
-0.92293203 12.312396 2.5058103 12
-0.35522538 5.2748032 0.069341533 3
-0.11407968 2.2649279 -0.083211154 1
-0.93461621 12.295574 1.1953521 12
-0.22765265 3.6784151 -0.055766512 3
-0.17372763 3.0061438 -0.059014454 2
-0.92623162 12.290499 2.0631196 11
-0.80258 11.451258 3.6255462 28
-0.88283473 12.327477 2.5075922 12
-0.87697572 12.315285 0.33309874 3
-0.49755388 7.7125225 0.1325877 16
-0.89397418 12.302856 1.1954465 8
-0.25169075 4.1724544 0.015917724 6
-1.247013 17.109251 3.8968561 6
-0.88498729 12.317687 2.0659714 12
-0.16265106 3.001106 -0.057922147 2
-0.33729467 5.2842135 0.068601996 3
-1.0727589 14.933097 4.014143 0
-0.8902393 12.319905 1.629963 15
-0.89796102 12.316649 0.76435465 4
-0.10452352 2.2462893 -0.078111477 1
-0.21499555 3.6833763 -0.056427207 3
-0.13099588 2.5923371 -0.073966905 1
-1.0238901 14.948503 4.0167179 0
-1.1897739 17.109667 3.8959091 4
-0.83469695 12.330503 0.33278483 3
-0.84602761 12.348526 2.0693223 11
-0.76157033 11.442734 3.6222899 28
-0.85324651 12.338029 1.1970651 10
-0.20266838 3.6843126 -0.056465767 3
-0.47203061 7.7363987 0.13140292 15
-0.23980452 4.2012215 0.012528471 6
-0.84136361 12.35441 2.5112698 13
-0.12317541 2.6046617 -0.07666596 1
-0.85814291 12.335757 0.76454598 4
-0.32019708 5.3054824 0.066849008 3
-0.84763539 12.331154 1.6305475 15
-0.095985375 2.239188 -0.076083586 1
-0.15206 3.0019186 -0.057955958 2
-0.44541392 7.7462173 0.13092065 15
-0.81606084 12.35491 0.76472902 4
-0.30275878 5.3107333 0.066455521 3
-0.79286897 12.353546 0.33234993 3
-0.96850771 14.909539 4.0065608 0
-1.121273 16.992647 3.8717811 4
-0.79832381 12.361482 2.5117724 12
-0.80413496 12.371475 2.0716736 12
-0.18855508 3.6694779 -0.054039665 3
-0.14312275 3.0183108 -0.061002243 2
-0.81141639 12.361128 1.1980249 8
-0.11396995 2.6053274 -0.076694414 1
-0.088173404 2.235872 -0.075080276 1
-0.22586018 4.2141666 0.011048307 6
-0.8079828 12.354029 1.6322113 13
-0.72277093 11.464867 3.6273892 30
-0.76943809 12.384061 1.1989866 10
-0.4154354 7.704133 0.13303769 16
-0.68333453 11.479187 3.6303983 30
-0.21102934 4.2151895 0.011001785 6
-0.76130098 12.382416 2.0725331 11
-0.76629788 12.380891 1.6342267 13
-0.13327779 3.0307977 -0.063296765 2
-0.77356589 12.369911 0.764835 4
-0.080257803 2.2364166 -0.0751049 1
-0.1039581 2.5942874 -0.074050367 1
-0.17562307 3.6703649 -0.05407897 3
-0.75195408 12.392408 0.33167398 3
-0.92063528 14.979213 4.0218501 1
-1.0520334 16.851858 3.8430235 4
-0.28435579 5.3159924 0.066057444 3
-0.75735867 12.399945 2.5173533 11
-0.095806204 2.6104522 -0.07764218 1
-0.16396873 3.6909297 -0.057202294 3
-0.26719663 5.3410654 0.063964926 3
-0.71464634 12.414627 2.5191247 13
-0.64331192 11.48565 3.631319 30
-0.70902324 12.403205 0.33141902 3
-0.86813766 14.982636 4.0216899 0
-0.98492533 16.728439 3.8177421 6
-0.71965754 12.413001 2.0758765 11
-0.7239157 12.399678 1.6355245 13
-0.12245432 3.029542 -0.062953681 2
-0.7267949 12.398905 1.1995099 10
-0.73175871 12.396756 0.76517493 4
-0.073350973 2.2523644 -0.079234734 1
-0.19669686 4.2240777 0.010000577 6
-0.18158482 4.2210217 0.010433286 6
-0.60371512 11.499681 3.6343291 30
-0.80823302 14.861444 3.9924483 0
-0.24769698 5.3302903 0.064924769 3
-0.67229772 12.437036 2.5221667 13
-0.14999661 3.6759534 -0.054775089 3
-0.086578153 2.6110208 -0.077669993 1
-0.6902684 12.431425 0.76567507 4
-0.68104976 12.412333 1.6362863 12
-0.67733073 12.435513 2.0782278 10
-0.11127713 3.0223606 -0.061477438 2
-0.68405747 12.413599 1.2000309 10
-0.91938865 16.616508 3.7947807 4
-0.66602063 12.413861 0.3311643 3
-0.065378703 2.2528608 -0.079259507 1
-0.64169538 12.436112 1.2009914 10
-0.10106812 3.0308261 -0.063019149 2
-0.62980509 12.45931 2.5252063 13
-0.22895637 5.331378 0.064867489 3
-0.85443574 16.500402 3.7710495 6
-0.74831182 14.724466 3.9595749 2
-0.62295485 12.424345 0.33091053 3
-0.56316239 11.498143 3.633162 30
-0.074855402 2.5687397 -0.067898996 1
-0.63532007 12.465833 2.0815692 11
-0.13681732 3.6727655 -0.054198693 3
-0.63775992 12.41889 1.636511 12
-0.05491234 2.2108738 -0.067993246 1
-0.64737821 12.445994 0.76577926 4
-0.16763338 4.2377505 0.0084728068 6
-0.58150995 12.466649 0.33016917 3
-0.70934343 14.968477 4.0157542 0
-0.78264451 16.239023 3.7187512 5
-0.12387177 3.6734655 -0.05423744 3
-0.52303791 11.504206 3.6340811 27
-0.20914996 5.3125 0.066507332 3
-0.58675283 12.473543 2.5269773 12
-0.59257054 12.486084 2.0836711 9
-0.090693288 3.0373001 -0.064183354 2
-0.60004175 12.474449 1.2028235 12
-0.070041083 2.6471086 -0.085745238 1
-0.60506105 12.472406 0.76611924 4
-0.048574485 2.2383299 -0.075202979 1
-0.1539917 4.2623568 0.0055570458 7
-0.59582913 12.45116 1.6390588 15
-0.040850278 2.2425988 -0.076254234 1
-0.54929316 12.498266 2.0847781 10
-0.080473661 3.0476542 -0.066102155 2
-0.55752355 12.500664 1.2040006 10
-0.059087239 2.6164317 -0.078645766 1
-0.48278832 11.508185 3.6344802 24
-0.53879404 12.488853 0.32972968 3
-0.65420902 14.916681 4.0028744 1
-0.72341746 16.19492 3.709311 4
-0.19186296 5.3413157 0.06407328 3
-0.5449726 12.515245 2.5331895 13
-0.1377923 4.2393212 0.008382313 6
-0.56174386 12.482699 0.76614237 4
-0.11012968 3.6583469 -0.051811028 3
-0.55338323 12.477309 1.6410718 15
-0.4439922 11.54481 3.6437521 10
-0.4962917 12.518867 0.32917252 3
-0.59910703 14.856918 3.9881754 1
-0.66235608 16.103544 3.6906075 4
-0.17327146 5.34619 0.063675925 3
-0.50182211 12.533126 2.5355949 12
-0.12342735 4.2519364 0.0069008418 7
-0.098168641 3.6787014 -0.054934591 3
-0.50639772 12.520217 2.0871243 10
-0.032536168 2.235254 -0.074225225 1
-0.51912904 12.508812 0.76648116 4
-0.050401304 2.628571 -0.081348591 1
-0.51407385 12.510782 1.204303 10
-0.069344871 3.0403244 -0.064626925 2
-0.51095176 12.5073 1.6434405 16
-0.47669116 12.542786 0.76697755 4
-0.40278652 11.529231 3.6389298 6
-0.46831498 12.537142 1.6458099 16
-0.10846026 4.2525911 0.0068546715 7
-0.46309415 12.53606 2.088728 9
-0.45258191 12.524798 0.32897544 3
-0.52290821 14.2832 3.8535502 1
-0.60310173 16.039392 3.6773098 2
-0.15567441 5.3748918 0.061240967 3
-0.458552 12.550879 2.5379982 13
-0.084861003 3.671375 -0.05374077 3
-0.058266915 3.0329494 -0.063150331 2
-0.47143304 12.540705 1.2056971 12
-0.041110348 2.6289818 -0.081376791 1
-0.025138808 2.2471936 -0.077328697 1
-0.43336549 12.56061 0.76715893 4
-0.36271545 11.540497 3.6414163 6
-0.41037861 12.570513 0.3281723 3
-0.40786394 12.591959 3.4581959 1
-0.54157579 15.904434 3.6501172 4
-0.13725211 5.3876042 0.060163535 3
-0.41532603 12.572432 2.5410349 13
-0.0939634 4.2651072 0.0053728069 7
-0.071767189 3.6679575 -0.053163294 3
-0.42515439 12.558876 1.6474637 16
-0.047801562 3.0392735 -0.064315632 2
-0.4281128 12.558501 1.2064363 10
-0.030548306 2.5981903 -0.074276723 1
-0.015753943 2.212759 -0.068114124 1
-0.42047837 12.571589 2.092813 10
-0.2487828 9.1161041 0.062018126 6
-0.11931334 5.4161844 0.057727434 3
-0.37209198 12.597764 2.5447075 13
-0.3638545 12.597494 3.4589696 7
-0.058626894 3.6625173 -0.052278429 3
-0.020929415 2.5868449 -0.071631648 1
-0.38963839 12.570315 0.76717997 4
-0.38170627 12.576491 1.6487573 15
-0.36701548 12.592115 0.32773212 3
-0.32177609 11.528488 3.637639 7
-0.21629557 9.1012058 0.062721148 6
-0.079380229 4.2775755 0.0038903195 7
-0.36908764 12.598016 2.9987941 8
-0.0089356424 2.2400999 -0.075324826 1
-0.38496462 12.584141 1.2076098 10
-0.037222289 3.043608 -0.06510336 2
-0.37754285 12.604989 2.0966489 10
-0.18619837 9.1101141 0.062225886 6
-0.3334294 12.608502 2.0967607 9
-0.00074299204 2.2326424 -0.073296145 1
-0.34152356 12.605645 1.2085649 10
-0.026219599 3.0361249 -0.063627414 2
-0.28218448 11.556852 3.6448219 11
-0.045653891 3.660975 -0.052009337 3
-0.064973533 4.2979245 0.0014507812 7
-0.32855913 12.619019 2.5477431 12
-0.10169724 5.4606447 0.053930182 3
-0.32010779 12.612597 3.4620149 9
-0.32510245 12.605394 2.9998171 12
-0.32338268 12.609571 0.32735333 3
-0.33827594 12.597933 1.6504091 15
-0.011391149 2.5754616 -0.068985902 1
-0.34651223 12.599847 0.76759553 4
-0.24448626 11.586958 3.6525321 13
-0.28208107 12.6348 0.32685882 3
-0.15479106 9.132925 0.061025597 6
-0.3414377 14.872375 3.9887478 5
-0.36714843 15.558915 3.580529 5
-0.049552232 4.2626324 0.0057151681 7
-0.29697177 12.621148 1.6522466 13
-0.016514294 3.0521383 -0.066676632 2
-0.30025405 12.630917 1.2097456 12
-0.30528295 12.625169 0.76793915 4
-0.29190132 12.625681 2.0986161 8
0.0067667579 2.2328777 -0.073319383 1
-0.033399027 3.6613517 -0.052047119 3
-0.28743434 12.651889 2.5526898 13
-0.082879558 5.4412751 0.055574086 3
-0.0022672729 2.5601439 -0.065448552 1
-0.020862753 3.6755271 -0.0542465 3
-0.12319022 9.1536379 0.059923828 6
-0.28994423 14.899097 3.9944925 8
-0.065290287 5.5015526 0.050417416 3
-0.24348758 12.66889 2.5550911 13
0.0062555098 2.5798819 -0.069932327 1
-0.24855131 12.662609 2.1029463 9
-0.035575796 4.3027353 0.00088132569 7
-0.25334871 12.646283 1.6542549 13
-0.006688342 3.087779 -0.07350193 2
-0.31022418 15.464278 3.5614524 5
-0.25650063 12.652124 1.2107005 12
-0.23809204 12.647976 0.32653889 3
-0.20375672 11.584183 3.6513627 13
-0.26176822 12.654393 0.76835412 4
0.013617834 2.2717323 -0.083611324 1
-0.020875033 4.3229418 -0.0015600334 7
-0.16321413 11.588977 3.6522822 13
-0.23858406 14.941209 4.0038695 10
-0.19941138 12.685736 2.5574942 13
-0.0075528668 3.6600366 -0.051817894 3
0.014552861 2.6151857 -0.07798215 1
-0.21787971 12.675491 0.76861048 3
-0.20911148 12.65135 1.6544757 12
-0.20468512 12.687494 2.1057873 9
0.0036629383 3.1115983 -0.078062743 2
-0.21269231 12.677166 1.2118726 12
-0.25375184 15.35961 3.5404482 5
-0.19418363 12.668981 0.32609817 3
0.022857005 2.221683 -0.07028687 1
-0.089829795 9.1742592 0.058817867 6
-0.044455837 5.4781194 0.052394021 3
-0.1606596 12.712215 2.1086276 9
-0.15036155 12.701841 0.32547134 3
-0.16872503 12.70206 1.2130445 10
0.024263332 2.5919721 -0.07266172 1
-0.0056590913 4.3232441 -0.0016053867 7
-0.15536563 12.71032 2.5611651 13
-0.12244219 11.582061 3.6500695 16
-0.17360555 12.684441 0.76863152 3
0.0061016846 3.6543794 -0.050933525 3
-0.026308091 5.5382714 0.047236033 3
-0.18356989 14.94035 4.0032468 8
0.015956238 3.0725584 -0.070550814 2
-0.057713401 9.1787806 0.05851702 6
0.030882426 2.2334521 -0.073393121 1
-0.19510749 15.241055 3.5167358 6
-0.16299132 12.676212 1.6564776 13
-0.027371349 9.2011271 0.057320725 6
-0.10620552 12.728528 0.32493946 3
-0.12464031 12.730803 1.2144343 10
-0.11127481 12.742665 2.5661011 13
-0.081979796 11.594295 3.6530759 15
-0.13250051 15.034685 4.0248837 3
-0.007320093 5.5704722 0.044455241 3
0.010136527 4.3354149 -0.0030910571 8
0.018826159 3.6644721 -0.052516509 3
-0.11907761 12.710837 1.659379 15
0.026860734 3.0688117 -0.069829389 2
0.033565644 2.6116364 -0.077148467 1
-0.12750408 12.721263 0.76919335 3
-0.1139272 12.71699 2.1089795 9
0.039177276 2.210392 -0.067255624 1
-0.14034644 15.147757 3.4980512 6
0.024723649 4.3276639 -0.002178198 8
-0.061943002 12.76108 0.32431296 3
-0.088767104 15.042455 3.477062 6
-0.071902655 12.745345 2.1123216 9
-0.085450567 12.745856 0.76953495 3
-0.079970412 12.727433 1.2140791 10
0.031120401 3.6626494 -0.052245054 3
0.0047944295 9.215415 0.056517836 6
-0.041559063 11.61797 3.6592128 15
-0.080263741 14.82888 3.9765959 2
0.042838905 2.5727634 -0.068261608 1
-0.066866584 12.766952 2.5697699 13
0.012214165 5.5746975 0.044055644 3
0.037492033 3.0846646 -0.072882049 2
0.046748172 2.2298288 -0.072414644 1
-0.075039804 12.755272 1.6631706 15
0.037049666 9.231576 0.055615723 6
-0.0009264198 11.633798 3.6632609 13
-0.017218899 12.761496 0.32417339 3
-0.023875859 14.202208 3.8302262 3
-0.035372727 14.952703 3.4591527 6
0.030372024 5.6306677 0.039237227 3
-0.022177393 12.775295 2.5709007 13
-0.027527401 12.783499 2.1168976 10
0.044058815 3.6588242 -0.051667538 3
0.039990485 4.3238401 -0.001746767 7
-0.032706086 12.771663 1.6644683 15
0.047942422 3.0729818 -0.070648536 2
-0.035740383 12.771836 1.2163396 8
0.051968247 2.5689592 -0.067398831 1
-0.040990416 12.770327 0.76986939 3
0.054209523 2.2337718 -0.073465541 1
0.0036324265 12.794651 0.77020192 3
0.05507322 4.3517227 -0.0051462334 8
0.056907542 3.6668124 -0.052942015 3
0.011961663 12.791885 1.6661172 15
0.039846607 11.641742 3.6652238 13
0.061050761 2.5690117 -0.067425385 1
0.069429882 9.2376375 0.055215213 6
0.027420653 12.785728 0.32366973 3
0.026172446 14.128477 3.8128214 2
0.017159153 12.811577 2.1202323 11
0.050198022 5.6228161 0.039856367 3
0.022489944 12.80324 2.5752025 13
0.058875792 3.0573418 -0.067662999 2
0.0089460704 12.788132 1.2170743 8
0.017390812 14.862761 3.4412441 6
0.062144089 2.2299573 -0.072461866 1
0.070155039 2.5592937 -0.065224491 1
0.080682881 11.672722 3.6734459 15
0.072218597 12.821803 0.32298043 3
0.07565897 14.662292 3.937072 8
0.06952884 14.745156 3.4179382 6
0.067359135 12.815221 2.5769653 12
0.10190988 9.2655716 0.053707656 6
0.069880977 5.6906195 0.034012944 3
0.07037843 4.3597083 -0.0061513074 8
0.062050853 12.825613 2.121829 9
0.069860041 3.6490624 -0.050203241 3
0.056773171 12.809969 1.667586 13
0.069637969 3.0691652 -0.06996119 2
0.053705409 12.820256 1.2186787 10
0.048442408 12.81083 0.77037799 3
0.070062846 2.2222505 -0.070432238 1
0.077922732 2.2145276 -0.068403125 1
0.13448101 9.2774067 0.053004988 6
0.1268108 14.594062 3.921026 5
0.089913838 5.7065415 0.032590669 3
0.11241453 12.862576 2.5844381 13
0.085711978 4.35572 -0.0057185926 8
0.082713515 3.6470823 -0.04993413 3
0.10171904 12.833876 1.6695912 12
0.079197682 2.5553944 -0.064361475 1
0.093363099 12.830859 0.77062976 3
0.10707401 12.851393 2.1249146 10
0.080449097 3.0534444 -0.066974476 2
0.12093811 14.654832 3.4000373 7
0.098682821 12.844234 1.2198454 10
0.11722209 12.84174 0.32253522 3
0.12170743 11.695831 3.6795812 15
0.16235542 12.861506 0.32209101 3
0.17166883 14.560435 3.3813632 6
0.1521894 12.865124 2.1265111 9
0.091352701 3.0808992 -0.072292224 2
0.14378026 12.860053 1.2205788 10
0.085828632 2.2299535 -0.07253442 1
0.095587723 3.6509755 -0.050590701 3
0.14686026 12.861604 1.6719522 12
0.16537093 9.1073551 0.061448 6
0.16294478 11.726523 3.6878033 15
0.17721844 14.486705 3.8958993 3
0.088194296 2.5475659 -0.062606268 1
0.13851286 12.866708 0.77119613 3
0.10113262 4.3715391 -0.0076832529 8
0.15757985 12.874241 2.5862021 12
0.11022408 5.7502985 0.028785355 3
0.093665861 2.2221689 -0.070504941 1
0.1995838 9.278758 0.052704573 6
0.20755456 12.87312 0.32176763 3
0.22702901 14.394771 3.8744059 4
0.22175573 14.465847 3.3626921 6
0.13013071 5.7182508 0.031446379 3
0.20297506 12.901542 2.5905008 13
0.197512 12.888611 2.1293471 9
0.10844976 3.650882 -0.050630566 3
0.1020605 3.0611882 -0.068551615 2
0.18916854 12.895691 1.2224004 12
0.097310677 2.5611455 -0.065754741 1
0.19208591 12.877226 1.6732416 13
0.20435824 11.753223 3.6949782 15
0.18384062 12.894409 0.77160496 3
0.11619106 4.3356795 -0.003417349 8
0.22930939 12.917947 0.77193552 3
0.13194725 4.3752189 -0.0082564717 8
0.2374645 12.896657 1.6748894 13
0.24578337 11.76817 3.6990261 15
0.25283685 12.884583 0.32144403 3
0.27593645 14.28317 3.8483765 2
0.23461528 12.915184 1.2233505 10
0.23296463 9.3281965 0.05009019 6
0.27118158 14.371095 3.3440237 5
0.15007204 5.7060714 0.032405071 3
0.24867688 12.936579 2.5960684 13
0.24315123 12.923843 2.1336701 9
0.12126849 3.646786 -0.050052356 3
0.11286382 3.0610662 -0.068584546 2
0.10638583 2.5629954 -0.066228084 1
0.10162144 2.2298167 -0.072583206 1
0.11544479 2.5628667 -0.066255786 1
0.3200103 14.280083 3.3261302 5
0.28746369 11.790712 3.7051582 13
0.29867551 12.923875 0.32068953 3
0.14804839 4.4186654 -0.013575722 9
0.28870782 12.93907 2.1355147 9
0.28310883 12.923934 1.6772463 13
0.12378498 3.0687647 -0.070127584 2
0.28037992 12.946519 1.2249519 12
0.27471051 12.925329 0.77195287 3
0.10957039 2.2335751 -0.07363496 1
0.29442343 12.95961 2.5997322 13
0.17012626 5.7057695 0.032343227 3
0.32440317 14.190885 3.8268881 4
0.13368414 3.6189439 -0.045769203 3
0.26641604 9.3635216 0.048181362 6
0.34023762 12.978547 2.6027613 13
0.16344085 4.4104428 -0.012665024 9
0.19056533 5.7253275 0.030579703 3
0.14681062 3.6384723 -0.048897021 3
0.37245911 14.110126 3.8081267 3
0.36724111 14.141831 3.2989802 9
0.34487745 12.967009 0.31987217 3
0.2984961 9.3308468 0.049688887 6
0.32909864 11.803442 3.7086835 12
0.32921967 12.964961 1.6808541 15
0.12443177 2.5588095 -0.065391257 1
0.32053065 12.95256 0.77235872 3
0.33457699 12.964064 2.1385965 10
0.1344673 3.0607178 -0.068650007 2
0.3260701 12.96169 1.225685 10
0.11691999 2.2025135 -0.065440178 1
0.12513417 2.2216809 -0.070601411 1
0.37086707 11.817959 3.7127295 12
0.37194076 12.980711 1.226633 8
0.1453519 3.0644207 -0.069438398 2
0.17804587 4.3704 -0.0079184594 8
0.332964 9.3939047 0.046368837 6
0.39099482 12.993973 0.31930262 3
0.39584148 13.04195 3.5592499 0
0.4155755 14.089746 3.2888017 7
0.21059319 5.7208972 0.030859182 3
0.38639227 13.005198 2.6070595 11
0.38075256 12.994851 2.1424212 10
0.15976861 3.6441216 -0.049862072 3
0.37516698 12.985914 1.6826781 13
0.13304926 2.5391271 -0.060960148 1
0.36664563 12.983597 0.7728464 3
0.36628017 9.4049101 0.045665659 6
0.43708193 13.012775 0.31885451 3
0.44155592 13.040777 3.5591097 0
0.46322465 14.025732 3.2763109 6
0.23155057 5.7522607 0.028073665 3
0.43218854 13.011952 2.608186 13
0.17338362 3.6734269 -0.05453407 3
0.15611455 3.0621874 -0.069093898 2
0.41806436 13.003572 1.2277963 8
0.14222413 2.5467048 -0.062771499 1
0.42704275 13.021493 2.1457505 10
0.13396859 2.2601385 -0.080899879 1
0.19374345 4.3819246 -0.0094042607 8
0.42142317 13.012675 1.6850352 12
0.41276801 13.006503 0.77317244 3
0.41340098 11.855497 3.7230332 12
0.47865444 13.038275 2.612484 13
0.47365212 13.051939 2.1495755 10
0.25067562 5.7158318 0.031075457 3
0.50934261 13.926239 3.2568822 7
0.4877623 13.055021 3.5626011 0
0.48293993 13.019429 0.31859156 3
0.45521492 11.861993 3.7249916 12
0.39857462 9.3838949 0.046568781 6
0.21047576 4.4251466 -0.014726175 9
0.18644257 3.6770208 -0.055192806 3
0.4672637 13.019373 1.6856087 12
0.16692208 3.0618839 -0.069127046 2
0.46447277 13.030248 1.2291802 8
0.15145363 2.5542414 -0.064582288 1
0.4594011 13.04123 0.77373439 3
0.14053378 2.2096782 -0.06756708 1
0.49580935 11.891573 3.7332156 7
0.50917196 13.068816 1.23122 8
0.52300709 13.064529 2.6167858 14
0.43104452 9.4146986 0.044862729 6
0.52780563 13.06196 0.31778041 3
0.14897777 2.2287574 -0.072728842 1
0.55516756 13.838375 3.2397671 9
0.52060288 13.086195 2.1538942 10
0.5138253 13.045819 1.687965 12
0.17798087 3.0693974 -0.070671365 2
0.1603525 2.5500727 -0.063719474 1
0.22671306 4.4444933 -0.017171042 9
0.50562805 13.055795 0.77390611 3
0.27116966 5.7271233 0.029993277 3
0.19874503 3.656852 -0.052142356 3
0.53434026 13.076912 3.5679045 1
0.57042903 13.106321 2.6236155 14
0.21040514 3.6406262 -0.049708985 3
0.16877797 2.5458703 -0.062852949 1
0.57403064 13.072298 0.31745329 3
0.57863259 13.094805 3.5723109 2
0.53900009 11.928655 3.7435174 12
0.56425363 13.086643 2.1540086 9
0.59812969 13.754364 3.2234335 9
0.46242613 9.3734703 0.046776313 6
0.24098325 4.428091 -0.015298588 9
0.55585331 13.091177 1.2323842 10
0.54967505 13.070289 0.77408445 3
0.56057632 13.07208 1.6903219 12
0.1560427 2.2053063 -0.066587761 1
0.29143909 5.7303891 0.029589895 3
0.1899513 3.1004217 -0.076747321 2
0.59690279 13.104527 0.77464366 3
0.581631 11.946302 3.7486033 12
0.62116152 13.102454 0.31681681 3
0.62525958 13.110526 3.5762534 4
0.64276677 13.666208 3.2063234 7
0.61132956 13.114619 2.1575828 10
0.16376232 2.2127471 -0.068665609 1
0.17777507 2.5455339 -0.062881224 1
0.60570931 13.110218 1.6937537 13
0.60236734 13.105396 1.2331128 8
0.19878811 3.0607734 -0.069225304 2
0.25672689 4.4314451 -0.015825355 9
0.22323577 3.6401272 -0.049747806 3
0.61717886 13.124274 2.6266429 14
0.31189725 5.7375655 0.028847571 3
0.49676427 9.3680096 0.046870735 6
0.66779673 13.116441 0.31643006 3
0.64950961 13.131414 1.2344922 8
0.66406453 13.142042 2.6296701 14
0.62493229 11.975349 3.75682 12
0.65851825 13.140441 2.1609111 12
0.18710926 2.5529485 -0.064692684 1
0.27389061 4.4664898 -0.020189438 10
0.64403689 13.130591 0.77504748 3
0.67483819 13.13764 3.5829122 5
0.23808013 3.6711433 -0.054732759 3
0.52884638 9.350523 0.047575019 6
0.33135295 5.7207756 0.030149035 3
0.17215377 2.2162685 -0.069718018 1
0.68970406 13.589577 3.1915193 9
0.6548292 13.128111 1.695388 15
0.21063828 3.0720751 -0.071526371 2
0.66958135 11.984879 3.7598119 12
0.72260481 13.170523 3.5909386 7
0.71337843 13.159551 2.6326902 14
0.28982243 4.4538379 -0.018801462 9
0.70858508 13.173926 2.1652184 11
0.25082937 3.6666074 -0.054154612 3
0.22092624 3.0598083 -0.069292866 2
0.7022571 13.15586 1.6979218 16
0.18071184 2.2313638 -0.073853508 1
0.69403446 13.164377 0.77559918 3
0.1964024 2.548625 -0.063829266 1
0.69934481 13.161142 1.2360826 8
0.71772099 13.148134 0.31575593 3
0.73153102 13.467807 3.1678593 4
0.35246164 5.7198 0.030084115 3
0.5657689 9.3966637 0.045051929 6
0.20502111 2.5403998 -0.062072676 1
0.74667495 13.182838 1.2372431 6
0.76503319 13.169789 0.31524119 3
0.75658715 13.207325 2.1695347 12
0.59179175 9.2992363 0.049794026 6
0.74137658 13.186107 0.77592379 3
0.71262324 12.002051 3.7648966 10
0.30671215 4.4768505 -0.021727722 10
0.76072973 13.180938 2.636348 14
0.37235233 5.7148161 0.030362682 3
0.76605254 13.072796 3.5685556 10
0.2634882 3.6481817 -0.051415 3
0.76308173 13.120401 3.0998678 12
0.75209266 13.181355 1.7002676 16
0.23305567 3.0749414 -0.072349213 2
0.18939167 2.2386849 -0.075934432 1
0.78843361 13.199689 0.77609199 3
0.79369354 13.137271 1.6963911 15
0.32354286 4.4958429 -0.024174713 10
0.62439907 9.2973833 0.04969332 6
0.81152236 13.173283 0.31500813 3
0.80588776 13.004337 3.5529981 9
0.80131751 13.020126 3.0804603 12
0.39252198 5.7336893 0.028600635 3
0.79624116 13.084012 2.1542892 9
0.27613005 3.6554224 -0.05268814 3
0.24378207 3.0822532 -0.073892936 2
0.7926591 13.176443 1.2368841 6
0.21379292 2.5360374 -0.061208073 1
0.1973286 2.2460179 -0.078012966 1
0.80081815 13.068069 2.6184714 12
0.75644851 12.030622 3.7731109 10
0.83238935 13.062205 1.2306666 6
0.84394598 12.966597 3.0702999 12
0.85543334 13.132709 0.31545568 3
0.33798018 4.4711599 -0.021343973 10
0.83793378 13.010097 2.145237 9
0.80035079 12.057113 3.7808034 9
0.83466691 13.047188 1.6884114 11
0.25420904 3.0737953 -0.072413988 2
0.82920027 13.101295 0.77408868 3
0.20374884 2.218559 -0.070842974 1
0.65651417 9.2874279 0.049997263 6
0.41011602 5.6887836 0.032288548 3
0.84198499 12.986625 2.6056631 11
0.28889632 3.6527278 -0.052418545 3
0.84638739 12.916177 3.5328984 10
0.22375935 2.5530508 -0.06525027 1
0.88699794 12.839573 3.5155199 9
0.88282573 12.908998 2.5934908 13
0.42911619 5.6716704 0.033590961 3
0.69065845 9.3092594 0.048687156 6
0.84408987 12.077674 3.7869296 9
0.88498688 12.893342 3.056288 16
0.3554213 4.497962 -0.024751395 10
0.30188414 3.6539335 -0.052766584 3
0.87672961 12.984822 1.6829284 11
0.23537482 2.5953293 -0.075092793 1
0.21114151 2.2103753 -0.068810761 1
0.87961012 12.943993 2.1371748 8
0.26362395 3.0496354 -0.067913391 2
0.87401432 12.991731 1.226835 4
0.89595109 13.042089 0.3166815 3
0.87074524 13.026732 0.77255386 3
0.88758987 12.092299 3.7914913 10
0.44956908 5.6783533 0.032848708 3
0.92288542 12.827302 2.5806868 11
0.24280086 2.5675206 -0.068874948 1
0.72220379 9.2911186 0.049392994 6
0.92787558 12.774488 3.5008678 10
0.92539299 12.818019 3.041889 14
0.37356985 4.5326238 -0.029118575 11
0.31526688 3.6610107 -0.054043245 3
0.91654551 12.894503 1.6749498 11
0.9115116 12.948057 0.77094156 3
0.92083406 12.877749 2.1291158 8
0.27640238 3.0803158 -0.073992573 2
0.91464341 12.913143 1.2225735 4
0.93663818 12.963315 0.31772274 3
0.21994925 2.2253242 -0.07294631 1
0.7534461 9.2929087 0.049096391 6
0.95274556 12.838559 1.218538 4
0.92976409 12.116523 3.7986681 10
0.97507548 12.892558 0.31864765 3
0.96096671 12.757464 2.5697894 12
0.96486592 12.736674 3.0263393 14
0.96076941 12.799511 2.1195712 8
0.22782631 2.2248099 -0.072970733 1
0.28673533 3.0717607 -0.0725144 2
0.25161257 2.5630343 -0.068010598 1
0.3268232 3.6404321 -0.050990839 3
0.3911483 4.5553241 -0.03204656 11
0.95160961 12.867259 0.76929265 3
0.95683694 12.819955 1.6684003 9
0.96870929 12.715115 3.4875753 11
0.46760681 5.649179 0.035175283 3
0.78815913 9.3183699 0.047584005 6
1.0010939 12.691297 2.5595212 12
0.97536105 12.155886 3.8100047 12
1.0152988 12.821526 0.31956813 3
1.0015688 12.655401 3.0107951 13
0.40637186 4.5542536 -0.032093842 11
0.99695474 12.707438 2.1083038 7
0.33999535 3.6533751 -0.05319244 3
0.99289227 12.767698 1.214713 4
0.25801432 2.5313158 -0.060897425 1
0.98876697 12.784495 0.76761442 3
1.0052081 12.632477 3.4688475 9
0.48544014 5.619957 0.037501279 3
0.99747342 12.7572 1.6629201 11
0.29701743 3.0631602 -0.071034864 2
0.23570408 2.2242639 -0.072994292 1
0.26725271 2.534549 -0.061816335 1
1.0203546 12.183503 3.8182144 10
0.42179391 4.5451493 -0.031182403 11
0.35212731 3.6425734 -0.051685181 3
1.0345533 12.682587 1.6563795 11
1.0282027 12.709454 0.76608419 3
0.30816343 3.0741589 -0.07333383 2
0.24147414 2.2005873 -0.066848986 1
1.0550396 12.750378 0.32048962 3
1.0445601 12.56509 3.4537461 11
1.0420374 12.601251 3.0006404 14
1.0404809 12.621054 2.5486219 11
1.0322551 12.692742 1.2106708 4
1.0371436 12.646783 2.1009896 8
0.81961209 9.2798576 0.049295064 6
0.50579214 5.6264372 0.036759105 3
1.0646259 12.199406 3.8232975 10
1.0933295 12.667145 0.32159948 3
1.0790658 12.546765 2.5370905 14
0.43653321 4.5280809 -0.029311761 11
1.0766032 12.582037 2.0931828 11
1.0707858 12.613679 1.206416 4
0.27712288 2.5455258 -0.064521074 1
1.0688459 12.656226 0.76498157 3
1.0755776 12.607507 1.6498183 9
0.31771109 3.0497961 -0.06884221 2
0.52398646 5.6050386 0.038395941 3
1.0862225 12.570259 2.9950969 16
1.0909628 12.563433 3.4540493 14
0.25055408 2.2115309 -0.069966555 1
0.36591527 3.6454833 -0.052353904 3
0.8534863 9.2931232 0.048380177 6
1.1256552 12.574705 2.5419996 13
1.132558 12.601739 0.32241017 3
0.88444883 9.2904873 0.048277032 6
1.1085305 12.209385 3.8267965 9
1.1113966 12.566339 1.203877 10
1.1371217 12.585078 3.4597986 16
1.115984 12.558296 1.6455767 16
1.1101886 12.588721 0.76358402 4
1.1322464 12.59014 2.9995751 15
0.54071981 5.5676875 0.041402228 3
0.45162439 4.5069361 -0.026974136 10
0.37843594 3.6405034 -0.051777817 3
0.32895514 3.0547991 -0.070011191 2
0.28657255 2.5447717 -0.064561076 1
1.1235645 12.586206 2.0940123 12
0.25619611 2.1839314 -0.06279581 1
1.1584921 12.598471 1.2056819 12
0.38960725 3.6276667 -0.049962487 3
1.1541957 12.238442 3.8355141 10
1.1782738 12.615899 0.3219828 3
1.1751832 12.59833 3.0017464 15
1.1524384 12.589216 0.7635203 4
1.1681966 12.614317 2.0978308 11
0.91559672 9.2716808 0.048977442 6
1.180886 12.60287 3.4646475 15
0.29577604 2.5518327 -0.066374049 1
1.1728033 12.606387 2.5475528 14
0.47281775 4.5768776 -0.035666447 11
0.33705756 3.0225883 -0.063999288 2
0.5602814 5.5660276 0.041337095 3
0.26523405 2.1986966 -0.066933557 1
1.1627312 12.586351 1.6482787 15
1.2260891 12.651805 0.32121089 3
1.2218057 12.621816 3.0069921 16
1.2280564 12.631955 3.4722078 17
1.2215936 12.653661 2.5556331 16
1.2134672 12.622299 2.0991695 11
0.40308812 3.6344287 -0.051242758 3
0.34684172 3.0177975 -0.063277029 2
1.2058378 12.63043 1.2074852 12
0.30479464 2.5510492 -0.066404521 1
0.27161184 2.1864994 -0.063873045 1
0.48891786 4.5754662 -0.035720196 11
1.1997439 12.621219 0.76407039 3
1.2011356 12.278872 3.8473585 9
1.2071247 12.610459 1.6506324 16
0.57733625 5.5365214 0.043660611 3
0.9508512 9.2804813 0.04825734 6
1.2481773 12.317198 3.8586812 9
1.2469009 12.649091 0.76454043 3
0.50390428 4.5621352 -0.034332339 11
1.2741714 12.687545 0.32043734 3
1.2681545 12.673195 2.5592837 16
1.2606578 12.649884 2.1029809 12
1.2523108 12.650288 1.2086382 12
0.3116664 2.5269425 -0.061078116 1
0.3598288 3.0363395 -0.067094401 2
1.2723006 12.660539 3.0153124 24
0.28397945 2.2319636 -0.076238729 1
0.98494947 9.2932682 0.047341075 6
1.2761906 12.645131 3.4761367 17
1.2564728 12.638 1.6533239 16
0.41543806 3.6213968 -0.049431086 3
0.28857821 2.1965981 -0.067011096 1
1.0175295 9.29004 0.047232695 6
1.3214312 12.689039 0.32018852 3
1.3250734 12.687428 3.4868712 16
1.3210657 12.701242 3.024025 19
1.3163189 12.684482 2.5616608 14
1.3102665 12.677095 2.1067817 12
0.42819431 3.620194 -0.0494738 3
0.36829174 3.0118644 -0.062592536 2
1.3019198 12.677712 1.2102153 12
0.32253143 2.5415828 -0.064680025 1
0.5196104 4.5486751 -0.032947849 11
1.3049823 12.677425 1.6570915 15
1.2967352 12.345533 3.8673882 7
1.2961205 12.672593 0.76492423 3
1.3427459 12.368116 3.8745425 4
0.53917664 4.5826583 -0.037323043 11
1.3521794 12.70082 1.6594357 15
1.3432934 12.69611 0.76531631 3
1.3495286 12.705149 1.2118016 12
1.0526012 9.3105345 0.045911271 6
0.38125136 3.0342891 -0.067165837 2
0.29711887 2.2035315 -0.069092736 1
1.369126 12.716441 0.3195402 3
1.3730865 12.717916 3.494884 17
0.54872704 4.6665139 0.11790144 2
1.3631561 12.703678 2.565311 13
0.33190107 2.5445895 -0.065602042 1
1.3578748 12.704317 2.1105919 12
0.44114736 3.6209054 -0.049825568 3
1.3691399 12.731993 3.0308099 18
0.3404958 2.5397978 -0.064738579 1
1.3969208 12.728454 1.2131678 12
1.2038044 10.724813 2.6355188 3
1.4170213 12.74366 0.31889254 3
0.55611825 4.588913 -0.038337175 12
1.2066907 10.666198 3.4137518 10
1.399153 12.720099 1.6614211 15
0.39074999 3.0214813 -0.064931788 2
1.2033429 10.677314 3.0182269 2
1.0826772 9.2832317 0.04701585 6
0.45227957 3.6038842 -0.047392372 3
0.56514263 4.6648307 0.11784832 2
1.4103438 12.724685 2.5692744 2
1.3898363 12.711496 0.76555544 3
0.30413118 2.1950612 -0.067062199 1
0.35112157 2.5543728 -0.068340205 1
1.2403501 10.66947 3.0171955 5
0.46455303 3.5986226 -0.046815932 3
1.2337178 10.674118 2.2394593 15
1.446064 12.737185 1.6632311 1
1.109468 9.2280378 0.049539167 6
1.2466071 10.685256 3.4198809 7
1.4634001 12.754811 0.31849334 3
0.57352948 4.5990534 -0.03983216 12
1.4442865 12.749597 1.2144268 2
1.4379718 12.740656 0.76605952 3
0.58154649 4.6630969 0.11779354 2
1.2378112 10.687663 2.6288462 26
0.40307736 3.035985 -0.067992017 2
0.31393886 2.2134714 -0.072229296 1
1.2713591 10.671998 2.2396522 5
1.4818325 12.43488 3.8959954 4
1.272297 10.645319 0.35157016 3
1.2789893 10.716736 2.6352687 3
0.60323453 4.7088399 0.11364064 2
0.32051331 2.2010972 -0.069169343 1
0.59495884 4.64466 -0.045651097 12
1.1432019 9.2362804 0.048823915 6
1.2531543 10.652806 0.72562426 23
1.59721 13.509017 3.6830323 10
0.36142898 2.5650239 -0.071048006 1
1.2565074 10.642667 1.0996901 10
0.41292906 3.0270207 -0.06651476 2
1.2602975 10.653389 1.4763578 14
0.47875345 3.6109877 -0.049023177 3
0.33047634 2.2194383 -0.074337751 1
1.1755872 9.2325077 0.048715848 6
1.3096099 10.641077 0.35144717 3
1.6443192 13.501714 3.6824231 12
1.9175682 15.918013 3.6632624 4
0.61979127 4.7069812 0.11358555 2
1.6534574 13.65961 2.7219393 2
0.4914721 3.6095681 -0.049065344 3
0.4227204 3.0180237 -0.065037593 2
1.2938133 10.638487 1.0995681 2
0.36829388 2.5446494 -0.066613548 1
1.2996802 10.667023 1.4778335 3
1.5289825 12.460637 3.904186 4
0.60768461 4.6112556 -0.041860964 12
1.2916244 10.658588 0.72569197 23
1.2055329 9.208787 0.04962144 6
1.3473077 10.711166 1.8629014 128
1.5744892 12.470866 3.908211 5
1.3580285 10.730043 0.34984562 3
1.6925575 13.503928 3.6840799 11
1.9737947 15.915408 3.6638489 4
0.6400938 4.7367125 0.11079828 2
1.705978 13.693261 2.7281086 2
0.62809104 4.6448646 -0.04623897 12
0.50234479 3.592397 -0.046631306 3
1.6928145 13.679722 1.7488379 14
0.42971307 2.98559 -0.059021398 2
1.6891086 13.676706 1.265359 2
0.37683761 2.5397406 -0.065750092 1
1.6859494 13.698853 0.78443217 3
0.33609533 2.1993461 -0.069221258 1
1.7346574 13.699108 0.78438824 3
1.6707782 12.968413 0.31419128 3
2.0314476 15.924314 3.6667438 4
0.64011353 4.6074305 -0.041967869 12
1.3872547 10.726388 1.8652484 126
1.7436191 13.697742 1.7508123 16
0.44825059 3.0506282 -0.071914874 2
0.34111786 2.1754019 -0.063075058 1
1.7403874 13.698751 1.2667149 6
0.38487896 2.5309367 -0.063993737 1
1.6212728 12.490511 3.914839 8
1.2343366 9.177042 0.050931424 6
0.5145278 3.5869598 -0.04605392 3
1.7408292 13.505978 3.6857369 11
0.64952105 4.6753764 0.11586855 2
1.7575536 13.716923 2.7326934 1
1.786099 13.721024 0.78476661 3
1.7965491 13.73138 1.7542096 14
0.65681005 4.6093836 -0.042502362 12
1.4231329 10.707973 1.8633951 109
1.6694204 12.519565 3.9240711 8
1.7202275 12.994499 0.31353882 3
1.7879033 13.498188 3.6851263 10
2.0906627 15.944702 3.6719477 4
0.52716416 3.5854146 -0.04609542 3
0.45756128 3.0376182 -0.069680728 2
1.7918408 13.720622 1.268069 6
0.39382675 2.5298481 -0.06402275 1
0.34787229 2.16679 -0.061042927 1
1.8095529 13.742351 2.7375951 1
0.67175078 4.7127867 0.11239478 2
1.2727491 9.2083807 0.048998561 6
1.8392448 13.754642 0.78537589 3
1.7162925 12.536943 3.9301789 8
0.67251605 4.603384 -0.04207439 12
1.7688376 13.012488 0.31300998 3
0.39980742 2.5055146 -0.058693163 1
1.8434695 13.74227 1.2694261 6
1.8620129 13.769539 2.7428112 1
1.3045077 9.2001829 0.049094472 6
0.35885844 2.1887894 -0.067241229 1
1.8378118 13.4938 3.6854153 11
0.6873042 4.7027779 0.11302403 2
2.1487999 15.933336 3.6709864 2
0.53967369 3.5778565 -0.04521009 3
1.8506211 13.752675 1.7565292 14
0.46631852 3.0167243 -0.065935165 2
0.68690956 4.5814862 -0.039726082 12
1.8950505 13.78776 0.78597236 3
1.7667896 12.563425 3.9388812 6
1.9040254 13.785902 1.7599255 14
1.9147496 13.778577 2.7451754 0
0.37162653 2.2261186 -0.077553675 1
1.8145936 12.990334 0.31310448 3
1.8856107 13.49147 3.686166 11
2.2077239 15.949392 3.675421 2
1.9126247 13.806628 2.2535744 9
0.5522787 3.5762236 -0.0452516 3
0.47901607 3.030916 -0.068995632 2
1.8992507 13.775311 1.2714195 6
0.4141846 2.5429764 -0.067655645 1
0.70571822 4.7084198 0.11228238 2
1.329723 9.1322918 0.05222467 6
1.356879 9.1164446 0.052736696 6
1.9534054 13.812425 1.2736372 6
1.8153027 12.590002 3.9475925 8
1.850325 12.912856 0.31409001 3
0.70569843 4.59901 -0.042184077 12
1.9639384 13.821794 2.2561312 8
1.9487156 13.820948 0.78658086 3
1.9699826 13.822968 2.753238 0
0.4226521 2.5379195 -0.066791765 1
0.72442949 4.7219882 0.11086058 2
2.2695746 15.964849 3.679846 2
0.48971578 3.0255327 -0.068276159 2
1.9368353 13.496366 3.6887219 12
0.37989843 2.2250285 -0.077580743 1
0.56497681 3.5705376 -0.044675734 3
1.9574319 13.798862 1.7615345 16
0.38170877 2.1857781 -0.06731613 1
0.43170658 2.5406182 -0.067712389 1
2.0037754 13.83777 1.2752148 6
0.50039858 3.0320065 -0.069821045 2
1.8955252 12.922749 0.31369653 3
2.0165291 13.862638 2.2619116 9
2.3188126 15.950126 3.6781418 2
1.3939586 9.1475153 0.05080669 6
1.9799455 13.494331 3.6894886 12
1.8610007 12.610974 3.9547458 8
2.7842216 19.300587 3.6396472 2
0.7227127 4.6086931 -0.043675862 12
0.57521117 3.5611663 -0.043474942 3
1.9969082 13.830518 0.78673416 3
2.0075314 13.840249 1.7656562 16
0.73827589 4.712038 0.11149579 2
2.0504186 13.859351 0.78726572 3
2.0605125 13.864999 1.7683381 14
0.74116427 4.6221366 -0.045652706 12
2.8605056 19.351629 3.6492264 2
1.4254475 9.138895 0.050905008 6
1.933962 12.868814 0.31430489 3
2.0275013 13.489573 3.6897867 10
2.37412 15.938354 3.6771886 2
0.75597525 4.7175889 0.11075789 2
2.0679119 13.875447 2.2642224 9
0.58664131 3.5515807 -0.042278435 3
0.51109862 3.0305059 -0.069855623 2
2.0578892 13.870515 1.2772149 6
0.44178113 2.5470903 -0.06952849 1
0.389447 2.1847014 -0.067341737 1
1.9107307 12.642926 3.9650178 8
1.9576209 12.669299 3.9737322 6
2.9306145 19.381414 3.6553369 2
1.4588675 9.15413 0.049790896 6
2.1086695 13.895495 1.2787912 8
1.956967 12.728046 0.31631333 3
0.75109118 4.5765681 -0.040415421 12
2.1441743 13.99253 3.2929134 1
2.1217055 13.903783 2.268508 8
2.1148558 13.897433 1.7717303 13
0.52065617 3.0212071 -0.068377808 2
0.40328294 2.2256773 -0.078683987 1
2.1053107 13.895929 0.78794527 3
0.77546048 4.7349091 0.10899287 2
0.60058522 3.5595512 -0.043867033 3
2.0753398 13.486571 3.6905365 10
0.44797853 2.5265102 -0.065091148 1
2.1732845 13.932262 2.2728031 8
2.186352 13.956507 3.2869892 9
2.1620648 13.919918 1.2803602 8
0.61425173 3.5695212 -0.045763742 3
2.0078154 12.70087 3.9840031 6
0.77050591 4.6017947 -0.043832589 12
2.1810644 13.944426 2.7766423 10
0.45646128 2.5252712 -0.065118827 1
2.1568661 13.924738 0.7884801 3
2.1196461 13.476047 3.6894844 10
2.0242469 12.871691 0.31376353 3
0.79329067 4.7403288 0.10825355 2
0.53015715 3.011869 -0.06689889 2
1.4968344 9.1766338 0.048260625 6
2.1688671 13.925693 1.7747692 13
0.40321177 2.1709983 -0.064305097 1
0.40935242 2.1622589 -0.062270388 1
2.0571253 12.785744 0.31488267 3
2.1698382 13.488127 3.6938593 10
2.2347305 13.968243 2.7815394 5
2.2278233 13.962159 2.2773335 7
2.218837 13.942326 1.7767469 13
2.0558853 12.71697 3.9901087 6
2.2110834 13.952952 0.78900951 3
0.46421194 2.5162215 -0.063360468 1
2.2168746 13.952043 1.2823581 8
0.78488314 4.5875754 -0.042442247 12
0.62623024 3.5637188 -0.045184936 3
0.81148058 4.7476406 0.10734458 2
0.54078537 3.0102694 -0.066933364 2
2.2442992 13.991383 3.2952859 9
1.5193957 9.100338 0.051802032 6
0.42036334 2.180131 -0.067441858 1
0.47234815 2.5070782 -0.061603781 1
2.2749965 13.987521 1.2845637 6
2.2222109 13.497708 3.6977749 12
2.1087391 12.74782 4.00037 6
2.1154191 12.849508 0.31358847 3
2.286289 13.99929 2.2828469 8
2.2910435 13.991478 2.786428 4
0.63512701 3.5343618 -0.040892702 3
2.2775371 13.981623 1.7808393 14
2.2673464 13.97665 0.78945166 3
0.8055253 4.6084886 -0.045384146 12
1.5551305 9.1189003 0.050480306 6
0.82869923 4.7429528 0.1074589 2
2.6031015 15.923801 3.6802936 2
0.55254453 3.0124311 -0.067726441 2
0.84981573 4.7678552 0.10500809 2
1.5845006 9.0979271 0.051186338 6
2.1612236 12.77464 4.0095887 6
2.2746737 13.507092 3.70169 14
2.3494389 14.026188 2.7932122 4
0.81812388 4.5783472 -0.042072281 12
0.64851785 3.5342395 -0.041245081 3
2.3371873 14.024613 1.7852863 13
2.3428354 14.022468 2.2866294 8
0.55944586 2.9874909 -0.06321957 2
2.3327811 14.018821 1.2865523 6
0.48104006 2.5017648 -0.060740214 1
2.3244414 14.004077 0.78996927 3
0.43029785 2.1903076 -0.070554614 1
2.6613927 15.930404 3.6831903 2
2.1614094 12.834061 0.31355885 3
0.87111801 4.7926497 0.10255753 2
2.4046926 14.055216 2.7990565 3
0.66320908 3.5458803 -0.043454114 3
2.3194406 13.484006 3.6979103 14
0.49428269 2.5272863 -0.067024298 1
2.199832 12.787244 0.31404692 3
2.2110612 12.79781 4.0177727 5
2.7203863 15.940686 3.6868553 2
1.6217219 9.124115 0.049458597 6
2.3806086 14.039557 0.79064715 3
0.83164871 4.5600581 -0.040199425 12
2.3964834 14.0419 2.2899253 9
2.3914921 14.048104 1.787966 14
0.56998956 2.985781 -0.063252881 2
2.3851295 14.030567 1.2874717 6
0.4392955 2.1966984 -0.07263831 1
1.6412653 9.0559492 0.05260814 6
2.2594819 12.824968 4.0270066 5
2.2203817 12.649994 0.31600231 3
2.438422 14.062231 1.2894756 6
2.4560723 14.074711 2.8033264 3
2.3679879 13.483827 3.6995668 16
0.85492951 4.6004729 -0.045545183 12
2.7781799 15.942995 3.6889815 4
0.89128071 4.8095036 0.10079147 2
0.67505056 3.5399134 -0.042873994 3
2.4459794 14.071391 1.7906427 14
0.58181816 2.9917965 -0.064801425 2
0.50257474 2.5219672 -0.066159435 1
2.4363873 14.070874 0.79124761 3
2.4535861 14.080701 2.2956901 8
0.44580102 2.1877964 -0.070604675 1
2.3090391 12.843942 4.0341506 5
0.87298828 4.6135235 -0.047519572 12
2.51142 14.101367 2.8088543 3
1.6861672 9.1251907 0.048645593 6
2.2436028 12.52026 0.31782725 3
2.4148676 13.487682 3.7021406 16
2.8318999 15.93785 3.6895776 4
2.5054882 14.102111 2.2992389 7
0.68689913 3.5379155 -0.042913038 3
2.495096 14.09722 1.2916853 6
0.50383514 2.4782729 -0.056357101 1
2.4899368 14.102409 0.79185551 3
0.46262625 2.2398522 -0.085038856 1
0.9068433 4.7987742 0.10142197 2
2.4986465 14.082672 1.7922579 15
0.59171271 2.9861541 -0.064079367 2
0.51861227 2.5113392 -0.064428382 1
2.5472412 14.139205 0.79256922 3
2.3607819 12.87414 4.044416 5
2.3110795 12.646523 0.31552383 3
2.4621205 13.479477 3.7019861 16
0.92149413 4.7881541 0.10205424 2
2.5666308 14.125874 2.8140635 2
0.88921499 4.6107168 -0.047572222 12
2.5641484 14.146349 2.3057423 9
2.5544407 14.125597 1.7967185 15
0.59700227 2.9573452 -0.05881162 2
2.5513544 14.12804 1.2936814 6
0.46552983 2.2119036 -0.077858225 1
0.69800395 3.5279794 -0.041713662 3
2.8795397 15.881788 3.680162 4
1.6955836 8.9936886 0.055041224 6
2.6109285 14.156091 1.800106 15
1.7271187 8.9879847 0.054938775 6
2.4141366 12.911729 4.0567641 5
2.3546803 12.634708 0.31544292 3
2.5107203 13.478787 3.7036421 15
0.94745862 4.8361807 0.097546905 2
2.6265817 14.175437 2.8233802 2
0.71112871 3.5296848 -0.042373098 3
0.79219979 3.9746113 0.030348785 4
0.52817458 2.5136201 -0.065350316 1
2.6179042 14.161044 2.3085427 8
2.9351661 15.871941 3.6799803 4
0.47133771 2.1991222 -0.07479576 1
0.60881299 2.9632525 -0.060359888 2
2.6078582 14.158657 1.2956746 6
2.6746342 14.19115 2.313318 9
2.9942873 15.881194 3.6836476 4
0.62277716 2.9807029 -0.064179219 2
0.48600128 2.2357686 -0.085113592 1
2.6620932 14.175286 1.2969148 2
2.6690869 14.194223 1.8041997 15
1.7586398 8.9821653 0.054836381 6
2.4642699 12.930129 4.0639043 5
2.5565398 13.462566 3.7016776 14
0.53357786 2.4928634 -0.060911022 1
0.96589625 4.8409557 0.096807405 2
2.681222 14.193677 2.827641 1
0.80120474 3.9447453 0.033672947 3
0.72639436 3.543009 -0.044893049 3
2.7330739 14.228838 2.3190787 8
2.6022663 13.446209 3.6997125 14
3.0484648 15.863242 3.681926 4
0.98510563 4.8495779 0.095724918 2
2.7374656 14.219464 2.8331654 0
0.73707432 3.5310092 -0.043383759 3
0.63186479 2.9710617 -0.062698722 2
0.5466457 2.5142536 -0.066301391 1
0.4939124 2.2343419 -0.085139699 1
0.92621142 4.5395002 -0.040026791 12
2.7253644 14.220352 1.8072307 14
2.5174279 12.963498 4.075211 6
2.7803626 14.238421 1.8095535 14
2.5693779 12.989076 4.084435 6
0.82933903 3.9415543 0.033342935 3
0.64307982 2.972964 -0.063489251 2
0.75245565 3.5442142 -0.045902863 3
2.7910666 14.262402 2.3243449 8
0.81817085 3.8903549 0.73308021 1
2.8020527 14.287723 2.8456378 0
1.002158 4.8463845 0.09567003 2
3.1054983 15.860504 3.6832862 4
2.6523049 13.452648 3.7031829 15
0.5613113 2.5432615 -0.073481821 1
0.49182004 2.1796923 -0.070752949 1
2.8493183 14.295733 2.3296099 9
0.9551158 4.51788 -0.038205508 11
3.1621668 15.855643 3.6842597 5
0.84112483 3.9055719 0.45616743 1
2.6215472 13.01446 4.0936551 5
0.8288421 3.8720748 0.73217487 1
2.8385532 14.271939 1.8132927 15
0.82704651 3.8714182 0.59435064 1
0.56662029 2.5224159 -0.069040671 1
0.49444023 2.1516664 -0.063571945 1
0.65282524 2.9671226 -0.062765591 2
1.0222279 4.8587823 0.09424413 2
3.9090838 19.726034 3.7329943 1
2.7024183 13.458901 3.7066529 15
0.76045251 3.5185633 -0.042224944 3
0.84409612 3.8575134 0.31950533 2
2.750319 13.453519 3.707406 14
3.480325 17.193907 3.3222027 1
0.77437133 3.5239201 -0.043504495 3
0.84442544 3.8719287 0.041198704 3
0.84555227 3.8558111 0.45688948 1
2.672044 13.030161 4.1002741 5
3.2199879 15.856356 3.6863871 5
2.8985372 14.313066 1.8177378 15
0.57104212 2.4977372 -0.063705027 1
0.84067833 3.8687863 0.59430689 1
0.50502479 2.1653759 -0.067713879 1
2.9055426 14.317139 2.3333948 8
0.6625399 2.9612486 -0.062042505 2
0.83477628 3.8302422 0.72997749 1
0.85599029 3.842942 0.32006937 2
0.85035598 3.8934536 0.17848302 2
2.7295732 13.079725 4.1162634 5
0.85116953 3.8504241 0.59396034 1
0.84747958 3.8236749 0.72971904 1
2.9642866 14.350001 2.3386607 9
0.85675669 3.8413525 0.45703694 1
3.5241678 17.100645 3.3087444 2
0.8525914 3.841985 0.044525195 3
0.57682204 2.480706 -0.060157012 1
3.2821701 15.864013 3.6900427 5
0.67582136 2.9706368 -0.06434954 2
2.7998118 13.443668 3.7072451 14
0.86631072 3.8245537 0.32084024 2
0.78896099 3.5290942 -0.044786282 3
2.9605827 14.349511 1.8218225 14
0.85856569 3.8633883 0.18083791 2
0.52591038 2.2282395 -0.0852414 1
0.86679524 3.8391199 0.044480398 3
0.882227 3.833518 0.32018593 2
2.7862706 13.111564 4.1275578 5
0.87456506 3.8723586 0.1797653 2
3.5735481 17.022131 3.2978044 2
0.80060643 3.5227165 -0.044205263 3
0.86620063 3.8514929 0.59399009 1
3.0180199 14.374494 1.8248521 14
0.58292067 2.463587 -0.056610946 1
3.0262215 14.384059 2.3441629 7
0.86532426 3.8110609 0.45743874 1
2.8484788 13.441759 3.7089024 16
3.3432608 15.879671 3.6952462 5
0.68317151 2.9531388 -0.061352789 2
0.86082053 3.8169239 0.72945827 1
0.52457952 2.1812074 -0.072912052 1
3.6145928 16.920916 3.2830875 2
0.89075023 3.8072448 0.32136387 2
2.8377631 13.128524 4.1346955 5
0.87997276 3.8141696 0.45729995 13
2.8995633 13.451097 3.713279 15
3.4048934 15.897022 3.7008331 4
0.87682313 3.8149381 0.18452053 2
0.87061089 3.7896931 0.050217256 2
3.0863104 14.420338 2.3499191 7
0.81381941 3.5240488 -0.044865459 3
3.0756695 14.399264 1.8278787 14
0.69518459 2.9587045 -0.062901296 2
0.87548 3.820044 0.72973835 6
0.59874034 2.4961748 -0.064685591 1
0.87570834 3.8291459 0.59356838 1
0.53386378 2.1872158 -0.074996375 1
0.88934308 3.8192012 0.72980279 1
0.90331167 3.8004885 0.32152441 2
2.9474952 13.445007 3.7140319 15
0.88901699 3.8062849 0.18499164 2
3.6598876 16.842815 3.2721605 2
0.70562202 2.9565444 -0.062935941 2
0.60435128 2.4790819 -0.061136715 1
0.88630337 3.8126504 0.59326065 1
0.82460153 3.5137308 -0.043665171 3
0.54001808 2.1780434 -0.07296057 1
3.1425905 14.436929 2.3532107 7
0.89053446 3.8179827 0.04632093 2
3.1335261 14.423805 1.8309053 15
3.458123 15.873814 3.6983483 4
0.89465606 3.8172162 0.45716101 10
2.8902171 13.149055 4.1428752 5
0.54934472 2.1839838 -0.075045213 1
3.2023449 14.46886 2.3584709 7
0.71770203 2.9620168 -0.06448368 2
0.90363115 3.8202639 0.72997445 1
2.9962523 13.442551 3.7156911 15
0.91148293 3.8299818 0.45686284 1
2.9444778 13.176952 4.1531339 5
3.5095603 15.842771 3.6943235 2
0.90536124 3.8170643 0.18374951 2
0.90314054 3.8112495 0.04675867 2
0.83698326 3.5110998 -0.043704953 3
3.1949384 14.463702 1.8353492 16
0.61311466 2.4772363 -0.061164707 1
0.90350276 3.8274179 0.5935576 1
3.710531 16.791618 3.2656565 2
0.91926867 3.8092895 0.32087141 2
0.9387756 3.8336256 0.31940225 2
0.63265783 2.5248857 -0.072818063 1
0.72396982 2.9405799 -0.060728882 2
0.92152774 3.8114407 0.45707488 1
0.85019952 3.5122902 -0.04436408 3
3.262805 14.502468 2.3639793 8
3.0441828 13.436111 3.716445 15
3.7489829 16.686268 3.2503145 2
0.91794705 3.8102727 0.18404901 2
3.5616658 15.815384 3.6910689 2
3.001476 13.215921 4.1665154 5
0.9140138 3.796711 0.048161868 2
0.91793704 3.8212759 0.73014635 1
0.9152776 3.8167038 0.59336352 1
0.55379236 2.167222 -0.070950478 1
3.2549732 14.495545 1.839084 15
0.95601654 3.8502429 0.31834283 3
3.056227 13.243364 4.176774 5
0.931696 3.8131552 0.045709699 3
0.73264569 2.930644 -0.059246533 2
3.3226733 14.53196 2.3689919 7
3.3161166 14.531046 1.8431722 16
0.9382441 3.8567126 0.59415132 1
0.93757135 3.8201864 0.45684049 1
0.5614664 2.1655562 -0.070974849 1
0.8642875 3.5172958 -0.045643684 3
3.0908256 13.42382 3.7158399 14
0.63230813 2.4810624 -0.06300927 1
3.6162 15.799319 3.6901233 2
0.93570107 3.8267717 0.18229167 2
3.7975152 16.629034 3.2428668 2
0.93486381 3.8339226 0.73096442 1
3.1380961 13.425177 3.7184138 7
0.94586074 3.8122525 0.18327995 2
0.87954122 3.530093 -0.048161812 3
3.3883257 14.569311 2.9071565 4
3.10675 13.261683 4.1844368 5
3.397929 14.595131 3.4504867 6
0.94970554 3.8335497 0.042776898 3
3.3833051 14.575329 2.3757405 7
3.3723743 14.555215 1.846204 16
0.64406365 2.4944284 -0.066612892 1
0.95026618 3.8499494 0.59403425 1
2.1234605 8.8532324 0.056268331 6
0.74247259 2.9284527 -0.05927689 2
0.96010292 3.8602221 0.45609346 1
0.56875211 2.1639433 -0.070997439 1
0.57813144 2.1697631 -0.073082216 1
0.64766383 2.4696448 -0.061274853 1
0.75017577 2.9146395 -0.057036877 2
3.1641121 13.298097 4.1972971 5
3.4445801 14.608206 2.381247 8
3.4578626 14.621737 3.4580083 8
2.1463118 8.8110094 0.058005054 6
3.189517 13.433431 3.7227874 3
3.4526713 14.615418 2.9164617 7
0.97031969 3.8614476 0.038878176 3
0.89021325 3.5195701 -0.046961527 3
0.96196669 3.8208549 0.18220769 2
3.433166 14.586359 1.8499368 18
2.1793518 8.8196478 0.057095382 6
3.962188 16.573296 3.2394829 12
3.2158864 13.319779 4.2060008 5
1.0073887 3.958854 0.026304049 4
3.4960127 14.62501 1.854377 16
0.90081918 3.5090215 -0.045760181 3
3.5056872 14.638901 2.3865047 8
0.7649132 2.9314029 -0.060858246 2
3.776154 15.748759 3.6869073 6
3.2392514 13.433886 3.7253535 2
0.65816242 2.4752321 -0.063089915 1
0.58144867 2.1491787 -0.067956276 1
0.67005193 2.4884915 -0.066695116 1
3.2830486 13.419584 3.7243037 2
4.0225134 16.569252 3.240876 17
1.1579893 4.5353212 -0.046040487 12
0.9152925 3.5178134 -0.047658309 3
3.2760007 13.365153 4.2214575 5
3.562191 14.660295 2.3905392 7
2.2121494 8.8200464 0.056585819 6
3.8312817 15.747895 3.6890454 6
0.7698347 2.9060662 -0.056344558 2
3.5564258 14.651776 1.8577529 15
0.59792119 2.1850393 -0.078279987 1
1.5339019 6.1100492 -0.021022357 3
0.59808022 2.1532338 -0.070062891 1
0.77774596 2.8961205 -0.054859579 2
3.3342087 13.400859 4.2343149 5
3.3337328 13.423484 3.7277739 3
3.8928864 15.761422 3.6942506 6
4.0786757 16.547737 3.2394266 17
0.67067772 2.4522831 -0.058671638 1
3.6256251 14.698217 2.3967829 7
0.92768687 3.5148761 -0.047697619 3
3.6172943 14.690524 1.8621993 16
1.1674365 4.5045037 -0.042716976 12
1.5600247 6.1243095 -0.022807138 3
2.2598488 8.8742237 0.053220913 6
0.6904071 2.4956605 -0.069443487 1
3.6917219 14.745528 2.404237 8
4.1328535 16.518345 3.2366965 13
3.3871639 13.413813 4.2409105 5
1.177627 4.4775267 -0.039886247 11
1.5805808 6.1152244 -0.022545308 3
3.3886864 13.4342 3.733027 3
3.6817153 14.720034 1.8659014 16
3.9545846 15.762612 3.6971171 6
0.94068968 3.5117462 -0.047749896 3
0.78569323 2.8820946 -0.052630279 2
0.59878755 2.1212747 -0.061857957 1
2.2851732 8.8433046 0.054329079 6
0.60167158 2.1006835 -0.056732189 1
0.68844086 2.4479959 -0.058740366 1
0.80435395 2.9139235 -0.059485853 2
3.7457397 14.757655 1.870325 15
4.0135736 15.764256 3.7000027 6
1.2142535 4.5544014 -0.050067537 13
2.3122723 8.8200283 0.055041175 6
3.4477429 13.446603 4.2532253 5
3.445184 13.460399 3.7419162 3
3.8098431 14.962603 2.982815 8
3.7555196 14.770728 2.4089789 8
0.95306212 3.5087154 -0.047791291 3
1.5943632 6.0790057 -0.019872049 3
3.5038199 13.493916 3.7526155 3
3.844331 14.878668 2.9709625 10
2.3531134 8.8508806 0.052894317 6
3.5053029 13.475976 4.2645092 5
4.0764723 15.780893 3.7059608 6
1.6196061 6.0891352 -0.02131832 3
1.2186239 4.5042119 -0.044336569 12
3.8213239 14.813623 2.4159472 10
0.96542448 3.5056422 -0.047833115 3
3.8071489 14.783404 1.8736876 13
0.81080681 2.8961489 -0.05648943 2
0.69804388 2.4496365 -0.059663676 1
0.61286688 2.1138523 -0.060878027 1
0.62130386 2.115726 -0.061933264 1
2.3740809 8.8042402 0.054827806 6
4.1380672 15.791599 3.7107658 4
3.8815615 14.833175 2.4199572 8
0.82005525 2.8897746 -0.055765945 2
1.2315133 4.4886656 -0.042943638 12
3.8831892 14.813799 2.9622667 15
1.6459285 6.1030202 -0.023107724 3
3.873723 14.828206 1.8788192 15
3.5569124 13.504539 3.7578838 3
3.5674376 13.521949 4.2804728 3
0.97972876 3.5101902 -0.049117193 3
0.71055192 2.46258 -0.063271649 1
2.3978179 8.7691126 0.056152765 6
0.82730752 2.8757589 -0.053525332 2
3.938144 14.863091 1.883064 4
0.9980408 3.5299754 -0.05288123 3
3.945986 14.867846 2.4259381 7
1.2512879 4.4999914 -0.044925962 12
3.9221308 14.750747 2.9538884 15
1.6623474 6.0782228 -0.021463534 3
4.2032642 15.815334 3.7182617 5
0.72510689 2.4830091 -0.068669282 1
3.6160128 13.537595 3.7685802 3
0.62686688 2.1063366 -0.059897792 1
3.6235957 13.543351 4.2896743 3
3.6799269 13.564547 4.2988734 3
1.2529635 4.4421077 -0.038225792 11
0.83645701 2.8693416 -0.05280181 2
3.6783857 13.581703 3.7819905 2
0.64117348 2.1305947 -0.067135274 1
4.2556348 15.789491 3.7157662 5
3.9758039 14.744905 2.9549732 15
4.0127182 14.909931 2.4329035 8
1.0054561 3.5076406 -0.049820863 3
0.72993112 2.465662 -0.065120026 1
1.6847538 6.072382 -0.021539785 3
2.4259686 8.745122 0.056859519 6
0.73964709 2.4671428 -0.06604334 1
3.7404826 13.600402 4.3122368 3
4.078248 14.945976 2.4391296 8
1.2788278 4.4763546 -0.043103646 12
4.0039473 14.643478 2.9402883 13
2.4566238 8.7368736 0.056755118 6
3.7414706 13.617362 3.7935832 2
1.7060721 6.0667448 -0.021612106 3
0.85113353 2.8817215 -0.055869285 2
4.3116407 15.76654 3.7140307 5
1.0133384 3.4851315 -0.04676054 3
0.65504616 2.1509342 -0.073342875 1
0.86232471 2.8828151 -0.056662396 2
3.8052335 13.640966 4.327148 5
0.65361875 2.1153247 -0.064094856 1
2.4798355 8.7015562 0.05808153 6
4.1430607 14.967648 2.4436197 6
1.3047014 4.5064173 -0.047500931 12
4.0370798 14.552775 2.9274912 18
3.7983806 13.638375 3.8015628 2
4.3678832 15.755473 3.7146122 5
1.720075 6.0341039 -0.019279132 3
1.0287114 3.4933026 -0.048664745 3
0.74271375 2.4421265 -0.060705207 1
3.8565097 13.662889 3.8104494 3
1.7433696 6.0360241 -0.020038113 3
2.5210807 8.7315979 0.055934802 6
4.0895991 14.54462 2.9282634 2
1.0410168 3.4899676 -0.048705589 3
0.74414593 2.4134789 -0.054469731 1
4.2081084 14.999305 2.449352 7
4.3907084 15.623117 3.6906114 4
0.86627734 2.8573334 -0.052146647 2
3.8669126 13.678164 4.3410282 3
0.66518128 2.1282282 -0.068241313 1
1.303723 4.4408503 -0.039834056 11
2.5425568 8.696538 0.057266988 6
3.9238858 13.706487 4.3523135 3
4.1480756 14.567392 2.934092 1
1.3225359 4.448029 -0.041334469 12
3.9180155 13.698437 3.8220463 2
1.7699137 6.049366 -0.021827186 3
1.0564871 3.4980142 -0.050609108 3
0.76726198 2.4637387 -0.067026854 1
4.2782178 15.047901 2.4572999 8
4.3825555 15.383042 3.6447213 11
0.87951428 2.8659232 -0.054454505 2
0.66859442 2.1112797 -0.064144924 1
2.5708489 8.6802034 0.057572696 6
3.9855964 13.741323 4.3656721 3
1.3417075 4.4591665 -0.043314293 12
3.9752829 13.726902 3.8318422 2
4.5486379 15.774757 3.727119 6
4.3390546 15.072119 2.4620533 14
1.0671241 3.4909565 -0.050027296 3
4.2168236 14.615838 2.9443228 2
0.77132028 2.4464371 -0.063474596 1
0.67711413 2.1129377 -0.065200545 1
0.88962388 2.8631256 -0.054489434 2
1.7814053 6.0089188 -0.018806089 3
1.1773734 3.8247781 0.036264408 3
4.0582848 13.813024 4.3894286 2
4.6038694 15.759084 3.726932 6
4.4087486 15.116329 2.4695055 7
0.89599687 2.8490927 -0.052245941 2
0.7789005 2.4402647 -0.062607981 1
0.6863355 2.1183808 -0.067284264 1
4.2799764 14.643091 2.9510865 2
1.0783401 3.4836912 -0.049447566 3
4.0395002 13.769416 3.8452487 2
1.8068886 6.0182633 -0.020252284 3
2.6094894 8.6940289 0.056236964 6
0.78860599 2.44156 -0.063532099 1
4.3488598 14.689065 2.9610002 2
1.3553861 4.3892293 -0.035696622 11
4.1185532 13.839878 4.4007039 1
4.4766006 15.152602 2.4759736 8
0.90655571 2.8460844 -0.052280206 2
1.1131865 3.555928 -0.061910391 3
1.8335724 6.0313258 -0.02204098 3
4.6678338 15.763165 3.7309592 7
4.1053796 13.807227 3.8577394 3
0.69742155 2.1272905 -0.070402317 1
2.6388435 8.6813002 0.056339528 6
4.1814804 13.865773 4.4119711 1
2.6658523 8.6608391 0.056849495 6
4.1647577 13.830493 3.8666222 3
0.91549605 2.8394194 -0.051555693 2
1.3805422 4.4150047 -0.039612789 11
4.4195971 14.730178 2.9702761 6
1.3127408 4.180284 0.14378978 2
4.7280083 15.764041 3.7342277 6
1.1134868 3.5105844 -0.055120222 3
0.79766852 2.4389539 -0.063562565 1
0.70279092 2.1177053 -0.068365596 1
4.5462933 15.184008 2.4819379 7
4.6175771 15.229215 2.4896336 7
2.6927557 8.6402855 0.057362169 6
4.254405 13.9328 4.4346857 1
0.80075622 2.4177411 -0.059114553 1
1.13485 3.5372686 -0.060130224 3
5.2193189 17.224669 3.3880808 2
1.3291528 4.1816878 0.14322521 2
4.6457176 15.286923 3.6399741 5
0.92552 2.8364797 -0.051588126 2
4.2265844 13.860972 3.8773122 2
0.71138602 2.1192253 -0.069420509 1
0.81490481 2.4338887 -0.06361907 1
2.7312298 8.6578274 0.055828936 6
4.3144035 13.955143 4.4449191 1
4.2909245 13.89865 3.889811 3
4.7049179 15.289701 3.6436341 6
4.6928096 15.262978 3.0638587 5
1.8970332 6.0126286 -0.022253361 3
0.70669204 2.0762923 -0.058108024 1
0.94795316 2.874893 -0.059966028 2
1.146171 3.5297856 -0.059550948 3
4.685792 15.262704 2.495852 7
0.71628934 2.0814962 -0.060193878 1
2.7533133 8.6218052 0.057160102 6
4.3532987 13.928596 3.9005008 3
5.2953782 17.042974 3.3634083 2
1.1459451 3.4844575 -0.052758306 3
0.83483982 2.4686155 -0.072599605 1
1.4282361 4.4049435 -0.04025089 11
4.7543025 15.295893 2.5020721 7
4.8922734 15.710805 3.7329049 3
0.95809782 2.8718586 -0.060000595 2
4.3746099 13.977242 4.4551535 1
0.7236616 2.0792637 -0.060217664 1
0.96129954 2.846252 -0.055480748 2
4.8230882 15.328791 2.5082893 7
4.4407473 14.017536 4.4705839 1
4.4205494 13.973183 3.9148045 3
4.9391403 15.667692 3.7273455 3
5.33986 16.975636 3.3550141 2
1.4812146 4.5216236 -0.055755071 13
1.1454122 3.4391885 -0.045967489 3
0.83898157 2.4510665 -0.069046862 1
1.3661834 4.1455426 0.14514299 2
2.7966788 8.6543589 0.054805834 6
4.9317269 15.452132 3.6864727 1
2.7714641 8.4696455 0.064127177 7
4.4834933 14.002584 3.9254916 2
1.9602945 5.9932728 -0.022465292 3
5.3792014 16.893099 3.3441012 2
4.8892069 15.351946 2.5132742 4
1.161652 3.4486463 -0.048180375 3
0.96199375 2.8131742 -0.049444333 2
0.8290984 2.3888505 -0.054749787 1
0.73905963 2.1028502 -0.06745816 1
1.4603884 4.3992176 -0.040836044 11
4.4979558 14.028047 4.4776983 1
4.5576186 14.045702 4.4868922 1
1.2949578 3.8227358 0.032042205 3
2.8255794 8.5362778 0.059930034 7
4.5514231 14.046563 3.9397964 2
5.41923 16.814274 3.3338199 2
1.9813386 5.9866719 -0.022534778 3
4.9870195 15.438869 3.6870599 2
0.74302727 2.0894799 -0.064388983 1
1.1791606 3.461813 -0.051017251 3
0.9683792 2.7988431 -0.047200587 1
4.9693336 15.418324 2.5239186 1
0.85630047 2.445714 -0.069103703 1
1.3035687 3.8033538 0.033929519 3
2.0023584 5.9800005 -0.022605596 3
2.8740268 8.5836248 0.0567571 6
4.6139159 14.052083 4.4929652 1
5.0602875 15.481469 3.6991615 2
5.4593759 16.737259 3.3238556 3
1.1889467 3.4504371 -0.049815178 3
0.97706473 2.7919819 -0.046473414 1
0.74925303 2.0834761 -0.063382261 1
4.6185174 14.08654 3.9531932 2
0.85309196 2.4058626 -0.060178217 1
4.6895585 14.137324 3.9693053 2
2.0233524 5.9732504 -0.022674218 3
2.9003766 8.5624275 0.057272643 6
5.4984188 16.658308 3.3135772 3
1.2023195 3.450304 -0.05047562 3
0.87477857 2.443959 -0.070055626 1
1.3243065 3.8217278 0.030986613 3
5.1290631 15.508806 3.7081931 2
0.9905414 2.8000572 -0.048783328 1
4.7098384 14.179416 4.5333443 1
0.76137787 2.0958498 -0.067530371 1
0.76040709 2.0677433 -0.060336806 1
0.99920243 2.7931337 -0.048055805 1
2.9379618 8.5752678 0.055942923 6
4.7655392 14.181546 4.5383763 1
4.7500429 14.154482 3.9772768 2
2.0443256 5.9664316 -0.022743192 3
5.5407014 16.590513 3.3051929 3
1.3352839 3.8098159 0.031909805 3
1.2157062 3.4501269 -0.051136542 3
0.88220674 2.4374752 -0.069188684 1
5.2042246 15.554507 3.7210596 3
5.2747898 15.58498 3.7308564 3
2.065273 5.9595342 -0.022811867 3
2.9552836 8.52738 0.057893261 6
4.809464 14.167705 3.9843452 3
1.2291034 3.4498968 -0.051798232 3
1.0152339 2.8085577 -0.051882952 2
0.86756533 2.3643329 -0.052200139 1
5.5819387 16.520781 3.2964942 2
0.76530737 2.0580225 -0.058298267 1
1.576353 4.4912882 -0.056068409 13
4.8372211 14.231089 4.5569234 1
1.5605426 4.3919473 -0.044041023 12
2.9929025 8.5399752 0.056564104 6
4.9031186 14.262013 4.5702696 1
4.8765154 14.202817 3.9968369 2
5.3531699 15.637458 3.7452576 4
1.4704831 4.1204648 0.14411847 2
5.6152072 16.428478 3.2840183 3
1.2450281 3.4571066 -0.053701524 3
1.0164169 2.7792177 -0.046602994 1
0.8709771 2.3467996 -0.048645843 1
0.77504796 2.0629559 -0.060383931 1
5.4300685 15.684003 3.7585073 6
4.9692893 14.292648 4.5836153 1
1.5683265 4.3641882 -0.041190825 11
1.0287476 2.7833765 -0.048152223 1
5.657443 16.364208 3.2762682 3
1.467023 4.0627728 0.14889221 2
0.88302755 2.3551059 -0.051358972 1
4.9451227 14.241348 4.010231 2
0.78359038 2.0641911 -0.061439071 1
3.0189438 8.518424 0.057080511 6
1.2610176 3.4642465 -0.055606145 3
5.503531 15.719078 3.7694528 6
3.0501213 8.5118723 0.056778282 6
5.0319581 14.312034 4.5938449 1
5.0115128 14.27219 4.0218177 2
2.1176043 5.9082756 -0.020262877 3
5.6967139 16.29237 3.267261 3
1.5759323 4.3364444 -0.038342014 11
1.2642431 3.433948 -0.051294435 3
1.0449386 2.7986295 -0.051979735 2
0.90903616 2.4039302 -0.063925222 1
0.79590499 2.0763624 -0.065587617 1
5.10501 14.360329 4.6123867 1
0.80073124 2.0665579 -0.063548945 1
0.92263639 2.4157653 -0.067535706 1
1.0483842 2.7767017 -0.048216332 1
1.267272 3.4036674 -0.046983067 3
1.5924879 4.3349519 -0.038875647 11
5.7303586 16.205536 3.2557349 3
5.5669627 15.72417 3.7742579 10
5.0794697 14.306421 4.0343065 2
3.0748122 8.4820967 0.057700202 7
2.1354597 5.8894749 -0.019301008 3
0.91313642 2.3613045 -0.055022147 1
5.7680559 16.131712 3.2464154 4
1.6130024 4.3446293 -0.040857617 11
5.1797528 14.411934 4.6319675 1
3.1045523 8.4715986 0.057602424 7
0.81352723 2.078495 -0.067698054 1
1.058678 2.7731366 -0.048248738 1
1.2798641 3.3993068 -0.047024105 3
2.1534905 5.8747482 -0.01867941 3
5.6358585 15.735441 3.7805915 18
5.152823 14.346826 4.048594 2
1.6250553 4.3277669 -0.039459933 11
5.2522388 14.447747 4.6473813 1
5.6922569 15.719684 3.7811761 15
1.0632151 2.7549117 -0.045243938 1
0.94013298 2.4096911 -0.067591861 1
0.82088673 2.0759332 -0.067721635 1
5.780952 15.980536 3.2241788 2
2.1781254 5.8787403 -0.019780356 3
1.2971294 3.4099989 -0.049549285 3
5.2227225 14.384089 4.0619874 2
3.1220732 8.427145 0.059353646 7
0.94602281 2.3993402 -0.065827183 1
1.3224941 3.4429278 -0.055805787 3
5.7960434 15.847216 3.2047887 5
2.2122531 5.9088845 -0.023293734 3
5.2889509 14.410081 4.0726647 2
1.6483358 4.3447766 -0.042410545 12
3.144778 8.3977184 0.06028242 7
5.3238454 14.487742 4.6638441 1
5.7552848 15.722166 3.7856002 15
0.81912595 2.0478737 -0.060525496 1
1.0822202 2.7773461 -0.05058942 2
0.83295262 2.063463 -0.065705635 1
0.94521314 2.3706536 -0.059582707 1
1.3211411 3.4014347 -0.04962704 3
1.6690413 4.3542042 -0.044393074 12
5.8123198 15.719536 3.1863477 12
2.2234652 5.8751893 -0.020948179 3
5.3647971 14.461372 4.0896711 2
5.3851738 14.498428 4.6719885 1
5.8076377 15.694916 3.7838848 18
3.2087274 8.4806747 0.055053327 6
1.0839953 2.7516844 -0.04606501 1
0.83893615 2.0572026 -0.064697273 1
3.2384524 8.4697113 0.054955613 6
5.4370112 14.501371 4.1039639 2
5.8598561 15.667486 3.782171 13
5.4627118 14.552325 4.6926055 1
1.3358498 3.4045045 -0.05090896 3
1.0977619 2.7592351 -0.048374001 1
0.9549337 2.3712938 -0.060505841 1
2.2344682 5.8414931 -0.018602643 3
5.8564272 15.66981 3.181128 14
1.7007904 4.3933611 -0.050245717 12
1.6996473 4.3430123 -0.044491693 12
5.9037423 15.617817 3.7758548 6
3.2498643 8.4100256 0.057529401 7
0.84488308 2.0509241 -0.063688539 1
0.96873277 2.3828576 -0.064116165 1
1.1034073 2.7446308 -0.046127178 1
1.3519694 3.4112194 -0.052813195 3
5.8919902 15.597739 3.1721344 16
2.2508111 5.8227334 -0.017634502 3
5.5027623 14.522761 4.11374 2
5.5352869 14.591377 4.709064 1
3.2623222 8.354085 0.059901711 7
5.5986438 14.604797 4.7182503 1
5.939054 15.545968 3.76494 6
1.1048359 2.7189779 -0.041601483 1
0.85620797 2.0591128 -0.066805892 1
5.9264297 15.523759 3.1628292 16
2.265651 5.8002057 -0.01632167 3
1.3681477 3.4178705 -0.054717604 3
5.5714793 14.551171 4.12532 2
0.97169489 2.3651462 -0.06055906 1
0.97178298 2.3401525 -0.055208892 1
1.3773866 3.4059727 -0.053511571 3
3.291611 8.3429232 0.059807096 7
5.6800618 14.664894 4.7409406 1
5.6570959 14.622998 4.1477418 3
1.1297243 2.7558045 -0.049986724 2
2.2846024 5.7888179 -0.016043453 3
5.962522 15.455276 3.154469 16
0.85257751 2.0274818 -0.058576912 1
5.9634619 15.44657 3.7482715 12
2.3063545 5.7848153 -0.016453821 3
5.7536302 14.702962 4.7573962 1
5.7306914 14.661642 4.1620326 3
5.9996243 15.390419 3.1467395 17
1.6956624 4.1960726 -0.027708841 10
1.3681924 3.3460813 -0.044220183 3
0.98005897 2.3370383 -0.055235378 1
0.85975862 2.0247843 -0.058599196 1
5.9971142 15.372818 3.7369761 16
1.1324403 2.7337892 -0.04621895 1
3.3396513 8.3800793 0.057039153 7
3.3413203 8.3022852 0.060650356 7
5.8179502 14.723693 4.7686672 1
6.0322347 15.322847 3.1383905 17
0.86554378 2.0184538 -0.057589758 1
1.398519 3.3894837 -0.052344475 3
0.99674892 2.3557143 -0.060638133 1
2.3252256 5.7732949 -0.016173277 3
6.0281835 15.293549 3.7245314 16
5.8018012 14.692698 4.1745152 3
1.1562465 2.7667484 -0.053846188 2
1.7104213 4.1904197 -0.027757084 10
6.0618377 15.229911 3.7151642 15
3.3880749 8.3354254 0.058088366 7
5.9034252 14.789878 4.7934337 1
5.8734603 14.731705 4.1888118 3
6.0714593 15.265203 3.1319251 17
1.7388922 4.2219701 -0.032638557 10
1.3926072 3.3409348 -0.044915166 3
1.0244941 2.4035187 -0.073209807 1
2.3469517 5.7691345 -0.016583087 3
0.8769049 2.0265172 -0.060707863 1
1.1631562 2.7556641 -0.052357309 2
5.9651814 14.794639 4.8005366 1
0.88372731 2.0238729 -0.060728367 1
1.1579903 2.7155364 -0.044790652 1
1.4014786 3.3289921 -0.043708634 3
1.7800155 4.2826324 -0.041395281 11
3.4069159 8.2978535 0.05943501 7
2.3603339 5.7467656 -0.015264892 3
5.9437199 14.758517 4.200388 2
6.1223884 15.227212 3.7188261 13
1.0129852 2.3494399 -0.060688775 1
6.1132646 15.214835 3.1267178 13
6.1975803 15.260715 3.7301569 15
6.0243835 14.810336 4.2182879 2
3.4360068 8.2861929 0.059341282 7
6.0371275 14.824216 4.8149152 1
2.3716388 5.7165737 -0.013259182 3
6.1907349 15.254222 3.1369288 10
1.7803544 4.2398062 -0.03660449 11
1.4146739 3.3280404 -0.044368166 3
1.1661239 2.7081199 -0.044061072 1
1.0068734 2.3099649 -0.051752072 1
0.89089793 2.021069 -0.060750779 1
3.4650576 8.2744274 0.059247904 7
1.0208597 2.3211985 -0.05536367 1
1.4308301 3.334368 -0.046271715 3
6.1010952 14.850918 4.2334781 2
6.2722535 15.302409 3.1487126 12
2.405134 5.7418046 -0.01642821 3
6.278976 15.308439 3.7445538 15
6.1296644 14.903609 4.8438315 1
1.175686 2.7043235 -0.044090938 1
1.7893287 4.2191176 -0.034715131 11
0.89805782 2.0182464 -0.060773797 1
0.91101837 2.0297122 -0.064922608 1
1.183754 2.6968575 -0.043361068 1
3.4560008 8.1702414 0.064301036 7
6.2096496 14.950353 4.8633995 1
6.1752191 14.883931 4.246861 2
6.3615093 15.357606 3.7593317 12
6.3497128 15.339236 3.1586094 11
1.7981755 4.1984262 -0.0328268 10
1.439602 3.322319 -0.045062941 3
2.4132586 5.7041407 -0.013731965 3
1.0217355 2.2998519 -0.050906915 1
3.2524941 7.7441726 0.38099808 2
3.4846439 8.1583958 0.064210825 7
6.4774127 15.486209 3.790977 15
3.2529416 7.6683655 0.38207117 76
6.2511206 14.920234 4.2611446 2
2.4454265 5.7254453 -0.016556738 3
6.4350252 15.393965 3.1716492 11
1.448302 3.3102582 -0.043856435 3
1.1902922 2.6857355 -0.041870989 1
1.0431882 2.3290184 -0.058999177 1
0.90795267 2.0017815 -0.057721626 1
1.7887647 4.1336675 -0.025129668 10
6.2811809 14.975316 4.8767333 1
6.3589034 15.014219 4.8942223 2
1.8170198 4.160686 -0.029531403 10
1.0529181 2.3292632 -0.059930407 1
3.2798369 7.6572423 0.38197812 36
6.33637 14.977734 4.2808404 2
6.5482364 15.503673 3.7992287 13
2.4532933 5.6877179 -0.013866285 3
7.7675581 18.442184 3.7012134 4
1.4569417 3.2981725 -0.042655464 3
1.1967739 2.6745894 -0.040387839 1
0.91948456 2.0095968 -0.060846858 1
6.4294834 15.034945 4.9065013 2
1.2153174 2.6924279 -0.044978693 1
3.3035853 7.638658 0.38202211 2
1.880834 4.2717638 -0.045078807 12
6.6024971 15.481031 3.7990468 15
3.346653 7.6748109 0.089762196 8
6.4114938 15.009716 4.2942104 2
7.8114233 18.366098 3.6925042 5
0.93405473 2.024507 -0.066030681 1
1.4716197 3.3006463 -0.043938745 3
1.0747013 2.3582261 -0.068024598 1
2.4670904 5.6647153 -0.012552626 3
1.061792 2.3044882 -0.055500824 1
7.8571482 18.295393 3.6847408 5
2.4760864 5.6306705 -0.01020107 3
3.3735609 7.6633735 0.089672223 8
6.5320692 15.130003 4.940598 1
6.4930115 15.055675 4.3111949 2
1.4786272 3.2848639 -0.042109534 3
1.2217649 2.6812255 -0.043489322 1
6.6536188 15.450968 3.797333 15
3.3499329 7.6733708 0.3811028 2
0.9337135 2.0037203 -0.06089282 1
3.3496554 7.5345087 0.096177973 8
6.6231742 15.19617 4.9663811 1
6.5764775 15.10484 4.3290801 2
1.0699439 2.3010542 -0.055526786 1
2.5115469 5.6589136 -0.013719508 3
7.2058544 16.599905 3.3954935 6
1.4902036 3.2799723 -0.042146828 3
1.2327713 2.6808553 -0.044280212 1
0.93626684 1.9900838 -0.057820249 1
6.7077007 15.427959 3.7971513 13
3.3941932 7.7023454 0.3802816 2
1.0780832 2.297601 -0.055552419 1
3.4272671 7.640192 0.089495569 8
3.3567853 7.5421219 0.38288656 2
6.6463966 15.121441 4.3388376 2
6.7648144 15.411963 3.7985065 13
7.2890534 16.632957 3.4053645 1
1.4986308 3.2677815 -0.040939771 3
1.2453468 2.6840401 -0.045831259 1
0.94789821 1.9977522 -0.060939379 1
2.5377417 5.6650295 -0.015166457 3
6.7040658 15.237038 4.9848976 1
6.8297777 15.413728 3.8036931 13
6.7760086 15.256325 4.9971819 1
3.3888476 7.5434661 0.38256684 2
6.7446551 15.201986 4.3648458 2
2.5480649 5.6345143 -0.013159737 3
7.9816794 18.059181 3.657372 3
1.5038314 3.2483423 -0.038486708 3
1.2579567 2.687171 -0.047381699 1
1.0862083 2.2941201 -0.055578955 1
0.95498151 1.9947182 -0.060961202 1
0.96825778 2.005825 -0.065112233 1
1.2674447 2.6830606 -0.047412284 1
3.3942897 7.4843216 0.3833459 2
6.9003725 15.42782 3.8115606 6
2.5485632 5.5821085 -0.0090784924 3
6.8450432 15.268216 5.0073891 1
6.8262324 15.242806 4.3809228 2
8.0201569 17.975485 3.6474147 5
1.5184625 3.2505968 -0.039769519 3
1.1037292 2.3120217 -0.060984708 1
6.9567699 15.409336 3.8125312 3
6.9331465 15.322144 5.030056 1
3.4042506 7.4361835 0.38392669 2
6.9065762 15.279691 4.3960967 2
2.5762632 5.5916748 -0.010870962 3
8.0653734 17.907976 3.6402912 5
1.550768 3.2925131 -0.047900189 3
1.2976208 2.725574 -0.057324104 2
1.1245425 2.3369701 -0.06818603 1
0.97536469 2.0027337 -0.065135449 1
1.1328088 2.3333132 -0.06821119 1
7.0248795 15.382693 5.0547962 1
1.308845 2.7249136 -0.058115922 2
6.993669 15.33041 4.4148803 2
2.5795732 5.5465775 -0.0074788933 3
1.526807 3.2080562 -0.034239653 3
0.98403734 2.003139 -0.066190094 1
8.1077909 17.834988 3.6322224 6
7.0171518 15.399573 3.8154185 3
3.4303296 7.4245524 0.38384002 2
7.0763412 15.370097 4.4309516 2
1.1185898 2.2799096 -0.055682536 1
1.5560315 3.2425966 -0.041125152 3
8.1505947 17.76371 3.6244731 6
7.0889072 15.414607 3.8236713 3
1.3184649 2.7206247 -0.058147114 2
7.1059241 15.418181 5.072268 1
3.4348588 7.3654847 0.38462263 2
0.98318815 1.9823726 -0.061050545 1
2.6214182 5.5845709 -0.012037612 3
1.1153319 2.2514615 -0.049430456 1
8.1880827 17.68157 3.6148381 7
7.1953626 15.47082 5.0949321 1
3.4706936 7.3755465 0.38413844 2
0.99056292 1.9790684 -0.061074551 1
1.3269163 2.7125084 -0.057418507 2
7.1635504 15.428108 3.8319132 4
1.5680311 3.237185 -0.041164238 3
2.6261003 5.5430627 -0.0089912862 3
7.1799855 15.447076 4.4569464 2
7.2831817 15.528309 4.4838505 1
2.6338599 5.508832 -0.0066351756 3
8.2265024 17.594397 3.6045654 7
1.5877126 3.2499213 -0.044314101 3
1.1236976 2.2476649 -0.049455903 1
7.2863512 15.518269 5.1165466 1
3.5096142 7.3884759 0.38358307 2
1.3233485 2.6796198 -0.051366359 2
7.2488794 15.471009 3.8462923 4
0.99273068 1.9653667 -0.057999782 1
1.011084 1.9867245 -0.065248169 1
1.1431459 2.2687774 -0.055760391 1
1.5908287 3.2267411 -0.041236546 3
8.271369 17.530062 3.5980799 6
2.6582563 5.510726 -0.0077341199 3
7.3717723 15.55955 5.1360922 1
7.36064 15.552532 4.4963093 1
3.497066 7.2359695 0.10634075 9
3.4931974 7.2858949 0.38517004 2
7.336257 15.517054 3.8614378 4
1.3328084 2.6752794 -0.051396355 2
1.0066509 1.9589773 -0.058042463 1
1.6021991 3.2214677 -0.041272946 3
3.4982765 7.2305374 0.38588929 2
7.4223547 15.559149 3.8758154 4
3.5464451 7.2745275 0.10336626 8
7.4691277 15.624853 5.1629038 1
8.3209257 17.476387 3.5934763 6
7.4433484 15.586948 4.5114784 1
2.677608 5.5017023 -0.0077967872 3
1.3355778 2.6566923 -0.04838508 1
1.1329659 2.2262471 -0.04591867 1
1.0135922 1.9557616 -0.05806496 1
1.1441748 2.229629 -0.04773818 1
1.6135538 3.2161505 -0.041308876 3
8.3752899 17.433258 3.5907633 6
7.5122242 15.607901 3.8917253 4
7.5598702 15.691393 4.5446935 1
1.3668066 2.698452 -0.058300205 2
7.5504136 15.654794 5.179337 1
2.7259846 5.5538058 -0.013736241 3
3.5012982 7.1716232 0.38667804 2
8.4118958 17.361135 3.5827193 5
3.9805443 8.045517 0.05755695 7
7.6426177 15.713535 5.2040787 1
3.5251973 7.1602407 0.38660163 2
7.6059151 15.663291 3.9091663 4
1.3678678 2.67624 -0.054527696 2
1.0155325 1.9420457 -0.054988731 1
1.6248872 3.2107954 -0.041345552 3
2.7592571 5.5733061 -0.016566696 3
7.6367307 15.710871 4.5562506 1
1.1520644 2.2259171 -0.047762707 1
1.1612377 2.2258761 -0.048682779 1
3.9596968 7.9313388 0.063251272 7
7.7279582 15.749643 5.2225842 1
3.5503101 7.1481795 0.38652101 2
7.7178478 15.745378 4.5714231 1
8.420188 17.223501 3.5633552 3
1.6356374 3.2056708 -0.041379876 3
7.693913 15.712486 3.9250834 4
2.7354689 5.474236 -0.0079833632 3
1.3841388 2.6858933 -0.057599623 2
1.0391769 1.9736016 -0.065335743 1
2.7537291 5.4653997 -0.0080397967 3
7.8123064 15.799185 4.5920014 1
7.7816257 15.752877 3.9394574 4
8.5202961 17.275965 3.5776138 2
1.6590378 3.2251072 -0.045776114 3
1.3931463 2.6815727 -0.057627495 2
3.5684929 7.1482062 0.94166797 3
1.1827403 2.2501626 -0.055884846 1
1.0390725 1.9565209 -0.061225157 1
7.8357148 15.830468 5.2545805 1
1.0375085 1.9358299 -0.056083541 1
3.5935607 7.1360064 0.94158763 3
1.385318 2.6417363 -0.050051488 1
1.6320907 3.1415682 -0.032104775 3
4.020587 7.9147983 0.062453125 7
7.9150529 15.85183 5.2689323 1
7.8986263 15.835038 4.608067 1
2.7729237 5.4560471 -0.0081017502 3
8.7273188 17.544121 3.6302025 1
7.8784027 15.810438 3.9576616 4
1.1581005 2.1798162 -0.038863335 1
4.0483346 7.901001 0.062364075 7
8.0221872 15.928174 5.2998886 1
8.0043726 15.908872 4.634057 1
7.9686718 15.853475 3.9727991 5
2.7991638 5.4609122 -0.0095476257 3
8.8185778 17.573982 3.6406887 1
1.6694734 3.1892519 -0.041485753 3
1.3981299 2.6442232 -0.051602025 2
3.6185901 7.1237164 0.94150811 3
1.190007 2.2249737 -0.051447641 1
1.0529277 1.9498199 -0.061267998 1
8.1091385 15.962529 5.3183889 1
3.5977376 7.0268102 0.66184676 59
2.8468785 5.5084128 -0.015144038 3
8.0663853 15.910099 3.9909999 5
8.0810289 15.922933 4.6447072 1
1.6683484 3.1589675 -0.037159253 3
1.2065816 2.2385499 -0.055958312 1
1.0546672 1.9360573 -0.058190893 1
8.9190063 17.621088 3.654314 1
1.4215004 2.6677265 -0.057715848 2
3.6435769 7.1113353 0.94142848 3
2.801559 5.3706703 -0.0027473764 3
8.2016783 16.006796 5.3400054 1
8.168129 15.973229 4.0107322 3
9.0234194 17.674772 3.6691947 1
2.1768928 4.1359086 -0.046031974 12
1.6848178 3.1640065 -0.039063483 3
1.4185529 2.6385002 -0.052420732 2
3.6685176 7.0988703 0.94134897 3
1.1952223 2.1963258 -0.046112642 1
3.6277835 7.0252104 0.66198665 60
1.0632664 1.9361168 -0.059244912 1
4.0855408 7.8375316 0.064255655 7
8.1807585 15.981862 4.6670876 1
3.6487975 7.0056715 0.66176331 60
1.2347564 2.255003 -0.062288366 1
8.2809811 16.040291 4.6894641 1
1.7210437 3.2077096 -0.047823615 3
9.1408796 17.752567 3.688472 1
2.8222246 5.3647037 -0.003153157 3
2.1464126 4.0401163 -0.033953633 10
8.29286 16.04719 5.3605795 2
8.2686281 16.032373 4.0296955 3
1.4278722 2.6338277 -0.052449174 2
3.6934159 7.0863223 0.94127053 3
1.0578916 1.9085736 -0.05203671 1
1.0646594 1.9051678 -0.052056827 1
3.6909189 7.0203724 0.93801421 3
1.437168 2.6291327 -0.052478343 2
1.7143153 3.1668248 -0.041625787 3
8.3791018 16.076851 5.3780398 2
8.3817244 16.098209 4.7118406 1
2.86292 5.397644 -0.0073653972 3
9.2409353 17.794619 3.7014666 1
2.1297929 3.972852 -0.025753574 9
1.210753 2.1885245 -0.04616018 1
3.6715472 6.9896317 0.66161352 59
8.3606634 16.073523 4.0448322 3
9.3541183 17.860737 3.7188573 1
2.9258714 5.4728279 -0.0157334 3
8.4639177 16.135159 4.0645595 3
4.186337 7.8305683 0.061925944 7
8.5063219 16.200575 4.7459469 1
1.4590738 2.6488154 -0.057831649 2
3.710036 6.9971004 0.9373017 3
1.2506952 2.246932 -0.062337149 1
1.06964 1.8983085 -0.051044561 1
8.4781427 16.13007 5.4027662 2
2.1547263 3.9868414 -0.028706813 10
3.7199335 7.0232539 0.66247547 61
4.1914229 7.7737947 0.064323381 7
8.565073 16.158869 5.4202256 2
2.1595557 3.9620042 -0.026325688 10
3.7438397 6.9981742 1.2150269 2
3.7223787 6.9679623 0.66153181 60
1.7366195 3.1553731 -0.04169476 3
3.7271891 6.9702373 0.93637723 3
9.4495697 17.891279 3.7299652 1
2.8915622 5.3604598 -0.005753797 3
8.5604382 16.18235 4.0812235 3
1.2226237 2.1737115 -0.04441287 1
8.5847178 16.212521 4.7565918 1
1.4321221 2.5743651 -0.042643953 1
1.0799396 1.9017262 -0.0531312 1
3.7579827 6.9764695 0.66188723 60
8.653718 16.222109 4.0963564 3
2.2031052 4.0109425 -0.034131087 10
3.9391241 7.2880626 0.38067299 2
3.7683866 6.9853635 1.2149495 2
1.4649695 2.6148345 -0.052562833 2
3.7516344 6.9574866 0.93629992 3
8.6577482 16.197479 5.4407988 2
8.6669445 16.230989 4.7690434 1
4.2318082 7.7840981 0.062787861 7
9.5564079 17.942352 3.7448394 1
1.7477423 3.1495876 -0.041728809 3
1.2720193 2.2490921 -0.065077789 1
1.0812955 1.8879783 -0.050052144 1
2.9029567 5.3365169 -0.0044277064 3
3.7580965 6.9176679 0.66087258 59
8.8190212 16.379814 4.8157692 1
1.75884 3.1437714 -0.041762903 3
8.7436914 16.254496 4.1099553 3
4.2685428 7.7871556 0.061668139 7
8.776247 16.283377 5.4758949 2
3.9684448 7.2816162 0.38045871 2
2.9441359 5.3688741 -0.008640945 3
9.6210241 17.912666 3.7452691 1
3.7928853 6.9724684 1.2148731 2
1.4502894 2.5649076 -0.042699698 1
1.2617202 2.2105017 -0.056126941 1
3.7741642 6.9411192 0.93601173 3
1.0879891 1.8844966 -0.050072346 1
8.8625011 16.307396 5.4923158 2
8.8818769 16.359526 4.8182974 2
2.9780524 5.3869538 -0.011470259 3
4.2844362 7.7514219 0.062823951 7
1.2401502 2.1513762 -0.041789465 1
8.8377123 16.29336 4.1250873 3
1.769922 3.1379113 -0.041797001 3
3.8267429 6.9770532 1.2165519 2
1.4926758 2.6224635 -0.05642448 2
3.7796583 6.8929877 0.93381917 3
3.7729352 6.8871632 0.66043717 58
9.69771 17.905363 3.7497838 2
1.1092297 1.9082575 -0.058356117 1
3.9239645 7.1376419 0.3828772 2
9.8891153 18.109715 3.7926018 1
4.2867398 7.6911135 0.065432779 7
8.9595394 16.366434 4.8280392 1
2.9666474 5.3207302 -0.0059866882 3
1.7941176 3.156357 -0.046195675 3
1.5149798 2.6417382 -0.061780188 2
3.7848628 6.8448963 0.93162805 3
1.2459139 2.1439071 -0.040914979 1
1.1214886 1.9148896 -0.061476301 1
3.8247106 6.9148674 1.2115629 2
8.9526615 16.369755 4.1486373 3
3.979465 7.1804671 0.3817181 2
8.9729843 16.375149 5.5222239 2
3.7932956 6.8672085 0.66021746 58
3.8221564 6.8630104 0.66032243 58
7.0949068 12.805643 4.4389839 9
4.0103955 7.1773605 0.38143685 2
9.1008978 16.489262 4.8684478 1
9.0626068 16.435205 4.1698885 3
3.0082207 5.352623 -0.010201803 3
1.7920219 3.1260862 -0.041865282 3
3.8451526 6.8947778 1.2107868 2
1.4961735 2.5849795 -0.050391804 1
3.8174653 6.8477268 0.93250591 31
1.2386125 2.1124501 -0.033756368 1
10.003562 18.169001 3.8093588 1
1.128278 1.9112673 -0.061496347 1
4.2983003 7.6484003 0.06700556 7
9.1674442 16.489748 4.1888447 3
4.0336337 7.160109 0.38142568 2
3.8520691 6.8501897 1.207553 2
1.5241781 2.6144838 -0.058030915 2
3.8434024 6.8381758 0.932643 89
3.8519952 6.8604412 0.66046399 59
1.1294854 1.897455 -0.058416989 1
4.3289924 7.6406088 0.066508852 7
9.2056131 16.54302 4.8908172 1
10.095689 18.18619 3.8185773 1
3.0289359 5.3458757 -0.010606416 3
1.2554564 2.1255119 -0.038267199 1
1.7897362 3.0958591 -0.037532974 3
3.9041092 6.8980055 0.66143346 60
3.8693218 6.8285084 0.93278009 58
4.336278 7.5908766 0.068499207 7
4.0781579 7.1812434 0.38067189 2
9.3013391 16.579247 4.9086728 1
1.1418159 1.9039558 -0.061537184 1
9.2632484 16.526621 4.2039704 3
3.049638 5.3390536 -0.011010621 3
10.155473 18.144234 3.8171232 1
1.8140403 3.1140883 -0.041930638 3
3.8857477 6.8544321 1.209234 2
1.5144119 2.5750806 -0.05044768 1
1.3006827 2.1896503 -0.05624342 1
1.157961 1.917143 -0.066722706 1
1.5043879 2.5357819 -0.042863384 1
3.93892 6.8933206 1.2144208 2
4.1658602 7.2789254 0.37842834 2
9.4164801 16.648993 4.9355488 1
9.3824263 16.60413 4.2282801 4
10.2633 18.188271 3.8313646 1
3.893271 6.8152647 0.9327057 3
1.270491 2.1172979 -0.0383115 1
1.8250175 3.1080408 -0.041964181 3
4.3995452 7.637867 0.064681105 7
3.0693259 5.3281441 -0.011070154 3
1.3027992 2.1573374 -0.050004847 1
10.381247 18.248985 3.8487458 1
3.939697 6.8419685 0.93506372 3
4.1913819 7.2646332 0.3783491 2
4.4440956 7.6540084 0.062732302 7
9.5255594 16.699526 4.9579039 1
1.8500817 3.1257541 -0.046364486 3
9.4935913 16.658852 4.2479882 4
3.0762942 5.2968659 -0.0090479525 3
1.538811 2.5750606 -0.052786104 2
1.1650965 1.9132099 -0.066743895 1
1.1737844 1.9127934 -0.067796335 1
4.0141697 6.9146504 0.94027156 3
1.5479045 2.5699773 -0.052812703 2
4.4609952 7.6214128 0.06368684 7
7.5911407 13.155087 4.5850525 2
4.2181239 7.2495379 0.37826729 2
9.6081867 16.724867 4.2700005 4
1.3031316 2.1392989 -0.046437163 1
3.1126142 5.3175774 -0.012224891 3
10.526405 18.348476 3.8736486 1
9.6669254 16.812094 4.9965 1
1.8338046 3.0714667 -0.037665203 3
4.4917145 7.6129856 0.063191265 7
9.7684269 16.852913 5.0161572 1
3.1134567 5.2758493 -0.0091614872 3
10.645597 18.407879 3.891027 1
1.8583628 3.08936 -0.042064339 3
1.3223025 2.155355 -0.051847193 1
9.7057781 16.759638 4.2851243 4
1.5803607 2.6057749 -0.061975174 2
4.2535024 7.2524047 0.37785074 2
1.1786476 1.90564 -0.066783652 1
4.5090251 7.5845246 0.063943841 7
4.3116975 7.2973962 0.37662333 2
10.760138 18.465111 3.9077854 3
8.5366468 14.581331 5.0432005 1
1.1834761 1.8984693 -0.065769635 1
3.1319857 5.2652435 -0.0092176273 3
9.8469162 16.852747 5.0249925 1
1.3007572 2.1003594 -0.038400598 1
9.8273163 16.834724 4.3094277 4
1.5405577 2.5154803 -0.042969678 1
8.5711079 14.523417 5.0342283 4
1.298039 2.0794711 -0.033932246 1
4.5275269 7.5552449 0.064692385 7
10.83368 18.44309 3.9104121 3
9.9346638 16.890535 4.3291492 4
8.6560831 14.682734 4.4522638 2
4.3513851 7.3067784 0.37607014 2
1.598744 2.5952883 -0.062029786 2
1.1824522 1.8812653 -0.061655823 1
3.1685197 5.2855768 -0.012393619 3
1.2955617 2.0584102 -0.029463375 1
8.6965933 14.634277 4.4471469 6
4.5621505 7.5534344 0.063783273 7
8.6591654 14.556983 5.0537786 6
4.4114552 7.3504543 0.37483859 2
8.7021093 14.657347 3.8320494 12
3.1841352 5.271883 -0.01209984 3
8.7009821 14.663236 3.2208033 3
1.8804406 3.053905 -0.039040331 3
1.598524 2.5750177 -0.058630094 2
1.1965905 1.8909632 -0.065807261 1
8.7307968 14.561882 5.0645118 5
8.7984686 14.689642 4.4699812 4
1.352344 2.1381171 -0.051934138 1
4.5845404 7.5309019 0.064116828 7
4.4494581 7.3559523 0.37435177 2
3.2107584 5.274756 -0.0135432 3
10.186762 17.047712 4.3800483 2
1.5936536 2.546046 -0.053325962 2
8.7512884 14.631371 3.2203338 2
1.2052556 1.8904133 -0.066860236 1
8.8015842 14.5648 5.0747266 3
1.2020932 1.8698906 -0.061711986 1
4.5882993 7.477488 0.066320531 7
4.5101066 7.3990469 0.37311831 2
8.8768606 14.704309 4.4819961 5
10.286643 17.079786 4.3951664 4
3.2333639 5.2706518 -0.014291211 3
10.942828 18.188728 3.883781 4
1.9262007 3.0820503 -0.046590649 3
1.6126807 2.5576484 -0.057159219 2
1.3320305 2.0867863 -0.039384231 1
4.59588 7.4309621 0.068110988 7
4.5628576 7.4281001 0.37215549 2
10.489408 17.265894 5.1818728 1
10.40104 17.134924 4.4156394 4
3.2641835 5.2801304 -0.016427815 3
1.9086065 3.028182 -0.037887506 3
1.6257491 2.5590458 -0.058708698 2
1.3374162 2.079087 -0.038507216 1
1.2087222 1.8659942 -0.061731435 1
10.988126 18.120253 3.8779402 8
8.8725004 14.567389 5.0849419 3
10.530194 17.212967 4.4414654 4
1.6266627 2.5402231 -0.055689652 2
1.2153409 1.8620712 -0.061750326 1
11.026946 18.041536 3.870219 13
3.2847898 5.272409 -0.01682996 3
1.3467939 2.0780456 -0.039425701 1
10.600368 17.312761 5.2042289 1
4.6262422 7.4739599 0.37085328 2
8.9495487 14.579575 5.0982685 4
4.6469216 7.4560738 0.065540619 7
10.653889 17.280245 4.4649973 2
4.656302 7.4128938 0.067124128 7
4.6899977 7.5194836 0.36954862 2
10.660926 17.275969 5.2040448 1
3.2929256 5.2441964 -0.015149651 3
11.073572 17.976263 3.8650103 13
1.9134854 2.9884028 -0.032957278 3
1.5968333 2.4711032 -0.041245066 1
1.2219452 1.8581206 -0.061768692 1
1.3541496 2.0736406 -0.039446615 1
10.717388 17.352333 5.9805245 1
10.800394 17.351311 5.9917479 3
1.9033433 2.9483435 -0.026746858 3
11.107463 17.890697 3.8560381 13
3.3426583 5.2838845 -0.020409083 3
10.776119 17.343538 4.487762 2
1.3492635 2.0492773 -0.034079075 1
10.797045 17.361689 5.2372174 1
1.2224754 1.8442746 -0.058686543 1
1.6117271 2.4758637 -0.043554824 1
4.6822929 7.3968873 0.06704694 7
1.3872683 2.0945957 -0.047581676 1
1.6473302 2.5139382 -0.053489335 2
10.914147 17.399113 6.0185127 3
10.900982 17.409544 4.5112772 4
11.193999 17.890707 3.8630536 6
4.7251744 7.4078751 0.065298468 7
10.987365 17.532747 5.2938108 1
3.3486168 5.2521558 -0.01839095 3
1.2310513 1.8435807 -0.059746072 1
1.3781917 2.0635843 -0.040417347 1
11.048676 17.494617 5.2936239 1
11.330921 17.970745 3.8851316 4
4.7511411 7.3916311 0.065220214 7
4.4839835 7.0349059 1.2484251 2
11.036853 17.491505 4.5386252 4
1.6624402 2.5184796 -0.055801027 2
4.8898706 7.6640682 0.36541447 2
11.046824 17.475805 6.054615 1
1.2416744 1.8461417 -0.061832163 1
1.2482195 1.8421112 -0.061851691 1
1.6650667 2.5029974 -0.053541556 2
11.177602 17.579391 4.5675006 2
11.240914 17.663881 5.3502212 1
11.182225 17.555042 6.0917535 1
1.3772075 2.0458622 -0.036844891 1
11.523323 18.136927 3.9235179 6
3.279284 5.0606532 -0.001147825 3
4.7470684 7.3280883 0.068051592 7
4.7835245 7.3285842 0.066936828 7
1.6192932 2.4112127 -0.033761758 1
11.608993 18.131907 3.9299121 8
3.312001 5.0730309 -0.0036299382 3
11.310692 17.653233 4.5933156 2
1.3907052 2.0512352 -0.039560635 1
11.350799 17.70048 5.3707633 1
7.2973576 11.332832 0.29032922 3
1.2547523 1.8380537 -0.061870206 1
11.330772 17.653097 6.1351118 1
4.7962251 7.2919965 0.068107039 7
4.6650877 7.1563792 1.2657093 2
11.422759 17.660912 6.1499581 1
7.3262444 11.290744 0.29055077 3
11.410613 17.657774 5.3696775 3
1.6932908 2.5084803 -0.057401914 2
3.4092543 5.1859488 -0.016527103 3
11.677743 18.099882 3.9312897 6
12.211964 18.951391 3.2900188 31
1.4042566 2.0565355 -0.042276382 1
11.414784 17.680084 4.6084213 4
1.2695763 1.8470091 -0.066024058 1
1.2949171 1.8721374 -0.075346701 1
1.6766647 2.4632242 -0.048284486 1
7.3462443 11.235153 0.29104736 3
12.338449 19.002382 3.303509 2
11.576676 17.795498 4.6441736 2
4.8392053 7.3022976 0.0663675 7
11.588672 17.798199 5.4190569 1
3.4404197 5.1944103 -0.018663645 3
11.734626 18.049339 3.9292181 6
2.018842 2.9927285 -0.042543542 3
1.4009999 2.0355403 -0.037804797 1
1.4421072 2.0832946 -0.052200206 1
1.9756459 2.9030988 -0.026965205 3
4.8494806 7.2622647 0.067747213 7
7.3615952 11.172829 0.29168296 3
11.710441 17.849419 5.4441023 3
11.709553 17.863901 4.669219 2
11.82251 18.046652 3.9362423 4
13.268698 20.289646 3.4986167 2
1.7109904 2.4972119 -0.057452459 2
1.2574731 1.7997906 -0.053653806 1
11.841258 17.913034 5.472753 1
13.30486 20.190334 3.4905825 2
11.909427 18.041941 3.9429502 1
11.87963 17.987408 4.7072639 2
7.394134 11.137315 0.2917718 3
4.8837452 7.2589188 0.066839442 7
1.4281818 2.0459163 -0.043236494 1
1.709077 2.475095 -0.053667925 2
1.2807403 1.8216017 -0.061943859 1
11.94254 17.946157 4.7070742 2
4.8870716 7.2088628 0.068845406 7
11.938284 17.923927 5.4869847 1
11.992109 18.030233 3.948406 1
2.050421 2.9723434 -0.042633899 3
1.6897612 2.4267802 -0.043787789 1
1.4140069 2.0086687 -0.034272298 1
1.2808356 1.8077408 -0.058859296 1
13.3558 20.114223 3.4859729 2
7.4243059 11.098366 0.29193127 3
12.100329 18.031689 5.5282454 1
4.9123435 7.1920567 0.068770774 7
7.432127 11.02608 0.29277298 3
12.166239 18.146555 4.7634625 2
13.417339 20.054554 3.483808 2
2.0062902 2.8831742 -0.027052807 3
1.6853169 2.4015369 -0.039240405 1
1.2851173 1.8003497 -0.057842888 1
12.074862 18.018164 3.9538617 1
1.4361951 2.0267713 -0.040581595 1
4.9040303 7.1254954 0.071818188 7
1.2936475 1.799382 -0.058894731 1
1.7068895 2.4155469 -0.043836642 1
6.570766 9.6584158 0.32035351 3
13.466482 19.976532 3.4789588 2
12.284352 18.185829 4.7823873 2
12.195049 18.061544 3.9699755 1
8.9396305 13.173284 4.7765374 1
12.230715 18.089968 5.5559931 1
2.0164585 2.8764615 -0.027081778 3
13.368157 19.846935 2.6161914 3
1.4541938 2.0382655 -0.045094233 1
13.511033 19.909481 2.6275311 3
6.5922747 9.6174965 0.32063013 3
12.361635 18.147566 5.5837374 1
4.9627109 7.158174 0.068624116 7
12.35548 18.163219 3.9973767 1
2.0266016 2.8697183 -0.027111271 3
1.7702374 2.4913287 -0.062911689 2
1.4722891 2.049659 -0.04960731 1
13.547441 19.946157 3.481194 2
1.3064957 1.8047929 -0.062014863 1
12.521853 18.262531 4.8202324 2
15.313142 22.394514 3.8523777 3
13.676913 20.004215 2.6423702 3
1.7525917 2.4464381 -0.053790774 2
1.3215646 1.8133305 -0.066169053 1
2.0367212 2.8629372 -0.027139626 3
12.49677 18.2346 4.0191317 1
1.4686135 2.0286849 -0.045134041 1
6.5809484 9.5285769 0.32190609 3
4.9719973 7.1180387 0.070008218 7
1.4626036 2.0045555 -0.039762538 1
12.66262 18.315317 5.6545377 4
2.0468159 2.8561251 -0.027168503 3
12.631989 18.295469 4.0390034 1
5.0264573 7.1436653 0.067228749 7
6.5894279 9.469574 0.32256243 3
12.696742 18.380917 4.8582649 2
13.839114 20.091461 2.6565056 3
7.9857278 11.541318 1.2564473 2
15.366769 22.305174 3.846772 3
1.7678794 2.450345 -0.056101307 2
1.3367095 1.8217857 -0.070323087 1
6.5953116 9.4073124 0.32329139 3
5.0423775 7.1132617 0.067989461 7
12.792499 18.391338 4.0657721 1
14.004342 20.181107 2.6709895 3
1.5116836 2.06076 -0.056857307 1
15.426723 22.225533 3.8426347 3
1.7409101 2.3927219 -0.043931734 1
1.3344145 1.8046882 -0.06620422 1
1.294611 1.7336286 -0.044503309 1
1.7381731 2.3708177 -0.040144451 1
15.481754 22.139227 3.8375242 3
13.049428 18.614716 4.9343209 2
6.6168222 9.3681221 0.32353893 3
1.4634639 1.9756985 -0.034408625 1
14.159007 20.253468 2.6837227 3
12.931264 18.453903 4.0862689 1
5.085659 7.1220722 0.066251695 7
5.0944905 7.0817418 0.067637093 7
6.6160688 9.3344526 0.72145396 13
6.6507201 9.3760233 1.1222756 2
1.3118217 1.7452557 -0.049690858 1
6.6335602 9.3223391 0.32392627 3
6.567843 9.2372503 2.3091397 10
15.534111 22.049557 3.8319242 3
2.133574 2.9164038 -0.042869493 3
14.309775 20.318472 2.6957564 3
1.780291 2.4133177 -0.051599778 1
1.5061728 2.0220225 -0.048808064 1
1.3446829 1.778918 -0.062119108 1
6.6222873 9.2739983 0.72054482 13
6.6386909 9.2893848 1.1180784 14
1.7888166 2.4074047 -0.051623404 1
6.6201787 9.2586718 1.5135478 2
6.6056409 9.2301807 1.9094466 12
6.6042023 9.2158117 2.7157207 5
5.1077456 7.0479312 0.068609521 7
6.6454353 9.270031 0.32445008 3
6.5751324 9.1790743 2.3021531 12
2.143856 2.9092538 -0.042898476 3
6.5642042 9.1513643 3.1099231 1
1.5200623 2.0266287 -0.051524136 1
5.1557178 7.0628333 0.066454336 7
6.510983 9.0013199 3.4843256 7
6.6581845 9.2193727 0.32494301 3
6.5408564 9.0509586 3.0877609 6
6.5613523 9.0874634 2.6904085 27
6.5866666 9.1274185 2.2964187 13
6.6149697 9.1750107 1.9044688 21
6.6318464 9.2065639 1.5103089 24
1.8154957 2.427084 -0.057744872 2
6.6504178 9.2371435 1.1160915 21
1.5069517 1.9930081 -0.043454036 1
6.6501441 9.2445936 0.72030997 13
1.3442967 1.7650609 -0.059032459 1
6.6790342 9.2167301 0.72011262 14
1.5366615 2.0197718 -0.052461479 1
6.5301132 8.9616032 3.4785366 36
6.658298 9.1755457 1.5093448 17
2.1068954 2.8144853 -0.02733442 3
6.6163301 9.1014786 2.2957006 35
5.1781411 7.0418477 0.066592872 7
6.6788244 9.1801052 0.3251957 6
6.6091971 9.0871553 2.6956675 36
6.6401758 9.1424837 1.9029125 21
1.8240725 2.4210417 -0.057768431 2
1.3572922 1.770107 -0.06215167 1
6.6711569 9.1979265 1.1149474 19
6.6401162 9.0674295 2.2934172 22
6.5456505 8.9171667 3.4711947 30
6.7156568 9.1635218 0.32496575 3
6.5802059 8.9725513 3.0781248 13
6.6502185 9.077075 2.6986332 47
6.6834431 9.142868 1.5082031 19
1.5096699 1.9672477 -0.038996872 1
6.7136517 9.1969099 0.72009039 13
2.1168215 2.8074288 -0.027362211 3
6.6745148 9.1227875 1.903309 21
1.8142717 2.3894815 -0.051693134 1
6.711544 9.1862106 1.1155936 23
5.2051835 7.0272517 0.066314213 7
1.3748485 1.7813675 -0.067340754 1
6.6162229 8.9561405 3.0798376 14
6.6858153 9.0636826 2.2970867 20
5.2203717 6.9964504 0.067079164 7
6.6681542 9.0350685 2.6939592 37
6.7158003 9.1125937 1.9051718 21
1.7996631 2.351666 -0.044093195 1
6.7530942 9.1759815 1.1163417 23
1.5280749 1.9780664 -0.043510661 1
6.7505579 9.1801844 0.72014171 13
6.7201452 9.126235 1.5088114 20
1.3698384 1.7612231 -0.062185172 1
6.7830625 9.1888046 0.32384253 3
6.5734711 8.889904 3.4695523 42
6.7629561 9.110219 1.9082571 16
6.704432 9.0184002 2.6953976 37
1.819556 2.3615346 -0.047926974 1
6.8052716 9.1800528 1.1180391 14
1.3692534 1.7473911 -0.059099101 1
6.7756314 9.1351871 1.5122157 20
6.7362437 9.0660791 2.3020108 15
1.5258902 1.9604384 -0.039933089 1
6.8063002 9.1891584 0.72075653 13
6.6591177 8.9490232 3.0842524 13
6.8578105 9.2234249 0.32251006 3
6.6068931 8.8703527 3.4705 40
5.2520146 6.9881291 0.066384271 7
5.2788968 6.9732594 0.066107154 7
6.8418961 9.1583023 1.5171937 12
6.9150634 9.2334986 0.3216947 3
6.7101464 8.9526901 3.0918193 9
6.7500124 9.0142078 2.6998928 34
6.8137364 9.1048155 2.3141398 2
2.1464529 2.7860529 -0.027443275 3
1.8628106 2.4029229 -0.059385411 2
6.8563709 9.1822786 1.1196296 2
1.560545 1.9931026 -0.05073991 1
6.8799605 9.2220221 0.72190273 12
6.8219614 9.1236086 1.9137828 1
1.3823217 1.7522507 -0.062218226 1
6.631074 8.8382301 3.4673047 37
5.3140917 6.9719825 0.065000363 7
15.756571 21.103514 2.8241296 3
6.6504788 8.7998781 3.462038 36
1.7941377 2.2926223 -0.034247436 1
2.1562824 2.7788513 -0.02746914 3
15.83652 21.193537 3.7664528 3
14.387813 19.227037 4.3189445 2
6.800333 9.0161104 2.7059171 32
1.5606444 1.9785601 -0.048060924 1
6.7740831 8.9733019 3.1043391 2
6.9653053 9.233674 0.32108551 3
1.3816423 1.7384168 -0.059131254 1
1.3875026 1.7341285 -0.059146274 1
15.867221 21.105658 2.8298731 3
6.6658545 8.7595415 3.45574 40
11.726605 15.518783 5.0008197 13
14.546374 19.306021 4.3438234 2
1.5463248 1.9455632 -0.039987456 1
15.854607 21.071222 3.755513 3
5.3313184 6.9441237 0.065557547 7
1.8734752 2.382931 -0.057522912 2
7.8281779 10.321438 0.29704151 3
5.3242483 6.8844233 0.068201609 7
1.567271 1.9591565 -0.04539907 1
1.8818934 2.3766949 -0.057545647 2
2.2062547 2.8057656 -0.035645593 3
15.903176 20.982737 3.750181 9
7.8426232 10.265606 0.29756323 3
1.4006201 1.7388585 -0.062265821 1
6.6872206 8.7242079 3.4515111 42
14.794981 19.470217 6.1564894 2
14.72567 19.403679 4.3730774 2
15.908658 21.007435 2.8249485 15
8.3641119 10.999263 0.76242095 3
14.900005 19.499767 4.4017143 2
5.3350482 6.8511429 0.069183081 7
7.8743539 10.236628 0.29753762 3
6.7150803 8.7007656 3.4509122 22
15.95801 20.920305 2.8212495 15
11.846814 15.452682 5.0050182 13
1.8713257 2.3453863 -0.051467277 1
2.1851237 2.7574348 -0.027547145 3
1.3997978 1.7250413 -0.059178289 1
15.947736 20.889433 3.7441168 9
1.604792 1.9943979 -0.057105914 1
6.7549515 8.6898746 3.4549718 4
15.11218 19.636219 4.4391084 2
5.3858814 6.8675919 0.06682016 7
1.5666089 1.9304724 -0.040039808 1
11.882754 15.393504 4.9990225 5
7.9053345 10.203002 0.29757816 3
15.993015 20.805157 3.7390413 9
16.010595 20.837826 2.8180776 15
1.8867606 2.3485231 -0.053777255 2
1.4059204 1.7204591 -0.059193887 1
1.4187763 1.7252924 -0.062312882 1
1.8802934 2.3238726 -0.049221717 1
16.041515 20.718042 3.7339578 12
1.5876932 1.9438571 -0.045452531 1
16.053089 20.750126 2.8140428 19
15.277278 19.708818 4.4639745 2
7.9239569 10.153475 0.29796308 3
12.060755 15.500353 5.7695994 11
5.41361 6.8512697 0.06654311 7
1.5802722 1.9201219 -0.040075142 1
7.9423318 10.103929 0.29835021 3
15.474531 19.821096 4.4969797 2
16.092062 20.633947 3.7293665 12
12.119711 15.464581 5.7715216 9
16.099957 20.653641 2.8096406 15
5.4179468 6.8074627 0.068147689 7
1.4063035 1.6959548 -0.054051325 1
1.8889176 2.3172956 -0.04924418 1
1.4241943 1.7065997 -0.059240073 1
1.5874133 1.9146576 -0.040093474 1
1.9115927 2.3295887 -0.053841848 2
2.2238803 2.727911 -0.027648704 3
15.761589 20.029408 5.4661036 3
5.4615846 6.8139086 0.066413604 7
11.623702 14.714809 5.5310526 2
7.974546 10.068749 0.29838747 3
15.659223 19.907726 4.525589 2
16.140915 20.540718 3.7237871 9
16.14274 20.559904 2.8052509 15
8.0023661 10.031728 0.29849905 3
13.834894 17.425739 5.645771 4
15.877907 20.042566 4.5636029 2
2.2335045 2.7204468 -0.027673587 3
16.265102 20.567919 2.8122125 7
1.9319541 2.3386557 -0.057676144 2
1.5797602 1.891026 -0.03471506 1
1.4374052 1.7110612 -0.062359829 1
16.281456 20.57189 3.7372561 3
13.108787 16.491232 6.15136 5
5.4631329 6.7669311 0.068228118 7
13.173176 16.460081 6.1553545 7
5.4781928 6.7397051 0.068793841 7
8.0282793 9.9960136 0.29861638 3
16.02302 20.089153 4.5834599 2
16.143044 20.224001 5.5413313 3
16.479128 20.673897 3.7619483 3
1.4362935 1.6972606 -0.059270773 1
13.854627 17.325769 5.6302996 2
16.474295 20.684671 2.831393 3
1.5864639 1.885816 -0.034731708 1
13.303158 16.504816 6.1862707 5
8.0383024 9.9369812 0.29921475 3
14.121489 17.541819 5.7075672 4
2.2521949 2.7058034 -0.027722562 3
17.82795 22.223843 4.0140409 3
16.243624 20.221704 4.6214695 2
16.288647 20.268795 5.5655875 3
1.6170893 1.9113438 -0.043740563 1
5.5043263 6.7239566 0.068521447 7
17.793846 22.191195 3.006454 4
1.9362271 2.3103938 -0.053904448 2
1.4375079 1.6865122 -0.057216309 1
1.64824 1.9364191 -0.052750923 1
8.0530319 9.884223 0.29967618 3
2.26174 2.6982462 -0.027747141 3
14.207268 17.523087 5.716404 8
16.420776 20.297552 4.6482043 2
17.977322 22.269028 3.0216143 4
13.329355 16.419497 6.1726484 5
16.477654 20.358952 5.6020532 3
18.015068 22.297892 4.0353022 3
1.9366163 2.2950728 -0.051636126 1
1.4480281 1.6880684 -0.059299961 1
5.5265608 6.7009501 0.068665445 7
18.295309 22.485134 4.0746107 3
16.673275 20.464485 4.6937242 2
1.6281658 1.8976188 -0.042875286 1
13.284499 16.247194 6.1289964 5
8.0851183 9.8532448 0.29965192 3
2.2717373 2.6902642 -0.027771838 3
5.5450015 6.6757298 0.069020264 7
18.214434 22.39533 3.0430362 4
1.4616024 1.6921049 -0.062419359 1
16.663643 20.435989 5.6362162 3
1.9204534 2.2577553 -0.044029273 1
14.249504 17.443977 5.7081289 6
2.2812302 2.6826375 -0.027795834 3
7.1388531 8.6184187 3.0901949 7
18.448761 22.523415 3.0644641 4
1.6130911 1.8647658 -0.034797993 1
1.9284366 2.251353 -0.044049289 1
18.503288 22.57205 4.0987821 3
16.901468 20.581768 5.6871877 3
1.4602996 1.6783236 -0.059330121 1
8.1162758 9.8176517 0.29969481 3
13.357597 16.2152 6.1345296 10
5.5582595 6.6442995 0.069793478 7
1.4589146 1.6645677 -0.056239571 1
1.9363923 2.2449353 -0.044069804 1
8.1328573 9.7679338 0.3000899 3
18.725801 22.68248 4.126379 3
13.426585 16.183689 6.1395597 7
7.1814237 8.6088076 3.0946167 13
18.681696 22.647034 3.0855429 4
1.6098191 1.8473895 -0.031216834 1
2.2906964 2.6749713 -0.027819674 3
5.5866523 6.6313076 0.069314837 7
1.6262931 1.854099 -0.034830272 1
1.9118334 2.1991158 -0.034171861 1
2.3001313 2.6672888 -0.02784452 3
7.2090826 8.5810242 3.0936363 7
8.1594009 9.7305489 0.3002069 3
5.6022196 6.60287 0.069880925 7
18.913168 22.766233 3.1062703 4
18.850634 22.67231 4.1349487 3
13.515244 16.175722 6.1528697 7
1.4648269 1.6597854 -0.05625359 1
13.260908 15.756654 6.0227561 13
5.5919771 6.5438066 0.072538532 7
14.704722 17.498886 5.7839918 6
18.965458 22.649342 4.1415677 3
2.3095469 2.6595535 -0.027867762 3
19.135487 22.871857 3.1255982 4
1.6328652 1.848734 -0.03484625 1
1.4682505 1.6520177 -0.055233188 1
1.9522487 2.2319977 -0.044108458 1
8.1832237 9.6899977 0.30039671 3
5.625236 6.5367484 0.07164298 7
13.838394 16.331425 6.240077 1
8.2068567 9.6494274 0.30058587 3
14.645514 17.304571 5.7406259 6
1.9601398 2.225491 -0.044128064 1
19.072683 22.616739 4.1467233 3
2.3189299 2.6518013 -0.027891548 3
19.402319 23.028082 3.1508596 4
1.6644346 1.8732405 -0.043857619 1
1.4691629 1.6412745 -0.053177096 1
17.725958 20.985329 5.8490572 3
2.3282878 2.6440027 -0.027913997 3
5.6403866 6.5082526 0.072211027 7
14.690895 17.235813 5.7350674 4
19.624186 23.127939 3.1698358 4
1.6610265 1.8558192 -0.040275056 1
8.9780016 10.53206 0.76107287 3
1.9806666 2.2339678 -0.047962602 1
19.164549 22.565447 4.1489544 3
8.2303085 9.6087923 0.3007777 3
13.433394 15.738031 6.0483541 3
1.4899275 1.6541917 -0.059401214 1
14.064944 16.372684 6.2874193 7
8.2518864 9.5695677 0.30097109 3
5.6620684 6.4898019 0.072155483 7
19.271713 22.531956 4.1541128 3
19.903784 23.293293 3.1964872 5
1.9580604 2.1914506 -0.038825978 1
1.64238 1.8206255 -0.031296119 1
2.3376186 2.6361806 -0.0279372 3
1.503302 1.6581419 -0.062520072 1
19.364607 22.4893 4.157331 3
5.6926527 6.4793735 0.071469054 7
8.264554 9.5167084 0.30144185 3
2.3464556 2.6287243 -0.02795935 3
16.177742 18.754616 4.4337091 2
14.137299 16.341396 6.2934823 3
1.6586431 1.8273255 -0.034908898 1
1.9683619 2.1879103 -0.039607927 1
1.5016592 1.6444031 -0.059429407 1
20.184774 23.456976 3.2231343 5
15.018543 17.258492 5.7876973 2
7.0600162 8.047204 3.3713026 3
8.2769518 9.4638863 0.30190626 3
16.132891 18.56218 5.2887149 2
2.3763702 2.6447768 -0.032994173 3
16.22702 18.709284 2.6819282 3
2.0372152 2.2530737 -0.057946172 2
1.6651255 1.8218478 -0.034932308 1
16.232328 18.70052 3.5534024 2
1.5072122 1.6397128 -0.059449382 1
5.7243743 6.4678245 0.070773557 7
7.1795821 8.1277027 3.4085062 1
1.671584 1.8163487 -0.034947418 1
19.547598 22.384087 4.1617947 3
8.2890787 9.4111023 0.30237955 3
18.942665 21.670637 5.0692663 3
8.9264565 10.181823 0.75544411 3
2.391346 2.6423528 -0.034268867 3
16.324427 18.683073 2.6855905 3
5.7417779 6.4421 0.07113488 7
16.188122 18.488443 5.2847247 8
1.978671 2.1688254 -0.03812639 1
15.125403 17.253632 5.8028331 2
1.5133265 1.6345248 -0.05946381 1
7.1266265 8.0073166 3.3747809 9
20.915279 23.799994 3.2870164 5
16.294153 18.479389 5.2967715 8
8.3342171 9.392992 0.30201361 3
15.148458 17.158552 5.7896328 10
2.4006689 2.6343141 -0.034291524 3
1.9785894 2.1533601 -0.035855103 1
1.519132 1.6295546 -0.059476811 1
1.6655282 1.7958698 -0.030463887 1
19.640188 22.324526 4.1635356 3
5.7654948 6.421329 0.071076639 7
5.8054557 6.4233694 0.069557987 7
7.1687441 7.9986429 3.3804054 12
8.3565092 9.3521519 0.30221033 3
19.718195 22.256115 4.1633377 3
1.6847683 1.8050022 -0.034977134 1
2.4156513 2.6317649 -0.035566024 3
16.424335 18.490509 5.314919 2
15.181744 17.06967 5.7791228 8
1.9762076 2.1346488 -0.032821573 1
1.517555 1.6156116 -0.056384739 1
20.953865 23.668148 3.2803414 11
1.6834123 1.7906908 -0.032293286 1
2.4061232 2.6033533 -0.031207385 3
15.303195 17.092331 5.8014774 4
5.8226442 6.3974266 0.069919854 7
7.2031822 7.9811244 3.3829224 25
8.3626709 9.2933388 0.30282581 3
19.86714 22.267591 4.1763039 3
20.995415 23.557041 3.2752619 11
1.9339025 2.0725579 -0.01833836 1
19.728354 22.083992 6.2635522 3
1.5306925 1.6195607 -0.059503119 1
1.5441557 1.6231936 -0.062621869 1
9.0701122 10.055818 0.75508291 3
1.707925 1.8054876 -0.038605578 1
21.043207 23.445257 3.2705204 11
15.435768 17.120417 5.8265219 6
7.1563334 7.8728342 3.3528299 15
19.933857 22.158625 6.3007588 3
5.8290267 6.3595638 0.071121506 7
8.3978729 9.267375 0.30267414 3
1.9909143 2.1217713 -0.032854795 1
1.526692 1.5922458 -0.053318303 1
8.414238 9.2204838 0.30301237 3
20.184566 22.308884 4.2056518 3
1.9616711 2.0742559 -0.022187987 1
1.7039073 1.7882417 -0.035021022 1
21.103817 23.348225 3.2675257 11
15.498228 17.069633 5.8272715 2
7.1839094 7.848135 3.352762 15
5.8540063 6.3424449 0.070856877 7
21.158628 23.245159 3.2638369 11
5.8654599 6.3104835 0.071640566 7
8.4384527 9.1824808 0.30314085 3
14.858102 16.245546 5.5868793 5
2.0164406 2.1201198 -0.03594318 1
2.4203358 2.5643432 -0.02814286 3
1.5349419 1.590098 -0.054365799 1
1.69979 1.7710562 -0.031436395 1
7.1776047 7.78619 3.3392346 6
8.4570999 9.1385088 0.30341256 3
7.2061782 7.7628455 3.3396857 6
1.5431926 1.5879107 -0.055413157 1
2.0054214 2.093087 -0.030617876 1
21.278801 23.214106 3.268688 5
20.739124 22.604828 4.2778916 4
4.058013 4.3362737 0.005950538 3
15.085911 16.380808 5.6452222 6
5.909225 6.3137956 0.069910802 7
1.7060716 1.7654374 -0.031450629 1
2.4293847 2.5562062 -0.028164886 3
5.9177814 6.2787929 0.070904844 7
15.143174 16.328363 5.645082 6
1.7123334 1.7597973 -0.03146413 1
21.543251 23.339472 3.2921898 5
2.4384089 2.5480309 -0.02818484 3
4.0786419 4.3282638 0.0052161771 3
16.02002 17.293634 5.0884471 11
1.9862767 2.0574667 -0.02300144 1
8.4863853 9.1062918 0.30340338 3
7.211103 7.7138343 3.3308201 16
1.5514458 1.5857002 -0.056461744 1
5.9506989 6.2700849 0.07001356 7
7.2552104 7.7073526 3.3374839 4
15.263875 16.344299 5.6665339 4
1.5649438 1.5891123 -0.059579615 1
2.4634984 2.5572338 -0.031960949 3
1.707994 1.742694 -0.027879639 1
8.5019503 9.05931 0.30374634 3
2.0255427 2.0854466 -0.03217715 1
16.185928 17.351639 5.1184444 11
5.9945655 6.2728686 0.06828557 7
1.746039 1.7712787 -0.03869104 1
2.4563642 2.531599 -0.028226893 3
16.182259 17.226475 5.0999799 5
7.7638369 8.1973333 3.5263357 15
8.541852 9.0386505 0.30345842 3
15.398175 16.373831 5.6924839 4
21.609718 23.049391 5.5122085 3
2.0248923 2.0700805 -0.029904932 1
1.5363899 1.5471846 -0.046132091 1
5.9578009 6.1923189 0.072634555 7
7.8175902 8.1999969 3.5366223 15
13.892902 14.659817 5.1660404 4
16.20212 17.127281 5.088388 5
2.0161068 2.0461328 -0.025340458 1
2.4788146 2.5377438 -0.031376626 3
1.5762187 1.5788102 -0.059604522 1
1.7309991 1.742757 -0.031506147 1
7.9034534 8.2332754 3.5588088 4
1.7315264 1.7316524 -0.029719263 1
9.3243332 9.7711325 1.223411 2
2.4683387 2.5097096 -0.027014606 3
13.855828 14.523419 5.1371322 11
8.5594578 8.9344168 0.30443028 3
6.0098252 6.2036052 0.070278123 7
1.5897816 1.5820574 -0.062722079 1
2.0314326 2.0479774 -0.027646914 1
24.72789 26.064035 3.6555395 8
2.0302045 2.0330021 -0.025371877 1
7.6548104 7.9153242 3.4510884 6
8.6128149 8.9279499 0.30379441 3
20.75642 21.682344 5.2614102 3
2.4962559 2.5214422 -0.031415805 3
24.778685 25.944601 3.6507993 8
9.3488951 9.7287016 1.2225966 2
1.7430388 1.7315754 -0.03153225 1
1.5578835 1.5378642 -0.048238423 1
13.773446 14.335684 5.0924788 15
6.0022264 6.1501718 0.072528213 7
1.7734275 1.7511604 -0.039646067 1
15.627501 16.153015 6.5220752 6
20.793879 21.570145 5.252471 6
8.6440735 8.8981228 0.30372053 3
9.3815651 9.6948643 1.2224113 2
1.5769736 1.5464536 -0.053427782 1
6.0515585 6.1582022 0.070382729 7
13.84902 14.309323 5.1000004 4
2.4973996 2.5040631 -0.029559014 3
2.035044 2.0230606 -0.024625793 1
9.4764862 9.7256403 1.2269304 2
7.7316546 7.8845658 3.459239 4
20.79376 21.419575 5.2350883 6
6.0692849 6.1355324 0.070544913 7
1.7366782 1.7000909 -0.025258984 1
2.5007496 2.4899735 -0.028326709 3
1.5851514 1.5440557 -0.054475334 1
2.0449293 2.0190973 -0.025404368 1
20.288918 20.880718 6.1636491 3
18.704554 19.2271 6.6948228 9
6.096384 6.1203303 0.070075184 7
18.681345 19.075928 6.665885 6
20.336327 20.791094 6.1573792 7
1.772262 1.7254065 -0.035171576 1
20.925076 21.405212 5.2477312 3
15.651227 15.952879 6.4876509 4
25.645691 26.288792 3.7243419 8
2.0438731 2.0038195 -0.023128759 1
1.6040879 1.5527143 -0.059664313 1
25.688345 26.158285 3.7185588 8
21.066229 21.400036 5.2625666 6
7.1409855 7.1804805 0.34345639 2
18.797136 19.060995 6.6819191 9
20.428207 20.739916 6.1625471 7
2.0945203 2.0422807 -0.035360195 1
1.7783843 1.7195457 -0.035185117 1
1.5904413 1.5283426 -0.052425876 1
6.1301398 6.1096435 0.069183923 7
9.8276997 9.8801022 1.2452962 2
13.154757 13.206107 5.4938092 1
7.1127419 7.1017509 0.34473026 17
7.1274481 7.143455 0.69386709 33
21.385189 21.574152 5.3174276 6
1.748955 1.6775349 -0.023496501 1
2.0607877 1.9929639 -0.023923237 1
2.5270331 2.4646287 -0.028384624 3
20.564985 20.726681 6.179152 3
18.910889 19.036674 6.6961446 6
1.5988549 1.525604 -0.05347316 1
6.1515551 6.0885234 0.069134563 7
25.736755 26.015938 3.7124116 8
25.79393 25.892275 3.7080178 8
6.1700778 6.0644979 0.069296196 7
13.177339 13.132134 5.4838653 13
7.1698956 7.1071496 0.34389859 2
18.680498 18.672472 6.5988445 6
20.667866 20.685694 6.1873751 7
9.937149 9.9180508 1.2506483 2
7.2325578 7.1971445 0.69575202 31
21.525595 21.557579 5.3310003 3
1.5988413 1.5148627 -0.051414039 1
2.5357351 2.4561195 -0.028403535 3
2.0733738 1.9916651 -0.025465477 1
1.7798979 1.6963737 -0.031609997 1
6.1828313 6.0347939 0.069876492 7
13.235562 13.098673 5.4884148 15
25.859028 25.776957 3.7046714 8
20.840157 20.713614 6.2146702 10
2.1026165 2.0069761 -0.031588946 1
9.9916143 9.9033995 1.2520294 2
1.7749043 1.6794497 -0.028022436 1
1.6042293 1.509604 -0.051424976 1
21.617687 21.499346 5.3345757 3
18.687817 18.549646 6.5798039 9
1.7863902 1.6790795 -0.029835468 1
6.1897616 5.999475 0.070876606 7
13.301962 13.073112 5.4960718 5
4.2724538 4.1429081 0.0047689243 3
21.4011 21.134672 5.2693629 3
25.946238 25.683985 3.704114 8
20.884649 20.613388 6.206872 7
2.1125047 2.0027277 -0.032368254 1
18.73048 18.462673 6.5724578 12
11.557117 11.356649 0.23660371 3
10.122589 9.9645224 1.2590545 2
1.6095955 1.5043315 -0.051436368 1
6.2450619 6.0116668 0.068312392 7
11.270335 10.984365 4.7156606 3
26.241604 25.807442 2.4412017 10
18.758879 18.361956 6.5606174 8
20.844755 20.43046 6.1761923 3
21.503088 21.087851 5.2754459 3
26.299744 25.853798 3.7362907 8
2.1028318 1.979118 -0.027801683 1
1.7784903 1.6594644 -0.025346374 1
4.30971 4.1506767 0.0019434406 3
1.6122006 1.496317 -0.050411075 1
18.823036 18.296682 6.5604696 5
21.633238 21.068216 5.2877827 3
31.238071 30.525639 2.8003454 25
1.8066353 1.6754189 -0.03256036 1
1.6175212 1.4910161 -0.050421957 1
2.1434758 2.0050907 -0.036979765 1
29.267536 28.581684 4.0881176 12
21.084583 20.522591 6.2217984 3
6.2718692 5.9957099 0.067844726 7
1.6145282 1.4776007 -0.047325343 1
2.1083817 1.9568325 -0.025539504 1
18.847815 18.193174 6.5477328 2
21.128105 20.421816 6.2140064 3
18.688992 18.060835 4.6216731 2
23.112934 22.393667 3.3253698 6
31.387619 30.458424 2.8032329 25
1.7986252 1.6558373 -0.028071107 1
6.301518 5.9824061 0.067169264 7
1.8073037 1.6525962 -0.02898372 1
6.284986 5.9247751 0.069850557 7
29.415867 28.271908 8.4312344 11
23.234123 22.364155 2.2022512 7
1.6253345 1.4776704 -0.049407575 1
18.499056 17.751633 4.5658808 7
2.1153109 1.9497939 -0.025553515 1
20.048063 19.222897 6.9118237 6
13.848443 13.238501 5.6312184 1
29.377995 28.291311 4.076869 12
14.011975 13.323255 4.2614136 12
6.2999711 5.8976054 0.070224971 7
17.243141 16.392029 6.8718381 4
20.092693 19.131552 6.9044776 9
18.569643 17.695457 4.567616 4
29.422153 28.136429 4.0700312 12
2.1392059 1.9590522 -0.030149959 1
1.8103619 1.643906 -0.02809499 1
1.6278086 1.4696362 -0.048381481 1
13.6102 12.828231 5.5089068 15
13.865062 13.090586 4.2094431 16
11.802055 11.122116 0.23585887 3
1.6470069 1.4776276 -0.053570852 1
2.181659 1.9857754 -0.039710596 1
14.155302 13.382662 2.9000378 1
13.774076 12.993916 4.8719029 2
14.020181 13.243726 3.5602288 3
1.8105581 1.6325364 -0.026306242 1
6.3594384 5.9104524 0.06744948 7
1.8276722 1.6372604 -0.029918408 1
14.00904 13.140759 3.547622 12
31.665756 29.880779 2.7918353 24
12.426533 11.622613 5.0566196 3
14.099686 13.236633 2.8826485 16
14.213397 13.349822 2.2166808 2
6.3714223 5.880332 0.068034366 7
13.945959 13.070998 4.2181082 24
13.801921 12.924977 4.8655014 17
2.1377182 1.9295276 -0.025978168 1
1.6441141 1.4639615 -0.050474342 1
12.546148 11.653459 5.0855017 2
13.803615 12.84079 4.8523684 15
14.057867 13.094798 3.5481451 17
6.3822403 5.8513074 0.068620898 7
8.4450626 7.8210945 0.3185102 3
14.242894 13.294562 1.534254 2
14.014575 13.044038 4.2241087 32
14.199076 13.243138 2.2092674 12
2.1445496 1.9223909 -0.025992036 1
8.4608727 7.862772 0.71846497 11
14.14103 13.178397 2.8813226 21
1.6380696 1.4479553 -0.046340838 1
2.62151 2.3689716 -0.02858484 3
1.8280982 1.6255643 -0.028130349 1
12.641451 11.664737 5.1061115 3
14.26223 13.224377 1.5323814 12
14.231435 13.169602 3.5761833 10
6.4398484 5.8656735 0.065850459 7
8.4564505 7.7797122 0.31880632 3
13.816312 12.767369 4.8428321 2
14.08089 13.019198 4.2301168 4
14.202231 13.147964 2.8841486 14
2.1510179 1.9155842 -0.026004614 1
1.8449734 1.6304536 -0.031742331 1
1.6429657 1.4428326 -0.046350136 1
14.23142 13.185386 2.2077785 22
8.425662 7.7776318 0.71695459 13
1.830476 1.6060917 -0.025450734 1
2.1373155 1.8900678 -0.020670423 1
12.666631 11.606442 5.1003313 6
8.5717926 7.8319006 0.31663519 3
14.210137 13.042161 4.9524388 5
21.359196 19.665371 6.1442723 3
14.286691 13.138849 2.8908699 1
14.307364 13.168196 2.2115114 20
14.299682 13.166662 1.5316534 17
8.5130987 7.8070736 0.71835232 11
1.6619987 1.4508425 -0.051538881 1
14.425359 13.257009 3.6079652 17
6.4378996 5.8207502 0.067483135 7
1.8476454 1.6105925 -0.029063053 1
12.553446 11.421474 5.0443707 4
14.506614 13.238969 3.615366 2
14.375107 13.143998 1.5336416 5
2.1530097 1.8905517 -0.022976125 1
6.4524107 5.7931657 0.067861192 7
14.181911 12.920492 4.9285069 13
21.763931 19.892698 6.2318168 7
2.6461005 2.3428321 -0.028634218 3
14.390889 13.148356 2.2155831 2
1.6645786 1.4424797 -0.050513055 1
6.4934444 5.7897015 0.066347413 7
14.222754 12.867302 4.9270606 2
29.940628 27.263002 4.0493851 11
2.6543748 2.3339126 -0.028650764 3
19.893803 18.055962 4.7585821 2
21.540375 19.549669 6.1546445 7
14.510335 13.171034 1.5396943 2
1.8594035 1.609423 -0.030874608 1
2.1568098 1.8807082 -0.022225289 1
1.6583154 1.4265569 -0.046379179 1
1.6519581 1.4107038 -0.042244922 1
1.8593487 1.598017 -0.029084643 1
6.537508 5.7886796 0.064624645 7
20.210112 18.194229 6.7756367 6
12.662392 11.35664 5.0540257 1
2.1634724 1.8735017 -0.022237608 1
21.594126 19.461491 6.1506824 3
6.5548239 5.7634759 0.064793654 7
1.8708125 1.597077 -0.030896284 1
2.6708274 2.3159993 -0.028683877 3
30.032986 26.965773 4.0374947 11
30.144949 27.024763 6.9129157 6
4.4715257 3.933748 0.0043436773 3
20.724802 18.54355 5.9057536 6
2.1846876 1.8794264 -0.026070338 1
20.485338 18.31403 6.8411384 6
12.028939 10.718377 0.23709717 3
15.022455 13.395687 5.8888788 7
1.668451 1.4156271 -0.046397794 1
2.191345 1.8721231 -0.026082482 1
20.313734 18.032551 6.7681751 9
20.773474 18.457031 5.9014211 20
4.4675236 3.9025083 0.0064112577 3
2.6790111 2.3069916 -0.028699484 3
30.07963 26.818516 4.0317259 11
1.6907518 1.4256036 -0.052622885 1
1.8532616 1.5700711 -0.023703024 1
30.186272 26.87228 6.9014602 6
12.138063 10.740505 0.23532607 3
15.106777 13.37693 5.9022274 3
6.6079073 5.7700319 0.062440712 7
1.6785105 1.4046209 -0.046416033 1
30.205147 26.753189 2.6231313 13
2.2243862 1.8882773 -0.032970656 1
21.988266 19.40453 6.1998153 3
2.6871605 2.2979584 -0.028715435 3
18.200117 16.021204 6.9915395 5
20.391321 17.97476 6.7725368 6
4.4991241 3.9030833 0.0042876052 3
22.766487 20.102951 5.3124456 6
30.164352 26.705641 4.0304852 11
1.8704911 1.5742866 -0.02731467 1
6.5951633 5.7182069 0.064710595 7
2.2045853 1.8574567 -0.026107764 1
6.6783586 5.7506838 0.060257699 7
20.787739 18.197264 6.8749003 6
15.017878 13.132027 4.3788009 2
4.5128407 3.8876808 0.0042601442 3
2.6775036 2.273217 -0.024971915 3
20.482538 17.950348 4.8160419 5
1.8790041 1.570667 -0.028225817 1
30.29858 26.647812 2.6229334 13
30.230715 26.576708 4.0271578 11
12.670867 11.048682 5.0004148 3
1.689302 1.4042101 -0.048497286 1
22.921001 19.963694 5.3159108 3
18.488081 16.05386 7.0549369 5
6.6552949 5.6921339 0.063161008 7
30.110685 26.284843 4.0022659 10
30.076763 26.234804 5.403059 7
15.049009 13.066911 4.3748946 23
20.689861 17.983873 6.8253198 6
1.6943026 1.3986473 -0.048506204 1
2.6974223 2.2746022 -0.027492763 3
2.2023091 1.8423229 -0.023828253 1
1.8904434 1.5695853 -0.030037791 1
30.142221 26.147684 2.5991974 11
30.094868 26.075266 5.3916836 7
10.185664 8.7430754 4.0929842 2
2.7110181 2.2711511 -0.028759884 3
1.8928052 1.5610627 -0.029146362 1
30.089491 26.050362 6.803196 6
6.7176023 5.7057118 0.060177814 7
20.617067 17.800529 6.7847376 9
12.361115 10.63882 0.23325574 3
15.110195 13.032679 4.3793802 8
2.2058744 1.8323838 -0.023076231 1
1.6905454 1.3854446 -0.045406841 1
30.133324 26.119686 3.9940736 10
22.049255 18.92375 6.1466556 7
12.398323 10.595906 0.23318043 3
21.101515 18.092567 6.9131722 3
23.544849 20.221809 5.4168663 3
30.152874 25.941757 5.3861437 7
2.7190418 2.2620122 -0.028775459 3
2.2387741 1.8484913 -0.029963525 1
30.212391 26.02424 2.5975492 11
1.8895067 1.5471435 -0.026454721 1
1.7010734 1.3852161 -0.047487348 1
30.192848 25.996387 3.9907641 10
12.869955 11.0443 0.81107098 34
18.418488 15.768759 6.9905672 2
19.93038 16.949972 7.503562 3
30.305683 25.941017 1.2066343 44
12.435388 10.552857 0.23310459 3
30.28812 25.905832 2.5963211 11
23.444443 19.993292 5.3811002 3
30.219347 25.815928 5.3820648 7
1.9097887 1.5535737 -0.030967284 1
2.2456498 1.8406281 -0.029975884 1
24.931898 21.25078 6.865489 11
1.7062536 1.3793292 -0.047495928 1
30.273033 25.872837 3.9888318 10
21.185654 18.03063 6.9184313 6
2.7664173 2.2858133 -0.036935661 3
12.397928 10.442791 0.23479335 3
21.29023 17.992197 6.9308891 3
25.478893 21.565655 6.9858012 11
23.385311 19.794941 5.3534551 3
2.7353892 2.2431891 -0.028805899 3
2.2222903 1.8076482 -0.022347024 1
30.456066 25.857069 2.6011314 11
1.8977898 1.5317525 -0.025574004 1
1.7023528 1.3661747 -0.044395451 1
9.960393 8.36518 3.981075 9
30.512056 25.893822 4.0056896 10
30.368855 25.802725 1.2057171 44
1.7190081 1.3705622 -0.048551057 1
30.440619 25.681295 1.2051243 44
12.510895 10.464198 0.23295379 3
17.885487 14.982739 6.7450662 4
26.859877 22.561037 8.592063 11
26.787649 22.517643 7.298995 13
2.7433171 2.2339604 -0.028822483 3
1.9151354 1.5355228 -0.029187806 1
2.2646639 1.8306532 -0.031529352 1
24.218271 20.358252 5.511415 3
18.062639 15.030302 6.7894506 4
24.307016 20.295868 5.5156612 3
12.469016 10.358727 0.23465499 3
1.9176065 1.5266726 -0.028296608 1
2.2591267 1.8129725 -0.028484177 1
2.7512083 2.224714 -0.028836796 3
26.365364 22.031044 4.7211833 5
27.862545 23.25901 7.5511928 15
22.802399 19.004675 7.3477583 7
30.511929 25.559664 1.2045374 44
1.7150215 1.3574319 -0.045451201 1
1.910796 1.5106279 -0.024701562 1
20.721527 17.133112 7.6965332 6
2.7586784 2.2158933 -0.028848603 3
24.420399 20.246599 5.5242705 3
25.549257 21.177437 6.9472494 5
10.913741 8.9908648 3.7626705 2
12.406842 10.23362 0.23684755 3
30.572157 25.438063 1.2038205 43
1.7376493 1.36664 -0.051675245 1
2.2504742 1.792848 -0.02467522 1
10.939184 8.9480886 3.7608128 1
1.7244316 1.3463998 -0.045465931 1
18.695002 15.339726 6.9723392 5
12.448798 10.195642 0.23663922 3
28.132589 23.161936 7.5790935 7
2.7665062 2.2065899 -0.028862391 3
2.2595363 1.7882001 -0.025448918 1
1.9161663 1.5042924 -0.024710525 1
27.640375 22.827574 1.13605 28
25.048376 20.622162 5.638484 4
12.499919 10.165115 0.23621696 3
21.324358 17.419161 4.8616858 2
18.664902 15.206137 6.943275 5
1.9275315 1.5028967 -0.026520845 1
27.757153 22.761688 1.1367244 28
2.7533276 2.1792331 -0.024489839 3
11.131828 9.0392237 3.8083942 7
2.2601266 1.7752757 -0.023931293 1
13.273476 10.80273 3.8267429 1
1.7145572 1.3281469 -0.040292781 1
1.7282594 1.3298436 -0.043409545 1
21.218727 17.195852 5.8064013 9
18.834595 15.230609 6.9824753 2
12.670639 10.228077 0.23310669 3
10.716002 8.6365614 3.6752994 3
21.369848 17.326242 4.8578153 16
30.894508 25.124693 3.9872704 10
2.2785838 1.7776469 -0.026997957 1
30.992165 25.214991 2.6000977 11
1.93314 1.4961814 -0.026529856 1
30.767546 25.051121 1.2016535 43
2.7824554 2.1874359 -0.028890252 3
6.8966203 5.4923763 0.059835736 7
1.935432 1.4873142 -0.025637768 1
10.273994 8.211504 4.0189624 2
30.817743 24.913555 1.2006632 43
25.445232 20.499319 5.6743078 4
26.318655 21.172712 8.2909422 10
2.7905719 2.1775761 -0.028903209 3
13.335464 10.695798 3.8227873 4
2.2729979 1.7597544 -0.023952551 1
1.721238 1.3141195 -0.039271958 1
21.316669 17.04364 4.8229213 11
10.304307 8.1801319 4.019948 4
12.762079 10.159715 0.23248188 3
21.725811 17.406771 1.967769 5
21.7344 17.421036 0.99783009 5
21.645723 17.328812 2.9318011 4
10.89792 8.6597614 3.711143 2
21.203867 16.939743 5.7726393 6
21.50086 17.198864 3.8837562 3
2.2728052 1.7476172 -0.022434358 1
2.7978818 2.1686399 -0.028915893 3
1.9407208 1.480893 -0.025646186 1
1.7286974 1.3111528 -0.040314674 1
20.995922 16.645992 6.6799612 6
20.689844 16.389299 7.5634747 12
21.448792 17.027319 4.8374925 2
2.8051627 2.1596723 -0.028928183 3
21.561043 17.130222 3.8841369 3
1.945721 1.4747822 -0.02565443 1
13.621302 10.779088 3.8760166 3
12.775722 10.097944 0.23291324 3
21.731319 17.300409 0.9963811 5
21.719532 17.27747 1.9631778 5
21.673565 17.22731 2.92804 8
2.2882013 1.7473688 -0.024737274 1
1.7363882 1.307868 -0.041358281 1
12.832985 10.070962 0.23235427 3
12.270447 9.6326218 3.5321727 3
31.342085 24.740572 6.8209553 6
27.179621 21.46088 4.75313 5
2.2910132 1.7376534 -0.023981672 1
21.812729 17.227909 1.9652554 5
14.917661 11.709836 5.5744028 3
1.7529129 1.3120534 -0.045510486 1
22.020071 17.33703 6.9638815 3
2.7973206 2.1379311 -0.025807118 3
21.785376 17.198946 2.9340184 4
1.9570726 1.4731685 -0.027463775 1
21.799587 17.230923 0.99644262 5
21.953981 17.229288 0.99839699 5
26.989349 21.157448 4.7116437 5
12.883932 10.038768 0.23193569 3
22.304392 17.436121 7.0293856 6
23.350443 18.271925 6.2593884 3
31.391178 24.601999 6.8133001 6
2.8203964 2.1407125 -0.028952477 3
2.3002574 1.7324196 -0.024755944 1
1.968431 1.471501 -0.029273449 1
1.7333288 1.287124 -0.03722747 1
14.794445 11.529221 5.518477 6
27.213396 21.180714 4.7348595 5
15.023721 11.62507 5.582531 3
2.303308 1.7223085 -0.02400138 1
1.737918 1.2814096 -0.037234154 1
31.15958 24.311958 1.1980212 43
2.7812808 2.0946934 -0.019563625 3
31.489525 24.502274 6.8156424 6
21.782801 16.917559 5.8575821 6
23.447271 18.202084 7.3456516 7
12.887503 9.9694338 0.23258123 3
1.9736632 1.464969 -0.02928214 1
31.575054 24.392473 6.8154898 6
11.674832 8.9511185 4.4354658 14
12.900231 9.9075499 0.2330166 3
31.186913 24.110548 5.3393669 7
1.9696417 1.4512421 -0.026586998 1
31.209728 24.176264 1.1971124 42
2.8358715 2.1211753 -0.028977565 3
2.3066196 1.7118078 -0.023247186 1
21.916235 16.893244 5.8750019 6
22.136095 17.050083 6.943779 6
1.7488143 1.2801459 -0.039314225 1
1.77479 1.2908977 -0.046574149 1
31.292002 24.057077 1.1968164 42
2.3126884 1.7040902 -0.023257079 1
27.405544 21.017485 4.7409129 5
22.999397 17.604376 6.1256585 7
12.974661 9.8897667 0.23210143 3
2.8120756 2.0874987 -0.022722347 3
7.0473828 5.301475 0.059569571 7
11.730694 8.9262686 4.4431653 10
31.617491 24.240736 6.8059602 6
1.9565458 1.4300909 -0.02119028 1
22.226551 16.99678 6.9526606 6
4.7756233 3.5699506 0.0037823 3
7.0659695 5.2771707 0.059538454 7
11.648201 8.798954 4.4048443 10
12.971092 9.815608 0.23289153 3
22.112356 16.787037 6.902226 6
12.59199 9.5332375 3.569222 2
25.905533 19.704016 5.6526713 4
27.47893 20.921974 4.7407827 5
1.9786539 1.4366264 -0.026151784 1
14.64827 11.138464 0.83458942 2
2.8100421 2.070811 -0.020852618 3
2.3093805 1.6891918 -0.020973099 1
1.7609935 1.2709446 -0.040363014 1
11.759093 8.8192005 4.4316812 23
13.021366 9.7826357 0.23247807 3
21.736547 16.401018 4.8117657 13
1.9822134 1.4288796 -0.02570875 1
14.709496 11.104501 0.83500385 2
1.7747475 1.2721632 -0.043479208 1
2.7984841 2.0470049 -0.017104037 2
31.363371 23.717957 5.3267522 7
2.3310015 1.6933448 -0.024803732 1
12.975848 9.7551785 3.6545246 4
22.024937 16.599468 6.8598824 9
1.9997401 1.4316909 -0.029320089 1
2.8025689 2.0351927 -0.016488619 2
21.778049 16.313459 4.8085423 8
12.17459 9.0673513 4.5603862 7
12.975655 9.67735 0.23419248 3
23.291765 17.431534 7.2084851 7
13.229607 9.8754015 3.7078161 3
31.446161 23.608603 5.3266091 7
2.3150685 1.6689842 -0.019461548 1
31.494942 23.692627 1.1953434 42
1.7607888 1.2523327 -0.037267383 1
1.8023506 1.2743325 -0.049708944 1
16.003218 11.913418 0.86097294 2
1.9954761 1.4180409 -0.026624311 1
2.3304152 1.6683092 -0.021764571 1
2.8160939 2.0304677 -0.017752575 2
21.803371 16.214008 4.802197 2
21.687651 16.107935 6.7293682 3
31.496784 23.475164 5.3216028 7
12.385964 9.1591101 4.6203146 9
23.054871 17.141768 6.0795035 3
13.08963 9.6920996 0.23236108 3
1.7944978 1.25916 -0.045570377 1
13.123521 9.6466541 0.23230447 3
31.568167 23.385916 2.5631115 11
2.3394849 1.6628532 -0.022537509 1
13.348971 9.8208885 3.7198935 3
31.52771 23.327496 5.3136816 7
31.525814 23.307657 6.7046661 5
12.480106 9.1621389 4.6409445 5
22.000734 16.222708 6.8029656 13
2.8074169 2.009198 -0.014630298 2
31.582882 23.386898 3.9394019 10
1.988011 1.4021194 -0.023028959 1
15.99672 11.82198 0.85987145 2
12.392241 9.0340614 4.6015954 7
31.620026 23.262341 2.5613148 11
27.757198 20.370287 5.9493961 4
21.818747 15.970623 6.734571 6
12.825139 9.3637228 3.585325 11
31.625122 23.229338 5.3159747 7
2.3485444 1.6573548 -0.023310404 1
1.9992747 1.4001403 -0.024836896 1
2.8272436 2.0091047 -0.017147508 2
31.635664 23.255474 3.9361355 10
31.735495 23.35743 1.194784 42
1.7896687 1.2463483 -0.042467643 1
2.0040071 1.3938375 -0.02484376 1
19.71875 14.326056 6.1197963 7
2.8467433 2.0093832 -0.019664925 3
27.86338 20.299225 5.9561472 4
27.953478 20.381231 4.7468505 5
12.448809 9.0093031 4.6098166 14
13.21177 9.5741987 0.23169781 3
12.967207 9.4025555 3.6119466 6
28.042665 20.487614 1.1144062 24
28.056915 20.481825 2.3257284 8
27.987108 20.414539 3.5329447 7
1.794116 1.2404443 -0.042473357 1
2.3544257 1.649491 -0.023318389 1
28.134874 20.388748 2.3260238 8
2.3631592 1.6443167 -0.024091136 1
1.8201779 1.2507509 -0.049734488 1
12.58514 9.0420837 4.6444077 6
14.359999 10.336068 4.5794268 4
31.856756 23.067741 5.3268938 7
31.883015 23.068476 6.7273726 5
12.934934 9.3102856 3.5962701 15
31.906403 23.12211 3.9480317 10
2.0152709 1.391771 -0.02665264 1
28.16271 20.425138 1.1153176 24
2.8250918 1.9788758 -0.014034295 2
2.0075889 1.3759493 -0.023055913 1
31.849527 22.921312 2.5600774 11
31.864695 22.950455 1.1920491 42
12.57441 8.9679794 4.6303954 9
31.816631 22.879379 3.9291303 10
2.819628 1.9596213 -0.011536809 2
12.531152 8.9407206 4.04917 3
2.3724673 1.6383063 -0.024864111 1
13.874132 9.9147758 3.8126385 13
1.7998173 1.2263248 -0.041449234 1
1.8418593 1.2474151 -0.053891502 1
2.3782802 1.6303681 -0.024872132 1
31.901054 22.781435 2.5578578 11
2.0222349 1.3757588 -0.025765391 1
31.932552 22.822109 1.1915677 41
31.867336 22.747564 3.9258704 10
2.8651047 1.9777153 -0.019069612 3
27.122046 19.310162 6.9644094 5
12.543387 8.8836699 4.0437279 3
12.619914 8.9311705 4.6344786 7
15.264617 10.747152 4.8039021 2
19.483871 13.749043 5.1308465 2
2.8688798 1.9657631 -0.018453013 2
31.990341 22.677122 2.558351 11
2.3808689 1.6201233 -0.024115689 1
2.0366588 1.3758173 -0.028474802 1
1.865189 1.2547811 -0.060116723 1
31.949997 22.638733 3.9260895 10
14.669189 10.316783 5.296248 3
32.002449 22.70377 1.1912327 41
1.8223479 1.2151554 -0.044575311 1
32.055557 22.573717 1.1905558 41
14.569324 10.170294 5.2517242 3
13.460979 9.3988981 0.22965187 3
12.570308 8.7718792 4.0337448 8
19.480539 13.645078 5.1185784 11
37.174305 26.11623 7.6873469 10
2.8822937 1.9606346 -0.019716322 3
31.996454 22.504343 3.9224882 9
2.3673744 1.5985696 -0.01953771 1
32.03688 22.542507 2.5561428 11
2.0447388 1.3713015 -0.029382307 1
1.8172007 1.2024794 -0.04147144 1
2.0464306 1.362271 -0.028487865 1
32.076305 22.403276 2.5535216 11
2.3859093 1.5996596 -0.022602886 1
32.074997 22.392782 3.9223626 9
2.8633428 1.9327811 -0.014710519 2
37.203754 25.964222 6.0653186 16
26.699848 18.560381 9.1987 9
19.936941 13.863032 5.2152753 5
13.516793 9.3681936 0.229102 3
15.339563 10.640965 4.8037848 11
37.174786 25.923164 7.6697154 10
32.127808 22.457314 1.1902927 41
32.130245 22.265038 3.919806 9
3.6638019 2.472887 -0.01366564 8
37.261997 25.791254 7.6689496 10
27.107704 18.705009 9.3102751 9
13.575851 9.3394794 0.22848278 3
12.8189 8.8144932 4.086216 11
14.223204 9.795887 3.8542764 3
37.258499 25.809528 6.0598273 16
2.8864009 1.9343983 -0.01785532 2
2.0480835 1.3532377 -0.027592551 1
32.19635 22.338415 1.1899635 41
2.3883665 1.5894186 -0.021845352 1
32.151226 22.289135 2.5531878 11
1.8500252 1.2163522 -0.050804902 1
2.3972375 1.5836624 -0.022617595 1
27.965828 19.155701 9.567647 10
12.83688 8.7611933 4.0825748 5
14.25583 9.7453909 3.8538439 8
37.351997 25.661293 7.6688075 10
37.345291 25.677311 6.0591989 16
32.211254 22.155249 3.920033 9
32.20602 22.161123 2.5516112 11
2.0496955 1.3442249 -0.026698465 1
32.267746 22.221571 1.1897032 41
1.8194101 1.1860781 -0.039409332 1
2.8932459 1.9246606 -0.01786413 2
2.0512683 1.3352096 -0.025803033 1
12.824059 8.6869974 4.0703979 2
2.932651 1.9372165 -0.024143297 3
29.255444 19.933434 6.1012592 4
37.421799 25.53808 6.0571146 16
14.139141 9.5773716 5.0664153 13
14.343393 9.7324581 3.8663642 3
32.272152 22.031654 3.9181767 9
2.3996208 1.5734172 -0.021860663 1
32.289959 22.053331 2.5519063 11
1.8300185 1.1844422 -0.041487239 1
1.8406339 1.1827525 -0.043565471 1
2.3987169 1.5609593 -0.020338576 1
14.179016 9.5326405 5.0684319 3
15.375885 10.351646 4.7725573 7
21.727968 14.669167 5.5898643 6
37.504475 25.382675 7.6635365 10
37.494492 25.396381 6.0545483 16
32.325974 21.903458 3.9156265 9
32.340511 21.92276 2.5501242 11
2.0753541 1.34155 -0.031215677 1
22.308577 15.112546 0.97988576 4
2.9329696 1.922881 -0.022899142 3
2.4058867 1.5540295 -0.020727815 1
20.76618 13.91151 5.3528204 5
37.569935 25.256735 6.0524678 16
2.9234016 1.9019326 -0.019772464 3
32.4104 21.805511 2.5495925 11
2.0672174 1.3259221 -0.027616853 1
1.8544621 1.1831576 -0.046679676 1
32.389221 21.781809 3.9141219 9
23.488163 15.796024 1.0030949 5
29.200922 19.599028 6.0642071 4
12.95258 8.6436119 4.0891767 9
14.282896 9.5308447 5.0911307 4
32.461918 21.666668 3.913661 9
32.515842 21.729723 1.1880014 41
2.0654671 1.3147056 -0.025819553 1
15.906749 10.550965 4.8995914 8
20.873543 13.87851 5.3664627 6
37.671303 25.114166 7.661396 10
37.628376 25.105812 6.0479593 16
2.9399788 1.8986627 -0.021662805 3
1.8554786 1.1748852 -0.045648333 1
2.4244511 1.5547146 -0.023792882 1
32.47987 21.688038 2.5490613 11
14.295319 9.46733 5.084362 19
14.429844 9.488492 5.1174021 6
37.685432 24.943483 7.648159 10
13.991085 9.2053795 0.22342947 3
32.531849 21.567158 2.5477071 11
2.4234328 1.5422493 -0.022270545 1
20.941647 13.818892 5.3709641 6
3.715483 2.39768 -0.013736295 8
32.517628 21.540243 3.9114645 9
32.588367 21.614101 1.1878195 41
37.709366 24.970171 6.0468574 16
2.9203806 1.8712367 -0.016653927 2
15.959867 10.506482 4.9040284 12
2.0636606 1.3035291 -0.024023784 1
1.8628912 1.1708971 -0.046690106 1
20.816952 13.637379 5.3312783 8
32.607105 21.453751 2.5475957 11
14.458167 9.435216 5.1158037 9
21.983076 14.393433 6.556303 5
29.365408 19.274242 6.0570393 4
37.785511 24.840851 6.045763 16
2.0680737 1.2970202 -0.024029721 1
32.643364 21.495102 1.1873724 41
2.9464583 1.8749274 -0.020424442 3
32.586155 21.422455 3.910661 9
2.4158041 1.5254761 -0.019218825 1
1.8831904 1.1753925 -0.051878057 1
24.766514 16.114584 6.2355866 3
37.862232 24.702522 6.0441794 16
14.580153 9.4430866 5.1441908 12
15.691847 10.176642 4.8104849 11
29.154894 18.990303 6.0044951 4
2.9398739 1.8563286 -0.017924458 2
2.4275212 1.5220983 -0.020754093 1
32.668629 21.331272 2.5466552 11
2.0759549 1.2922835 -0.024935843 1
32.705009 21.37249 1.1869898 41
1.8742604 1.1609987 -0.047735367 1
32.647202 21.307976 3.9095142 9
3.7319372 2.3730173 -0.013758865 8
32.743073 21.217356 2.5465484 11
14.880754 9.5657234 5.2294464 10
37.928444 24.557484 6.0411391 16
2.0968976 1.2960032 -0.029446054 1
37.925278 24.535343 7.6440349 10
1.8559493 1.13974 -0.040484242 1
37.893871 24.494925 9.2571621 35
2.439781 1.5178437 -0.022290433 1
2.9434595 1.843761 -0.017306505 2
32.731953 21.192778 3.9100981 9
15.768448 10.144835 4.8212137 3
2.9433472 1.8295465 -0.016060254 2
15.800621 10.087962 4.8202643 10
37.972744 24.358511 9.2555189 35
28.519581 18.285736 5.8594465 4
38.001717 24.40781 6.0385814 16
32.792515 21.070015 3.9086049 9
2.4385765 1.5054073 -0.020767136 1
32.797321 21.082287 2.5449831 11
2.0820992 1.2760005 -0.024044489 1
1.8794982 1.1461812 -0.046707794 1
18.723192 11.956509 6.4401422 6
38.07349 24.266718 6.0365171 16
23.292124 14.800861 5.8566961 6
32.852612 20.947096 3.9071124 9
2.4373102 1.4930094 -0.01924447 1
32.927902 21.021656 1.1865997 41
1.8900975 1.1441456 -0.048785891 1
32.857437 20.959314 2.5440476 11
2.0800879 1.2648716 -0.022246676 1
2.936517 1.8110871 -0.013559019 2
28.640022 18.222502 5.8699727 4
15.806298 10.014208 4.8121314 2
17.409365 11.027544 6.0099683 3
2.4492462 1.489056 -0.020779042 1
18.750963 11.791078 6.4224501 6
22.244028 14.011579 6.5586452 2
38.128975 24.084969 9.2522335 35
28.603497 18.059271 5.8511543 4
27.30485 17.250526 4.4629369 4
2.9562709 1.8096479 -0.016074933 2
32.908901 20.82185 3.9052758 9
32.917095 20.83617 2.5431139 11
2.0878839 1.260056 -0.023153454 1
32.960773 20.881056 1.1856791 41
1.8681095 1.1213093 -0.040497098 1
18.736509 11.69097 6.4048185 8
2.1121566 1.2655897 -0.028564846 1
25.64002 16.036152 7.4695845 4
27.381878 17.165955 4.4652867 4
32.978195 20.705002 3.9048283 9
33.033638 20.766123 1.1855782 41
1.8786534 1.1192588 -0.042574253 1
2.4545374 1.4808487 -0.020784836 1
2.9760537 1.8080895 -0.01859046 2
32.993206 20.723494 2.543225 11
29.24851 18.325548 5.959703 4
38.213017 23.951986 9.2521191 35
38.172371 23.711086 12.519258 22
33.051746 20.60788 2.5425076 11
14.984477 9.2755737 4.5608859 5
29.259005 18.197351 5.9502568 4
2.1034548 1.2502924 -0.02496516 1
2.9657035 1.7875789 -0.015462238 2
2.4531431 1.4684637 -0.019261263 1
38.269917 23.802101 9.2459135 35
27.212788 16.927565 4.4321523 4
33.026802 20.575211 3.9023011 9
33.106121 20.650911 1.1854815 41
1.8826576 1.1130514 -0.042578388 1
38.247665 23.58264 12.518117 22
33.130268 20.504702 2.5430412 11
29.359653 18.125463 5.9576693 4
14.985453 9.2076855 4.5527601 5
2.9717188 1.7780758 -0.01546995 2
27.403913 16.921177 4.45152 4
1.9094069 1.121417 -0.04983823 1
25.554621 15.754828 6.3264742 8
2.1076894 1.2436554 -0.024970019 1
2.4547658 1.458591 -0.018502073 1
33.111958 20.476316 3.9039462 9
33.150826 20.526455 1.1849118 40
15.069118 9.1872768 4.5666442 4
2.1119077 1.2369905 -0.024972944 1
29.360636 17.984882 5.9460378 9
2.9877954 1.774757 -0.017357074 2
27.412697 16.80134 4.4446435 4
38.313465 23.439165 12.512842 22
25.5567 15.639435 6.31498 7
33.159485 20.354113 3.9017742 9
2.4797473 1.4631343 -0.023095001 1
33.164413 20.366135 2.5406582 11
33.218884 20.416643 1.1848216 40
1.9000648 1.107308 -0.045695711 1
33.300369 20.307053 1.1849365 40
2.1196449 1.2320001 -0.025878761 1
29.566755 17.970022 5.9724889 4
22.591301 13.686255 7.562551 9
33.252541 20.260881 2.5416079 11
27.698393 16.844446 4.4771314 4
1.8877466 1.0906289 -0.040516112 1
2.4483576 1.431891 -0.014690022 1
33.244259 20.238937 3.9027205 9
22.348055 13.555564 5.5729008 3
15.127803 9.1475325 4.5733399 6
2.9977705 1.7662177 -0.017991139 2
16.231998 9.7384701 5.5599008 3
29.622713 17.86289 5.9711685 9
2.1242578 1.2246088 -0.025881171 1
2.9972675 1.7520082 -0.016740886 2
15.214812 9.128274 4.5881281 4
1.9114622 1.0964247 -0.046737432 1
21.995508 13.236006 5.482193 6
29.587362 17.849411 4.7385454 5
2.4803059 1.4399742 -0.020809384 1
15.250136 9.0811043 4.5894413 13
2.1183932 1.2118648 -0.023180852 1
22.009111 13.145113 5.4752874 9
3.0234754 1.7546227 -0.020510372 3
29.632929 17.743286 4.7365351 5
29.603746 17.710867 5.9561157 4
21.521481 12.830804 7.1990442 11
1.8856013 1.0721637 -0.037409768 1
2.4719665 1.4235791 -0.017755704 1
38.518211 23.092829 4.4243455 20
1.9323534 1.0920238 -0.050890554 1
15.303364 9.0333014 5.2496719 8
3.8290651 2.2194765 -0.013867762 8
38.815716 23.077635 6.0363083 16
3.002552 1.7282096 -0.015497785 2
15.273501 9.0231619 4.5871615 7
23.131304 13.71547 4.7543058 7
38.854813 23.120407 4.4506426 22
38.884457 23.148388 2.86991 91
38.914089 23.185585 1.2922224 54
2.1260631 1.2068166 -0.024085226 1
22.013428 13.038589 5.4653316 6
2.4989426 1.4283755 -0.022729835 1
38.973194 23.027756 1.2916166 54
16.622608 9.7438536 4.939281 12
3.04298 1.7376851 -0.021775292 3
15.393094 9.0108652 5.267211 5
25.066174 14.74418 5.1000977 3
3.8372936 2.2057955 -0.013875505 8
38.843842 22.902147 6.0281944 16
38.915485 22.963902 4.4481168 64
38.891891 22.960192 2.8651378 30
2.1339362 1.2013868 -0.024990646 1
1.9298078 1.0813713 -0.048820149 1
2.4975169 1.4155849 -0.021205219 1
15.970748 9.3634834 4.0933166 7
2.1317179 1.1899872 -0.023191648 1
16.712177 9.7147179 4.9536157 11
15.872996 9.2316332 4.0639529 8
5.1798444 2.9730148 0.0032276192 3
38.876148 22.710407 7.6189437 10
38.893452 22.739832 6.0232425 16
2.5059354 1.4092052 -0.021973962 1
38.938072 22.795506 2.8627586 30
1.9238806 1.0687926 -0.045713011 1
3.0494418 1.7268978 -0.021781657 3
38.917107 22.772957 4.4396944 21
38.98513 22.842421 1.2900895 54
15.377789 8.9264641 5.2521853 11
1.9076822 1.0507582 -0.039496072 1
3.0965345 1.7404448 -0.029313138 3
7.6767764 4.3616004 0.058684714 7
15.691445 9.0368662 5.3395104 5
16.736008 9.6507826 4.9508858 3
15.856023 9.1478968 4.0528736 17
5.1903057 2.9552648 0.0032176794 3
23.244654 13.445489 4.7479033 2
38.941887 22.586216 6.018784 16
38.986198 22.631224 4.4385662 21
2.5109496 1.4008033 -0.021977508 1
38.996883 22.647614 2.8614261 30
2.1528001 1.1927124 -0.027701486 1
39.05098 22.6984 1.2897283 54
2.1739261 1.1953067 -0.032210846 1
15.908402 9.1045961 4.0574117 17
3.8609006 2.1658964 -0.013896498 8
39.024101 22.452389 6.019186 16
3.0445364 1.6964035 -0.01865584 2
2.5159285 1.3923997 -0.021983001 1
39.093178 22.521587 2.8623822 30
1.9214759 1.0502565 -0.042608459 1
39.133617 22.564188 1.2897123 54
39.06168 22.493258 4.4381356 21
22.961277 13.174157 4.6876144 5
38.950111 22.361269 10.849312 12
15.664411 8.9486561 5.3213868 7
15.799721 8.9536343 5.3534031 11
2.5345085 1.3917707 -0.02504527 1
3.0882559 1.7077247 -0.025560813 3
22.907797 13.037374 4.6694646 5
15.950449 9.0551891 4.0596642 5
41.86797 23.847136 11.602925 32
2.147768 1.1706165 -0.024102356 1
1.9285893 1.0458219 -0.043647166 1
15.98906 8.9882221 5.4019604 7
16.11702 9.0762892 4.0897202 15
23.037502 13.005415 4.68471 7
3.7898321 2.0906093 -0.0016857177 6
2.5326324 1.3793975 -0.023519354 1
2.1654985 1.1711804 -0.027710449 1
1.9054762 1.0241561 -0.035355732 1
3.059957 1.677785 -0.019293511 3
2.1764662 1.1678103 -0.029516147 1
3.0796707 1.6752071 -0.021807555 3
23.058798 12.911667 4.6802964 7
1.9360597 1.0330544 -0.043652143 1
2.5238607 1.3631945 -0.02046459 1
23.499229 13.153423 5.725513 6
16.133345 8.9960651 5.4365611 8
1.9296464 1.0209943 -0.040544674 1
2.1704361 1.1548544 -0.026815107 1
16.22555 8.9738722 5.4551382 6
23.378174 12.984453 4.7298775 5
3.0994036 1.6725154 -0.024321036 3
2.5184314 1.3489888 -0.018173926 1
45.043583 25.149511 1.3989073 63
23.428543 13.006595 5.6995687 6
1.9231726 1.0089893 -0.037436828 1
2.1677439 1.1438577 -0.025015274 1
85.233246 47.211311 5.5835996 63
2.5266645 1.3424553 -0.018941952 1
3.0984211 1.6582147 -0.023071306 3
16.324968 8.9707537 4.1147637 15
23.601538 13.0016 4.7619801 2
16.740627 9.184618 5.6029396 8
45.124306 24.988434 1.3986844 63
45.737068 25.053612 8.7437582 16
85.389618 46.928471 5.5834475 63
16.757557 9.1219568 5.5987749 10
1.9369408 1.0082265 -0.040549163 1
2.1820719 1.1422859 -0.027722668 1
2.5348818 1.3358858 -0.019710202 1
3.0731411 1.6306185 -0.017429955 2
16.772446 9.054534 5.5935769 8
42.344944 22.968605 11.599749 32
45.824429 24.894058 8.7436743 16
3.092509 1.6283276 -0.019943155 3
2.182528 1.1335223 -0.026823647 1
44.823387 24.424232 1.3893759 63
85.623306 46.668434 5.5874457 63
16.594578 8.9736423 4.1607914 5
2.5465322 1.3311477 -0.021242741 1
1.940555 1.0018256 -0.04055148 1
5.2717357 2.8119879 0.0031444388 3
39.500309 21.233849 12.49187 33
85.883232 46.441414 5.5935335 63
45.844341 24.70838 8.7323618 16
16.646656 8.9271936 4.1653333 3
2.5406747 1.3174368 -0.018952055 1
43.639053 23.580162 1.3646574 62
85.836021 46.375053 9.0087595 63
2.1900079 1.1281127 -0.027726943 1
1.9337778 0.99020648 -0.037443377 1
3.08091 1.6084856 -0.016810581 2
2.1801074 1.113807 -0.024123779 1
85.966011 46.036995 12.442883 63
39.567543 21.092497 12.489733 33
44.819866 24.028105 1.3859465 63
86.133057 46.188679 5.598578 63
45.993187 24.582029 8.7435179 16
3.1037347 1.6079426 -0.019951133 3
1.930524 0.98015511 -0.035371348 1
2.5453675 1.3089156 -0.018954694 1
86.025742 46.090313 9.0113859 63
39.637684 20.952723 12.488634 33
46.033516 24.39752 8.7353277 16
3.0745614 1.5789003 -0.013681565 2
86.209984 45.821793 9.01437 63
2.1840875 1.1065607 -0.0241266 1
45.11895 23.986481 1.390031 63
86.276421 45.878422 5.5973911 63
86.193069 45.772163 12.451969 63
1.9577271 0.9868257 -0.042631347 1
2.5428648 1.2971261 -0.017428208 1
2.1811504 1.0956562 -0.02232611 1
86.506935 45.61438 5.6014047 63
39.714149 20.816349 12.489602 33
46.164024 24.260876 8.7433653 16
86.345528 45.467449 12.450856 63
3.0944192 1.575369 -0.016194856 2
2.5685482 1.2991765 -0.02201977 1
1.9580252 0.97822267 -0.041596904 1
2.1818144 1.0862265 -0.021426959 1
39.79034 20.670984 12.489535 33
3.8612936 1.9612943 -0.0017418574 6
1.9752228 0.97892249 -0.045745872 1
42.767864 22.241915 11.606579 16
42.796497 22.276791 9.8595371 22
46.252838 24.091759 8.743289 16
86.564651 45.178375 12.457997 63
3.0965073 1.5630924 -0.015571984 2
2.5627379 1.2851051 -0.019728478 1
39.858986 20.530468 12.488444 33
42.881126 22.131159 9.8609943 22
46.273663 23.897738 8.7319822 16
25.152548 12.976088 3.9716544 3
2.5464072 1.265662 -0.015141729 1
2.2029901 1.0879527 -0.025936095 1
1.9650223 0.96525478 -0.041599322 1
3.1230965 1.5635475 -0.019338703 3
2.2068813 1.0806187 -0.025937961 1
3.1321561 1.5548064 -0.019969722 3
46.420242 23.768814 8.7431459 16
1.9616182 0.95521796 -0.039527748 1
2.5613904 1.2625215 -0.017439034 1
24.91177 12.741565 3.9322593 3
39.934013 20.393274 12.489415 33
24.949156 12.651248 3.9312525 3
1.9719257 0.95225328 -0.041603293 1
40.005112 20.254051 12.48936 33
3.1130354 1.5316681 -0.015581567 2
2.5728822 1.2575099 -0.018971434 1
87.393257 44.514317 5.6154041 63
46.415073 23.562069 8.7274761 16
2.1899233 1.0626404 -0.020530988 1
40.082626 20.118065 12.491372 33
46.472515 23.387722 8.7230425 16
24.663694 12.39796 3.88603 3
3.1431518 1.5336282 -0.019975955 3
87.584038 44.227051 5.6173592 63
2.2076313 1.0624039 -0.024139488 1
2.009809 0.96318835 -0.051973462 1
2.5773644 1.2488836 -0.018973665 1
40.152756 19.97834 12.491319 33
1.9649284 0.9322632 -0.037458822 1
2.2149174 1.0568064 -0.025042225 1
87.756004 43.930073 5.6182766 63
2.5747962 1.2367269 -0.017446309 1
3.1662545 1.5318587 -0.023116115 3
24.687441 12.302314 3.8833258 3
46.55405 23.225613 8.7229795 16
2.5756879 1.2263533 -0.016683392 1
40.2328 19.843493 12.494368 33
43.244091 21.372061 9.856885 67
24.735704 12.219029 3.8840225 3
87.940109 43.618088 9.0594826 63
87.955566 43.646694 5.6208601 63
1.9890301 0.93609142 -0.043680623 1
3.1716921 1.5211579 -0.023119064 3
46.659801 23.075485 8.7272873 16
2.2152112 1.0476967 -0.024142103 1
43.186867 21.324059 11.596332 32
73.029182 35.946518 1.9059681 63
2.2399356 1.0506613 -0.029551724 1
46.782776 22.933664 8.7347183 16
40.301983 19.703224 12.494316 33
88.150665 43.360634 5.6232395 63
24.215425 11.856065 3.8072243 3
88.153267 43.32198 9.0645685 63
1.9925578 0.9291904 -0.04368259 1
2.573236 1.2138152 -0.015155644 1
3.2128088 1.5273426 -0.029394586 3
40.360233 19.557673 12.491167 33
46.908897 22.792952 8.742774 16
88.366333 43.084309 5.6268697 63
2.5846205 1.2086394 -0.01668768 1
88.357941 43.040302 9.069663 63
3.1649659 1.4905168 -0.019987812 3
24.299911 11.787555 3.812782 3
73.135559 35.66642 1.9053971 63
1.9750731 0.9124099 -0.037462175 1
2.2403798 1.0411241 -0.028652245 1
88.624008 42.846836 5.6334157 63
40.4459 19.43408 12.497324 33
46.938145 22.615175 8.7346067 16
2.5922494 1.2021239 -0.017454563 1
3.1771073 1.4837948 -0.021244427 3
24.390835 11.732252 3.8197997 6
2.0094755 0.92137593 -0.0467951 1
2.2334003 1.028942 -0.025949631 1
3.1678641 1.4667668 -0.018737115 2
40.513649 19.29307 12.497279 33
47.063293 22.473625 8.7426672 16
4.0177307 1.8724755 -0.014008909 8
88.827316 42.563187 5.6364293 63
24.712614 11.787118 3.858156 3
2.596323 1.1938708 -0.017456466 1
2.215822 1.0117635 -0.02054265 1
2.0161033 0.91672945 -0.047833044 1
2.2475977 1.0177876 -0.027755152 1
47.141624 22.309467 8.7426167 16
40.598358 19.16011 12.502404 33
89.026123 42.276924 5.6392393 63
2.0125854 0.90639961 -0.045760546 1
2.5901563 1.1796707 -0.015162674 1
3.2339983 1.4843389 -0.029404277 3
43.644855 20.611876 11.619433 16
7.8492665 3.6015456 0.068958014 7
1.9983742 0.89149994 -0.040576901 1
40.661472 19.008209 12.500292 33
43.740051 20.490078 9.8687706 22
47.176777 22.114956 8.7344532 16
3.2392671 1.4734093 -0.029407049 3
2.5943656 1.1709938 -0.015164617 1
89.256607 41.98621 5.6434999 63
2.2302752 0.99995613 -0.022347622 1
7.7458272 3.5209508 0.075703196 8
40.745251 18.874613 12.50542 33
89.449928 41.696445 5.6461096 63
47.253845 21.950405 8.7344055 16
2.5914314 1.1589756 -0.013636027 1
2.2479837 0.99913222 -0.025953881 1
3.1979551 1.4407536 -0.021253396 3
2.0260768 0.89634502 -0.047836095 1
2.2480257 0.99001741 -0.025053892 1
3.2030706 1.429957 -0.021256091 3
47.376984 21.8071 8.7424736 16
3.8640351 1.7337537 0.0104349 5
7.7291188 3.4809735 0.077384368 8
40.825085 18.739017 12.509518 33
2.6169469 1.1601861 -0.018226894 1
89.682205 41.424248 5.6510067 63
2.018784 0.8847602 -0.044725861 1
2.255116 0.98416001 -0.02595604 1
40.886871 18.595108 12.508446 33
47.406269 21.620487 8.7343168 16
3.9929144 1.7767754 -0.0061975378 7
3.2548475 1.4405117 -0.029413188 3
89.812431 41.08408 9.1106453 63
2.6068125 1.1448665 -0.015168356 1
89.989914 41.185928 5.6602707 63
2.0254769 0.8796947 -0.045763209 1
7.7959251 3.4790256 0.074213833 8
2.0145762 0.86659068 -0.041615784 1
40.976334 18.463701 12.515647 33
47.481632 21.455109 8.7342768 16
3.9196568 1.7271274 0.0045615034 6
89.9991 40.79015 9.1147308 63
2.6323495 1.1458684 -0.019758418 1
90.10791 40.860077 5.6587367 63
2.2692916 0.98148274 -0.028660476 1
3.2599645 1.4295012 -0.029414307 3
7.7607565 3.4308903 0.07695172 8
7.7910514 3.4122455 0.075891204 8
41.023052 18.312954 12.510446 33
44.07856 19.699831 11.621882 32
44.131214 19.74264 9.8769503 45
5.1834431 2.2773991 0.031041358 3
47.603249 21.310547 8.7423487 16
3.2109921 1.3941942 -0.020005895 3
2.6257002 1.1322039 -0.017464221 1
90.341309 40.586319 5.6638536 63
2.2585919 0.96753901 -0.025056817 1
2.0141718 0.85833627 -0.040579397 1
3.9221478 1.7121756 0.0050482606 6
90.188423 40.497074 9.1191654 63
74.814369 33.321442 1.9136631 63
2.6189845 1.1186086 -0.015170609 1
3.9282088 1.6988412 0.0050463886 6
41.104527 18.177809 12.51558 33
2.0278449 0.85640377 -0.043691333 1
7.7408757 3.3580258 0.079474255 8
2.2656231 0.96160197 -0.025958227 1
3.1798608 1.3672709 -0.013733084 2
47.677517 21.144487 8.7423115 16
5.2205992 2.272609 0.028235784 3
2.2548137 0.94775563 -0.02235234 1
5.2286096 2.2547312 0.028232928 3
24.066502 10.54908 4.6544704 5
3.1847212 1.356532 -0.013734346 2
3.9487581 1.6918828 0.0030883281 6
2.6229811 1.1098342 -0.015171902 1
41.182034 18.04072 12.519686 33
2.0450618 0.85594147 -0.047838725 1
7.7892823 3.347301 0.077359281 8
41.262615 17.904873 12.524828 33
5.1963878 2.2193019 0.032083891 3
24.036314 10.436094 4.6429086 5
3.1895452 1.3457752 -0.013735238 2
2.3010566 0.95900559 -0.033170771 1
3.9547453 1.6784648 0.0030861155 6
2.612556 1.0947529 -0.012113634 1
2.0481439 0.84916532 -0.047838945 1
7.7863669 3.31411 0.07819882 8
2.0370226 0.83623934 -0.04369187 1
2.6452897 1.0984834 -0.018232824 1
3.9643357 1.666586 0.0025960442 6
41.328564 17.76256 12.525834 33
5.2371335 2.2157352 0.028928855 3
24.1362 10.379871 4.6538138 2
3.1834538 1.3303009 -0.011854435 2
2.2580144 0.93118674 -0.021451859 1
7.7980042 3.2872615 0.078194983 8
2.5987027 1.06794 -0.0075249849 1
5.1973219 2.1774299 0.033480007 3
24.288656 10.345607 4.6737714 2
3.1736634 1.3133223 -0.0093454411 2
2.2721007 0.92828649 -0.024156889 1
4.0030837 1.6671668 -0.0018073942 6
2.0471358 0.83254671 -0.045765448 1
41.408234 17.626053 12.530978 33
7.8242574 3.2666056 0.077347651 8
2.0359159 0.81972086 -0.041618418 1
56.265629 23.880417 1.5594444 63
2.6314268 1.0715249 -0.013644639 1
7.8357258 3.2396314 0.077344023 8
41.462528 17.478714 12.528889 33
21.152525 8.9168482 4.1295576 1
44.586498 18.818132 11.647755 16
3.1856089 1.3056895 -0.010600353 2
5.2416906 2.1751831 0.029975317 3
4.0272613 1.6613096 -0.0042552282 7
44.586563 18.837181 9.8874321 22
2.2754343 0.92072117 -0.024156719 1
7.8397231 3.2095485 0.077763662 8
24.471106 10.217456 5.6430721 6
41.555511 17.347618 12.53817 33
5.2273188 2.14798 0.03207548 3
21.169073 8.8371763 4.1270509 1
4.0148416 1.6399223 -0.0018103684 6
3.1829708 1.2918748 -0.0093464516 2
2.6823027 1.0825028 -0.0235887 1
2.2607808 0.90558773 -0.019649992 1
2.0495512 0.81748444 -0.044728853 1
7.8583837 3.1855519 0.07733918 8
41.63023 17.208681 12.542284 33
64.456573 26.792702 6.5883818 55
4.0206528 1.6262579 -0.0018101353 6
24.528517 10.141329 5.6476312 6
5.3011279 2.1576068 0.025769811 3
21.057632 8.7044201 4.1027017 1
3.2167468 1.2932717 -0.014366064 2
2.6644311 1.0644346 -0.018998295 1
51.40324 21.368763 3.4085226 56
2.3036025 0.91456211 -0.029565638 1
2.0631962 0.81516314 -0.047839675 1
63.798943 26.491835 8.9598589 63
5.3161068 2.1424913 0.025067419 3
7.8325739 3.1433954 0.079447024 8
41.704491 17.069414 12.546401 33
24.749113 10.132138 5.6864619 6
20.998493 8.594367 4.0874047 3
4.1181879 1.6503696 -0.014039502 8
3.2103903 1.2778919 -0.012484523 2
2.6718628 1.0570076 -0.01976444 1
51.514618 21.204649 3.4105773 56
2.3032842 0.90540481 -0.028664134 1
2.0447121 0.79947633 -0.04161771 1
2.306535 0.89773774 -0.028661102 1
3.2222559 1.270031 -0.01373546 2
22.413441 9.0855303 4.323617 4
5.4380536 2.1709008 0.01421064 3
22.380066 9.0577049 6.0593014 4
24.478956 9.9216223 5.6224885 6
7.8436108 3.1163995 0.079449378 8
41.756798 16.921122 12.544331 33
16.140263 6.5181346 0.21055609 3
2.0261433 0.78393346 -0.035392959 1
2.6647408 1.0435879 -0.017466016 1
2.6830301 1.0405529 -0.020525385 1
2.0504537 0.78594416 -0.041614126 1
2.309762 0.89005607 -0.028660432 1
3.2377672 1.2635881 -0.015616908 2
4.129827 1.6223229 -0.014036303 8
5.3089819 2.0971155 0.027172305 3
24.815857 9.9583082 5.685699 6
22.473139 9.0046196 6.0745702 4
41.833664 16.782785 12.549499 33
46.472435 18.766109 1.3718621 63
16.163036 6.4620857 0.21055549 3
7.8545547 3.0893543 0.079450145 8
22.341619 8.8615055 6.0341544 4
7.8654027 3.062283 0.079451501 8
24.1175 9.5794392 5.5326214 6
5.3200812 2.0804121 0.026823677 3
2.6648865 1.0227917 -0.015934443 1
3.2312596 1.2482547 -0.013734318 2
41.924442 16.649813 12.558802 33
2.0389493 0.77340627 -0.037465286 1
2.2948723 0.87512046 -0.024151983 1
21.373924 8.489274 4.1360826 3
21.413094 8.4230261 4.1379571 7
7.8756204 3.036525 0.079452492 8
41.99752 16.518084 12.563973 34
4.0932775 1.5752177 -0.0076749688 7
27.200291 10.745533 1.0162951 5
3.2357018 1.2373462 -0.013733448 2
2.6794975 1.0181999 -0.01822767 1
5.3200102 2.0592701 0.027525067 3
21.842693 8.5838127 5.051301 5
2.3088892 0.87178838 -0.026854925 1
21.893927 8.5949583 5.9155974 4
2.0991931 0.78946602 -0.0540547 1
7.8862853 3.009372 0.079454534 8
21.838915 8.490016 5.8949413 4
42.083847 16.382938 12.572246 34
21.407537 8.3348808 4.13203 5
3.2398911 1.2269645 -0.013732017 2
4.0283475 1.5344827 0.0016191574 6
29.651814 11.604584 1.0605131 12
2.3009844 0.86021197 -0.024149563 1
21.915041 8.5288029 5.0604429 5
2.0588939 0.76555514 -0.041610483 1
2.6721764 1.0049163 -0.015932381 1
5.3384075 2.0454109 0.026475253 3
21.915495 8.4412718 5.0543518 7
2.6865737 1.0006713 -0.018225685 1
2.3004456 0.85114545 -0.023247452 1
2.0471213 0.75348419 -0.037461601 1
3.2368932 1.2131631 -0.012475739 2
4.0411935 1.5236436 0.00064352102 6
21.410833 8.2504444 4.1276636 1
5.3452635 2.0280523 0.02647616 3
31.947479 12.378108 1.1017349 22
21.948523 8.4449892 5.9147038 4
42.144527 16.237627 12.573281 34
7.8968563 2.9821854 0.079455972 8
22.371149 8.5191355 6.0117092 4
23.998434 9.1517725 5.480845 9
5.3152137 1.9954854 0.029980872 3
21.480209 8.1915531 4.134532 1
4.0391812 1.5070584 0.0016227837 6
3.2264662 1.1965671 -0.0099651311 2
54.467045 20.881315 5.5894942 44
2.6864922 0.99025506 -0.017459283 1
54.520649 20.913475 3.550139 61
2.3107848 0.84628594 -0.025048383 1
31.968235 12.258192 1.101331 22
2.0786858 0.75782114 -0.04575612 1
54.428246 20.843966 7.6384397 58
42.211918 16.094847 12.576388 22
7.9078503 2.9535973 0.079458736 8
36.574612 13.884555 1.1845238 41
54.595348 20.723997 3.5502496 3
2.0705945 0.74680507 -0.042643409 1
54.545353 20.693426 5.5900245 89
54.500824 20.654106 7.6384473 58
4.0408101 1.4919192 0.0021130524 6
42.289642 15.955941 12.582598 22
2.2956195 0.8316564 -0.020539902 1
3.2270379 1.1842666 -0.009335719 2
21.23912 8.0145512 4.0889783 1
21.934277 8.2646322 5.8967471 4
2.6975553 0.98359394 -0.018987875 1
20.840925 7.854979 4.8190308 7
5.322608 1.9763756 0.029983098 3
7.9187398 2.9249806 0.079460584 8
49.153702 18.397852 8.7932901 16
21.898842 8.1599369 5.8805857 6
42.362465 15.806555 12.586741 34
2.3133545 0.82912439 -0.02414385 1
3.2425625 1.1770014 -0.011216873 2
4.076098 1.4886571 -0.0017987214 6
2.0553534 0.73280019 -0.037457563 1
24.289436 9.0603609 5.5273113 3
5.3448548 1.9628416 0.028583508 3
2.7086036 0.97685742 -0.0205156 1
7.9290171 2.8976743 0.079463392 8
49.195023 18.208242 8.7889328 16
7.8941908 2.8538463 0.081998274 8
42.449234 15.662222 12.595019 34
22.042038 8.1219473 5.9084349 9
5.3779345 1.9542418 0.026133943 3
3.2432623 1.164132 -0.010588423 2
2.7010634 0.96367288 -0.018219903 1
2.3055301 0.81696618 -0.021438448 1
2.0762355 0.73241144 -0.042640783 1
4.0332584 1.4561342 0.0045624119 6
21.957243 8.0994778 5.0383768 5
42.413872 15.753516 1.2888482 54
2.0498872 0.71484363 -0.034343712 1
48.98024 17.934568 8.742137 16
7.9192362 2.832083 0.081156358 8
42.507416 15.515595 12.596066 34
21.967894 8.0077467 5.8832917 6
21.911764 7.9960728 5.0231504 5
5.4297185 1.9523062 0.021931998 3
4.1055036 1.4670627 -0.0042406102 7
3.2548311 1.1558963 -0.011840125 2
48.993931 17.979481 5.0545382 35
2.3121312 0.81064194 -0.022338636 1
2.7045166 0.95461535 -0.018218473 1
7.9592633 2.8155799 0.079471864 8
48.162434 17.49333 3.1782594 49
2.7153177 0.94823241 -0.019746048 1
3.2403889 1.1381624 -0.0087021692 2
47.802216 17.332827 6.72857 28
24.892759 8.9913406 5.6324296 6
2.3260376 0.80694628 -0.025041053 1
2.0633633 0.71203965 -0.037453134 1
4.1107087 1.4530903 -0.0042379801 7
47.557152 17.224442 8.4925194 14
5.3617039 1.9065136 0.028940614 3
21.625708 7.797214 5.7925835 2
42.57235 15.37136 12.599179 34
4.1905828 1.4659656 -0.014018958 8
21.553839 7.6865168 5.7683396 8
42.64769 15.230795 12.605392 34
22.469955 8.0239782 5.1267419 2
5.3534346 1.8827664 0.030344453 3
3.2556021 1.1312332 -0.010582314 2
2.7187183 0.93912876 -0.019744687 1
48.215851 17.322636 3.1778588 49
2.3252783 0.79788321 -0.024138326 1
2.065943 0.70521396 -0.037451576 1
2.0757742 0.70097595 -0.039523881 1
33.193672 11.796039 1.1182171 26
2.7146888 0.92737597 -0.018213008 1
45.654797 16.21139 4.7287922 28
45.61417 16.178532 6.4288526 21
42.740799 15.096331 12.616779 34
22.46834 7.9353275 5.120657 5
3.2559171 1.1189103 -0.0099526448 2
7.978951 2.7606676 0.079478748 8
21.676182 7.6454229 5.7917004 4
5.3488178 1.8604343 0.031398416 3
45.446339 16.100504 8.1187239 12
2.3281567 0.79013842 -0.024135869 1
5.3817062 1.8513694 0.028948931 3
21.541002 7.5133271 5.7521901 6
44.503342 15.591203 7.9514852 11
2.3236527 0.77980745 -0.022332164 1
3.2636311 1.1092389 -0.010578641 2
44.614258 15.648067 6.2918687 19
44.666302 15.684331 4.6323547 26
22.525667 7.8675871 5.1267586 5
2.718015 0.91828382 -0.018211737 1
42.837128 14.962663 12.629196 34
7.7999649 2.667697 0.090033382 8
2.0673838 0.69025153 -0.036411606 1
2.066241 0.68213755 -0.035372451 1
42.863659 14.804507 12.621979 34
21.497238 7.4141765 5.7351332 4
3.2489359 1.091722 -0.0074392874 2
7.8773527 2.6641431 0.08623974 8
5.3882437 1.8329473 0.028951818 3
22.585377 7.8050957 4.2775059 14
4.2060328 1.4231217 -0.014010824 8
43.588131 15.134257 4.5279398 23
2.3264682 0.77206922 -0.022330433 1
33.135769 11.515861 1.1157207 25
43.614956 15.126094 6.1553726 18
23.335863 8.0609264 5.2874646 2
2.7138975 0.9065786 -0.016678976 1
43.800362 15.217125 2.9249632 34
2.3366227 0.76686543 -0.024131149 1
42.599808 14.581187 9.2317801 17
42.661366 14.62812 6.0251913 16
3.2528348 1.080753 -0.0074365209 2
2.7319992 0.90259504 -0.019736435 1
42.720276 14.674209 2.8626778 30
2.0687132 0.67530638 -0.035371058 1
4.2110815 1.4088125 -0.014009161 8
22.597658 7.7214098 4.2750201 6
5.3796463 1.8093171 0.03035666 3
21.589476 7.3621826 5.7513103 6
42.063408 14.363449 12.381153 10
42.713921 14.663241 4.4426055 21
7.6380043 2.5247905 0.10059725 10
22.552172 7.6226106 4.2631717 2
41.195934 13.914303 12.122757 20
41.918076 14.24286 2.8159688 27
41.844482 14.201117 4.3579659 19
3.2641768 1.0723124 -0.0086886846 2
41.704845 14.136956 5.89501 14
2.0748181 0.66971534 -0.036406443 1
5.3520761 1.7793785 0.033511735 3
24.819761 8.3829861 5.5799394 6
21.404739 7.2158132 5.7001238 8
2.3320143 0.75656962 -0.022326289 1
2.7278051 0.8909086 -0.018204948 1
33.093834 11.121219 1.1129045 30
22.541311 7.531599 4.2569437 4
4.0627346 1.3277314 0.0065404703 5
3.2640686 1.0605888 -0.0080593862 2
21.591267 7.1996369 5.7396541 6
41.182083 13.749875 12.105206 30
2.3235321 0.74546325 -0.019619795 1
41.315079 13.852069 5.8386731 13
41.392265 13.902905 2.7844226 24
24.516211 8.1897526 5.5121689 6
2.0735898 0.6616177 -0.035367694 1
41.361393 13.876077 4.3090649 18
2.7347252 0.88301671 -0.018967645 1
5.4074745 1.7775372 0.028961554 3
2.0868671 0.65876746 -0.038476221 1
41.255634 13.614841 12.112462 30
21.531286 7.0963745 5.719008 6
23.996876 7.9227304 5.4002266 3
5.4436955 1.7699988 0.026162541 3
22.578829 7.4569354 4.2588277 4
3.2753553 1.0520616 -0.0093119871 2
41.411102 13.740354 4.3094316 18
2.7302883 0.8718279 -0.017436069 1
41.429317 13.754827 2.7838202 24
2.3299224 0.73896247 -0.020519055 1
41.389683 13.716824 5.8420949 13
41.430225 13.553805 7.3883653 18
21.496763 7.0021091 5.7046475 6
25.155128 8.2099142 5.6310053 9
5.3931594 1.7327281 0.03142054 3
41.456306 13.578743 5.8445482 13
3.3053873 1.049631 -0.01369974 2
2.7334197 0.86267477 -0.01743391 1
41.503773 13.619154 2.7852955 24
2.3622077 0.74095613 -0.027727993 1
2.0709147 0.64581555 -0.033289712 1
41.508163 13.612165 4.3139634 18
41.306709 13.472248 12.113518 30
7.6643605 2.4457657 0.10061122 10
31.047443 10.059024 2.2110689 7
3.2865932 1.031152 -0.0099339541 2
41.383022 13.337805 12.121811 30
21.52861 6.9297752 5.7064571 2
41.482529 13.402665 8.9539022 31
5.3689604 1.7044299 0.034226935 3
41.479294 13.409993 7.3887005 9
41.545124 13.447729 5.8499155 13
30.997047 10.036366 3.3473341 6
2.7234528 0.84926254 -0.01475423 1
2.3352375 0.7234475 -0.020514904 1
2.0622437 0.63537204 -0.030176802 1
4.2353406 1.3377061 -0.013994018 8
31.132477 10.098918 1.0757473 16
7.6814709 2.3929384 0.10062223 10
30.965883 9.9255724 1.0721548 15
2.3341463 0.71447676 -0.019611027 1
30.945591 9.906888 2.2036119 7
2.7265077 0.8401283 -0.014751446 1
30.933376 9.8967505 3.3383305 6
3.2677107 1.012808 -0.0061661429 2
26.786663 8.5547132 3.9474261 3
41.588062 13.285305 7.3990235 18
5.3977532 1.6933526 0.032129306 3
25.552399 8.1437044 5.7003427 6
21.18894 6.7386003 5.6184492 6
41.462582 13.204164 12.13114 30
2.0755823 0.63211745 -0.033286627 1
30.910889 9.7709465 3.3331456 6
41.545387 13.071295 12.141501 30
30.985228 9.8128786 1.0719011 15
2.7519827 0.83811933 -0.019337911 1
2.0778849 0.62524819 -0.033283606 1
3.2713335 1.0017794 -0.00616385 2
26.956533 8.5058432 3.9654188 3
41.653149 13.146293 7.4021678 18
5.3809485 1.6676548 0.034235109 3
25.590151 8.0577507 5.7022619 13
2.3515875 0.71143574 -0.023214411 1
21.271915 6.6837239 5.632834 8
30.945854 9.7882233 2.2017622 7
41.620399 12.935694 12.149798 30
41.692196 12.99068 8.9684515 31
5.3792381 1.6468601 0.034939479 3
41.732857 13.011725 7.4078131 18
4.249444 1.2944156 -0.013983624 8
30.922119 9.6561422 3.3310835 6
2.7325199 0.82184106 -0.014746473 1
2.3430068 0.70010394 -0.020507645 1
30.99272 9.696559 1.0714444 15
2.0875292 0.62069702 -0.035355631 1
3.2937639 0.99664211 -0.0092977071 2
21.347324 6.6260304 5.6454229 8
30.999765 9.5803328 1.0709879 15
2.3790407 0.70269942 -0.028618347 1
21.377886 6.5541325 5.647234 2
3.2860086 0.98201686 -0.0074127861 2
5.3964853 1.6319805 0.033893634 3
41.781921 12.867434 7.4084654 18
4.2540455 1.2799531 -0.013979299 8
41.676502 12.794039 12.152928 30
41.793709 12.862717 8.9799051 15
31.161489 9.5999851 4.4964762 4
30.910086 9.5342999 3.3269415 6
2.7429814 0.81500024 -0.016272765 1
2.075032 0.60920697 -0.031205311 1
2.0809438 0.60348386 -0.032240223 1
33.105927 10.094478 2.3137746 8
2.749666 0.8069647 -0.017035833 1
31.073414 9.4543762 4.4809513 4
41.750599 12.657792 12.161229 30
21.426849 6.487752 5.6535382 6
5.3831997 1.6076933 0.03564943 3
41.872066 12.735617 7.4159851 18
3.2857442 0.96976632 -0.0067821075 2
4.1636672 1.2364999 -0.0017480885 6
30.994911 9.4606333 1.0703295 15
2.3666816 0.69020963 -0.025010346 1
30.916626 9.4185009 3.3245344 6
7.7451878 2.2961197 0.098958947 9
26.362751 8.0004053 5.8420725 6
41.929642 12.593663 7.418201 18
25.424988 7.6082153 6.6101365 6
26.390633 7.9086843 5.842092 10
5.4079647 1.5950191 0.033902459 3
31.037926 9.3255262 4.47223 4
3.2967815 0.96095681 -0.008032945 2
2.7600913 0.80001074 -0.018562006 1
33.221397 10.003402 2.3181601 8
2.335609 0.67217755 -0.016894795 1
30.918934 9.30161 3.3217828 6
4.1946735 1.2303621 -0.0051684147 7
30.974291 9.3364649 1.0693977 14
2.0868416 0.59771734 -0.033274177 1
41.827961 12.522274 12.170563 30
41.904873 12.386418 12.179896 30
7.7305846 2.2337489 0.10065959 10
25.399193 7.5042262 6.5975809 6
26.48595 7.8369775 5.8558216 6
4.1267533 1.1945779 0.0041286964 6
3.3002195 0.94983029 -0.0080300197 2
30.913145 9.1825695 3.3183358 6
30.97616 9.2194471 1.0688756 14
30.937233 9.1777725 4.4552479 4
2.0927215 0.59192997 -0.034308802 1
2.3455157 0.66663623 -0.018695069 1
34.033306 10.119493 2.3603492 9
5.3906908 1.5696937 0.036009051 3
42.020809 12.461582 7.426033 18
2.7592127 0.78963131 -0.017794296 1
2.0874701 0.58281934 -0.032232475 1
30.81456 9.0544224 1.0654577 13
7.7768145 2.2182221 0.09855666 9
30.729086 9.0173569 2.1793616 49
2.754523 0.77816713 -0.01626168 1
30.723413 9.0096483 3.2982357 52
30.877779 9.0431681 4.4436135 4
4.2719378 1.2219466 -0.013963695 8
41.98135 12.250127 12.189232 31
24.335337 7.1058979 5.4156237 6
25.35428 7.3950257 6.5805368 6
3.2960451 0.93645483 -0.0067715906 2
5.4000711 1.5523551 0.035664666 3
42.067978 12.316219 7.4266911 18
2.3404601 0.6566236 -0.016889004 1
3.306987 0.92753184 -0.0080227824 2
21.628132 6.2218432 5.6805525 4
5.4017339 1.5327802 0.03601902 3
42.156372 12.182813 7.4342146 18
2.3690338 0.65646887 -0.023197142 1
30.874966 8.9256792 4.4392667 4
4.2076535 1.1875119 -0.0051558767 7
30.716536 8.8915339 3.2947905 100
2.7573283 0.76893306 -0.016258787 1
42.189739 12.184175 9.0158625 16
30.743246 8.9053144 2.1784518 71
42.049965 12.111316 12.196504 31
2.0784719 0.5726679 -0.029119032 1
7.7538867 2.1537805 0.10068123 10
42.106964 11.969014 12.200674 31
21.619846 6.1380911 5.6733856 2
5.4109936 1.5153847 0.035674702 3
42.21397 12.040205 7.4367476 18
4.2347808 1.1797519 -0.008085791 7
30.879341 8.8105221 4.4358912 4
30.760925 8.788414 3.2960322 35
2.7638788 0.76076579 -0.017019955 1
34.997887 10.010232 2.4069617 9
2.3601816 0.64534909 -0.020489138 1
30.786953 8.8137178 1.0639069 28
2.0805616 0.565804 -0.029116753 1
3.2989178 0.91310698 -0.0061374693 2
23.969267 6.8177958 5.3318868 5
2.3512757 0.63430983 -0.017782301 1
5.4508705 1.5066098 0.032527331 3
42.309097 11.908104 7.4455214 18
25.348125 7.1069112 6.5608406 9
30.864172 8.6900454 4.4300876 4
3.3135943 0.90519762 -0.0080162128 2
2.7741745 0.75364935 -0.018546648 1
2.0863459 0.5599826 -0.030151524 1
42.20068 11.836908 12.215182 20
7.761467 2.1270733 0.10068871 10
4.2160563 1.1588689 -0.0051469607 7
30.776197 8.6769409 3.2946713 100
24.064837 6.7546892 5.3463774 5
30.813818 8.7053909 1.0638669 30
42.262154 11.703403 12.221422 20
35.946445 10.018664 2.4545896 10
42.365604 11.772775 7.4483671 9
30.867676 8.5750961 4.4267154 4
21.83515 6.0357108 5.7147427 8
42.368359 11.757334 9.0266361 32
5.4562063 1.4879476 0.032533482 3
4.1398745 1.122149 0.005128338 6
3.3092337 0.89187473 -0.0067560519 2
30.794907 8.5665655 3.293658 100
2.7731161 0.74328446 -0.017778443 1
2.3610868 0.62858355 -0.019581934 1
30.844143 8.5980873 1.0638946 30
2.0995538 0.55620813 -0.033258792 1
2.3707733 0.62319654 -0.021382377 1
42.343849 11.567363 12.232831 10
4.1819534 1.1193027 0.00024300745 6
30.868748 8.4949903 1.0638533 31
3.3313155 0.8865152 -0.0098904446 2
30.853951 8.4613914 4.4213977 4
24.123753 6.5997071 4.4531903 4
42.429943 11.623282 9.0312443 48
42.379326 11.593221 10.61905 23
7.806829 2.0832667 0.099016808 9
2.7795851 0.73503137 -0.018540017 1
5.4038415 1.4534347 0.037793189 3
2.1015878 0.5492655 -0.033256222 1
30.824749 8.459321 3.2936869 37
36.931385 10.02408 2.5040944 10
24.4888 6.6131072 4.5093837 11
42.40448 11.433208 12.239074 21
7.782928 2.0494699 0.1007121 10
24.946215 6.7182541 6.4477353 5
2.3598785 0.61172193 -0.018224508 1
4.1361332 1.0915663 0.0066051013 5
30.919567 8.3932571 1.0642577 32
42.508278 11.485682 9.0388975 32
3.3268714 0.87319332 -0.0086311856 2
30.833517 8.3521318 3.2919791 33
2.7631636 0.72102582 -0.014712696 1
2.0923152 0.53961891 -0.030143399 1
5.4087353 1.4358671 0.037798952 3
24.557652 6.5401802 4.5168986 11
42.553837 11.346973 9.0404625 32
3.3260329 0.8615011 -0.0080002975 2
30.918951 8.2716007 2.1785154 100
2.3695219 0.60628355 -0.020023771 1
4.1590061 1.0833443 0.0041640219 6
30.918392 8.2831726 1.0637746 40
42.517742 11.321165 10.633503 23
23.659935 6.2774963 7.0385013 17
30.866461 8.2457981 3.292357 100
5.4484634 1.4266307 0.034652248 3
2.7581847 0.70972902 -0.013179814 1
2.1017547 0.53470242 -0.032213528 1
7.7908573 2.0199831 0.10072115 10
3.3217943 0.84713918 -0.0067416844 2
7.7979722 1.993149 0.10073026 10
24.092901 6.3034444 6.2331104 2
5.4383588 1.4029869 0.036060169 3
24.594166 6.4492402 4.5187984 4
2.3719475 0.5976131 -0.020020995 1
30.831326 8.1040239 4.4074011 4
4.1670909 1.068808 0.0036802173 6
30.885046 8.1298771 3.2913485 86
2.7893486 0.70754874 -0.018911647 1
24.229006 6.3483696 5.3563972 5
30.927448 8.1470318 2.1773024 100
15.910619 4.1503062 0.22824572 3
40.599945 10.627281 11.717134 27
2.1112795 0.52938807 -0.034284268 1
30.936573 8.1611433 1.0635713 43
40.741146 10.551394 7.150547 15
40.599503 10.47614 11.706841 27
24.039406 6.2000999 6.2151709 7
5.4317603 1.3813695 0.03711725 3
3.3324819 0.83791661 -0.0079921503 2
2.3778934 0.59070528 -0.020919204 1
4.1593776 1.0516365 0.0051534805 6
24.308146 6.2788835 5.3678484 6
2.780509 0.69522518 -0.016613862 1
30.893978 8.0231962 2.1740115 7
15.975456 4.1081209 0.22733429 3
2.11322 0.52240407 -0.034281604 1
7.8049912 1.9662889 0.100739 10
2.092689 0.50963795 -0.02805735 1
24.388987 6.2094383 5.3796792 15
15.939436 4.0398273 0.22828045 3
2.7716177 0.68297487 -0.014315586 1
30.918049 7.9146433 2.1738365 14
40.602238 10.326069 11.697579 27
25.503679 6.4849567 6.5583248 5
2.3762765 0.58181357 -0.020013632 1
40.708954 10.39176 7.1393552 15
4.1477456 1.0335625 0.0071140127 5
3.3469732 0.82960737 -0.0098696435 2
30.89691 7.9032841 3.2874229 5
5.4791174 1.373654 0.033270858 3
7.8119164 1.9394033 0.10074835 10
40.627163 10.197121 10.146838 19
24.378263 6.1164494 5.3732324 6
5.4530802 1.3471022 0.036079276 3
24.585997 6.1734948 4.5067067 4
16.02725 4.0030417 0.22694172 3
3.3422976 0.81636536 -0.0086101275 2
7.8187475 1.9125078 0.10075692 10
2.7817025 0.67561042 -0.015841305 1
30.94755 7.8074579 2.1739743 7
2.3783975 0.57390988 -0.020010546 1
40.581928 10.170454 11.682118 27
4.1514378 1.0194557 0.0071200626 5
2.0945594 0.50272226 -0.028054355 1
30.924437 7.7956858 3.2874575 5
40.594788 10.023508 11.675961 27
2.7765293 0.6643877 -0.014307884 1
7.8254867 1.8855715 0.10076702 10
15.967487 3.9291394 0.22831656 3
21.886366 5.3992648 5.6888771 4
2.1039021 0.49767599 -0.030124892 1
4.197453 1.0158887 0.0017454323 6
24.804434 6.1462107 3.6335084 2
5.4462581 1.325551 0.037137587 3
24.17473 5.9757977 5.3283224 5
24.620937 6.0912981 4.5089202 11
3.3298991 0.80126506 -0.0060961437 2
2.3842728 0.56693518 -0.020908074 1
7.8010635 1.851132 0.10246473 11
40.703907 9.9306421 8.6248693 26
40.592106 9.8728914 11.66567 27
16.101664 3.9031305 0.22612244 3
21.833242 5.3056159 5.6718359 4
5.4974003 1.3182939 0.032941025 3
4.1393881 0.98649502 0.0095765023 5
24.84128 6.0636997 3.6354806 11
3.3251095 0.78814286 -0.004837459 2
2.7980022 0.65976483 -0.018127443 1
2.113235 0.49256364 -0.032194734 1
2.3749893 0.55620605 -0.018200587 1
40.725731 9.9437113 7.1248236 23
3.3317845 0.77784669 -0.0054599131 2
7.8386798 1.8316368 0.10078714 10
40.622669 9.7305593 11.664684 18
21.855526 5.2306356 5.6727605 6
5.4943299 1.2976053 0.033649027 3
40.721901 9.7925339 7.1186304 22
4.1583486 0.97615719 0.0076249689 5
25.010937 6.0224957 2.7505167 15
2.3694475 0.54647386 -0.016394347 1
25.308197 6.1086235 0.96209192 4
2.7927625 0.6485399 -0.016594086 1
24.487131 5.872879 5.3824587 6
25.138298 6.0580444 1.8589109 4
16.282511 3.8874502 0.22307159 3
2.1188011 0.4864921 -0.033229068 1
5.4756718 1.2732766 0.035757389 3
29.837524 7.0523343 6.4450336 8
29.823292 7.0545855 5.3435273 10
29.778095 7.0271502 7.544764 4
16.346691 3.8429182 0.2221636 3
29.719469 7.0021877 8.658083 24
7.8451333 1.8046463 0.10079647 10
29.837074 7.0689754 4.2587128 4
4.1386638 0.95651358 0.010564865 5
3.3499596 0.77025932 -0.0079644788 2
25.064878 5.9433236 2.7534974 3
2.8027534 0.64099884 -0.018119842 1
25.141924 5.9664164 1.8580072 4
2.3941894 0.54401898 -0.02179902 1
2.1243474 0.48038357 -0.034262713 1
25.232235 5.9973397 0.96041667 4
29.809376 6.9417839 5.3373356 16
16.702879 3.866075 0.21591049 3
29.764593 6.9146485 7.5358305 12
29.808535 6.9359779 6.4344177 17
5.4452705 1.2463788 0.038921133 3
29.844286 6.9610343 4.2565775 16
2.7783198 0.62532943 -0.012759023 1
29.901373 6.9911432 2.1112149 6
2.3923845 0.53516364 -0.020891298 1
25.295956 5.919631 0.96120894 4
3.345042 0.75715017 -0.006701089 2
2.1148367 0.4707042 -0.031145237 1
4.1420846 0.94244421 0.010575012 5
7.9488201 1.7999836 0.095539629 9
29.867271 6.9775047 3.1812811 20
29.723137 6.893919 8.6524448 28
2.1128082 0.46284127 -0.03010444 1
29.841429 6.8509126 4.2532253 16
2.7882438 0.61778617 -0.014283421 1
29.875114 6.8753653 2.1085651 6
16.813839 3.8304558 0.2141538 3
29.76016 6.8044972 7.5291438 20
29.722635 6.7848654 8.6457748 24
29.916365 6.8959837 1.0418081 8
29.792488 6.8229661 6.4264717 21
5.4613438 1.230433 0.037879664 3
29.818136 6.8344655 5.3348889 16
4.145453 0.92837632 0.0105819 5
3.3400695 0.74408937 -0.0054413327 2
29.868259 6.868154 3.1792486 20
2.3810534 0.52413404 -0.017732179 1
7.9278936 1.7664384 0.097030111 9
7.9614139 1.7452034 0.095568366 9
16.827221 3.772094 0.21418312 3
29.766729 6.697052 7.5251522 12
29.789417 6.7132111 6.4211903 21
29.818811 6.7364841 4.2474451 8
29.723625 6.676301 8.6396246 24
5.4657149 1.2117463 0.037889894 3
29.814943 6.7245641 5.3305712 16
4.175879 0.92042863 0.0071668248 5
3.3389027 0.73193461 -0.004806946 2
29.857197 6.7562423 3.1761758 20
2.8019764 0.61104906 -0.016571827 1
29.895155 6.7704716 2.1084082 6
2.3867753 0.51707 -0.018628325 1
2.1371183 0.46100819 -0.036320645 1
29.901382 6.7829528 1.0411773 8
29.724216 6.5678496 8.6334734 24
29.909382 6.6753645 1.0409557 8
4.1210504 0.89327663 0.014510158 4
29.869043 6.6497083 3.1751859 20
7.9402485 1.7118074 0.09705852 9
29.748175 6.5841346 7.5153227 12
29.797443 6.6060925 6.4181957 21
14.888257 3.2802415 0.24989665 3
5.497241 1.1991098 0.035448242 3
29.830635 6.6300864 4.2460384 8
3.3531063 0.723261 -0.0066834432 2
2.7965319 0.59995103 -0.015037638 1
29.822922 6.617342 5.328125 16
29.879742 6.6576729 2.1063819 6
2.1199701 0.44971588 -0.031132651 1
2.3734598 0.50572538 -0.015018528 1
7.9736204 1.6903412 0.095596403 9
29.716864 6.4577942 8.6252556 24
14.778604 3.2021701 0.25213447 3
29.80509 6.4990206 6.4152017 21
4.166904 0.88863319 0.0091384845 5
29.834318 6.5219941 4.2436609 8
29.876625 6.5422955 3.1738508 10
2.7987163 0.59057963 -0.015032014 1
14.953136 3.26457 1.3101624 2
2.4019563 0.50370723 -0.021323225 1
14.905434 3.2595606 0.77838039 2
2.1367204 0.44604495 -0.035276182 1
3.3518584 0.71109205 -0.0060490328 2
29.815081 6.5067558 5.323185 20
5.5170736 1.1837029 0.034058746 3
29.733002 6.4722662 7.506391 16
3.358289 0.70061827 -0.0066701169 2
15.169471 3.2347353 4.0682015 5
15.087232 3.2254038 2.9393671 11
5.521275 1.1648349 0.03406832 3
2.4038053 0.49571362 -0.021318285 1
14.905107 3.2053342 0.77820265 2
7.9326825 1.6529642 0.09814173 9
14.774163 3.1475599 0.25244617 3
29.707212 6.3474741 8.616519 12
4.1312804 0.86610192 0.014036261 5
15.041141 3.2209857 2.3886187 7
14.983651 3.2140675 1.8447411 9
2.79703 0.58036935 -0.014261543 1
14.939173 3.2072279 1.3088384 8
15.1401 3.2339776 3.5009105 7
2.1232691 0.43570054 -0.031124521 1
15.074755 3.1707852 2.9356477 14
7.961689 1.6318924 0.096890435 9
14.804191 3.1030281 0.25211486 3
14.938108 3.1555235 1.3082398 10
15.221132 3.1878395 4.6499138 12
2.7991443 0.57099468 -0.014255541 1
2.1248806 0.42869046 -0.031120766 1
15.044631 3.1671865 2.387675 10
14.983194 3.1596293 1.8437271 15
14.896759 3.1494708 0.7778886 2
2.4208748 0.49095923 -0.024918523 1
15.154076 3.1764936 4.0619402 12
5.5254159 1.1459424 0.034078527 3
4.161571 0.85783154 0.010621618 5
3.3453627 0.68599379 -0.0041538724 2
15.126432 3.1761851 3.4959862 20
14.949142 3.1037252 1.308267 12
15.213348 3.1311469 4.6447725 14
14.844411 3.0577965 0.25160649 3
15.127364 3.1243775 3.4941077 20
4.1528349 0.84196973 0.012095868 5
15.027948 3.1119463 2.3842986 11
14.891567 3.0971196 0.77764076 2
15.083906 3.1181092 2.9353619 15
15.160808 3.1257854 4.0610681 12
2.3882601 0.47611248 -0.016802102 1
3.347717 0.67527878 -0.0041483263 2
8.0378914 1.6188591 0.093109787 8
5.4865785 1.1181056 0.037940599 3
2.8089106 0.56322575 -0.015780142 1
2.1378162 0.42403182 -0.034225449 1
14.98254 3.1052248 1.8427132 16
14.932068 3.0488522 1.3068389 10
14.856537 3.0092945 0.25159714 3
15.094262 3.0684211 2.9353895 17
15.229424 3.0821915 4.6463494 21
7.9728236 1.578398 0.096919447 9
3.3385508 0.66160333 -0.0022603122 2
15.158361 3.0704985 4.0579524 13
2.3861928 0.46739191 -0.015896123 1
5.5098739 1.1042688 0.036199652 3
4.1558561 0.82785493 0.012104598 5
15.126743 3.0695601 3.4918497 25
15.031048 3.058239 2.3833542 11
14.98505 3.0542746 1.8420449 18
2.8031712 0.55270648 -0.014245587 1
2.1241715 0.41420642 -0.030074909 1
14.894566 3.0438702 0.77753025 2
14.853337 2.9550278 0.25187436 3
15.157095 3.018261 4.055284 14
15.135012 3.019345 3.4914961 23
15.077874 3.0106263 2.9310477 17
3.340827 0.65089893 -0.0022534642 2
15.033422 3.0071609 2.3824081 11
15.228826 3.0271029 4.6432757 23
14.934897 2.9954903 1.3064501 12
2.3992882 0.46217269 -0.018595798 1
4.170352 0.8167994 0.010644039 5
14.892922 2.9924221 0.77735192 2
5.5489588 1.0924906 0.033058599 3
14.987913 3.0007439 1.841377 16
8.0296164 1.5596082 0.09419407 8
2.7936437 0.5409739 -0.011945094 1
2.1408579 0.41024819 -0.034216862 1
14.982247 2.9482746 1.8400158 15
15.209069 2.9683378 4.6350336 22
14.83032 2.8969541 0.25250798 3
15.007022 2.9340546 4.0175829 35
4.1810722 0.80417389 0.0096746311 5
14.933617 2.9413762 1.3058538 12
14.899463 2.9400105 0.77731162 2
2.1195734 0.39900011 -0.027991995 1
3.3548093 0.64193481 -0.0041289451 2
15.032249 2.952718 2.3809783 11
15.065138 2.9537528 2.9273291 16
2.3971715 0.45343068 -0.017689561 1
2.7956223 0.53161782 -0.011939419 1
5.5098486 1.0650005 0.036922019 3
15.132606 2.9615736 3.4888601 25
8.1059856 1.5442139 0.09041442 8
4.1763082 0.78774405 0.010660746 5
15.068216 2.897408 2.9261105 16
14.803468 2.8380153 3.9673054 22
14.778123 2.830838 0.25367764 3
15.035289 2.8964765 2.3800361 11
3.3727622 0.63306391 -0.0066306368 2
14.969597 2.889163 1.8379618 18
2.1325049 0.39387169 -0.031097723 1
14.888665 2.8815534 0.77696395 2
14.944414 2.8869958 1.3058845 12
2.4008398 0.44542921 -0.018134391 1
15.208571 2.9107668 4.6319618 22
8.0407953 1.5028934 0.094225079 8
5.5099149 1.0444509 0.037283301 3
2.8053682 0.52328742 -0.013463302 1
15.122262 2.9023793 3.4846992 23
7.9947848 1.4670841 0.096980587 9
14.942735 2.8329399 1.3052882 12
14.760523 2.7743826 0.25420541 3
15.211144 2.8566034 4.6299233 23
15.070581 2.8436804 2.924891 16
2.1302495 0.38574821 -0.030056829 1
2.4063954 0.43777972 -0.019030578 1
3.3480067 0.61593485 -0.0022327092 2
14.787069 2.779063 3.9610448 22
5.5332055 1.0293258 0.035542678 3
15.026413 2.8380198 2.3776364 10
15.116973 2.8470173 3.4816809 23
4.1792793 0.77284509 0.010669596 5
14.968457 2.8324184 1.8369497 18
2.8111393 0.51462972 -0.014222762 1
14.88353 2.8243334 0.77672094 2
8.0706978 1.4524627 0.093201473 8
15.205929 2.8010449 4.6258173 22
14.770226 2.723206 0.25423363 3
14.756063 2.722883 3.9516389 17
15.114848 2.7950699 3.4794235 23
15.072752 2.7899787 2.9236715 15
4.1702127 0.75716341 0.012145479 5
3.3540175 0.60592639 -0.0028528343 2
14.929088 2.7767029 1.30407 14
2.3811219 0.42514238 -0.012716739 1
14.887022 2.7742085 0.77664548 2
15.024135 2.7863407 2.3762054 11
5.5525403 1.0133147 0.034153529 3
14.974446 2.7797821 1.8366324 18
2.8284607 0.50809878 -0.01727521 1
2.1354861 0.37942031 -0.03108855 1
15.062589 2.7367742 2.920577 15
8.055912 1.4225371 0.094270781 8
14.93046 2.7260807 1.3036814 12
15.207627 2.7495658 4.6237779 22
14.759611 2.670969 0.25461659 3
14.900659 2.7233174 0.77674252 2
4.1690316 0.74228311 0.012642648 5
14.968003 2.7275932 1.8352699 18
14.748327 2.668576 3.9476259 21
2.8032012 0.49411803 -0.011915802 1
5.5246153 0.98952848 0.036964387 3
15.029971 2.73353 2.3757482 10
3.3600993 0.59533352 -0.0034744211 2
2.1406319 0.37341705 -0.032121085 1
15.124616 2.7426636 3.4794519 23
2.4037774 0.4211058 -0.017668754 1
14.936058 2.6736214 1.3035014 14
14.828009 2.6303539 0.25357619 3
15.182997 2.6907294 4.6145029 20
14.738007 2.6165783 3.943161 20
15.125997 2.6914604 3.4779565 23
15.056601 2.6817591 2.9181087 15
4.1676617 0.72812951 0.013138812 5
3.366045 0.58525962 -0.0040942929 2
2.4052596 0.41351253 -0.017664025 1
14.890034 2.6706767 0.77642733 2
15.027328 2.6819263 2.3743169 11
5.5438299 0.97344482 0.035575263 3
14.954008 2.6714509 1.8332169 18
2.8127432 0.48612121 -0.013439246 1
2.1306214 0.36428419 -0.029006636 1
8.0336447 1.3885708 0.095762931 9
14.776398 2.5679853 3.9499292 19
7.9401298 1.3439956 0.10104978 10
15.18525 2.6341281 4.6124659 21
14.814028 2.5722344 0.2540338 3
5.527679 0.95102936 0.037337292 3
15.066438 2.6269498 2.9181397 14
4.2173362 0.72151101 0.0072816471 5
3.3449354 0.56921536 -0.00032301407 2
14.965316 2.6199505 1.8334204 20
2.4164643 0.40681258 -0.01991158 1
14.880146 2.6129878 0.77611679 2
15.029348 2.6258361 2.3733759 11
15.112662 2.6323187 3.4734163 23
2.8145268 0.47670397 -0.013434106 1
14.938009 2.617836 1.3031174 10
2.1357906 0.35791406 -0.030038301 1
15.01114 2.5690124 2.3700032 11
15.116054 2.5789368 3.4723036 25
14.830911 2.5222321 0.25392112 3
2.8162792 0.46727833 -0.013427816 1
14.935352 2.564014 1.3025233 10
2.1295185 0.34954181 -0.027960112 1
14.960731 2.5656879 1.8322337 18
8.0906296 1.3411672 0.093265861 8
15.186836 2.5801802 4.6104269 21
15.13497 2.57674 4.0317111 17
14.881405 2.5600266 0.7760092 2
2.4026136 0.39611629 -0.016301498 1
5.5114379 0.92874014 0.039098702 3
15.06394 2.5726933 2.9162977 15
4.2042842 0.7044875 0.0092456993 5
3.3509007 0.55860674 -0.0009432009 2
14.796349 2.4635286 0.25473428 3
15.132438 2.5223389 4.0290451 16
3.3646209 0.54928523 -0.0028184096 2
15.128943 2.5271704 3.4730966 25
5.4990335 0.90724128 0.040509813 3
15.07293 2.5204804 2.916326 15
15.016209 2.5163023 2.3695474 10
2.1460662 0.34509307 -0.032101873 1
2.8102582 0.45652354 -0.011891873 1
14.920691 2.5082233 1.3013054 10
2.4079287 0.38878238 -0.017197823 1
4.1794219 0.68557584 0.012677325 5
15.188231 2.5262434 4.6083913 20
14.890363 2.5084245 0.77603936 2
14.969702 2.5138195 1.8322628 18
14.887299 2.4548416 0.77586395 2
15.193238 2.4729793 4.6073871 20
14.96277 2.4593213 1.830905 18
4.2053986 0.67526269 0.0097527644 5
15.137406 2.4692359 4.0281768 15
8.1512775 1.2936784 0.090558164 8
14.769449 2.4064012 0.25540486 3
15.130027 2.4734399 3.4716027 25
5.5140686 0.89037716 0.039471351 3
15.017172 2.4629419 2.3686059 10
3.3627264 0.53728944 -0.0021834963 2
2.1473608 0.33800456 -0.032097779 1
2.8158112 0.44775879 -0.012650989 1
14.921581 2.4551826 1.3009198 12
15.062248 2.4649985 2.9132354 15
2.394001 0.37821603 -0.013586828 1
2.3992567 0.37088972 -0.014483371 1
15.186618 2.4178479 4.6032815 21
14.77787 2.3551927 0.25543505 3
15.127038 2.4191127 3.4693475 25
4.2117538 0.661605 0.0092726331 5
15.017941 2.4096234 2.3676631 10
14.9517 2.4042566 1.829199 16
2.8174617 0.43832919 -0.012644812 1
14.922281 2.4021771 1.3005335 12
14.891936 2.4025867 0.77582425 2
2.1410084 0.32965818 -0.030018739 1
15.059165 2.4108915 2.9113917 15
5.4739776 0.8645336 0.043333434 3
15.146036 2.4167581 4.0282073 15
8.1163921 1.2593889 0.092682585 8
3.3724856 0.52721024 -0.0034313356 2
3.3549013 0.51274198 -0.00028778819 2
15.139078 2.3618331 4.0246453 17
5.5085568 0.8507821 0.04054461 3
15.067594 2.3586845 2.9114232 15
4.2141428 0.64730179 0.00928149 5
14.948301 2.3505495 1.8281872 18
2.4198873 0.36596331 -0.018983478 1
15.022448 2.3569272 2.3672078 10
2.8268366 0.4301199 -0.0141685 1
14.934628 2.3510668 1.3007714 12
15.116098 2.3636129 3.4655681 27
14.880593 2.3478205 0.77551311 2
2.138437 0.32198071 -0.028977526 1
14.797965 2.3058214 0.25525105 3
15.191247 2.3645997 4.6022782 22
8.1326923 1.2332608 0.092067122 8
8.1921387 1.2149682 0.089133121 8
15.191462 2.3133991 4.6002407 21
14.813539 2.2583053 0.25513688 3
15.07543 2.3090637 2.9114516 15
14.930603 2.3000407 1.3001772 12
4.1929398 0.62934887 0.01222345 5
5.4997869 0.83011365 0.041606754 3
15.112716 2.3094165 3.4633143 27
15.143476 2.3087578 4.0237775 17
3.3606801 0.50203484 -0.00090783334 2
2.1358335 0.31432626 -0.027936509 1
14.952582 2.2981145 1.827871 16
14.873 2.293766 0.77526999 2
2.4019985 0.35492772 -0.014472539 1
2.8129077 0.41824552 -0.011103659 1
15.01499 2.3024225 2.365294 11
15.207187 2.2618811 4.6023393 22
8.2241001 1.1908146 0.087674864 8
14.819465 2.2066579 0.25520337 3
15.128019 2.2554071 4.0184159 18
15.010864 2.2512007 2.3638651 11
15.12427 2.2602403 3.4641054 28
4.1480002 0.60870767 0.018098488 4
14.874696 2.24389 0.77519619 2
14.914951 2.2446868 1.2989595 12
15.063968 2.2538533 2.9083612 15
2.399411 0.34675637 -0.013565704 1
3.3702393 0.4924491 -0.0021552523 2
2.8222184 0.40999511 -0.012625831 1
5.5421572 0.81724423 0.038117375 3
2.1561208 0.3101778 -0.033114795 1
14.952739 2.245085 1.8272074 18
8.2164507 1.1607937 0.088323958 8
4.1973372 0.60156804 0.012241026 5
15.207443 2.2080393 4.6003041 22
14.797508 2.1509321 0.25576773 3
15.135901 2.2029638 4.0184484 18
15.124398 2.2066622 3.4626126 25
5.5252271 0.79633182 0.039879061 3
15.064027 2.2004817 2.9071431 15
15.014811 2.1985738 2.36341 10
3.3954911 0.48455045 -0.005910757 2
14.962174 2.1961317 1.8274106 20
2.8197782 0.40044487 -0.011855611 1
14.922805 2.1929817 1.2989902 12
2.4026389 0.33907148 -0.014011086 1
2.1534157 0.30283722 -0.032073047 1
14.876614 2.1914377 0.77512497 2
5.5162458 0.77574074 0.040940434 3
8.2561655 1.1374592 0.086445257 8
15.199855 2.1531441 4.596199 23
15.056078 2.1460121 2.9046786 15
4.1837955 0.5850544 0.014205124 5
14.958021 2.1425602 1.8263997 20
2.8173778 0.39044487 -0.011084841 1
3.3933585 0.47252935 -0.0052761585 2
14.926518 2.1406837 1.2988129 14
2.4058414 0.33136383 -0.014456256 1
2.1392708 0.2935029 -0.027921645 1
14.888236 2.1404421 0.77522361 2
15.018568 2.145951 2.3629553 11
15.120452 2.1525502 3.4603591 26
15.139741 2.1499419 4.017581 19
14.814931 2.101042 0.25562075 3
5.4914055 0.75300044 0.043403246 3
15.067492 2.0943699 2.905334 15
3.3598831 0.45612937 0.00037561086 2
2.4148057 0.32445377 -0.016253008 1
14.820305 2.0494111 0.25568786 3
15.139532 2.0963807 4.0158153 19
15.18824 2.0977817 4.5910616 21
15.106586 2.0971451 3.4562006 23
8.3274775 1.1181804 0.082881093 8
2.8188305 0.38100111 -0.011077676 1
15.018207 2.0927932 2.3620141 11
4.2134414 0.5747022 0.010792596 5
2.1327376 0.28535342 -0.025843292 1
14.868006 2.0849066 0.7747761 2
14.930055 2.0883691 1.298637 12
14.96157 2.090148 1.8260833 20
2.1453066 0.27989584 -0.028947817 1
15.199396 2.0456562 4.5921273 22
15.142999 2.0433688 4.0149503 19
5.4901586 0.73368102 0.043764874 3
15.066986 2.0410666 2.9041171 15
4.2548604 0.56576747 0.0059137912 5
3.3615608 0.44480109 0.00038312463 2
14.957037 2.0366557 1.8250741 22
2.8163574 0.37103674 -0.010308108 1
14.92944 2.0355375 1.2982517 12
2.4044447 0.31483662 -0.013544311 1
14.865397 2.0319996 0.77463675 2
15.005857 2.0380273 2.3596163 12
15.102244 2.0431795 3.4539459 23
14.841351 1.9999146 0.25547031 3
8.3829145 1.0963209 0.080159485 8
14.830505 1.9461188 0.25582162 3
15.107439 1.9905778 3.4535978 25
15.001176 1.9844464 2.3581893 12
2.8449817 0.36524656 -0.015652569 1
14.912809 1.9805996 1.2970363 14
14.964157 1.9848067 1.825105 22
15.18739 1.9904331 4.5869899 20
2.1425462 0.27230179 -0.027907183 1
15.130817 1.9883221 4.0104895 19
14.870524 1.9801991 0.77463448 2
2.3998406 0.30607131 -0.012187326 1
5.5006914 0.71596426 0.043076675 3
15.066288 1.9877901 2.9029005 15
4.2372389 0.54868871 0.0083671352 5
3.3827758 0.43607637 -0.002744854 2
14.82145 1.8926569 0.25613856 3
15.135835 1.9356178 4.0100727 20
15.112447 1.9379569 3.4532497 22
15.194344 1.9377843 4.5870233 20
14.919737 1.9289048 1.2970685 14
5.4835052 0.69459283 0.044839121 3
15.057566 1.9335306 2.9004352 15
15.008116 1.9324447 2.358222 11
3.3961365 0.42619631 -0.0046182559 2
2.815197 0.35166207 -0.0095302705 1
2.4029343 0.29834202 -0.01263129 1
2.1474183 0.26573145 -0.02893915 1
4.1880512 0.52766657 0.014731268 4
14.961225 1.9316405 1.8242689 18
14.877455 1.9286478 0.77466655 2
2.1369426 0.25717077 -0.02582358 1
15.17811 1.8822454 4.5808535 19
4.2214856 0.51741099 0.010830426 5
14.954141 1.8780392 1.823086 22
14.922523 1.8766873 1.296893 14
2.8243029 0.34322077 -0.011052456 1
14.88222 1.8768282 0.77466369 2
14.81617 1.839789 0.25638384 3
15.138729 1.8826643 4.0092077 20
15.103639 1.8836048 3.4502354 23
5.4820476 0.6753509 0.045200929 3
15.048646 1.8793601 2.8979702 15
2.3944001 0.28913188 -0.010373577 1
15.020782 1.8811623 2.3589826 13
3.4016285 0.41523629 -0.0052374732 2
2.4225729 0.28452379 -0.016676124 1
5.5082092 0.65950626 0.043113686 3
15.051289 1.8267298 2.897378 15
3.367873 0.39942697 0.00041362204 2
15.169343 1.8277676 4.5767498 20
14.814672 1.7874615 0.25655949 3
15.090733 1.8288715 3.4464581 22
4.1997271 0.50018024 0.013772704 5
14.948848 1.8247368 1.8220774 22
2.8216939 0.33328298 -0.010281532 1
14.921161 1.8239772 1.2965089 12
14.861003 1.8218096 0.77421695 2
2.1436827 0.25082165 -0.027373159 1
15.015538 1.8276426 2.3575578 13
15.135634 1.8290112 4.0069933 19
4.2252078 0.48873118 0.010849693 5
15.179564 1.7756413 4.5778165 20
15.140091 1.7763206 4.006578 21
5.4868431 0.63785446 0.045225516 3
15.053757 1.7740836 2.8967872 16
3.3615069 0.38713783 0.0016754223 2
2.4081781 0.27461627 -0.01306593 1
14.873337 1.7710115 0.77435225 2
14.951271 1.7724546 1.8217616 22
14.996305 1.7725406 2.3544295 12
2.8268406 0.32431212 -0.01104018 1
14.923575 1.7717776 1.2963332 12
15.101026 1.7770245 3.4472528 21
14.8249 1.7365805 0.25652006 3
2.1408155 0.24328591 -0.026331566 1
2.145592 0.23667365 -0.027363459 1
15.002502 1.7205671 2.3544631 10
2.8202627 0.3139376 -0.0095041255 1
14.905969 1.7172887 1.2951192 10
15.174252 1.7217053 4.5747471 20
14.828994 1.6849658 0.25658882 3
15.103336 1.7242268 3.4465237 21
15.126937 1.7216204 4.0021186 21
5.5010161 0.62046927 0.044187784 3
4.1954408 0.47073692 0.014769563 4
15.052106 1.721 2.8955703 15
2.4034221 0.26593667 -0.011708037 1
14.955493 1.7203939 1.8216213 18
3.3786416 0.377615 -0.00082458992 2
14.87159 1.7185255 0.77424824 2
3.3878939 0.36711171 -0.002071447 2
14.820981 1.6320232 0.25687039 3
15.125205 1.6683271 4.0003548 21
15.113267 1.6723126 3.4473197 21
15.042422 1.6670663 2.8931072 15
15.014439 1.6692208 2.3552256 13
2.8214469 0.30449209 -0.0094969794 1
14.908008 1.6651695 1.2949442 10
2.4044392 0.25795451 -0.011702608 1
2.1503494 0.2300165 -0.02839444 1
14.955575 1.6678774 1.8211344 22
4.2287288 0.46002036 0.010868928 5
14.881577 1.6674256 0.7743485 2
15.180267 1.6691025 4.5747819 20
5.5033655 0.60071528 0.044201523 3
15.170729 1.6148432 4.5706787 18
14.879465 1.6149751 0.77424568 2
14.804825 1.5782949 0.25729471 3
14.909865 1.6130641 1.2947686 10
15.028611 1.6127958 2.8900185 15
4.2067318 0.44308999 0.01381152 5
15.002516 1.6152461 2.3530722 12
2.409306 0.25037944 -0.012596757 1
15.111591 1.616464 3.4458313 20
15.123571 1.6124471 3.9985926 20
2.1436067 0.22172251 -0.026316013 1
14.945848 1.6117276 1.8197793 22
2.8109441 0.29330352 -0.0071971575 1
5.489687 0.58018738 0.045613557 3
3.3736167 0.35341337 0.00044522129 2
3.3710063 0.34162736 0.0010799419 2
14.892654 1.4860393 -0.26302123 1
14.822559 1.5256511 0.25711656 3
15.129207 1.5600265 3.9986269 20
15.076232 1.5598153 3.4378643 17
5.4917846 0.56142074 0.045626242 3
15.034529 1.5581013 2.8900537 15
4.2084384 0.42809251 0.01382161 5
15.004495 1.5602324 2.3526213 12
14.943562 1.5590963 1.8191177 22
2.8198645 0.28471634 -0.0087188436 1
14.915786 1.5587993 1.2948036 8
2.4083796 0.24177559 -0.01214067 1
14.867496 1.55893 0.77397168 2
2.1367881 0.21383661 -0.024238061 3
15.161274 1.5580335 4.5665774 20
14.91727 1.5066952 1.2946292 8
14.881954 1.4328817 -0.26214504 1
14.817953 1.4732817 0.25732821 3
15.081684 1.5075592 3.4378984 16
14.9902 1.5062307 2.350224 12
2.8209469 0.27527481 -0.0087115541 1
2.1376286 0.20677529 -0.0242316 1
14.939106 1.5062854 1.8182839 18
14.859031 1.5059676 0.77376604 2
3.3644264 0.32945472 0.0023427128 2
15.162873 1.5050952 4.5655794 20
2.4151285 0.23436838 -0.013486942 1
15.134662 1.5075805 3.9986615 20
5.4938173 0.5426445 0.045639098 3
15.047837 1.5067825 2.8913367 15
4.1981635 0.41260552 0.015297826 4
14.881007 1.3807453 -0.26179567 1
14.819131 1.4215342 0.25743237 3
15.116651 1.4528744 3.9933047 20
15.179672 1.4536607 4.5687156 22
15.083048 1.4549003 3.437171 17
5.4600887 0.52039081 0.048800647 3
15.037376 1.4531051 2.8888726 16
14.987568 1.4534941 2.3492854 11
3.3735228 0.31888518 0.0010970418 2
14.94636 1.4547119 1.8184904 20
2.8298118 0.26660097 -0.010234152 1
14.90664 1.4534268 1.2938306 10
2.3966458 0.22443372 -0.0089752218 1
2.1499746 0.20086768 -0.027336497 1
14.860321 1.4540787 0.77373111 2
4.1996827 0.39835116 0.015307916 4
14.885369 1.3343152 -0.26176509 1
4.2169642 0.38557824 0.013362801 5
15.173205 1.3999817 4.5656471 18
14.947484 1.4025285 1.8181779 20
14.863421 1.4023848 0.7737307 2
3.3668528 0.30677515 0.0023585437 2
2.1469223 0.19340067 -0.026294541 3
14.818138 1.369611 0.25757325 3
15.104263 1.3988401 3.9892967 18
2.4188578 0.21850516 -0.013925617 1
15.092043 1.4029852 3.4379673 16
5.4897494 0.50433105 0.046364613 3
15.034593 1.4002368 2.8876581 15
14.891844 1.3998678 1.2928253 4
14.998579 1.4021099 2.3500485 13
2.8308282 0.25713342 -0.010227699 1
14.86984 1.3562089 0.77379525 2
14.932065 1.354093 1.8164718 22
14.816488 1.3228539 0.25771052 3
15.112554 1.3520831 3.9902256 18
15.088643 1.3552039 3.4364748 16
15.031136 1.3526334 2.8864403 15
4.2142954 0.37233341 0.01386071 5
3.4033039 0.29978776 -0.0032767733 2
2.8356287 0.24895775 -0.01098558 1
14.912173 1.3548789 1.2936878 8
2.415746 0.21091346 -0.013019305 1
2.1437681 0.1866682 -0.025253346 1
15.006958 1.3556788 2.3505666 13
15.154525 1.3505661 4.5594749 21
5.4756193 0.48506987 0.047776159 3
14.902215 1.2811664 -0.26236051 1
14.86463 1.3037839 0.77365869 2
15.157319 1.2978846 4.5589924 15
15.161638 1.324743 1.30652 2
14.819132 1.2713283 0.25778046 3
4.2235851 0.35871419 0.012893337 5
15.195616 1.3197695 2.3732107 1
15.242509 1.3185433 2.9192605 7
2.4262779 0.20374428 -0.015265424 1
14.874859 1.2268751 -0.26064059 1
5.4734149 0.46600565 0.048139576 3
15.234448 1.3125203 3.463944 17
15.111686 1.2965828 3.9889147 14
2.8288071 0.23831025 -0.0094498303 1
3.3730052 0.28498787 0.0017476204 2
15.123611 1.3161086 1.8328342 7
2.1406987 0.17890266 -0.024211135 1
14.86103 1.1764641 -0.25966015 1
15.163779 1.2455086 4.559545 19
14.829566 1.2204605 0.25770831 3
15.162295 1.2718498 1.3063465 25
14.851488 1.2481658 0.77338737 2
15.114275 1.2440425 3.9885006 17
4.3120184 0.35094106 0.0021522387 6
15.277123 1.2762227 1.8458974 45
2.421293 0.19478783 -0.013907489 1
5.4751124 0.44729686 0.048152301 3
3.3701482 0.27329341 0.0023820337 2
2.8297272 0.22884034 -0.0094424924 1
15.258603 1.2613417 3.4677889 48
2.1529615 0.17282154 -0.027315497 1
15.102871 1.1930438 3.9849403 17
15.288961 1.2158587 2.9252663 31
4.2420301 0.33129609 0.010959405 5
3.3829489 0.26345128 0.00050946715 2
15.168129 1.1929598 4.5595813 19
14.920914 1.1292076 -0.26257369 1
2.4220247 0.18714872 -0.013901776 1
14.861627 1.199755 0.77352184 2
15.299647 1.2220433 2.3849518 32
15.300128 1.2300957 1.3133541 48
14.819888 1.1679534 0.25799146 3
15.256924 1.2106199 3.4666808 45
2.1478832 0.16524114 -0.025755245 1
15.303433 1.2250279 1.8478433 67
2.8384404 0.22000594 -0.010965073 1
5.4727721 0.42826697 0.048514958 3
2.4266529 0.17940521 -0.014796623 1
2.8196816 0.20946136 -0.0071358737 1
14.802047 1.1149331 0.25841725 3
15.270942 1.1585017 3.4686213 42
2.1485178 0.15851273 -0.025750259 1
14.87779 1.1491779 0.77376318 2
15.168444 1.140092 4.5585823 19
15.10704 1.1406999 3.9849753 15
4.1957607 0.31324652 0.016833058 4
3.3878922 0.25234962 -0.00010906254 2
5.4584479 0.40834936 0.04992795 3
14.887218 1.0721617 -0.26053613 1
14.801965 1.0633512 0.25853026 3
4.1969347 0.29900968 0.016847551 4
15.302577 1.1235658 1.3131212 2
2.4234824 0.17105921 -0.013886853 1
14.871846 1.0968789 0.77363455 2
15.168575 1.0872384 4.5575919 19
2.8283708 0.20013636 -0.008654017 1
2.1376362 0.15020698 -0.022631565 1
15.107329 1.0854486 3.9841223 16
5.4400768 0.38824368 0.051694717 3
3.377085 0.23948991 0.0017843526 2
15.275189 1.1029158 3.4686666 42
14.886994 1.0202847 -0.26028213 1
2.1498117 0.14398293 -0.025735347 1
2.4242048 0.16260767 -0.013879101 1
15.330608 1.0695606 1.314418 2
2.8369913 0.19122139 -0.010173518 1
3.389828 0.2289412 -8.6047032e-05 2
5.4494543 0.37021211 0.051011138 3
15.261415 1.0487622 3.4652834 43
15.105289 1.0327028 3.9828179 15
14.811859 1.0099066 0.25846922 3
14.865904 1.0420551 0.7735092 2
14.880607 0.96804351 -0.2597115 1
15.157134 1.0309922 4.5535035 20
4.1743507 0.28239599 0.019792929 4
15.164588 0.97871584 4.5545816 19
14.81141 0.95831233 0.25858471 3
15.114734 0.98072201 3.9842124 15
15.265079 0.99586809 3.4653282 43
5.4746733 0.3531656 0.048928577 3
3.3749444 0.2164676 0.0024316353 2
2.8181586 0.18042637 -0.0063439156 1
15.318409 1.015349 1.3136307 2
2.4170845 0.15403371 -0.012069608 1
14.857582 0.98974007 0.77334726 2
2.154264 0.13713953 -0.026764281 1
4.1793766 0.26849511 0.019316453 4
14.878021 0.9161045 -0.25935218 1
14.818765 0.9072364 0.25855783 3
4.1962438 0.25530761 0.017374508 4
15.26856 0.94296438 3.4653738 43
5.4640493 0.33370748 0.049995232 3
14.881239 0.86454242 -0.2593067 1
15.164151 0.92592186 4.5535927 20
15.110379 0.927858 3.9824603 15
3.3915524 0.2060944 -6.6551067e-05 2
2.8267128 0.17149332 -0.0078635206 1
15.310003 0.96150893 1.313051 2
14.86704 0.93863499 0.77349478 2
2.154835 0.1300365 -0.026757715 1
2.4196579 0.14613089 -0.012512503 1
14.896238 0.81363887 -0.25989476 1
14.866339 0.88687873 0.7734701 2
15.313369 0.9084385 1.3130977 2
15.171238 0.87360102 4.5546722 20
14.797989 0.85449195 0.25902751 3
15.101946 0.8748188 3.9798083 15
15.271852 0.89004827 3.4654179 43
15.440025 0.90260273 2.945827 0
4.1734357 0.23965731 0.020318994 4
3.3765852 0.19372505 0.002451686 2
2.8274012 0.16203186 -0.007854457 1
2.4124784 0.13762817 -0.010703056 1
2.1476645 0.12246776 -0.02467889 1
5.4493732 0.31410709 0.051410045 3
15.30443 0.85734421 1.3125162 2
28.547819 1.5800641 5.0207677 3
14.882999 0.76377672 -0.2590102 1
15.162568 0.82301533 4.5516129 22
14.808829 0.80621034 0.258928 3
2.8241343 0.15235165 -0.0070817093 1
2.4208319 0.1300593 -0.012497433 1
4.1783142 0.22572419 0.019842912 4
14.873438 0.83559573 0.77358192 2
2.1404707 0.11494824 -0.022599882 1
15.108893 0.8227008 3.9807508 15
5.4266696 0.29416376 0.053525437 3
15.271043 0.83689326 3.4647021 43
3.4089 0.18411362 -0.0025529016 2
15.283495 0.80303645 1.3113124 2
14.799679 0.75428945 0.25918561 3
15.26206 0.78601539 3.4624603 45
2.429131 0.12284093 -0.014292262 1
14.856256 0.78556013 0.77328122 2
14.883689 0.71209908 -0.25886017 1
15.161582 0.7702781 4.5506244 20
15.098002 0.77225995 3.9776497 15
15.446002 0.79823369 2.9459183 0
4.2068949 0.21369989 0.016435441 4
3.3701401 0.17112206 0.0037257657 2
5.4357285 0.27604535 0.052841924 3
2.1448214 0.10809302 -0.023628712 1
2.8404369 0.14374016 -0.010131001 1
14.796332 0.70272607 0.25933519 3
15.114327 0.72059804 3.9808402 15
15.256964 0.73273724 3.4609809 45
5.4605937 0.25956157 0.050759215 3
15.350137 0.73991263 2.9303482 0
3.3826602 0.16035375 0.0018553714 2
2.8488421 0.13509205 -0.011650805 1
15.29429 0.75045222 1.3117753 2
2.4101868 0.11381283 -0.0097808791 1
14.863009 0.73428601 0.77339518 2
2.1414101 0.10117939 -0.02258626 1
15.156549 0.71736968 4.5486002 20
4.187892 0.19846047 0.018890446 4
15.162914 0.66502672 4.5496807 21
14.861588 0.68260336 0.77337021 2
4.1846995 0.18407243 0.019392513 4
15.31687 0.69835532 1.312862 2
14.818777 0.65233952 0.2590251 3
15.105166 0.66769421 3.9781899 15
15.263446 0.68004227 3.4617882 45
5.4177866 0.2389262 0.054623596 3
29.593233 1.3285187 5.184051 3
3.391197 0.14931412 0.0006120372 2
2.8376319 0.1250291 -0.0093493834 1
2.4067848 0.10562603 -0.0088715898 1
2.1611512 0.095015801 -0.02776123 1
2.4228172 0.098309547 -0.012468202 1
15.28739 0.64392412 1.3112416 2
2.8303118 0.11519889 -0.0078116548 1
4.1774864 0.16954024 0.02038233 4
15.269746 0.62731397 3.4625964 43
14.7931 0.59984589 0.25956658 3
15.161376 0.61232138 4.5486917 20
14.855996 0.63076156 0.77327812 2
2.153856 0.087556049 -0.025681688 1
3.3878562 0.13771829 0.0012492458 2
15.453813 0.63759655 2.9460561 0
5.4385967 0.22125098 0.052890975 3
15.107498 0.61535054 3.9782357 15
8.3723269 0.3114748 0.084946774 8
15.101857 0.56272316 3.9764831 15
3.3884211 0.12630913 0.0012599709 2
4.1900597 0.15582456 0.018928967 4
15.456039 0.58404863 2.9461026 0
5.427496 0.20222662 0.053956151 3
15.268017 0.57423359 3.4618804 43
14.870199 0.57976174 0.77352875 2
14.805201 0.54896581 0.25943369 3
15.148067 0.55921078 4.5446 20
2.4271469 0.090413384 -0.013360862 1
15.297629 0.59125197 1.3117046 2
2.8268785 0.10558449 -0.0070391148 1
2.1349533 0.079684891 -0.020493193 1
2.8214495 0.095915541 -0.0058831889 1
15.313674 0.53873986 1.3124787 2
2.1391823 0.072796412 -0.021523559 1
14.848255 0.52737242 0.77316183 2
8.114994 0.24584182 0.09867575 9
15.157743 0.50698173 4.5467153 19
14.805133 0.49759915 0.25951391 3
15.094085 0.51005083 3.9742823 15
15.254324 0.52079022 3.4588783 46
5.4242897 0.1835487 0.054322306 3
15.387007 0.5280214 2.9349053 0
4.1510077 0.14022925 0.023827937 3
3.3928943 0.1150318 0.0006433797 2
2.4256036 0.082292713 -0.012903682 1
3.3854828 0.10334729 0.0019079078 2
8.0799694 0.21694323 0.10059406 9
14.794891 0.44594449 0.25977132 3
15.113399 0.45829058 3.9783723 15
15.256144 0.46793348 3.4589236 57
5.4369507 0.16539422 0.053289637 3
2.1549749 0.066243716 -0.025662012 1
2.837569 0.086984076 -0.0089314776 1
15.271644 0.48425648 1.3102354 80
2.4259799 0.074239202 -0.012895745 1
4.1833205 0.12714243 0.019931938 4
14.854106 0.47605065 0.77327532 2
15.155653 0.45433256 4.5457273 20
14.847785 0.42436716 0.77318186 2
8.092762 0.18942201 0.099987365 9
15.263669 0.4152188 3.4601135 52
2.1591585 0.059247538 -0.026691608 1
15.161098 0.40192166 4.5468073 16
14.808455 0.3950074 0.25960273 3
15.09357 0.405341 3.9734735 13
5.4336171 0.14671326 0.053656183 3
15.293753 0.41868642 2.9196939 80
4.1679707 0.11251064 0.021899136 4
15.276798 0.42350584 2.377358 63
3.381979 0.091834031 0.0025445051 2
2.822262 0.077053003 -0.0058663348 1
15.291311 0.43184718 1.3112178 89
2.4224331 0.066076301 -0.011987555 1
15.259231 0.36219627 3.4590154 51
15.158637 0.34930626 4.5458188 16
14.781859 0.34304184 0.26014444 3
4.1605062 0.098180093 0.022889379 4
15.282252 0.37066308 2.3778911 87
15.287912 0.3760978 1.8431758 100
2.8343925 0.067909576 -0.0081507154 1
2.1594596 0.052126564 -0.026684167 1
15.3108 0.379302 1.3122014 100
2.4247012 0.058090098 -0.01243122 1
14.857274 0.37311533 0.77336437 2
15.243872 0.36444405 2.9116194 42
5.4222488 0.12787022 0.054721601 3
15.083296 0.35276103 3.9708226 11
8.0655241 0.16101024 0.10148486 10
3.3942308 0.080738388 0.00067441288 2
15.26533 0.32260248 1.8411379 100
4.176805 0.0844009 0.020947721 4
14.858587 0.32165337 0.77340961 2
2.8229413 0.058178097 -0.0058484431 1
15.144405 0.29646817 4.5417275 16
14.799067 0.29214668 0.2599057 3
15.088427 0.3005845 3.9717681 9
2.1442807 0.0446705 -0.022533204 1
15.252646 0.30914763 3.4575379 50
15.24712 0.31167379 2.911978 32
15.257752 0.31715977 2.3747756 43
3.410398 0.069633618 -0.0018218909 2
2.4249959 0.050038181 -0.01242322 1
15.300148 0.32598528 1.3116229 100
5.406857 0.10809837 0.05613758 3
8.0422058 0.13147104 0.10277288 11
15.149302 0.24405815 4.5428076 16
14.78011 0.24054322 0.26030517 3
4.1692386 0.070097946 0.021937454 4
14.847727 0.2699481 0.77324796 2
2.4213648 0.041915908 -0.011514173 1
5.4192591 0.089833707 0.055105634 3
15.243959 0.25349528 3.4556808 68
15.11096 0.24604075 3.9767597 10
8.0586967 0.10401718 0.10195577 10
2.8625031 0.048970789 -0.013482052 1
2.140677 0.037180334 -0.021489555 1
3.3870394 0.057161555 0.0019491821 2
14.860723 0.21610962 0.77350223 2
15.144395 0.18888329 4.5413046 15
4.1497293 0.05498248 0.024392765 3
15.24092 0.2006135 3.4549649 68
14.788999 0.18687688 0.26021057 3
15.096229 0.19348423 3.9732099 11
15.304466 0.20410173 2.9208186 0
15.27968 0.20903791 2.3773031 1
3.391274 0.04580329 0.0013337848 2
2.8352809 0.038997717 -0.0081234341 1
15.352227 0.2179953 1.3143228 2
2.4138176 0.033376344 -0.0097058695 1
2.1408968 0.030132364 -0.02148352 1
5.4077106 0.070242502 0.056172356 3
8.0271797 0.074601494 0.10366461 11
14.853493 0.1645276 0.77341032 2
2.4218183 0.025449242 -0.011499042 1
15.333025 0.16457741 1.3133284 2
8.0035152 0.048215978 0.10495042 12
15.150847 0.13645555 4.5429025 16
14.801662 0.13575806 0.26004285 3
15.280416 0.15609974 2.3773496 1
4.1460323 0.040869795 0.02489437 3
15.356544 0.15157779 2.9289873 0
15.08914 0.13849261 3.9714601 12
2.1546268 0.022868793 -0.025102235 1
15.245581 0.14520639 3.4557772 75
5.4080267 0.051776744 0.056188904 3
3.4112797 0.03401703 -0.0017892382 2
15.324023 0.1591918 1.8461483 1
2.8315878 0.029002801 -0.0073499521 1
7.9118681 0.020446857 0.10981245 14
15.089604 0.088832274 3.9715042 11
3.4075258 0.023070984 -0.0011521862 2
5.3843579 0.03408771 0.058301374 3
15.309665 0.098056123 2.9215381 0
14.85008 0.11304051 0.77338719 2
2.425895 0.017444292 -0.012392356 1
15.316695 0.10339231 2.3817739 1
2.1625164 0.016187523 -0.027168825 1
15.155186 0.083980754 4.5439825 18
14.758158 0.084218904 0.26086774 3
15.321621 0.1113573 1.3127493 2
15.253919 0.095061123 3.457345 75
2.8239164 0.019950379 -0.0058129686 1
15.332532 0.10879832 1.8468871 1
4.1621337 0.026909709 0.02295397 4
2.1375532 0.0089500407 -0.020426979 1
15.330009 0.05829915 1.3132132 2
2.8319261 0.010543124 -0.007332739 1
15.277358 0.050196413 2.376956 1
7.9958768 -0.0068382011 0.10541952 12
15.086015 0.036541734 3.9706514 12
15.147752 0.031458005 4.5419607 16
5.3885365 0.015712434 0.057969049 3
4.1543646 0.012781859 0.023942785 3
3.3997862 0.011566927 0.00011161676 2
15.297053 0.055536319 1.8438057 1
15.302108 0.0449831 2.9203346 0
2.4377379 0.0094376616 -0.015086695 1
14.862482 0.061644949 0.77363753 2
15.254253 0.042204436 3.4573915 75
14.762465 0.033098184 0.26084173 3
2.4359124 0.0013512538 -0.014628837 1
2.8359749 0.0010823942 -0.0080886688 1
15.318235 0.0051691732 1.3126353 2
2.1376765 0.0019076393 -0.020419804 1
15.329924 -0.0080636125 2.9247558 0
15.140129 -0.021013437 4.539938 18
14.754597 -0.018027179 0.26102841 3
15.09199 -0.015733931 3.9720461 9
8.0078936 -0.034396071 0.10481317 12
15.234767 -0.010629497 3.4536269 76
5.4085836 -0.0026949537 0.056237388 3
4.1505208 -0.0013073515 0.024444226 3
15.277539 -0.0027497991 2.3770025 1
3.4275649 0.00011970794 -0.0042650071 2
15.30124 0.0025250094 1.8442007 1
14.842716 0.010126418 0.77334023 2
7.97188 -0.061658412 0.10673123 12
15.147784 -0.073508069 4.5420523 20
14.718554 -0.06897416 0.261711 3
9.3682289 -0.041936211 2.6520958 3
3.4039481 -0.011350588 -0.00049404998 2
15.236695 -0.063427366 3.4540555 8
5.4126334 -0.021184787 0.055905152 3
15.290392 -0.061025336 2.9185545 0
15.257683 -0.055614647 2.3746173 1
2.1455009 -0.0051566646 -0.022485087 1
15.309223 -0.050520957 1.8449426 1
2.8282166 -0.0083827619 -0.0065503931 1
15.314267 -0.04790451 1.3124737 2
2.4262645 -0.0067089559 -0.012368677 1
4.1625051 -0.015421876 0.022991732 4
14.842762 -0.041284237 0.77338535 2
15.15139 -0.12602355 4.5431352 19
7.991693 -0.08930663 0.10570426 12
14.622343 -0.11916278 0.26345393 3
9.2589893 -0.073354758 2.6269553 9
11.16069 -0.084818475 2.662823 2
5.4086461 -0.039631031 0.056271359 3
15.313884 -0.11417638 2.9223499 0
15.257494 -0.10848705 2.3746643 1
3.407943 -0.022845656 -0.0011095932 2
15.305069 -0.1035475 1.8446423 1
2.8243494 -0.017813614 -0.0057770428 1
15.314106 -0.10096776 1.3125201 2
2.4185362 -0.014702219 -0.010560134 1
14.850629 -0.092756234 0.77356851 2
2.1533022 -0.012274879 -0.024550697 1
4.1307712 -0.029306257 0.026912237 3
15.241239 -0.16118819 2.3727658 1
7.9474998 -0.11613867 0.10804123 13
15.137424 -0.17835759 4.5395608 4
9.2782631 -0.10549002 2.6314788 4
10.151329 -0.11208352 2.4669404 1
5.4125643 -0.058140773 0.055938493 3
15.277929 -0.16684835 2.916774 0
4.1466255 -0.043476734 0.024971196 3
3.4197953 -0.034439474 -0.0029797021 2
15.312682 -0.15665489 1.8453841 1
2.8243744 -0.027249569 -0.0057680043 1
15.313761 -0.15403377 1.3125675 2
2.4263687 -0.02280236 -0.012354165 1
14.846315 -0.14416318 0.77354532 2
2.1494868 -0.01933049 -0.023508063 1
8.0110531 -0.1446521 0.10470251 11
7.8309522 -0.11839537 2.5835757 2
9.300808 -0.1394878 0.35764724 2
3.4197607 -0.045956537 -0.002969081 2
8.9836912 -0.13304666 2.5636401 2
9.3853512 -0.13586178 2.3183165 1
9.5491514 -0.13663484 2.0108151 2
4.1227379 -0.05719769 0.027915012 3
2.8243659 -0.036686752 -0.0057599479 1
2.4146883 -0.030690506 -0.0096450299 1
5.380558 -0.076161854 0.058751937 3
2.1475818 -0.026391584 -0.022982832 1
8.6625252 -0.15508096 2.1780725 4
7.9706688 -0.17133921 0.10683016 12
7.923305 -0.14707352 2.6084261 2
9.0624466 -0.16709256 0.36188376 2
8.4259949 -0.15367271 2.4351218 1
5.3524776 -0.094027594 0.061215762 3
8.6046019 -0.15255888 1.8615072 3
4.1384945 -0.071450509 0.025974154 3
3.3959837 -0.057065424 0.0008022663 2
2.8243241 -0.046124998 -0.0057509746 1
2.434155 -0.039031498 -0.014140283 1
2.1495113 -0.033491865 -0.023494272 1
2.4243677 -0.04690741 -0.01188075 1
5.3840876 -0.11297244 0.058435388 3
7.9301934 -0.19773328 0.10895692 14
7.9498763 -0.17491195 2.6156898 4
8.2735291 -0.17932454 2.400089 2
8.371521 -0.17861103 2.1216857 4
8.4856157 -0.17962904 1.8427875 3
4.1383252 -0.085482135 0.025986977 3
8.4711676 -0.176419 1.5432687 4
3.4037666 -0.068660147 -0.00044098828 2
8.6054344 -0.1763081 1.2602923 2
2.8379927 -0.05584681 -0.0084164962 1
2.1379001 -0.040344939 -0.020378985 1
8.6341162 -0.17542753 0.96417892 3
8.0573263 -0.22868852 0.10225408 10
7.9222789 -0.20155604 2.6084747 4
8.031373 -0.20162499 2.3443801 2
8.1550455 -0.20198348 2.0797808 4
5.3718171 -0.13106088 0.059501275 3
8.2994041 -0.20420603 1.813446 3
4.1222301 -0.099117883 0.027953941 3
3.4154615 -0.080415942 -0.002310178 2
8.4534883 -0.20225558 1.2471042 2
2.8378851 -0.065334633 -0.0084067555 1
8.5177431 -0.20236 0.95816004 3
2.4184492 -0.054807931 -0.010522026 1
2.1513674 -0.047704071 -0.023998871 1
5.4311757 -0.15109996 0.054275662 3
7.9306602 -0.22362614 2.03635 5
8.0183382 -0.2247742 1.7691046 3
7.8164344 -0.22303304 2.2949624 3
8.0291128 -0.23064983 0.38020283 2
7.7053356 -0.22244908 2.5505717 4
8.3374004 -0.22672324 0.94880515 3
3.3955202 -0.091365218 0.0008338177 2
8.2178144 -0.22482279 1.2266127 2
2.818119 -0.074271694 -0.0045782654 1
2.1532238 -0.054840188 -0.024510043 1
2.4261403 -0.063041903 -0.012315646 1
8.5013542 -0.2283314 0.66443378 58
4.1418076 -0.11364642 0.025524514 3
3.4031794 -0.10304141 -0.00040922326 2
8.0557442 -0.28412461 0.10230517 10
7.4844847 -0.24169676 2.491631 3
7.848485 -0.25238326 0.3834075 2
7.6170297 -0.24343829 2.2491388 2
7.7493982 -0.2450933 2.0013049 6
5.3510666 -0.16708766 0.061281394 3
4.1494255 -0.12793568 0.024561193 3
8.0378494 -0.24748915 1.2109891 2
2.8257957 -0.083928667 -0.006098046 1
8.1410208 -0.24932317 0.93861407 3
2.4221137 -0.070962392 -0.011408041 1
8.4606323 -0.25636509 0.66377109 58
2.1415396 -0.061578162 -0.021394797 1
2.4219563 -0.078994736 -0.01140029 1
7.3215137 -0.2615107 2.4482064 3
7.6757984 -0.27314779 0.38647023 2
7.4253707 -0.26274848 2.2051127 4
7.5484591 -0.26459244 1.9624463 3
5.3664832 -0.18591408 0.059900362 3
4.1371546 -0.14158417 0.0260396 3
3.3989582 -0.11436895 0.00022876817 2
7.8180013 -0.26751155 1.1918856 2
2.8334384 -0.093642443 -0.0076168249 1
7.9845042 -0.27193537 0.93050849 3
2.1336956 -0.068369523 -0.019315261 1
2.4139812 -0.086729571 -0.0095909005 1
8.0537748 -0.33953157 0.10235491 10
7.1314726 -0.27911532 2.3975406 3
7.5670042 -0.29525054 0.38840166 2
7.2726154 -0.28225291 2.1700752 4
7.4024143 -0.28484455 1.9342601 3
5.357944 -0.20392407 0.060616534 3
7.6262364 -0.28968924 1.4402297 4
7.5697355 -0.29010397 1.6985645 4
3.3867986 -0.12535021 0.002118482 2
4.1407075 -0.15575977 0.025563883 3
2.141268 -0.075677305 -0.021381311 1
7.9992394 -0.29725105 0.65589154 60
2.8292761 -0.10296319 -0.006843647 1
7.760078 -0.29088145 0.9188568 3
7.6140442 -0.28661513 1.174173 2
7.869153 -0.35737485 0.11204612 15
7.0919952 -0.30069876 2.3872175 5
7.3662982 -0.31135526 0.39195564 3
7.579565 -0.30877915 0.90949595 3
3.4061794 -0.13757691 -0.001003599 2
2.1488159 -0.083047293 -0.023446536 1
2.4137695 -0.094736978 -0.0095828054 1
7.1198134 -0.30069 2.1350372 3
2.8211584 -0.11208972 -0.0053066392 1
7.1857014 -0.30106249 1.8923498 4
5.3891511 -0.22355843 0.057837509 3
4.1124778 -0.1686165 0.028995086 3
7.4618015 -0.30644894 1.1609789 2
7.6975737 -0.33753249 0.65076536 52
2.4174335 -0.10250514 -0.010476898 1
7.3790135 -0.32584968 0.89909291 3
6.9250317 -0.31729388 2.342756 4
7.197475 -0.32884917 0.39494407 3
3.3979137 -0.14812039 0.00026020838 2
4.1397581 -0.18312383 0.025589582 3
6.9981742 -0.31831095 2.1071887 3
7.0749288 -0.31944907 1.8710231 4
2.1524794 -0.090296492 -0.024475748 1
5.3725214 -0.24122162 0.059252504 3
7.2697105 -0.32343021 1.1443069 2
2.8286986 -0.12186322 -0.0068259221 1
6.8004885 -0.33484685 2.3096735 4
7.1005197 -0.34875998 0.39666143 3
6.7752242 -0.33126122 2.0559654 1
6.8111014 -0.33072269 1.8199605 5
5.3877091 -0.25941968 0.057870593 3
4.1391964 -0.19715139 0.025602117 3
7.0895863 -0.33843657 1.1286771 2
2.8166132 -0.13027459 -0.0045247432 1
7.2342968 -0.34423807 0.89160848 3
2.4171662 -0.11051977 -0.010469504 1
7.5965819 -0.3591845 0.64906466 49
2.1329715 -0.096100986 -0.019288737 1
3.3935335 -0.15936436 0.00089762051 2
4.1227298 -0.21034047 0.027568482 3
6.6373239 -0.34946412 2.2662444 4
6.8517561 -0.35987812 0.40106046 3
6.6379008 -0.34723356 2.0245209 4
6.7041311 -0.34846702 1.7993953 5
5.3629994 -0.27655056 0.059984282 3
6.7763395 -0.35113877 1.5736647 5
3.3851712 -0.17037892 0.0021617748 2
6.6984773 -0.34244585 1.0946105 2
2.8240898 -0.14008936 -0.0060444097 1
7.0815663 -0.36120725 0.88370633 3
2.4149256 -0.11843339 -0.010010714 1
7.4955297 -0.38013059 0.64736128 47
2.1365881 -0.10332327 -0.020318016 1
3.3886039 -0.18197986 0.0015447681 2
6.5590096 -0.36780509 2.2455745 4
6.7267847 -0.37632734 0.40327045 3
6.5667 -0.36599407 2.0083582 4
6.6128054 -0.3663592 1.7818786 5
6.7751694 -0.37437782 1.573686 5
4.1379318 -0.22520508 0.025628675 3
6.6257253 -0.36142465 1.0883702 2
2.8236847 -0.14951554 -0.0060359407 1
6.781229 -0.36891791 0.86808407 3
2.4107108 -0.12622251 -0.0091026062 1
2.1478894 -0.1109849 -0.023419572 1
6.7564321 -0.37100765 1.3342451 4
5.3739953 -0.29643792 0.058953363 3
2.4414849 -0.13603735 -0.01629976 1
6.647718 -0.39005914 1.5537077 5
4.1213698 -0.23827726 0.027594112 3
6.6283731 -0.3866334 1.3186913 4
6.6097598 -0.392378 0.40533793 3
6.5766339 -0.38018623 0.85746849 3
6.4729323 -0.38512793 2.2228351 4
6.4759355 -0.38421145 1.9877018 4
3.3761938 -0.1932596 0.0034366653 2
6.5644865 -0.38732386 1.772751 5
5.384964 -0.31549069 0.057922076 3
6.5608172 -0.38150054 1.0828261 2
2.8506653 -0.16104314 -0.011374178 1
2.1514342 -0.11863181 -0.024448894 1
6.4768004 -0.40321049 1.5268539 5
5.3998418 -0.3348771 0.056541406 3
4.1245394 -0.25318474 0.027119312 3
6.3968601 -0.40141794 1.9697407 4
6.5205789 -0.41052356 0.4069117 3
6.402173 -0.40394828 2.2042344 4
6.4965754 -0.40558255 1.7598091 6
3.3756037 -0.20461845 0.0034468176 2
6.4998894 -0.40022689 1.0776283 2
2.8266795 -0.16909549 -0.006781186 1
6.5434079 -0.40184659 0.85582048 3
2.4255207 -0.14356923 -0.012688937 1
6.6491308 -0.40619603 0.63286161 24
2.1549699 -0.1259634 -0.025476974 1
6.5160685 -0.40348402 1.3050847 4
6.4037971 -0.41840374 1.2914754 4
6.3622727 -0.42325655 2.1939094 4
6.4433951 -0.42773634 0.4082731 3
6.3449626 -0.41991124 1.9580719 4
6.354177 -0.41835734 1.7323784 6
5.4385004 -0.35596967 0.053064972 3
6.4320936 -0.42250153 1.5199993 5
4.119772 -0.26689053 0.027620072 3
3.382858 -0.21650016 0.0022052112 2
6.4230089 -0.41749045 1.0710391 2
2.8183405 -0.17802028 -0.0052442276 1
6.4623499 -0.41899726 0.85166883 3
2.4095535 -0.15057781 -0.0090795914 1
6.5799332 -0.42452362 0.63170749 22
2.1392 -0.1320399 -0.021326603 1
2.4188385 -0.15923855 -0.011322817 1
6.2413769 -0.43651429 2.1618576 5
6.3940916 -0.44639087 0.40913835 3
6.2424726 -0.43445566 1.9347157 4
6.3488584 -0.4398393 1.7316356 6
5.3618083 -0.36920846 0.059720125 3
6.3203278 -0.43675226 1.5025194 5
4.1347618 -0.2819638 0.025680624 3
3.3585382 -0.22622448 0.0059742304 2
6.346086 -0.43421748 1.0644493 2
2.809972 -0.18688162 -0.0037075717 1
6.3892212 -0.43614474 0.84793466 3
6.3271503 -0.43506446 1.2822472 4
6.5027051 -0.44181442 0.63041574 20
2.1388326 -0.13908118 -0.021319795 1
6.2138071 -0.45379451 1.9284407 4
5.356616 -0.38720497 0.060085949 3
3.3617742 -0.23781537 0.0053585242 2
6.2770686 -0.45099252 1.0585546 2
2.8524821 -0.19941688 -0.01210148 1
6.3120651 -0.45248097 0.84398973 3
2.4047689 -0.16626547 -0.0081631197 1
6.4054928 -0.45712397 0.62877738 18
2.1403639 -0.14625826 -0.021830831 1
6.6681657 -0.5095703 0.17486463 48
6.1589971 -0.45181534 2.1401508 5
6.3247995 -0.46322793 0.4103584 3
6.3019333 -0.45497122 1.2793455 4
6.3149242 -0.45809332 1.5019137 5
6.2690682 -0.45576951 1.7164059 6
4.1259418 -0.29539341 0.026670946 3
6.0843673 -0.46611294 2.120512 5
6.2116818 -0.47508276 0.41235131 3
6.2588477 -0.46905264 0.84129685 3
6.1952944 -0.46949521 1.4831818 5
5.3751998 -0.40702796 0.058357313 3
6.1151381 -0.46747985 1.9059829 4
6.2283859 -0.47418624 1.7088 6
4.113111 -0.3084482 0.028147873 3
6.1935287 -0.46830457 1.2662237 4
3.3649666 -0.2494262 0.0047426498 2
6.219934 -0.46820599 1.0537026 2
2.8283851 -0.20714222 -0.0075092213 1
2.4101079 -0.17467655 -0.0095062703 1
6.3401546 -0.4741936 0.62769192 16
2.1380198 -0.1531532 -0.021305827 1
2.4212699 -0.18319447 -0.012200065 1
6.0211849 -0.48188841 2.1039765 5
6.1144223 -0.4885405 0.41406274 3
6.0126443 -0.4791345 1.8826238 5
6.1681695 -0.48968261 1.6973802 6
6.1031413 -0.48336792 1.4688246 5
4.1082106 -0.32136425 0.028648715 3
6.0891433 -0.48015332 1.253585 4
3.3681555 -0.26049 0.0041260682 2
6.1617103 -0.48283088 0.83630913 3
6.314724 -0.49291545 0.6272971 15
6.1270037 -0.482151 1.0457189 2
5.3778219 -0.4256849 0.058024112 3
2.8238354 -0.21627487 -0.0067365123 1
2.1375782 -0.16019087 -0.021298891 1
6.0450354 -0.50368762 0.41528463 3
5.9348626 -0.49525905 2.0812383 2
5.937243 -0.49343303 1.8655633 5
5.9708862 -0.49424407 1.6592748 7
5.3486862 -0.44077232 0.060490679 3
6.0267158 -0.49794242 1.4569731 5
4.1190357 -0.336279 0.027201656 3
3.371269 -0.27215359 0.0035146466 2
6.0698757 -0.49741626 1.0408714 2
2.8271148 -0.22555576 -0.0074879183 1
6.1401854 -0.50225544 0.83528972 3
2.4246006 -0.19152972 -0.013090266 1
2.1313589 -0.16639048 -0.019735325 1
6.2732091 -0.51122183 0.62663019 14
6.0519199 -0.49798754 1.249228 4
5.8331289 -0.50666547 2.0543604 5
6.0393591 -0.52401084 0.41537857 3
5.8773441 -0.50857973 1.8520993 2
5.9144611 -0.50983149 1.6486213 7
5.33531 -0.45796293 0.061558403 3
5.9660044 -0.51335818 1.4476192 5
4.113986 -0.34987882 0.02770542 3
3.3428543 -0.28108349 0.0079121925 2
5.984839 -0.51091152 1.0335885 2
2.822505 -0.23465692 -0.0067127584 1
6.0509458 -0.51564157 0.83072263 3
2.4143178 -0.1987226 -0.010829799 1
6.1200814 -0.51956642 0.62402707 10
2.1270196 -0.17305678 -0.018692292 1
5.9869652 -0.51315224 1.241462 4
5.933835 -0.52893752 1.2351561 4
5.7660146 -0.52056319 2.0367949 5
5.9420176 -0.53586233 0.41709289 3
5.7824788 -0.52010018 1.8305407 2
5.8149872 -0.52110285 1.6295794 6
5.3575945 -0.47834271 0.059483584 3
5.8737812 -0.52547866 1.4332638 5
4.1167989 -0.36417642 0.027233422 3
3.3537617 -0.29339528 0.006045898 2
5.9235878 -0.52596933 1.0283904 2
2.8295922 -0.24478413 -0.0082302019 1
5.9935155 -0.53129351 0.82782352 3
2.411773 -0.20653646 -0.010370569 1
6.0545998 -0.53475296 0.6229431 9
2.1342046 -0.18074794 -0.020755107 1
5.6911793 -0.53326458 2.0171578 5
5.952157 -0.55732346 0.41690433 3
5.7690878 -0.53875262 1.8278655 5
5.8015027 -0.53985244 1.6273141 6
5.3520298 -0.49624193 0.059854038 3
5.8169446 -0.54032505 1.4245347 5
4.1037493 -0.37698877 0.028713038 3
3.3488865 -0.30429757 0.0066850018 2
5.8543763 -0.53986645 1.0224974 2
2.8170979 -0.2531243 -0.0059280759 1
5.916162 -0.54468119 0.82388055 3
2.4150226 -0.21489386 -0.011261477 1
6.0169592 -0.55209941 0.62234372 9
2.1452065 -0.18884836 -0.023854293 1
5.8371887 -0.54024893 1.2234938 4
5.7286839 -0.54972583 1.2103703 4
5.6317062 -0.54696709 2.0016584 5
5.8667021 -0.56937647 0.41840547 3
5.6353936 -0.54539639 1.7973139 2
5.7527881 -0.55504787 1.6181843 6
5.3622646 -0.51566142 0.0588261 3
5.7168269 -0.55052614 1.4089296 5
4.0946107 -0.39010793 0.02970496 3
3.3479106 -0.31556273 0.0066982489 2
5.7772017 -0.55250037 1.015907 2
2.8123975 -0.26215479 -0.005152504 1
5.8348122 -0.55713803 0.81972885 3
2.4260008 -0.22402571 -0.013953395 1
5.9553895 -0.56687129 0.62132943 9
2.1407936 -0.19552679 -0.022810696 1
3.3468902 -0.32680854 0.0067097638 2
5.5952659 -0.56264234 1.9923676 5
5.7454276 -0.57716799 0.42054039 3
5.610292 -0.56226224 1.7919414 5
5.7118516 -0.57071424 1.6105795 6
5.3129659 -0.52909863 0.063037209 3
5.6324291 -0.56163055 1.3958218 5
4.1249247 -0.40718633 0.025816035 3
5.6960478 -0.56421202 1.0089693 2
2.8154738 -0.27192822 -0.0059061376 1
5.7455001 -0.56824106 0.81515819 3
2.425308 -0.23206092 -0.013944242 1
5.877871 -0.57961088 0.62003684 9
2.1382799 -0.20237264 -0.022285022 1
5.6873288 -0.56527948 1.2055236 4
5.6104026 -0.57681417 1.1962941 4
5.5203624 -0.57397264 1.9727296 5
5.715642 -0.59383661 0.42105502 3
5.5269976 -0.57278019 1.7730778 4
5.5615406 -0.57454073 1.5816206 6
5.6030316 -0.57796508 1.3914688 5
4.115685 -0.42031732 0.026807586 3
3.3458366 -0.33806318 0.0067233634 2
5.642622 -0.57825947 1.0044657 2
2.8302341 -0.28296143 -0.0089504914 1
5.683989 -0.58162701 0.81204915 3
2.4245894 -0.24009527 -0.013935057 1
5.8321595 -0.59513748 0.61929786 8
2.1299803 -0.20859729 -0.020205492 1
3.3329573 -0.34803328 0.0086152237 2
5.4377689 -0.583947 1.9510224 5
5.6619539 -0.60768384 0.42199168 3
5.47082 -0.58570546 1.7605093 2
5.5400801 -0.59138042 1.5778276 6
5.5618029 -0.59280807 1.3852372 5
4.0945654 -0.43210715 0.029263593 3
5.5295138 -0.58738804 1.1865774 3
2.1293454 -0.21560802 -0.020196237 1
5.8062878 -0.61248636 0.61890411 8
2.4083445 -0.2464567 -0.010323606 1
2.8176229 -0.29113495 -0.0066486201 1
5.6129398 -0.59452409 1.0020512 2
5.6343684 -0.59588659 0.8095662 3
4.0891933 -0.44553277 0.029767849 3
5.3974023 -0.5981406 1.940695 5
5.6360602 -0.62432218 0.42243573 3
5.4339833 -0.60041803 1.7524359 2
5.4873576 -0.60457385 1.5679339 6
5.461648 -0.60074019 1.3696289 4
5.4920187 -0.60227066 1.1822159 3
3.3318262 -0.35922971 0.00862741 2
5.5317297 -0.60482955 0.99511182 2
2.8166952 -0.30054459 -0.0066376477 1
5.5489912 -0.60580897 0.80520284 3
2.4114451 -0.25485483 -0.011215341 1
5.6491981 -0.61506462 0.61622548 8
2.134445 -0.2232462 -0.021741977 1
2.4067748 -0.26239482 -0.010305713 1
5.4242959 -0.61526734 1.3640225 4
5.3071127 -0.60622102 1.9169163 5
5.5147748 -0.6296311 0.42456648 3
4.0995474 -0.46074292 0.028319316 3
5.4505429 -0.61644363 1.1773676 3
5.4953556 -0.61880141 0.80250877 3
5.6153345 -0.63069934 0.6156925 8
5.4583292 -0.61640853 0.98886758 2
2.8117833 -0.30995846 -0.0058626537 1
2.1356411 -0.23083225 -0.022251563 1
5.3994017 -0.61423779 1.5511762 6
5.3118391 -0.60585856 1.7245804 2
3.3227472 -0.37007433 0.00989292 2
5.3300881 -0.62184 1.1627809 3
5.2320738 -0.61642087 1.8972762 5
5.4529791 -0.64221323 0.4256438 3
5.3291392 -0.62630129 1.7290974 2
5.3583355 -0.62797004 1.5435688 5
5.3318868 -0.62388861 1.3496643 4
4.0861154 -0.47389787 0.029799702 3
3.3215437 -0.38125074 0.0099067129 2
5.400847 -0.62842715 0.98401475 2
2.8107901 -0.31933838 -0.0058521265 1
5.4098582 -0.62857395 0.79814458 2
2.4155829 -0.27190813 -0.012546717 1
5.513803 -0.63905281 0.61398321 7
2.1310921 -0.23739687 -0.02120804 1
2.8058662 -0.32823926 -0.0050775241 1
5.2031465 -0.63091922 1.8900523 5
5.4071498 -0.65539187 0.42643821 3
5.2303181 -0.63249129 1.7066348 2
5.3133459 -0.64095581 1.5352005 5
5.411994 -0.65226692 0.053384807 3
5.3219328 -0.6410985 1.348434 4
4.0884805 -0.4882066 0.029326459 3
3.320297 -0.39240727 0.0099187903 2
5.3354406 -0.6390925 0.97846651 2
5.3482609 -0.63974386 0.79503357 2
2.4108546 -0.27942428 -0.011637727 1
5.4560599 -0.65106702 0.61303329 7
5.30828 -0.63758481 1.1603661 3
2.1169307 -0.24275896 -0.017574862 1
5.0657263 -0.64543504 0.25832942 33
5.1781178 -0.64481807 1.8838613 5
5.3026099 -0.65158248 0.79275548 2
5.3574362 -0.66684359 0.42730153 2
5.2414832 -0.64839715 1.3359481 4
4.090796 -0.50255239 0.02885486 3
5.2011142 -0.64686996 1.7003597 2
5.2254763 -0.64816618 1.5184391 5
5.3702593 -0.66571009 0.056896392 3
5.2470407 -0.64820278 1.1530814 3
3.3033338 -0.40158018 0.012436425 2
5.2700238 -0.64930034 0.97291613 2
2.8125973 -0.33857486 -0.0065950537 1
2.4061036 -0.28692269 -0.010728159 1
5.390368 -0.66170478 0.61194456 7
2.1238432 -0.25067544 -0.019638322 1
5.3009763 -0.66790271 0.61043888 6
5.0801616 -0.6499002 1.8580118 4
5.2956977 -0.67732149 0.42837611 2
5.121738 -0.65358782 1.6823916 2
5.0912571 -0.6664018 0.25687987 33
5.1727743 -0.65847921 1.5085413 5
5.1961918 -0.66064423 1.3290893 4
4.077395 -0.51416618 0.030333187 3
5.205586 -0.66007495 1.1482292 3
3.3216715 -0.41466305 0.0093170013 2
5.2449417 -0.66247857 0.78985071 2
2.4148993 -0.29573268 -0.012970478 1
5.3521986 -0.6819526 0.058312252 3
5.2243552 -0.66161764 0.96910572 2
2.8115063 -0.34796551 -0.0065839156 1
2.1345553 -0.25914076 -0.022737002 1
5.0396667 -0.66204017 1.847683 4
5.2180943 -0.68523759 0.42973113 2
5.0770307 -0.66531581 1.6725171 2
5.2749262 -0.68281454 0.61004192 6
5.1549768 -0.67401576 1.5055097 5
5.3302603 -0.6966458 0.06007671 3
5.1038861 -0.66629082 1.3147283 4
5.1167741 -0.66624874 1.1375345 3
3.2968142 -0.42269117 0.013087179 2
5.1511297 -0.6690588 0.96285748 2
2.818217 -0.35790163 -0.0081017315 1
5.1714225 -0.67086941 0.7861101 2
2.4043019 -0.30244753 -0.010710549 1
2.1299565 -0.2652981 -0.021693511 1
4.0756817 -0.52796739 0.030348968 3
5.0673156 -0.67720532 1.1317096 3
4.9723554 -0.67019445 1.8301088 4
5.1444616 -0.69316548 0.43101513 2
5.0014167 -0.67248511 1.6554483 2
5.0943432 -0.68355018 1.4940876 5
5.3081617 -0.71210533 0.061842829 3
5.0546651 -0.67722392 1.3072442 4
4.0621138 -0.54013503 0.031827334 3
3.3110783 -0.43590325 0.010594231 2
5.0659528 -0.67527026 0.95556492 2
2.8092756 -0.36624399 -0.0065633021 1
5.1137404 -0.68091947 0.78320533 2
2.411057 -0.3114529 -0.012502562 1
5.2250595 -0.69431901 0.60922956 6
2.1195509 -0.27099082 -0.019096982 1
2.1244366 -0.27875867 -0.020641692 1
4.9280038 -0.68115145 1.8187442 4
5.1025143 -0.70507777 0.43173742 2
4.9721231 -0.68568921 1.6491717 4
5.0220385 -0.69101721 1.4803756 5
5.2939086 -0.7285344 0.062909827 3
5.0641026 -0.69608581 1.3091388 4
4.0721021 -0.5555402 0.030379148 3
5.0257058 -0.68893707 1.1268581 3
3.2939928 -0.44483155 0.013111775 2
5.020257 -0.68642741 0.95175332 2
2.8119755 -0.37615973 -0.0073162941 1
5.067924 -0.69224733 0.78092682 2
2.4177821 -0.32051405 -0.014293543 1
5.187057 -0.707142 0.60862553 6
4.8836341 -0.69179589 1.8073784 4
5.0447183 -0.71440792 0.43273982 2
4.908083 -0.69365817 1.6347995 4
4.9652905 -0.70023608 1.469715 5
5.2796073 -0.7448734 0.063977398 3
4.9863777 -0.69897825 0.94898659 2
5.0812922 -0.71615142 1.3122838 4
4.089891 -0.57216054 0.027955459 3
3.3042548 -0.45757365 0.01124486 2
2.8107491 -0.38553977 -0.0073062126 1
4.9825425 -0.69756478 0.77655768 2
2.4206104 -0.32907373 -0.015184329 1
5.133193 -0.71744055 0.60774213 6
2.1235549 -0.28573373 -0.020634083 1
4.9408474 -0.69413656 1.1166481 3
4.9948254 -0.72451085 0.43360054 2
4.8354263 -0.70156986 1.7949781 4
4.8247685 -0.69831276 1.6159303 4
4.9357247 -0.71310431 1.4643942 4
5.2179523 -0.75409836 0.069231614 2
4.9147167 -0.70914054 1.2860391 3
4.0722632 -0.58367276 0.029921494 3
3.2871089 -0.46636757 0.013762039 2
4.9288168 -0.70781004 0.94413018 2
2.8133755 -0.39548346 -0.0080591552 1
4.9208994 -0.70580071 0.7734434 2
2.404129 -0.33481675 -0.011574551 1
5.0278797 -0.71981174 0.60595769 5
2.1207395 -0.29242361 -0.020108512 1
4.8913651 -0.70398778 1.110822 3
2.403053 -0.34277385 -0.011565649 1
4.8751941 -0.71684444 0.93962169 2
4.7948499 -0.71218354 1.7846467 4
4.8895707 -0.72584009 0.435444 2
4.8146958 -0.71355122 1.6141504 4
4.8284912 -0.71398038 1.4438151 4
5.1917567 -0.76829869 0.07134594 2
4.8420014 -0.71519363 1.2748008 3
4.0624552 -0.59625977 0.03091279 3
4.857573 -0.71586782 1.1069436 3
3.3050952 -0.48035634 0.010643562 2
2.7849045 -0.40076196 -0.0027037498 1
4.8790083 -0.71657795 0.7713716 2
4.9463401 -0.72502226 0.60458714 5
2.1312735 -0.30111232 -0.023207789 1
4.7966294 -0.72498494 1.2679393 3
5.1418943 -0.77864164 0.075552456 2
4.0486836 -0.60818112 0.032391604 3
4.7911477 -0.72497171 1.4369686 9
4.8199306 -0.73198706 0.43665552 2
4.7351694 -0.71954948 1.7691412 4
4.7814646 -0.72512084 1.6069721 4
3.301553 -0.49115556 0.010969589 2
4.8176303 -0.72490668 0.93476474 2
2.797178 -0.41215053 -0.0053649428 1
4.829205 -0.7258606 0.76888168 2
2.4057958 -0.3513093 -0.012457057 1
4.8885417 -0.73332703 0.60363358 5
2.1150372 -0.30575931 -0.019057825 1
4.835526 -0.72935098 1.1045256 3
4.7585483 -0.73399043 1.0952898 2
4.8113222 -0.76250237 0.2708725 25
4.694571 -0.72954953 1.7588098 4
4.7819037 -0.74270195 0.43730441 2
4.7135696 -0.73094815 1.5916994 4
4.7460303 -0.73447448 1.428594 4
5.1235075 -0.7936548 0.076968022 2
4.7629533 -0.73633665 1.2629542 3
4.0584054 -0.6237464 0.030943941 3
3.2921195 -0.50100887 0.01223371 2
4.7600684 -0.73257136 0.92990643 2
2.8113408 -0.42392653 -0.0084087029 1
4.7715058 -0.73355663 0.7659747 2
2.4008098 -0.35865748 -0.011548733 1
4.8267922 -0.74061149 0.60260957 4
2.1178799 -0.31330374 -0.020085141 1
2.1130626 -0.31963974 -0.019041736 1
4.6730285 -0.74238163 1.7536528 4
4.7241263 -0.7499463 0.43830445 2
4.6803141 -0.74194461 1.5845207 4
4.7047796 -0.74430209 1.4209828 4
5.148344 -0.81558031 0.07454443 2
4.7058582 -0.74365354 1.2542158 3
4.0641432 -0.63873887 0.029982677 3
4.7129469 -0.74317306 1.0899478 2
3.2768047 -0.50984991 0.014437129 2
4.7143126 -0.74175161 0.9260928 2
2.7944407 -0.43078959 -0.0053445986 1
4.7216973 -0.74213386 0.763484 2
2.4034958 -0.36722425 -0.012439731 1
4.7729521 -0.74875116 0.60172427 4
3.298497 -0.52472287 0.010693893 2
4.6247725 -0.75062025 1.7412504 6
4.7018585 -0.76271188 0.43867344 2
4.6239686 -0.74887991 1.5719457 4
4.70225 -0.76027983 1.4209995 8
4.7524734 -0.76784199 0.10945795 2
4.6565638 -0.75188267 1.2467287 6
4.0737443 -0.65444046 0.028534396 3
4.6595035 -0.75074488 1.083632 2
4.6960707 -0.75517613 0.9247185 2
2.8007741 -0.44138452 -0.0068614944 1
4.6915898 -0.75361556 0.76203811 2
2.4042296 -0.37549359 -0.012880062 1
4.7230573 -0.75717407 0.6009087 4
2.1196647 -0.32783148 -0.021105092 1
4.6692152 -0.76458371 0.60002249 4
2.4068496 -0.3840864 -0.013771894 1
3.2831137 -0.53348738 0.012896493 2
4.1067677 -0.67418635 0.024159435 4
4.6480165 -0.76995403 0.43960199 2
4.5955606 -0.76178116 1.7340231 4
4.5983696 -0.76065588 1.5665652 4
4.6415987 -0.76640409 1.4095734 8
4.6987953 -0.77532411 0.11401159 2
4.649127 -0.76525575 1.0826759 2
4.6660037 -0.76648682 0.9222973 2
2.7935133 -0.44974238 -0.0057063126 1
2.1262329 -0.33607221 -0.023168616 1
4.6535807 -0.76357591 0.76017398 2
4.6462178 -0.76637244 1.2454948 3
3.293016 -0.54652607 0.011030891 2
4.5511003 -0.77009952 1.7226552 6
4.6552525 -0.78745449 0.43944484 2
4.5765862 -0.77294022 1.5620849 4
4.6235185 -0.77947652 1.4065386 8
4.6765342 -0.78788978 0.11577319 2
4.6046886 -0.77541244 1.2392585 6
4.0458112 -0.67792886 0.031490792 3
4.632834 -0.77867162 1.0809873 2
4.6260943 -0.77589631 0.91900557 4
2.7900975 -0.45872161 -0.0053136605 1
4.6372128 -0.77700508 0.75946021 2
2.4036803 -0.39172113 -0.013312918 1
4.6666217 -0.78045154 0.60004091 4
2.1099215 -0.34043783 -0.019018503 1
4.0552559 -0.69368881 0.030043002 3
4.570931 -0.78554761 1.2342713 6
4.6660118 -0.80238998 0.11648899 2
4.5976701 -0.79107451 1.401978 8
4.5470939 -0.78370494 1.5558051 4
4.6328874 -0.79976249 0.43981069 2
4.5180483 -0.78013653 1.7143923 6
3.2659032 -0.55312198 0.015111553 2
4.6097217 -0.7891835 0.91780311 2
2.788584 -0.46802106 -0.0053032907 1
4.6011314 -0.78687429 0.75770009 2
2.4120009 -0.40135956 -0.015553654 1
4.6482139 -0.79353577 0.59977883 4
2.1088254 -0.34736007 -0.01901057 1
4.6008668 -0.78923613 1.0773512 2
4.5473886 -0.79571342 1.071034 2
4.4925833 -0.7913273 1.7081975 4
4.61443 -0.81264722 0.44010901 2
4.5022426 -0.79150927 1.5459272 4
4.5408835 -0.79691297 1.3913134 8
4.6750484 -0.82035732 0.11545958 2
4.5488176 -0.79755127 1.2311608 6
4.0490074 -0.70670223 0.030546082 3
3.2698901 -0.56513381 0.014185254 2
4.5776258 -0.79955548 0.9152081 4
2.7986307 -0.47939247 -0.0075834705 1
4.5709367 -0.79755378 0.75625378 2
2.3876708 -0.40520161 -0.010145581 1
4.6061511 -0.80227113 0.59910166 4
2.1115084 -0.35496402 -0.020038376 1
4.5446792 -0.8111366 1.0710498 2
4.4708948 -0.80305558 1.7030394 4
4.588069 -0.82394934 0.44054595 2
4.4573874 -0.79899704 1.5360482 4
4.5034184 -0.80592042 1.3844631 7
4.6918559 -0.83984655 0.11373256 2
4.5189066 -0.80799037 1.2267994 3
4.0466194 -0.72038597 0.030560093 3
3.269944 -0.57645833 0.013883985 2
4.5690289 -0.81401396 0.91470218 2
2.7873893 -0.48695138 -0.0056647118 1
4.5564404 -0.81091523 0.75564414 2
2.4016829 -0.41590405 -0.01373629 1
4.6152244 -0.82005942 0.59932691 4
2.1122601 -0.36223444 -0.020548547 1
2.4003215 -0.42384374 -0.013727731 1
4.4393492 -0.81123722 1.5324664 4
3.2602472 -0.58597058 0.015146904 2
2.7780585 -0.49479643 -0.0041276021 1
4.541903 -0.82417685 0.75503302 2
4.5967088 -0.83279973 0.5990656 4
2.1224842 -0.37128574 -0.023647713 1
4.0168686 -0.72895581 0.033989564 3
4.4263964 -0.81035197 1.6916707 4
4.5400701 -0.83101362 0.44136867 2
4.5006762 -0.8212015 1.3844798 7
4.6654987 -0.85136718 0.11584204 2
4.4812112 -0.81675839 1.2211858 6
4.4950919 -0.81779212 1.0652205 2
4.5388403 -0.82439685 0.91227978 2
2.1098924 -0.37608725 -0.020533873 1
4.3939276 -0.83280665 0.29198804 13
4.3856955 -0.8180691 1.6813357 4
4.5058222 -0.84038711 0.441946 2
4.4136209 -0.82188898 1.5270854 4
4.4400325 -0.82539409 1.3730501 7
4.691956 -0.87282789 0.11324301 2
4.4512701 -0.82676893 1.2168242 3
4.4728112 -0.82932192 1.0628005 2
3.2699299 -0.59913266 0.013281115 2
4.4851503 -0.8301062 0.90776753 2
2.7725613 -0.50331378 -0.0033542013 1
4.4998574 -0.8321135 0.75295687 2
2.4027596 -0.432502 -0.014619295 1
4.0416999 -0.7477445 0.030589839 3
4.5820904 -0.84616995 0.59887326 4
4.3449903 -0.82550943 1.6710013 4
4.3754296 -0.84459227 0.29284278 13
4.455864 -0.84645754 0.44280219 2
4.3993492 -0.83461124 1.5244021 4
4.4179554 -0.83669972 1.3692522 7
4.6831198 -0.88762373 0.11378375 2
4.4174337 -0.83582163 1.211836 3
4.4349136 -0.83766729 1.0584306 2
3.2562883 -0.60784149 0.015171411 2
4.4471173 -0.83847898 0.90464747 1
2.7747462 -0.51329857 -0.0041074683 1
4.4931054 -0.84662604 0.75276512 2
2.3994279 -0.44007781 -0.014160277 1
4.5203114 -0.85031766 0.59784597 3
2.1105688 -0.38337821 -0.021043276 1
4.0274787 -0.75913715 0.032067884 3
4.4048052 -0.84731227 1.055037 2
4.3346052 -0.83873105 1.668947 4
4.4451389 -0.86001086 0.44295841 2
4.3773942 -0.8457194 1.5199205 4
4.4074049 -0.85014415 1.3677418 7
4.4068379 -0.84925979 1.2106013 3
4.0443816 -0.77661854 0.029644778 3
3.2503774 -0.61800176 0.015809176 2
4.4286275 -0.85047019 0.90327048 1
2.7634125 -0.52063644 -0.002189097 1
4.4706302 -0.85799497 0.75173652 1
2.3826885 -0.44499379 -0.010551552 1
4.4585633 -0.8540439 0.59681809 3
2.1036365 -0.38918468 -0.019482002 1
4.6604013 -0.90044111 0.11554576 2
4.3371763 -0.8530159 0.2947453 12
4.3317475 -0.85341626 1.6689632 4
4.4108572 -0.8687185 0.44353464 2
4.3807106 -0.85950398 1.206864 2
4.0145068 -0.78478557 0.033072192 3
4.3591089 -0.85359818 1.0496925 2
4.4207168 -0.86370212 0.74924242 1
4.4360514 -0.86522835 0.59648669 3
2.3926871 -0.45517114 -0.013242706 1
4.4021492 -0.86150724 0.90119565 1
4.2795076 -0.85642028 0.29769492 10
3.2520726 -0.63022721 0.015195816 2
2.1098833 -0.39794984 -0.021544984 1
4.3247123 -0.85122722 1.5082415 4
4.3581786 -0.85648125 1.3586013 7
4.6299925 -0.91072994 0.11800397 2
2.765445 -0.53107572 -0.0029414715 1
4.2726851 -0.87009382 0.2979196 10
4.3920827 -0.88118166 0.44383055 2
4.272192 -0.85563469 1.4965624 4
4.2681551 -0.8563028 1.6524172 4
4.3129611 -0.86253279 1.3502243 7
4.6073761 -0.92243934 0.11976548 2
4.3079844 -0.86074752 1.1956198 2
2.1142633 -0.40603048 -0.02309078 1
4.0078263 -0.79824251 0.03357609 3
4.4212017 -0.87861395 0.59629482 3
2.3911135 -0.46347049 -0.013233954 1
4.3667579 -0.86900795 0.74654031 1
2.7636793 -0.54028517 -0.0029319318 1
4.3757977 -0.87162793 0.89912212 1
3.2480218 -0.6407364 0.015519965 2
4.3443899 -0.8667199 1.0482471 2
4.2736311 -0.88539803 0.29772526 10
4.0090055 -0.81259674 0.033102479 3
4.2879214 -0.87553436 1.6586432 6
4.3303785 -0.88372457 0.44489664 1
4.2502093 -0.86609918 1.4920797 4
4.2869635 -0.87230533 1.3456604 7
4.5691309 -0.9307158 0.12292067 2
4.2818508 -0.8704772 1.1918821 2
4.3103485 -0.87492752 1.044364 2
3.2478049 -0.65203947 0.01521943 2
4.3455229 -0.88075584 0.89669788 1
2.7465076 -0.54627728 0.00013159864 1
4.3559804 -0.88217694 0.74613714 1
2.3895843 -0.47136858 -0.01322544 1
4.3868856 -0.88707376 0.59575236 3
2.1034801 -0.41099241 -0.020495098 1
4.2237754 -0.88969034 0.30025491 9
4.2433805 -0.88115859 1.6472728 6
4.3586531 -0.90508646 0.44435179 1
4.2396331 -0.87885445 1.4902954 4
3.2514093 -0.66416365 0.014292379 2
4.2532711 -0.88026565 1.3395716 6
4.554266 -0.94373012 0.12398402 2
4.2866139 -0.88663208 1.1931494 2
4.284071 -0.88457656 1.0414555 2
2.0945797 -0.41629291 -0.018416263 1
4.3054972 -0.88761592 0.89340371 3
2.7638917 -0.55949605 -0.0036752257 1
4.3099918 -0.88780999 0.7438513 1
2.3899376 -0.47967821 -0.013666079 1
4.0217791 -0.82945758 0.03116687 3
4.376039 -0.90029001 0.59562981 3
4.2449827 -0.89276963 1.1869079 2
4.1739411 -0.89365113 0.30278346 7
4.1988473 -0.88647908 1.6359009 4
4.3164945 -0.91136223 0.4450677 1
4.2099786 -0.88741577 1.4840132 4
4.2579479 -0.89633811 1.3411134 6
4.5043154 -0.94903833 0.12818447 2
4.2558331 -0.89361638 1.0383029 2
3.2433827 -0.67381448 0.015242854 2
4.2771559 -0.89672387 0.89115411 1
2.762028 -0.56870049 -0.0036655106 1
4.2874455 -0.89818972 0.74282074 1
2.3769228 -0.48510298 -0.010958233 1
4.349515 -0.91005784 0.59522754 3
4.0189629 -0.84304368 0.031180318 3
2.1007719 -0.42477921 -0.020480601 1
4.1749511 -0.90794522 0.30258828 7
4.2112293 -0.89962381 1.1819173 2
4.2881613 -0.91963315 0.445537 1
4.2416205 -0.90256304 0.74053407 1
4.1959791 -0.89998388 1.6359155 6
4.1841207 -0.89661789 1.4786301 4
4.2318859 -0.90567541 1.3365496 6
4.4777317 -0.95916736 0.13029324 2
2.0993826 -0.43167019 -0.020472087 1
4.0044665 -0.85406673 0.032657616 3
4.2430968 -0.90589595 1.0371004 2
3.2430434 -0.68511128 0.014941119 2
4.2546396 -0.90693241 0.88942659 1
2.7639658 -0.57873678 -0.0044189938 1
2.3753204 -0.4929575 -0.010949715 1
4.3229742 -0.91965568 0.59482414 3
4.1250577 -0.89891458 1.6172967 6
4.1241765 -0.89725983 1.4651483 4
4.1868086 -0.90983844 1.3281693 6
4.1850324 -0.90870363 1.178179 2
3.9707179 -0.8599869 0.036572725 3
4.2014184 -0.91088015 1.0322407 2
3.2485669 -0.69717109 0.013701549 2
4.2307491 -0.91518593 0.74013066 1
2.3794796 -0.50168234 -0.012291522 1
4.2692475 -0.92226088 0.59393287 2
4.1601739 -0.91940349 0.30323157 7
4.2635646 -0.92932981 0.4459368 1
2.7409561 -0.58323216 -0.00021061282 1
4.2282171 -0.91612756 0.88735086 1
2.1017385 -0.4393872 -0.021500677 1
4.3928084 -0.95603967 0.13763221 2
4.1064558 -0.92175871 0.30596897 5
4.2253079 -0.93575549 0.44658101 1
4.1173186 -0.91034335 1.4642636 6
4.0918632 -0.90598851 1.6090306 6
4.1607356 -0.91877365 1.3236053 6
4.3741717 -0.96664983 0.13904253 2
4.1549697 -0.91672236 1.1738138 5
4.1750836 -0.91981423 1.029331 2
4.0142522 -0.88397264 0.030736469 3
4.2466016 -0.93230647 0.59359956 2
2.0890648 -0.44337705 -0.018386994 1
2.381619 -0.51039821 -0.013183021 1
4.2159433 -0.92686081 0.73951805 1
2.7391076 -0.59190029 -0.00020100881 1
4.2077637 -0.92574883 0.88579643 3
3.2346573 -0.70542902 0.015589 2
4.0799856 -0.93015075 0.30723983 5
4.0511374 -0.91107595 1.5986921 6
4.198741 -0.94462806 0.4470154 1
4.0838404 -0.91722327 1.4570802 6
4.1040492 -0.92044723 1.3129358 6
4.3281679 -0.97159046 0.14289361 2
4.1114259 -0.92142624 1.1672592 5
3.9957731 -0.89396203 0.032700919 3
4.141005 -0.92680097 1.0254476 2
3.2284327 -0.71538895 0.016227158 2
4.1618972 -0.93014646 0.88197798 3
2.744781 -0.60277849 -0.0017175379 1
4.181643 -0.93395495 0.73785913 1
2.3856256 -0.51957762 -0.01452441 1
4.2278357 -0.94309789 0.59333622 2
2.097024 -0.45239234 -0.020967718 1
4.0573912 -0.93930084 0.30830139 4
4.0292273 -0.92033929 1.5935307 6
4.1974692 -0.9592973 0.4469949 1
4.031395 -0.91941047 1.4453983 4
4.0741544 -0.92803669 1.3076084 6
4.3209763 -0.98534328 0.1432578 2
4.0679035 -0.92583835 1.1607047 4
4.1088548 -0.93400067 1.0218061 2
2.0898933 -0.45794332 -0.019407589 1
3.9618113 -0.90019459 0.036615387 3
4.2012515 -0.95194507 0.59293258 2
2.3668227 -0.52345634 -0.010467029 1
4.1551213 -0.94263577 0.73661727 1
2.7504108 -0.61370045 -0.0032350058 1
4.1412654 -0.94012624 0.88042331 1
3.2221737 -0.72531068 0.016864194 2
4.0580745 -0.95396197 0.30810666 4
4.0260892 -0.9339574 1.5935456 4
4.1591926 -0.96511674 0.4476389 1
4.0244699 -0.93213129 1.444513 6
3.9587493 -0.91357756 0.036629312 3
4.0595312 -0.93906808 1.3053331 6
4.3021097 -0.9962703 0.14466734 2
4.0820374 -0.9437179 1.1635348 4
4.0728416 -0.94006932 1.0176774 1
3.2235682 -0.73702252 0.016250027 2
4.1051111 -0.94630188 0.87747556 3
2.752177 -0.62375969 -0.0039882641 1
4.1052766 -0.94560808 0.73412198 1
2.3726716 -0.5330742 -0.012258438 1
4.1454744 -0.95368338 0.59200531 2
2.0921459 -0.46568054 -0.020435873 1
2.729095 -0.62784606 0.00021872637 1
4.0354304 -0.96289521 0.30916816 3
3.9928699 -0.94025213 1.5852772 6
4.0212889 -0.94572943 1.4445266 6
4.0525107 -0.95186508 1.3045846 6
4.2909646 -1.0089631 0.14537987 2
4.0500236 -0.95054388 1.1588563 4
4.0754261 -0.95524079 1.0184231 2
3.2326 -0.75061637 0.014384045 2
4.0786424 -0.95455658 0.87539822 3
4.0671058 -0.95104617 0.73225224 1
2.3803737 -0.54319894 -0.014498777 1
4.1344461 -0.96582955 0.59188062 2
3.9556391 -0.92694992 0.03664311 3
2.0906112 -0.47253188 -0.020428892 1
4.1248121 -0.97162771 0.44821256 1
3.9446507 -0.94261968 1.5728682 6
4.0982003 -0.97982961 0.44864601 1
3.9688709 -0.94718647 1.4328438 4
4.0340142 -0.96180308 1.3015454 5
4.2372174 -1.0111114 0.14992768 2
4.0141745 -0.95620507 1.1535516 4
4.0218792 -0.95737553 0.027882066 3
4.0201182 -0.9562211 1.0118556 1
3.2108808 -0.75673747 0.017524032 2
4.0444279 -0.96075034 0.87262386 3
2.7288988 -0.63739491 -0.00015269895 1
4.040586 -0.95909089 0.73101109 1
2.3728888 -0.54966825 -0.013140722 1
4.1020179 -0.97268307 0.59137207 2
2.083427 -0.47800216 -0.018868506 1
