# .PCD v0.7 - Point Cloud Data file format
VERSION 0.7
FIELDS x y z intensity
SIZE 4 4 4 4
TYPE F F F F
COUNT 1 1 1 1
WIDTH 25370
HEIGHT 1
VIEWPOINT 0 0 0 1 0 0 0
POINTS 25370
DATA ascii
12.26568 8.4321241 1.0285023 2
2.0420487 1.3907226 -0.036431253 1
2.9226513 1.9758416 -0.014134673 3
11.642653 7.7660122 0.38914603 3
27.468954 17.655876 5.9720001 4
7.624826 5.0990267 0.11266267 6
19.802265 13.227666 6.2297373 7
2.4580455 1.6674813 -0.038281079 2
27.20018 18.176317 3.6524312 12
10.413114 6.9688201 3.9962058 17
1.7922816 1.2249961 -0.051221367 1
20.524998 13.610445 5.5219674 5
12.788853 7.7573957 0.90675563 2
19.770895 13.106062 6.2078199 7
2.9296682 1.9654105 -0.014068305 3
2.0665607 1.3963008 -0.04159341 1
7.6428027 5.0720263 0.11283133 6
11.639936 7.7050242 0.38973841 3
18.390923 12.18931 6.6339922 4
27.210936 18.045063 3.6469343 12
20.54336 13.518435 5.5152593 8
2.3819313 1.6045182 -0.019938344 1
1.7740439 1.2036053 -0.044151131 1
1.7783478 1.1972201 -0.044109516 1
11.657018 7.6572962 0.39010534 3
20.576109 13.436119 5.5121231 11
2.8969359 1.9289407 -0.0068775383 3
18.685183 12.293337 5.8841181 4
2.4698799 1.6498663 -0.038167469 2
2.0715432 1.3888811 -0.041545145 1
7.7242169 5.0865293 0.10963833 6
16.427168 10.807808 5.9704289 8
5.2248025 3.4260011 0.022422777 3
27.289337 17.958746 3.6492414 6
18.324196 11.963954 5.7690191 3
26.276741 16.500532 5.7025504 3
11.694036 7.6226048 0.39024609 3
2.0404866 1.3580314 -0.031947721 1
2.4592648 1.6303155 -0.034454953 2
10.39953 6.754118 3.0430155 12
1.7826295 1.1908259 -0.04406891 1
7.7756648 5.0809383 0.10803808 6
16.47327 10.754834 5.9734511 5
27.602627 18.025414 3.678406 6
26.355295 16.426863 5.7076697 3
10.405169 6.7055984 3.0388634 26
18.376076 11.905392 5.7722044 5
2.025646 1.3380109 -0.026693512 1
11.690608 7.5617747 0.39082986 3
2.9504929 1.9339577 -0.013869145 3
2.4815884 1.6321825 -0.038056485 2
1.7868896 1.1844075 -0.04402741 1
7.780138 5.044744 0.10891343 6
16.467388 10.66823 5.9594016 12
26.342533 16.290144 5.6943822 3
11.720597 7.5225825 0.39104313 3
2.9573591 1.9234254 -0.013803847 3
2.0106902 1.3181065 -0.021440236 1
18.313164 11.773109 5.7427826 5
10.47178 6.696054 3.0494246 32
2.4708374 1.6127003 -0.034344733 2
16.470837 10.588027 5.9485512 9
7.7743578 5.00213 0.11031701 6
1.7911263 1.1779799 -0.043986458 1
25.81827 15.847163 5.5816436 6
31.328047 19.984695 4.0815945 8
17.977135 11.468117 5.6360264 5
2.96419 1.9128758 -0.013739493 3
7.8054891 4.9831667 0.10977557 6
11.720057 7.4640045 0.39158607 3
18.124796 11.557873 6.4791384 3
2.02858 1.3192712 -0.024867017 1
5.2728257 3.3515666 0.022875056 3
2.4931748 1.6143993 -0.037945252 2
1.8116822 1.1819175 -0.04896405 1
25.813879 15.72559 5.5709395 3
18.070093 11.437676 5.651309 5
11.729403 7.4119172 0.3920165 3
2.036593 1.3140724 -0.025689827 1
16.629889 10.524644 5.9769831 9
31.411736 19.882555 4.0837712 8
1.7995316 1.1650825 -0.043906655 1
7.836586 4.9640403 0.10923429 6
2.4989204 1.6054895 -0.037890974 2
28.927755 16.809938 4.9182711 5
26.757647 16.170324 5.7446418 3
18.186146 11.421183 5.6731143 7
2.0280414 1.2984765 -0.022173401 1
2.9777391 1.8917083 -0.013611814 3
11.748713 7.3662171 0.39233199 3
7.8608627 4.9405279 0.10904419 6
1.8037015 1.158605 -0.043866128 1
5.2964435 3.3141069 0.023095815 3
2.4646232 1.5715231 -0.029065518 2
10.203923 6.4190769 3.8667657 12
35.958099 22.578709 4.5904875 16
26.689219 16.000742 5.7207999 3
12.684902 7.2158804 0.8993057 2
11.759748 7.3183222 0.39270976 3
25.501167 15.766513 6.6126943 8
10.23032 6.3877306 3.8685648 31
18.2131 11.348564 5.6697598 3
2.4668767 1.5606364 -0.02828153 2
1.8078471 1.1521184 -0.043825682 1
2.0393152 1.2953124 -0.023864428 1
2.984458 1.8810828 -0.013548251 3
7.8952627 4.9232273 0.10832448 6
5.3081532 3.29531 0.023206288 3
36.037418 22.451738 4.5912232 16
28.087976 16.058813 4.7745523 4
12.74389 7.1928592 0.9005661 2
26.792944 15.93459 5.7305398 3
18.17157 11.238273 5.6477451 7
7.9015436 4.8903899 0.10900761 6
5.0605698 3.119487 0.047298085 3
11.795734 7.2830176 0.39283958 3
10.236414 6.3413105 3.8634379 45
2.9672251 1.8564498 -0.009336655 3
25.626797 15.719275 6.6299176 8
2.0503604 1.292465 -0.025558438 1
2.4992237 1.5683078 -0.034074586 2
1.8119699 1.1456151 -0.043786019 1
32.233418 19.927547 4.1547561 9
26.937935 15.898664 5.7488174 3
28.106438 15.938058 4.7693415 4
11.803017 7.2330031 0.39324802 3
18.217419 11.182227 5.650423 10
25.719484 15.657605 6.6399512 8
5.0710473 3.102421 0.047396403 3
10.262571 6.309804 3.865237 34
2.9805717 1.8499904 -0.010460414 3
2.094959 1.3095388 -0.03592436 1
7.9358406 4.8728223 0.10828687 6
32.286354 19.811108 4.1538448 9
2.5213087 1.5700761 -0.037679039 2
1.8257773 1.1454871 -0.046759237 1
28.259932 15.900041 4.7849393 4
27.065332 15.845255 5.7631655 3
11.810105 7.1830082 0.39365491 3
24.320053 14.806257 7.3513465 7
25.795284 15.585338 6.6460075 8
10.282044 6.2742076 3.8648994 18
3.0037298 1.8501369 -0.013365528 3
2.1828699 1.353021 -0.0575688 1
2.5098062 1.5513095 -0.033974864 2
1.8197412 1.1332251 -0.043711938 1
7.9624195 4.8523502 0.10790955 6
5.0922661 3.0905819 0.046552733 3
32.294655 19.667591 4.1479702 9
26.950357 15.650632 5.7307358 3
18.378839 11.107527 5.6749001 5
2.150656 1.323446 -0.047983821 1
3.009973 1.8399591 -0.013306866 3
11.862819 7.1577172 0.39359799 3
7.9683976 4.8193951 0.1085894 6
32.329628 19.540745 4.1451406 9
2.5319021 1.5529251 -0.037577856 2
16.767588 10.132285 5.9544168 5
1.8335484 1.1330049 -0.046684746 1
26.04455 15.604225 6.6919022 4
5.144289 3.097018 0.042868655 3
27.046398 15.578966 5.7391481 3
2.1553807 1.3157347 -0.047938619 1
11.901759 7.1239924 0.39368361 3
19.370911 11.60774 6.7830477 6
3.0168357 1.8286822 -0.013241889 3
24.453133 14.645576 7.3597875 10
2.5377061 1.54342 -0.037522759 2
5.1415052 3.070648 0.044232462 3
7.9999623 4.7979627 0.10804974 6
26.096022 15.510095 6.6916127 8
32.398285 19.418839 4.1454229 9
1.8278315 1.1201323 -0.04363516 1
27.063448 15.461853 5.7324023 3
11.950932 7.0961652 0.39366168 3
26.168081 15.434356 6.696866 12
19.683628 11.700345 6.8709569 4
2.1603105 1.3076288 -0.04789222 1
2.9824836 1.7937514 -0.0060684308 3
8.0306368 4.7777824 0.10750368 6
32.736977 19.465015 4.1762152 9
1.8418363 1.1194788 -0.046605229 1
2.5635054 1.5463802 -0.041854579 2
36.574917 20.724052 7.5485034 8
10.198641 6.0320358 3.3688955 9
32.948353 19.277599 8.279932 8
20.573246 12.134617 7.1446047 2
2.0839481 1.2527934 -0.02703687 1
3.0055931 1.7936569 -0.0089741033 3
1.8489823 1.1151524 -0.047572084 1
8.0604277 4.7588706 0.10694706 6
2.5246587 1.5117713 -0.032309342 2
36.280529 21.404758 4.5640492 15
36.692421 20.61994 7.5577383 8
3.0184846 1.7874622 -0.0101031 3
2.1556642 1.2850405 -0.044340234 1
10.287072 6.0350866 3.3877392 8
8.0867271 4.7377987 0.1065676 6
20.565975 12.032617 7.1289825 7
36.300404 21.252934 4.5589767 15
1.8293647 1.0951843 -0.040515892 1
2.5365708 1.5071663 -0.03372246 2
18.25655 9.7781219 3.2478569 1
2.1602523 1.2773135 -0.044296097 1
14.102455 8.1714411 0.37258697 3
17.137127 9.9499931 6.0184803 9
27.183285 15.144536 5.7253432 3
10.36662 6.0299129 3.4037964 9
3.0422778 1.7860571 -0.01300367 3
8.0661974 4.6857638 0.10866348 6
28.955488 16.814667 3.7364473 6
2.5081596 1.4779487 -0.026365351 1
26.523581 15.267438 6.7437363 4
1.8535935 1.0999172 -0.04649372 1
26.346388 15.048265 6.6908541 4
14.131207 8.1216192 0.37285098 3
18.233053 9.6788054 3.2393208 15
17.210569 9.9113474 6.0310817 12
2.1142337 1.2400452 -0.03124542 1
27.450699 15.166586 5.7666998 3
10.416533 6.009603 3.4119191 6
8.0965872 4.6651597 0.10811321 6
2.5100138 1.4670305 -0.025585845 1
3.0898066 1.7988235 -0.02005472 3
1.8575326 1.0932571 -0.046456307 1
36.694298 19.800137 3.0644155 18
18.261881 9.6157093 3.2390943 26
27.497869 15.072521 5.7665029 3
10.42313 5.9668069 3.4083738 2
3.0374262 1.7550995 -0.009925154 3
2.1829243 1.2695421 -0.047677774 1
26.313974 14.906847 6.6714296 4
8.1434832 4.6557117 0.10667595 6
18.300545 10.451388 6.3677506 7
2.5015674 1.450284 -0.022616288 1
36.422932 20.80201 4.5495877 15
1.864814 1.0885011 -0.04742194 1
36.735657 19.655598 3.0631006 18
18.362524 9.5859604 3.2493091 5
27.569002 14.991476 5.7709179 3
26.397938 14.83761 6.6798496 8
18.256603 10.345242 6.342977 7
24.866457 14.081209 7.3807158 7
10.216422 5.2592931 0.82109982 10
2.1874585 1.2617275 -0.047635108 1
3.06089 1.7539973 -0.012829782 3
1.8550317 1.074526 -0.043376695 1
2.5338774 1.4572546 -0.028411012 2
36.488899 20.677887 4.5498405 15
8.1738224 4.6347361 0.10612477 6
10.397836 5.857564 3.3905602 9
2.1099749 1.2084914 -0.026791042 1
27.538303 14.84916 5.7555728 7
18.385132 9.7665367 1.7924204 2
29.546261 15.27672 4.8999481 5
8.1858578 4.6053081 0.10644249 6
18.261047 10.262661 6.3331647 7
36.526794 20.529579 4.5466824 14
10.188604 5.1996088 0.81991279 11
2.5287747 1.4424379 -0.02617288 1
1.8588814 1.0678606 -0.043339971 1
18.28253 10.19107 4.7804422 9
18.116491 9.6951113 3.961009 21
18.392962 9.6876659 1.7909055 17
36.586613 18.747757 5.9327874 9
3.1601062 1.7795864 -0.027517779 3
10.318525 5.7603135 3.3627856 9
2.1966674 1.245661 -0.04754921 1
2.5582423 1.4463109 -0.031231442 2
18.294348 10.113124 4.7751927 9
1.8527423 1.0552086 -0.040294275 1
8.1862392 4.5637484 0.1074848 6
36.557274 20.368975 4.5424023 14
18.243452 10.159686 6.3153715 5
18.124432 9.617197 3.9563715 25
18.419937 9.6190014 1.7907271 8
36.709038 18.64728 5.9417286 9
8.2233353 4.5463343 0.10657939 6
36.618351 20.23418 4.5419064 14
26.004778 14.244861 6.5530667 7
10.405252 5.7603121 3.3811629 6
1.8666996 1.0541683 -0.043266654 1
3.1040432 1.7339995 -0.016799053 3
2.153224 1.2114234 -0.035372812 1
2.5668409 1.4390715 -0.031913701 2
18.174507 10.037437 6.282589 6
18.161745 9.5549059 3.9573393 22
18.503426 9.5795679 1.7944458 2
10.412587 5.7187381 3.3780735 14
25.990316 14.123858 6.5391603 3
21.428307 11.73609 7.2997022 2
2.2192485 1.237393 -0.050931927 1
3.1102057 1.7229342 -0.016741337 3
8.235858 4.5153232 0.10690185 6
1.8840718 1.054883 -0.047240287 1
36.539227 20.022682 4.5261092 14
2.5961337 1.4430877 -0.036974426 2
36.678181 18.801237 3.0388899 16
10.847156 5.9089713 3.4916019 3
19.727367 10.720627 6.7515745 8
25.889053 13.956676 6.5053306 7
2.2303171 1.233572 -0.052626543 1
2.5768118 1.4211773 -0.031820614 2
1.901283 1.0558338 -0.051215369 1
8.2615318 4.4933391 0.10651414 6
2.1313066 1.1705362 -0.026590496 1
17.736401 9.5645342 5.3624682 3
27.851839 14.389605 5.7684627 3
3.0974126 1.6887614 -0.012490434 3
36.833218 18.71697 3.0455799 17
36.696995 19.790596 4.5299964 14
8.3117952 4.4844618 0.10489939 5
2.5920184 1.4180155 -0.033964947 2
1.9117007 1.0530236 -0.053186923 1
20.143639 10.854278 6.8710208 11
18.009802 9.6307125 4.6788588 2
32.089558 15.745224 5.2295079 5
2.1458318 1.1684163 -0.029151259 1
28.123701 14.404316 5.8104849 3
17.312515 9.2535019 5.9703007 15
11.624942 5.6247077 0.85949224 3
17.76828 9.4967737 5.361855 15
8.3213358 4.449832 0.1054013 6
17.957045 9.5211754 4.6592455 27
18.385595 9.8402357 2.5279436 2
2.566082 1.3916587 -0.027348453 2
1.8814863 1.0276088 -0.04312665 1
33.100933 16.096136 5.3698969 6
18.067802 9.1822205 3.9159844 1
18.00448 9.4690037 4.6631188 18
17.61771 9.3362856 6.0560598 15
17.799963 9.4329596 5.3616915 19
18.332214 9.7286882 2.5186896 8
2.2365494 1.2059234 -0.050770581 1
11.587993 5.5539937 0.85800368 3
8.3264198 4.4147973 0.10606908 6
2.6162572 1.4063656 -0.03678773 2
1.8988667 1.0280936 -0.047101289 1
32.710762 15.764275 5.3051476 6
18.008438 9.0722647 3.8991196 8
17.829762 9.3721952 5.3615112 21
18.149057 9.4631739 4.6889215 11
2.1783776 1.1657109 -0.035137601 1
8.3341255 4.3831067 0.10655423 6
17.688101 9.2935572 6.06811 24
2.575973 1.3733069 -0.027256478 2
18.334698 9.6472359 2.5155559 27
1.9025531 1.0212804 -0.047066778 1
17.992849 8.9888744 3.8908145 6
2.2310643 1.183109 -0.047227472 1
17.87998 9.3180475 5.3664756 6
1.9025954 1.0130134 -0.046032108 1
26.793007 13.838523 6.658947 8
2.5736444 1.3609465 -0.025754178 1
32.926403 15.718045 5.3286405 6
8.3744144 4.3664985 0.10546923 5
17.736185 9.2389145 6.0732141 6
18.395185 9.6003962 2.5189085 22
32.889202 15.565231 5.3160558 6
17.987324 8.9068861 3.8841691 5
36.469387 18.817017 10.375759 18
10.221788 5.2759247 0.4185417 3
2.2491817 1.1822761 -0.050652679 1
8.4040232 4.3441749 0.10491005 5
1.8890163 0.99732202 -0.040988151 1
2.6169624 1.3715537 -0.033733439 2
36.611832 18.919468 4.4867725 13
26.775326 13.709874 6.6442437 8
21.613585 11.156425 7.2723355 5
17.967253 8.8181229 3.8748808 9
8.4300194 4.3198919 0.1045235 5
17.138231 8.7790499 5.1495948 3
36.642818 18.772102 4.4835415 13
33.308838 15.355866 1.483791 32
19.943148 10.207002 6.7405591 10
2.5833182 1.3425511 -0.025665045 1
2.2777567 1.1866512 -0.056676794 1
1.8856964 0.98701918 -0.038951021 1
10.133451 5.1853108 0.41976979 15
26.741968 13.567966 6.6255693 8
5.5670018 2.8365121 0.025597345 3
17.909525 8.7115164 3.8586566 4
33.088062 15.374456 5.3300834 6
2.1495891 1.1115146 -0.023724761 1
26.546787 12.129655 1.2876413 5
10.169567 5.1584973 0.41975874 3
15.748864 7.9952397 5.4265237 6
24.319489 12.333995 7.0727062 3
26.821161 13.489255 6.6331697 8
36.740429 18.650696 4.487226 13
2.6094043 1.3435171 -0.029995 2
1.8825047 0.97640926 -0.03691173 1
8.4388781 4.2849684 0.10501804 5
26.610645 12.056899 1.2887174 5
26.128592 12.585093 5.3792124 9
26.22201 12.076405 4.3274746 3
17.667316 8.8923082 5.2757001 8
26.817072 13.374725 6.6224136 8
10.277162 5.1672888 0.41904193 3
11.472116 5.7795453 4.0915108 23
8.4754229 4.2658558 0.10410599 5
2.1467845 1.0999272 -0.021952946 1
37.040733 18.638987 4.5130963 14
1.8894699 0.97139663 -0.037881397 1
2.6036494 1.3289075 -0.027762324 2
29.424513 14.042052 5.9823537 4
17.644802 8.8068838 5.2619643 6
26.844149 13.275963 6.6188278 8
17.094645 8.5079117 0.3524411 3
11.563928 5.7769608 4.1141286 8
26.253614 11.978822 4.3262844 3
1.8997177 0.96840739 -0.039854325 1
2.2029777 1.1187068 -0.034909021 1
2.6504128 1.3410895 -0.036471702 2
8.5111942 4.2480326 0.10318624 5
33.388073 15.100349 5.3523269 6
24.249037 11.987681 7.021523 3
8.5361748 4.2247181 0.1027858 5
29.83416 14.108192 6.0494442 4
11.561803 5.7248797 4.1073561 4
2.6549556 1.3321011 -0.036426172 2
2.2768273 1.1457533 -0.052189276 1
1.9273288 0.9739188 -0.046830472 1
30.358833 14.878019 7.4045568 12
26.3731 11.820334 4.3326721 3
24.001152 11.760116 6.9443693 9
2.2353134 1.1153213 -0.040898312 1
29.962332 14.039577 6.064363 4
25.836735 12.552359 6.3708138 10
8.5618486 4.1997771 0.10238253 5
11.649502 5.7168994 4.1283598 8
2.6349714 1.3105351 -0.0312826 2
1.9099501 0.95680255 -0.040791433 1
24.273497 11.787168 7.0063219 6
2.2147045 1.0954124 -0.034804266 1
29.553507 13.721327 5.9802322 4
11.71647 5.6982899 4.1429501 5
8.5766535 4.1695018 0.10250169 5
11.673623 5.6638227 0.40675274 3
1.934294 0.96008331 -0.046772569 1
2.6502664 1.3062726 -0.033430815 2
26.514711 12.103218 2.307164 5
30.543306 14.695183 7.4229507 6
26.578455 12.030498 2.3091781 5
17.735054 8.1668873 3.7947879 1
2.2186244 1.0874842 -0.034771059 1
11.585339 5.5707312 0.40796295 3
15.360839 7.3966432 5.2579551 3
23.829611 11.463017 6.876884 3
8.6065016 4.1445503 0.10192671 5
31.161196 14.856806 7.5509534 13
2.6267903 1.2827295 -0.027558481 2
1.9379131 0.95279753 -0.046741869 1
37.525806 16.04648 1.5960639 47
26.04072 11.870277 5.3172736 9
27.03507 12.781432 6.6119046 8
11.648313 5.5503778 0.4076995 3
11.834783 5.6524177 4.1673217 5
32.327396 15.40252 9.1256847 5
2.2473986 1.0908881 -0.040797532 1
8.617506 4.1123886 0.10221969 5
1.9273461 0.93919784 -0.042707238 1
2.6491277 1.281795 -0.03116532 2
17.620424 7.9713802 3.7641768 1
37.548981 15.900113 1.5955536 47
17.270939 8.1442642 0.3538622 3
25.533138 12.065076 7.3089218 3
30.77973 14.416045 7.443295 12
2.2263842 1.0715925 -0.034706652 1
8.6421309 4.0885301 0.10180762 5
11.476407 5.4321318 4.0514975 16
2.6359134 1.2639629 -0.02748291 2
1.9482334 0.94053704 -0.047685888 1
17.637653 7.9042406 3.7624156 1
37.406277 15.970606 5.8857899 9
33.42598 14.017735 1.4766177 30
24.003992 11.240318 6.8927627 3
19.547564 9.0792551 4.9133639 19
17.335835 8.1001797 0.35374215 3
2.2939086 1.0933824 -0.050257765 1
8.6601686 4.0596619 0.10174765 5
1.9479336 0.93227243 -0.046658732 1
2.6829607 1.2750022 -0.036194857 2
30.601427 13.569042 6.1313491 4
33.472733 13.905753 1.476979 30
37.433128 15.826191 5.8820443 9
2.2340302 1.0556555 -0.034643989 1
23.521154 10.91352 6.7548614 2
8.6926193 4.037416 0.10098958 5
3.1471932 1.4773532 -0.0039522802 3
19.609768 9.0240183 4.9203963 7
17.208166 7.9668856 0.3554638 3
1.9372259 0.91877192 -0.042624433 1
2.6339715 1.2406507 -0.025224639 1
32.20628 14.143791 6.4164343 4
18.367636 7.5635791 1.045384 2
33.196941 13.89964 5.2692947 6
23.061043 10.60166 6.6234789 5
3.1560483 1.4677926 -0.0045003435 3
2.3017051 1.0769707 -0.050193716 1
17.39258 7.9776874 0.35419202 3
8.7250261 4.0149832 0.10023176 5
11.869738 5.4641218 4.1545854 11
2.6741531 1.2476432 -0.032476407 2
25.821196 11.765323 6.302217 7
1.9686853 0.92475039 -0.050608266 1
26.478708 12.19163 3.3319232 4
32.887924 13.641083 5.2189422 5
37.45459 15.999512 3.0193703 14
30.971384 13.47208 6.1823001 4
25.863775 11.685595 6.3037071 14
23.243486 10.58608 6.6620655 8
3.1504683 1.4516494 -0.0026852258 3
8.7173424 3.9742236 0.10138953 5
26.423698 12.053588 3.3219042 4
11.583673 5.2833567 4.0617213 9
17.475279 7.9410548 0.35389313 3
1.9966869 0.92891759 -0.057590723 1
2.671447 1.2348458 -0.030982142 2
18.610563 8.4089155 5.4331594 4
3.1551208 1.4415538 -0.0026473436 3
2.2449172 1.0324489 -0.034553852 1
30.714277 13.23174 6.1271701 4
17.409203 7.8445525 0.35495773 3
37.477654 15.853388 3.0176024 14
19.778221 7.9802794 1.0844107 2
1.9749768 0.91133565 -0.050556429 1
29.034441 12.99236 7.0016685 10
2.6825867 1.2295114 -0.032407902 2
26.476339 11.976167 3.3237395 4
37.600502 15.75707 3.0226641 15
30.760742 13.123256 6.1275315 4
18.649017 8.3470106 5.4357285 16
3.1602557 1.4303198 -0.0026058974 3
2.2486179 1.0244156 -0.034523081 1
2.7049344 1.2279557 -0.036015272 2
29.248537 12.964308 7.0395226 5
1.9853239 0.90741557 -0.052531559 1
8.7913284 3.9367502 0.099335894 5
11.763228 5.2696939 4.1058388 27
37.755299 15.062001 1.5946786 46
43.41814 17.466558 6.6961975 19
33.381035 13.852901 2.7393067 9
13.604194 6.0370007 4.1034551 2
31.17396 13.169447 6.1946268 4
17.464144 7.72157 0.35539004 3
2.2522881 1.0163805 -0.034493178 1
37.834183 14.939158 1.5958209 46
3.2449613 1.4542364 -0.015564541 3
2.7992516 1.2580589 -0.054194953 2
31.164421 13.680758 7.4555569 12
1.9708771 0.89247102 -0.047498327 1
12.25244 5.4360247 4.248734 6
31.294352 13.096781 6.2088428 4
37.607224 15.44914 3.0166571 14
43.464703 17.307417 6.6945758 19
23.005768 10.097732 6.5632391 5
27.1101 11.789651 6.5455422 7
3.2247696 1.431585 -0.011386815 3
17.491295 7.6599212 0.35560241 3
2.2559309 1.0083284 -0.034463648 1
37.871716 14.799906 1.5957987 46
2.7316861 1.2165277 -0.039586637 2
12.271585 5.3926024 4.2488847 23
1.9705377 0.88385874 -0.046471208 1
5.7261648 2.5004725 0.026914796 3
35.969936 14.901674 7.0484648 5
37.657764 15.314976 3.0168283 14
43.521755 17.15255 6.6945143 19
37.901264 14.657712 1.59556 46
8.898653 3.8719096 0.096528836 5
2.6855114 1.1848807 -0.029352505 2
13.300428 5.7904172 4.0131712 2
17.260872 7.5041513 5.7520242 5
27.011089 11.633447 6.5147452 7
3.229867 1.4201107 -0.011346254 3
2.3491135 1.0391107 -0.056068249 1
2.0127952 0.89376056 -0.057458036 1
37.700394 15.177681 3.016505 14
30.622963 12.562993 6.071425 4
37.923996 14.520742 1.5951896 46
43.570862 16.994617 6.6934032 19
2.3277178 1.0199306 -0.049980804 1
22.733404 9.7874937 6.474102 2
17.912603 7.6938682 0.35257795 3
3.1913016 1.3898815 -0.0042153439 3
26.541664 11.320691 6.4021502 18
37.596062 16.205221 4.4707155 12
2.6680629 1.1659873 -0.02494723 1
1.9839851 0.8727833 -0.048421554 1
12.176604 5.2485433 4.2090783 2
33.175003 13.471821 6.5251536 4
37.705437 15.025485 3.0137272 14
37.974949 14.387023 1.5955741 46
43.611996 16.833681 6.6912403 19
18.820301 8.0274849 5.4438658 11
2.2666895 0.98409331 -0.034375634 1
3.2035339 1.3816284 -0.0053578494 3
17.873373 7.60253 0.35340688 3
1.9657451 0.85657579 -0.042389013 1
2.6722283 1.1564692 -0.024913123 1
37.444172 15.983552 4.4492745 12
12.264255 5.234818 4.2300754 5
26.586851 11.229173 6.4036541 7
43.649593 16.68038 6.6890502 19
31.428389 12.634543 6.2016463 4
37.754463 14.891002 3.0138836 14
18.85211 7.9624195 5.4450173 4
3.2266877 1.3778975 -0.0082716197 3
2.3349993 1.0032812 -0.049921453 1
17.966476 7.567337 0.35299638 3
27.440136 11.474974 6.5835218 11
37.503963 15.852936 4.4500952 12
2.6401155 1.1316686 -0.01759569 1
2.0045133 0.86458772 -0.052375399 1
17.634262 7.4447055 5.841404 6
43.693283 16.520731 6.6873975 19
25.456484 10.133118 5.1172876 2
18.08407 7.5455213 0.35233483 3
37.806721 14.757835 3.0142813 14
14.359304 5.9574733 3.6931226 2
21.614855 9.0354385 7.0309095 7
13.49225 5.6480241 4.0427642 1
2.3385959 0.99494249 -0.049892478 1
3.2754171 1.3846775 -0.015320497 3
1.9861802 0.84845155 -0.046343062 1
2.6586812 1.1283183 -0.020477451 1
37.592667 15.734408 4.4539804 12
37.837303 14.623964 3.0134282 14
43.725254 16.356781 6.6841726 19
13.493172 5.5952187 4.038238 1
25.506767 10.048953 5.1202011 2
27.991402 10.272254 1.3109888 6
3.2801027 1.3736089 -0.015283568 3
2.3492045 0.98998857 -0.051595248 1
19.82618 8.2071495 6.4846053 3
29.676687 12.169364 7.0590143 10
18.110598 7.4817014 0.35254002 3
2.7208819 1.1428527 -0.032097828 2
2.0107088 0.85021555 -0.052324034 1
33.343643 13.820195 4.0051255 8
37.888626 14.49048 3.0138159 14
43.793808 16.206583 6.6861706 19
38.117649 13.829901 1.5954777 46
18.122082 7.4117532 0.35287902 3
3.2154186 1.3334889 -0.0040234467 3
25.615595 9.987443 5.1336918 2
20.445915 8.3839169 5.8381138 2
37.582058 15.427197 4.4425182 12
1.9956958 0.83603591 -0.047295235 1
16.818504 6.8355908 4.2246289 8
2.7247639 1.1336327 -0.032066472 2
19.856823 8.1377115 6.485363 11
33.659115 12.988087 6.572526 5
37.932007 14.354016 3.0137091 14
43.858112 16.054737 6.6876426 19
20.4862 8.3160057 5.8411422 6
16.806166 6.761518 4.2168317 14
3.2898502 1.3502502 -0.01520615 3
2.2838783 0.94387227 -0.034236707 1
37.610378 15.284111 4.4402437 12
18.237148 7.3837452 0.35225838 3
38.169937 13.69685 1.5959438 46
2.0166507 0.83617371 -0.052276444 1
19.815769 8.0392294 6.464725 5
2.7032983 1.1135908 -0.026937239 2
31.780561 12.135541 6.2277489 4
37.959942 14.211802 3.0126173 14
43.865971 15.882425 6.6812587 19
18.344803 7.3520579 0.35170731 3
2.3525126 0.96187419 -0.049780797 1
15.569747 6.2607279 4.5610828 3
3.268955 1.328248 -0.011034712 3
2.7182312 1.1083475 -0.029090105 2
2.0196612 0.82895178 -0.052251913 1
14.250846 5.6778259 3.6518521 25
33.397591 11.853772 1.4607719 27
19.708075 7.9146428 6.4242945 7
37.660339 15.149885 4.4402699 12
38.002319 14.075156 3.0124993 14
32.294201 11.5685 5.0520768 5
32.734859 12.367244 6.3913822 4
14.92841 5.9423923 4.3897605 12
2.2906249 0.9275443 -0.034183588 1
3.2736888 1.3166219 -0.010997302 3
18.422718 7.3079181 0.35142729 3
2.0226464 0.82172066 -0.052227482 1
2.7550969 1.1117153 -0.035612438 2
14.314603 5.6446028 3.6615851 8
37.695015 15.00962 4.4387555 12
19.771732 7.8590961 6.4352059 12
25.737534 9.6237383 5.132081 2
38.059204 13.943822 3.0133612 14
38.276321 13.28754 1.596028 46
32.360973 11.463732 5.0560412 5
15.016293 5.9158511 4.4072108 8
2.3448455 0.93935221 -0.046266459 1
20.007452 7.8708415 6.4974604 3
37.736572 14.872252 4.4380031 12
18.519171 7.2706137 0.35097608 3
14.307072 5.5832987 3.6557484 5
2.0796711 0.8357293 -0.067214124 1
2.7444298 1.0961344 -0.032667749 2
44.032513 15.426466 6.6829877 19
25.767632 9.5314531 5.1316729 2
38.111893 13.81093 3.0139713 14
38.334286 13.156481 1.5966861 46
18.611856 7.2312894 0.35055754 4
2.2972579 0.91116369 -0.034130078 1
15.325309 5.9747143 4.4816732 11
5.827157 2.2560701 0.027703345 3
37.77393 14.733315 4.436861 12
2.7483509 1.0863563 -0.032636985 2
1.9924463 0.7931897 -0.042172965 1
17.452383 6.7358375 4.3381019 7
13.997449 5.4548812 4.6998777 11
31.936876 11.06707 4.9864802 5
16.763273 6.1395469 3.519026 15
38.149063 13.672498 3.0135939 14
38.380421 13.021339 1.5970246 46
18.755507 7.2147517 0.34965423 4
17.817341 6.8077011 4.4129224 6
14.001307 5.4022593 4.6957364 12
15.143045 5.8422952 4.4294925 11
2.3515565 0.9225924 -0.046212673 1
37.81078 14.594285 4.4357181 12
2.0314472 0.79997188 -0.052157186 1
2.7118554 1.0610306 -0.024598004 1
38.14196 13.525998 3.0104961 14
38.412453 12.888953 1.5970241 46
44.087658 15.097526 6.6764498 19
15.558761 5.942246 4.5315223 11
34.668468 12.540536 6.7067962 5
3.3844244 1.305699 -0.025611304 3
17.947636 6.7848115 4.4362569 8
18.593891 7.0775862 0.35154304 3
2.3401077 0.90905082 -0.042728081 1
14.029331 5.3561049 4.6985564 9
2.0343304 0.79270405 -0.052133624 1
37.865726 14.462276 4.4364882 12
2.7266796 1.0555582 -0.026751721 2
38.212021 13.399374 3.0123177 14
38.442482 12.748474 1.5969281 46
44.125591 14.936845 6.6747432 19
15.596046 5.8933525 4.5358863 8
33.846897 12.108872 6.5530248 5
3.3224368 1.2685659 -0.014949963 3
17.492258 6.5425558 4.3322372 9
2.3068268 0.8869195 -0.034054156 1
2.7486734 1.0532677 -0.030364417 2
2.0551634 0.79262739 -0.057115845 1
37.902775 14.331121 4.435699 12
13.462033 5.0857382 4.5248404 21
44.220509 14.803986 6.6813884 19
38.243931 13.259398 3.0116818 14
38.544186 12.631623 1.5988424 46
33.734795 11.941396 6.5262084 4
15.645933 5.849031 4.5435205 10
2.310014 0.87868696 -0.034029696 1
19.018341 7.085619 0.34852907 4
17.645803 6.5288606 4.3607578 1
37.941879 14.193194 4.4349236 12
13.498 5.0448027 4.5303235 6
2.7340162 1.0366015 -0.026694432 2
2.0435057 0.77986127 -0.053091209 1
32.965309 10.910893 5.1095676 5
33.772964 11.821 6.5258532 4
38.275341 13.119317 3.0110419 14
2.3388212 0.87989742 -0.040057249 1
15.664691 5.7929926 4.5432067 11
13.452471 4.9736781 4.5117331 10
1.9954535 0.75376576 -0.039060932 1
18.320448 6.7043452 4.5022717 4
19.04324 7.0185175 0.34871498 4
37.976749 14.053802 4.4337587 12
2.8262913 1.0595243 -0.044135608 2
44.588772 14.271625 1.7656956 58
38.337982 12.997456 3.0125902 14
33.384327 10.918869 5.1627259 5
29.608639 10.248275 5.7800288 3
2.3309767 0.86752826 -0.037438206 1
19.056622 6.9472318 0.34900168 4
15.774591 5.7702098 4.5662642 14
2.0090873 0.75061041 -0.042040613 1
2.7857442 1.0332787 -0.035371538 2
38.011105 13.914318 4.4325886 11
17.838968 6.4572172 4.3930421 2
13.4899 4.9332995 4.5177493 13
44.533939 14.081346 1.7631289 57
32.803715 10.601304 5.0771313 5
38.345718 12.849577 3.010464 13
29.581148 10.122029 5.7690473 3
15.708917 5.6833858 4.5444465 12
3.3402805 1.2212137 -0.014812198 3
2.2973616 0.84594524 -0.028766809 1
18.557463 6.64259 4.5437498 10
2.0190816 0.74605531 -0.044020277 1
38.033718 13.770741 4.4302597 11
19.12244 6.8948812 0.34881216 4
13.354982 4.8306422 4.4729376 12
2.8819358 1.0567297 -0.053538878 2
44.467735 14.201014 6.6891255 38
26.389605 8.9329386 5.1983957 2
44.575684 13.92195 1.7632693 57
38.398369 12.716825 3.0112844 13
15.884596 5.683331 4.5843296 11
1.9707148 0.72059351 -0.029993877 1
2.307759 0.84036469 -0.030472746 1
2.7671754 1.0041659 -0.03021957 2
18.623325 6.5919762 4.5531073 4
13.379253 4.7859292 4.4752045 12
38.115776 13.648596 4.4340782 11
32.804016 10.352718 5.0676985 5
26.522001 8.8734789 5.2164845 8
38.488506 12.596297 3.0145543 14
44.613026 13.761275 1.7632959 57
19.486393 6.8747945 0.3463299 4
18.624994 6.5223088 4.5488772 10
13.298946 4.706953 4.4469657 3
16.069633 5.6853528 4.6265492 9
2.310782 0.83213019 -0.030449228 1
2.0025322 0.72386026 -0.037976362 1
2.7040126 0.97073483 -0.017091282 1
38.141148 13.506136 4.432126 11
44.456966 13.852828 6.6746449 19
44.64978 13.600551 1.7633172 57
44.18243 14.598617 8.3301601 11
34.261257 11.973858 9.2538948 12
2.3652463 0.8423174 -0.042530771 1
18.664591 6.4622254 4.5526404 4
19.540768 6.8165603 0.34623864 4
17.77541 6.2152071 5.7585483 5
2.7743344 0.98443109 -0.030163685 2
1.9685853 0.70392793 -0.027952826 1
38.169735 13.365004 4.430552 11
44.549179 14.239207 3.4011769 10
33.190868 10.217721 5.1116824 5
26.355202 8.6113796 5.1765761 8
43.972404 15.189216 11.713283 14
2.0222492 0.71494132 -0.041937407 1
26.595337 9.09624 6.255734 10
2.3535104 0.82878184 -0.039049651 1
38.206768 13.234448 4.4301109 11
17.831882 6.1642451 5.7688756 6
28.268715 9.1307087 5.5089307 3
44.481075 14.044873 3.3939152 36
44.568748 13.543489 6.677423 19
17.519442 5.9920626 4.9804263 1
2.356492 0.82037598 -0.039026313 1
19.229708 6.5056219 4.6647997 6
2.0358276 0.71146786 -0.044918738 1
2.8332953 0.98293525 -0.040298693 2
17.764185 6.070672 5.7428155 7
38.24567 13.097079 4.4296799 11
44.518871 13.884478 3.3935285 36
44.452183 14.176309 8.3524084 11
18.164299 6.1390061 5.8542681 7
19.245863 6.4391704 4.6637616 10
17.485237 5.911448 4.9665546 10
38.291611 12.962157 4.4300151 11
2.4038503 0.82695782 -0.049377475 1
2.0384007 0.70418173 -0.044897784 1
2.9038997 0.99548131 -0.053369652 2
44.351376 13.972035 8.3262939 11
44.579002 13.731002 3.3946121 36
19.600594 6.5514927 5.4978385 3
2.388155 0.81262803 -0.04503325 1
18.319351 6.1192122 5.8934903 4
19.387604 6.4104252 4.6894879 9
2.0556397 0.70180219 -0.048880015 1
2.8141847 0.954036 -0.035152644 2
38.344635 12.829561 4.4311166 11
27.101833 8.4386148 5.2879272 9
44.653881 13.581929 3.3966706 36
2.3947885 0.80533594 -0.045876306 1
17.865398 5.9027548 5.0528808 10
19.352375 6.3230672 4.677269 9
2.0433397 0.68995774 -0.044859976 1
18.296942 6.0399256 5.8808036 9
2.9108186 0.97531772 -0.053317647 2
38.353382 12.689796 4.4279618 11
27.108826 8.3359509 5.2841673 3
17.858419 5.8305407 5.0460181 7
19.430563 6.2726808 4.6894126 6
2.3642695 0.78589326 -0.038074479 1
38.443306 12.569321 4.4329014 11
2.045835 0.68265915 -0.044841699 1
2.7946432 0.92595571 -0.03000924 2
18.189901 5.9334483 5.8434944 10
50.638287 14.250794 1.923257 63
44.515594 13.507543 8.3306322 11
19.022022 6.0706835 4.5976863 6
18.299614 5.9012403 5.8698611 5
18.184355 5.8656397 5.1233201 5
2.0372465 0.67178112 -0.041821759 1
2.3745358 0.77985203 -0.039781716 1
2.8503785 0.93288958 -0.040170494 2
26.687965 7.5989451 4.1911063 3
44.496887 14.372757 5.0435433 25
49.374298 13.707894 1.88726 63
18.329964 5.8446269 5.1552582 2
2.3511565 0.76351011 -0.033711128 1
18.397499 5.8609996 5.892488 8
19.196655 6.0516438 4.6305957 4
28.160563 8.4362869 5.4583163 6
95.168427 27.81679 6.6299381 63
50.754333 13.907904 1.9244487 63
26.661175 7.4897346 4.1839552 3
2.8274894 0.91439116 -0.03505246 2
2.0507493 0.66801924 -0.044803552 1
44.515038 14.205531 5.0406322 18
44.293125 13.930181 11.694703 29
2.3837123 0.76449668 -0.040604509 1
3.3627939 1.071241 -0.010314457 3
19.412561 6.0442457 4.6722951 4
23.840172 7.4978361 7.4709663 8
2.0419652 0.65756714 -0.041786086 1
44.499722 14.036602 5.0346189 24
2.8043408 0.89656055 -0.029936617 2
28.108828 8.3128042 5.444294 3
95.300362 27.491287 6.6328249 63
26.695108 7.3977118 4.185184 3
18.259399 5.6803231 5.1274886 3
2.4349508 0.77105492 -0.051813249 1
2.0443423 0.6502623 -0.041761272 1
28.662817 8.806612 6.6404171 8
2.8338504 0.89474016 -0.034998544 2
29.409117 8.0424356 4.5536895 4
23.93277 7.4340839 7.4904141 11
44.499516 13.864242 5.0299487 24
95.419655 27.161963 6.634913 63
28.081196 8.1969767 5.4345589 3
18.305403 5.623733 5.1341562 5
2.3854568 0.74633062 -0.039695848 1
2.0466979 0.6429553 -0.041745756 1
2.8182597 0.87889349 -0.031341981 2
44.525299 13.700245 5.0279298 24
24.670149 7.5672183 7.6971703 5
26.822855 7.7276673 5.210012 5
95.553192 26.836456 6.6379142 63
44.506935 13.486549 10.008562 20
44.400799 13.436606 13.414816 24
95.680946 26.527161 6.6408782 63
2.3619857 0.72989088 -0.033628885 1
44.447899 13.454691 11.697489 29
27.785452 7.8984089 5.3733311 9
2.0602639 0.63864422 -0.044729959 1
18.190424 5.4503489 4.3990192 16
2.8140419 0.86607546 -0.029865172 2
44.60239 13.543423 5.0309243 24
95.78537 26.193117 6.6421385 63
27.911938 7.8279448 5.3907013 3
20.31892 6.0800519 5.6296659 10
3.4728119 1.051048 -0.024949344 3
2.3834591 0.72663772 -0.037931975 1
2.8171537 0.85605723 -0.029845763 2
2.0440271 0.62571996 -0.039714482 1
18.284773 5.4082212 4.4151134 16
44.442894 13.269629 13.412967 24
96.015129 25.910891 6.6517301 63
27.413332 7.5892897 5.299499 3
9.4954119 2.8067801 0.09109211 5
19.603523 5.791081 5.445055 3
2.3673525 0.71260577 -0.033594295 1
2.0537243 0.62061733 -0.041700501 1
18.412916 5.3753691 4.4383998 8
44.478348 13.109365 13.41003 24
3.4765699 1.0387112 -0.024926247 3
2.8466368 0.85381985 -0.034917817 2
96.155998 25.585815 6.6554308 63
27.379074 7.4758887 5.2890577 9
4.3806362 1.0433961 0.0062786979 10
2.4224222 0.71945101 -0.045675036 1
3.480283 1.0263565 -0.024902795 3
25.789244 7.5151343 6.9895167 9
9.5053158 2.7732201 0.091152661 5
18.392262 5.2989097 4.4301205 4
44.505836 12.946837 13.404943 24
2.8043859 0.83049005 -0.026170719 2
2.0485406 0.61110198 -0.039685305 1
27.44401 7.3948112 5.2961478 6
96.357544 25.276249 6.6630611 63
4.3843608 1.0278562 0.0062994007 10
18.195465 5.2365966 5.0828171 7
2.4250178 0.71082234 -0.045659699 1
3.38889 0.9866994 -0.010140959 3
9.5150957 2.7396448 0.091210425 5
18.569258 5.2788048 4.4637928 2
44.580879 12.798089 13.413771 24
2.0805333 0.61235231 -0.04767023 1
2.8527353 0.83354574 -0.034879837 2
27.502367 7.3065028 5.3019209 6
96.476936 24.944664 6.6655126 63
4.4849067 1.0344108 -0.0049478901 12
18.496393 5.2522678 5.1535516 2
2.4275861 0.70216924 -0.045642592 1
9.5247593 2.7060244 0.091266416 5
95.241638 27.08086 10.100598 63
2.8784349 0.82982856 -0.039224423 2
2.071579 0.60174412 -0.044656739 1
18.236334 5.17343 5.79563 3
19.688066 5.5209613 4.6968598 11
19.79566 5.1878452 3.9607608 3
96.56424 24.604607 6.6659865 63
4.4420619 1.0080633 0.00048012633 11
18.593517 5.208849 5.1733022 10
2.3774667 0.67877436 -0.033530004 1
2.0737634 0.59434259 -0.044642795 1
2.809449 0.79944104 -0.02538747 2
19.932274 5.513423 4.744523 9
9.5343027 2.6723738 0.091322012 5
18.325058 5.128613 5.8160772 10
95.528168 26.798769 10.1204 63
96.716133 24.280861 6.6706333 63
48.250347 12.445291 8.8892622 14
4.5192227 1.0093961 -0.0080643296 12
19.211645 5.306612 6.0667062 12
20.162451 5.5041747 4.7893839 9
18.791792 5.1927142 5.2183099 13
2.4326258 0.68485707 -0.045612015 1
2.075922 0.58693945 -0.04462966 1
95.629662 26.464115 10.121703 63
2.827492 0.79363382 -0.028279588 2
96.975159 24.001141 6.6823859 63
19.747753 5.0265579 3.9463944 7
4.4956398 0.98746604 -0.0048905308 12
2.382225 0.66223633 -0.033500399 1
18.925476 5.1612377 5.2474098 4
18.311661 4.9890304 5.8023582 3
3.4980285 0.96504098 -0.02479489 3
20.223431 5.4441147 4.7982845 2
2.8645043 0.79286486 -0.034806184 2
2.0892651 0.58256924 -0.047614887 1
95.764587 26.138472 10.126465 63
97.148369 23.681076 6.6884918 63
19.90892 4.9926963 3.9713187 3
4.4991684 0.9715308 -0.0048726401 12
21.514822 5.7819757 6.718955 6
19.020622 5.114996 5.2666907 6
2.3846221 0.65373433 -0.033484697 1
3.4059565 0.92697126 -0.010036482 3
2.0800576 0.57246041 -0.044602674 1
2.8482215 0.77808279 -0.031154053 2
95.920738 25.836372 10.133885 63
97.238739 23.358656 6.6896429 63
19.789625 4.8923454 3.9479039 3
19.056505 5.0560808 5.2714643 8
3.4091125 0.91547406 -0.010017758 3
2.4397204 0.65968287 -0.045568299 1
21.758705 5.7649956 6.7833128 6
96.034279 25.504358 10.136701 63
2.8206062 0.75989074 -0.025320012 2
2.0596783 0.55907393 -0.038591146 1
97.359283 23.025166 6.6925282 63
19.910313 4.8475833 3.9658737 4
48.199306 12.421131 10.678184 48
19.742664 5.1574101 6.198812 4
19.174889 5.0113363 5.296361 9
2.0841949 0.55759752 -0.044577349 1
2.8728161 0.76277274 -0.034756258 2
3.4584944 0.91474646 -0.017070225 3
2.3893228 0.63672453 -0.033456881 1
96.192894 25.183907 10.144129 63
48.465961 11.611362 8.8916969 28
97.49427 22.694698 6.6963892 63
2.4444637 0.64227659 -0.045538303 1
19.449636 5.0132766 5.3605418 9
3.4156315 0.89124072 -0.0099791875 3
19.786922 5.0943046 6.206408 3
2.8755636 0.75254887 -0.034739334 2
2.0749729 0.54724991 -0.041565247 1
96.392845 24.873581 10.155783 63
20.008562 4.7257528 3.9773042 4
97.616447 22.360895 6.6994996 63
19.552078 4.9660234 5.3816891 3
2.3937941 0.62010056 -0.033428915 1
3.3996518 0.87424719 -0.0070131058 3
96.498718 24.556711 10.158547 63
2.828578 0.7302469 -0.02527157 2
44.960838 11.390902 13.415906 24
2.0918808 0.54402936 -0.045552108 1
97.866013 22.073612 6.7109551 63
48.788799 11.325302 8.9338341 14
20.950546 5.2416277 5.7242208 5
2.0938628 0.53656209 -0.045540594 1
2.8121305 0.71540904 -0.021620661 1
2.3960414 0.61157423 -0.033416115 1
3.4219787 0.86697406 -0.0099431034 3
21.699738 5.4223518 6.7441316 6
96.658051 24.234875 10.166329 63
98.001656 21.741697 6.715034 63
48.809242 11.148733 8.9307241 14
87.87484 17.918083 2.9195096 8
19.685587 4.849999 6.1627889 3
21.021832 5.1805835 5.7374187 3
2.4665143 0.61985874 -0.048953041 1
3.4058816 0.85008878 -0.0069777537 3
2.0807779 0.52536958 -0.041530032 1
2.8681791 0.7185843 -0.031785186 2
96.824028 23.914127 10.174876 63
48.830948 10.981664 8.9282627 14
98.1362 21.409073 6.7191014 63
4.6196222 0.87965131 -0.016023291 13
72.209023 14.460883 2.4908805 63
2.4762387 0.61335546 -0.050668091 1
47.814098 11.598368 12.365651 17
3.4472299 0.84792167 -0.012854009 3
19.790659 4.8016882 6.1880441 14
48.447041 11.586493 10.687303 48
2.0977466 0.52159226 -0.045516253 1
2.8516598 0.7037347 -0.028133554 2
96.946388 23.582212 10.179174 63
98.211029 21.063259 6.7194653 63
48.79237 10.792327 8.9152098 14
21.0457 5.0306959 6.542037 5
47.85096 11.428614 12.364931 17
3.4502733 0.8356809 -0.012836778 3
2.4024949 0.58635449 -0.033377647 1
9.630229 2.3052304 0.091862112 5
2.8158174 0.68494666 -0.020849369 1
2.0844893 0.51087314 -0.04150736 1
97.129333 23.282593 10.189992 63
48.88026 10.631044 8.9240055 14
98.354973 20.731941 6.7242527 63
67.811333 13.097033 2.3688648 63
47.847366 11.258294 12.354837 17
2.4349298 0.58539146 -0.040277019 1
3.472379 0.82856381 -0.015766686 3
9.6379595 2.2729084 0.091903917 5
21.205946 4.9897666 6.5828218 7
2.8297763 0.67764175 -0.023016976 1
97.330917 22.9685 10.202361 63
2.0750458 0.50076568 -0.038497724 1
48.994648 10.475024 8.9374323 14
98.552544 20.411222 6.7324781 63
47.875446 11.086717 12.352235 17
3.4213946 0.80374384 -0.0075007225 3
2.4560778 0.58112127 -0.04458265 1
21.114578 4.8896337 6.5518589 7
2.1145115 0.50249332 -0.048483673 1
2.8167758 0.66450971 -0.020094411 1
61.598007 11.459627 2.1977797 63
49.081493 10.312713 8.9462194 14
98.745155 20.088655 6.7404475 63
47.895317 10.913348 12.347754 17
2.3553836 0.54889762 -0.021247873 1
3.4589984 0.79950279 -0.012787579 3
21.03968 4.7940593 6.5257106 7
2.8230112 0.65537196 -0.020808816 1
2.1012442 0.49148965 -0.044474393 1
49.144642 10.145102 8.951026 14
48.720535 10.764958 10.705078 24
98.889732 19.75552 6.74545 63
20.307259 4.5558796 6.3126864 7
47.933548 10.744236 12.347947 17
2.4107292 0.5524888 -0.033330131 1
3.4425676 0.78289706 -0.0098261219 3
6.1020555 1.3543276 0.029539036 3
2.8100302 0.64188015 -0.017886957 1
2.1068196 0.48483601 -0.04546342 1
56.323986 10.069231 2.0526073 63
99.025841 19.438278 6.7501817 63
3.4259255 0.76701593 -0.0068645286 3
2.3935704 0.54011428 -0.029000185 1
47.946529 10.578405 12.342514 17
49.203346 9.9763699 8.9551659 14
20.351498 4.4902887 6.3207994 14
2.8046699 0.63018447 -0.01641966 1
2.0934663 0.47396547 -0.041454218 1
49.029331 9.7612162 8.9195623 28
47.972179 10.406653 12.339888 17
3.409354 0.75065529 -0.0039035382 3
2.3650067 0.52493984 -0.022078389 1
56.35302 9.8594751 2.0525434 63
2.7953064 0.61820108 -0.014227161 1
2.106468 0.46934471 -0.044443566 1
20.404945 4.4264827 6.3315868 12
69.407448 12.350464 9.8469172 63
49.297966 9.6430235 8.9601126 14
48.008633 10.237251 12.340066 17
2.824472 0.61401057 -0.019303245 1
3.4507451 0.74680185 -0.0097808708 3
2.0778885 0.45533818 -0.036437448 1
20.509079 4.3732038 6.3568306 7
2.3821971 0.51977563 -0.025522612 1
25.973234 4.9948311 4.9670525 5
51.072159 8.5752745 1.9076896 63
69.441002 12.091446 9.8455257 63
48.10918 10.081321 12.356148 17
2.3688025 0.50807631 -0.022056963 1
3.4534335 0.73455548 -0.0097668171 3
2.0909295 0.45031288 -0.0394268 1
2.8459432 0.60800421 -0.022925733 1
20.347137 4.2636175 6.3065715 10
56.302456 10.244504 4.0548425 59
25.975243 4.9002013 4.9644818 5
51.121845 8.3985357 1.9083374 63
47.999729 9.8816595 12.320757 17
2.0812025 0.44050351 -0.036418967 1
3.4289539 0.71670139 -0.0056280266 3
2.366833 0.49884045 -0.021182666 1
20.537661 4.2277389 6.3564439 7
2.8442917 0.59708548 -0.022186641 1
26.007936 4.8113704 4.967205 5
25.218523 4.2184043 3.9062064 2
2.3705671 0.49079731 -0.021604899 1
3.4586792 0.71001673 -0.009738775 3
48.087696 9.7229424 12.334023 17
2.0980027 0.43615577 -0.040408 1
2.8503108 0.58775842 -0.022902787 1
48.979912 9.739583 10.714917 48
20.91897 4.2290359 6.4603982 13
25.115896 4.1102333 3.8905313 2
26.280996 4.7659087 5.010994 5
48.087399 9.5463629 12.325756 17
3.4379535 0.69310862 -0.0061902697 3
2.3838515 0.48464239 -0.024186878 1
2.8292949 0.57301408 -0.018529937 1
2.0844114 0.4256396 -0.03640116 1
20.979189 4.1640668 6.4733176 7
25.969486 4.6149302 4.9550939 5
25.051985 4.0090766 3.8800969 2
48.096252 9.3806267 12.320288 17
30.627739 4.7031608 1.3512452 10
45.681213 8.8963442 13.462665 25
2.0973802 0.42043346 -0.039391335 1
2.3817887 0.47540095 -0.023313791 1
3.4326861 0.67939663 -0.0049999608 3
2.8390956 0.56446058 -0.01997311 1
48.150379 9.2236633 12.326044 17
26.008982 4.5273027 4.9591341 5
56.642273 9.4835653 4.0679722 82
30.554401 4.5872617 1.3488897 9
45.744888 8.7495632 13.472438 25
25.066031 3.9206517 3.8801479 2
6.1419725 1.1627085 0.029738411 3
2.3719344 0.46512368 -0.02071364 1
3.4350135 0.66781986 -0.0049877451 3
2.0874398 0.41112584 -0.036384732 1
2.860357 0.55858004 -0.023597281 1
35.399315 5.1858711 1.4796102 28
2.3697145 0.45637199 -0.019841066 1
25.917906 4.4172835 4.9409823 5
48.113861 9.0407352 12.309342 17
3.429527 0.65477049 -0.0037983926 3
2.8468251 0.54599994 -0.020679794 1
2.0812662 0.40261135 -0.034377869 1
25.193449 3.8495288 3.8954036 2
6.1461048 1.1409901 0.029756822 3
9.7318678 1.8334799 0.092372254 5
45.783092 8.5894032 13.474713 25
25.257254 3.7726624 3.9022644 2
25.86529 4.3144555 4.9294515 5
48.191387 8.8793287 12.320708 17
3.435782 0.64331323 -0.0043759723 3
49.229824 8.9074059 10.734023 48
2.3752258 0.44864485 -0.020697059 1
35.457016 5.0667448 1.4807373 29
2.1017935 0.39870897 -0.039367151 1
45.839687 8.4325905 13.482343 25
2.8256023 0.53158879 -0.016308682 1
6.1501637 1.1192521 0.029774744 3
59.304935 8.6336975 8.4506283 63
2.378792 0.44053045 -0.02112009 1
6.1541467 1.097502 0.029793337 3
48.195667 8.7043409 12.31429 17
26.452753 4.3163347 5.0268836 5
2.8275347 0.52154696 -0.016299816 1
48.128342 6.7016778 1.8228881 61
3.4497845 0.63322496 -0.0061313827 3
2.0994523 0.3905232 -0.038360205 1
45.880585 8.2727337 13.485683 25
25.338331 3.6021419 3.9096901 2
48.180161 8.5260792 12.303188 17
3.4364896 0.6182273 -0.0037646766 3
2.3880999 0.43341914 -0.022839053 1
25.710157 4.102313 4.8980994 2
2.0818286 0.37963575 -0.03335559 1
2.8294339 0.5114879 -0.016290443 1
45.920925 8.112689 13.489015 25
70.062897 12.467505 7.4149165 56
6.1582441 1.0746379 0.029811218 3
59.350113 8.8753691 4.2277689 63
25.017057 3.4665461 3.8651514 2
24.72278 3.855664 4.7279077 2
45.953102 7.9511704 13.490204 37
6.1620684 1.0528554 0.02982845 3
48.238297 8.3520727 12.309869 17
2.0909324 0.37317005 -0.035347622 1
2.385921 0.42381775 -0.021967243 1
2.8236375 0.49957457 -0.014826805 1
3.4583259 0.60879141 -0.0066987132 3
24.674902 3.3349912 3.8179846 2
24.564032 3.7466252 4.6988072 2
46.609196 5.9973097 1.7802334 58
59.398853 8.6687841 4.2289772 63
2.3758516 0.41378108 -0.019369001 1
48.266056 8.1903028 12.309979 17
3.4487171 0.59514272 -0.0049217083 3
46.007523 7.7933621 13.497814 37
2.8642366 0.49613619 -0.022086507 1
2.088495 0.36505547 -0.034340445 1
24.460106 3.6425169 4.6789794 4
48.294693 8.0199108 12.310094 17
49.487793 8.0552082 10.757013 24
2.377373 0.40531939 -0.019361759 1
3.4547732 0.58355862 -0.0055012372 3
46.579548 5.8184438 1.7788935 58
2.0897803 0.35797697 -0.034334362 1
2.8659558 0.48646566 -0.022078244 1
6.1693053 1.0103484 0.029859008 3
46.061401 7.6352754 13.505416 25
24.636829 3.5799325 4.7068443 2
49.032093 5.9578199 1.8445854 62
48.295868 7.8450313 12.303648 17
2.8250275 0.46930668 -0.014074913 1
100.36189 16.399456 10.372141 63
2.3750114 0.39622152 -0.018491259 1
46.095711 7.4738646 13.507661 25
2.0796404 0.34865746 -0.031330355 1
76.200203 12.122858 16.269888 61
3.4529829 0.57066119 -0.004902753 3
26.137526 3.7033718 4.9592791 2
48.159344 5.6798205 1.8205307 61
3.4472344 0.55716646 -0.0037161505 3
2.3880403 0.38960636 -0.02107496 1
48.350174 7.6788054 12.310303 17
6.1764259 0.96670604 0.02988705 3
2.0885839 0.34245875 -0.033322379 1
2.8306262 0.45988572 -0.014794433 1
46.133266 7.3128662 13.510972 25
52.470272 6.9141574 3.7906392 52
36.609764 4.1951852 1.5086864 33
28.408527 3.9273469 5.3422179 3
48.388546 7.5099101 12.313209 17
3.488348 0.55100912 -0.0095972372 3
2.412632 0.38471806 -0.026249925 1
9.7857647 1.5234249 0.092599131 5
46.189308 7.1546597 13.519634 25
68.03038 10.33243 14.566903 44
2.8361931 0.45042461 -0.015513208 1
2.0975099 0.33620521 -0.03531538 1
36.500473 4.0589356 1.5053892 32
26.502644 3.5691204 5.0169868 2
52.462688 6.7251625 3.788729 52
29.086336 3.4086428 4.3981714 3
67.940605 10.086005 14.54143 44
46.23595 7.003149 13.526144 25
2.3908839 0.37259451 -0.021062169 1
48.414795 7.3390698 12.313299 17
2.0949314 0.328136 -0.034309763 1
3.451231 0.53268445 -0.0036983103 3
9.7911482 1.4888763 0.092619002 5
2.8145106 0.43679997 -0.011146556 1
36.697498 3.9499612 1.5103366 33
29.05826 3.3066769 4.3929472 3
28.349604 3.7155046 5.3277211 3
50.204113 6.2562041 3.6467869 49
2.3999195 0.36565903 -0.02278335 1
3.460897 0.52222204 -0.0048698713 3
48.400703 7.1709952 12.304025 17
9.7961464 1.4560399 0.092636943 5
46.287109 6.843812 13.533723 25
67.661621 9.800787 14.476775 43
59.360588 8.8458824 6.3364701 47
2.8238916 0.42794546 -0.012592523 1
2.0923235 0.32009569 -0.033304986 1
29.033766 3.2053757 4.3882461 3
36.49649 3.7983301 1.5045701 32
27.286459 3.4785657 5.1455798 2
49.036842 5.9355402 3.5728827 45
48.425747 7.0001302 12.304111 17
9.8012877 1.421447 0.092662193 5
2.3819439 0.35429636 -0.018451894 1
59.350521 8.6413641 6.3327127 47
3.5410984 0.52128762 -0.016634788 3
46.34536 6.6853042 13.543447 25
26.221794 3.7085936 5.9306936 6
2.0972881 0.31356022 -0.034291871 1
2.8292725 0.41897297 -0.013306009 1
28.6467 3.0604906 4.3352809 3
47.966095 5.6432161 3.505096 42
28.527925 3.5342352 5.3536091 3
48.477165 6.8330016 12.310703 17
2.3909891 0.34690842 -0.020174921 1
3.4803123 0.49985963 -0.0072053033 3
9.8063107 1.3868382 0.092671886 5
46.361095 6.5205693 13.541345 25
26.273609 3.6213431 5.9387112 3
2.8269145 0.4083654 -0.012574902 1
2.0984576 0.30608326 -0.034288272 1
46.993122 5.3694525 3.44347 38
28.886175 2.9829931 4.3656936 3
49.224045 5.9167867 8.8521509 13
25.466042 3.4232817 5.7699952 3
46.420937 6.3702712 13.55209 25
48.447094 6.6544981 12.297638 17
2.3922763 0.33840203 -0.020171694 1
3.4507768 0.48319319 -0.0024887712 3
9.7637005 1.3457049 0.09474761 5
2.8362091 0.3993904 -0.014024207 1
2.107276 0.29966205 -0.036283497 1
45.924522 5.0836158 3.375921 34
45.079105 4.4909549 6.5165038 16
48.193584 5.6293349 8.6746178 12
48.496174 6.4956298 12.304221 17
3.4524488 0.47155455 -0.0024843737 3
34.180435 3.1867456 1.441185 23
2.3779874 0.32821584 -0.01671374 1
9.8038692 1.3177171 0.093205981 5
46.469936 6.2099061 13.559621 25
2.8415732 0.38983271 -0.014746857 1
2.0968823 0.29058856 -0.033281654 1
34.627926 4.6715631 3.9081063 7
26.599026 3.0197048 5.0217276 2
45.136364 4.8355474 3.3258724 31
45.127087 4.3270369 6.5206814 17
48.491856 6.3209295 12.2977 17
9.8600483 1.289806 0.090974607 4
46.50309 6.0473471 13.562861 25
3.4894745 0.46392453 -0.0077817561 3
2.8273373 0.37820101 -0.011837599 1
2.4024436 0.32280502 -0.021892475 1
34.123821 3.0602245 1.4393452 22
34.627651 4.5534949 3.9065857 7
2.1171188 0.2860164 -0.038275398 1
26.637032 2.9288306 5.0263653 7
45.07774 4.668642 3.3211815 31
45.150032 4.1686349 6.5217085 17
2.3920228 0.31277046 -0.019299021 1
34.056778 2.9332857 1.4372354 22
46.543327 5.8855481 13.568243 38
9.825182 1.2482467 0.092704013 5
48.565174 6.1475501 12.309895 17
34.557446 4.4141998 3.8981218 7
49.988159 6.1656432 10.804098 48
3.4834003 0.44993436 -0.006600664 3
2.8209958 0.36665446 -0.010380771 1
2.1259291 0.27907267 -0.040271562 1
45.117821 4.5121541 3.3226497 31
26.647274 2.8348138 5.0263643 2
25.011703 2.2230599 3.8459113 2
24.8311 2.9817972 5.6301017 3
35.274448 2.91276 1.4696591 27
46.58683 5.7240386 13.574687 38
9.8097649 1.2111311 0.093569696 5
48.563465 5.9732656 12.304298 17
34.54916 4.2893748 3.8958249 7
2.0962307 0.26767144 -0.032273866 1
2.3971217 0.30429739 -0.020158965 1
2.8184471 0.35613558 -0.0096499342 1
3.4732628 0.4361161 -0.0048306216 3
44.975227 4.6197081 8.1187973 10
45.170048 4.3486123 3.3248525 31
24.90093 2.1247163 3.8301618 2
2.3943257 0.29572648 -0.019292779 1
48.583282 5.8104334 12.304313 17
24.825972 2.8923042 5.6269093 3
3.4826334 0.42535219 -0.0060050283 3
9.7900276 1.175377 0.094608292 5
46.652737 5.5650063 13.587557 25
35.516769 4.2822075 3.9887722 8
2.8471005 0.34940445 -0.014734156 1
2.124156 0.2634511 -0.03926735 1
28.248766 2.8033195 5.2933335 3
34.232944 3.1754541 2.6456597 8
36.198868 2.7386754 1.4939083 30
45.259018 3.6962974 6.5305347 17
48.119675 5.5914731 12.187329 16
24.839487 2.8094687 5.6277142 3
26.771364 3.1053395 8.0198402 6
3.4959779 0.41437268 -0.0077698058 3
2.3954306 0.28720173 -0.019290265 1
2.8522341 0.34025526 -0.015459276 1
35.49144 4.1586089 3.9849257 8
2.1327958 0.25715759 -0.041263375 1
9.7822742 1.1394352 0.095128439 5
47.075474 5.3104234 11.929943 15
24.7904 2.7197673 5.6157207 9
45.31076 3.5477557 6.5357447 17
6.2146955 0.68629402 0.029980347 3
27.467236 3.0925114 8.2115765 10
3.4934905 0.40214786 -0.0071787015 3
2.4080963 0.28042677 -0.021879252 1
9.7543335 1.1030667 0.096509054 5
26.562576 2.5370214 5.007134 2
34.065044 3.0388348 2.6345477 8
35.465675 4.0352225 3.9810774 8
2.133718 0.24993475 -0.04126114 1
2.8378012 0.32885009 -0.0125498 1
3.4988234 0.39080492 -0.0077657681 3
25.158484 2.6702018 5.6892929 3
37.126522 2.5522909 1.5182478 100
2.4226844 0.27378455 -0.024900014 1
9.8653107 1.0820411 0.091860987 4
35.411777 3.9089928 3.9745259 8
2.8546 0.32099643 -0.015455402 1
2.1115203 0.24015623 -0.035263088 1
27.048946 2.9488149 8.0916119 6
45.366562 3.3912089 6.5414705 17
6.2171521 0.66431528 0.029981866 3
34.03186 2.9150293 2.6318166 8
27.027122 2.4850583 5.083971 5
45.417297 3.2420552 6.5466723 17
33.883396 2.2098866 1.4309391 21
35.314785 2.905607 2.7106798 9
9.7896528 1.0388361 0.095306329 5
45.085358 4.7641621 11.439493 13
2.4081795 0.2635012 -0.021443734 1
2.8518798 0.31043667 -0.01472634 1
3.4805863 0.37630326 -0.0048191366 3
2.1162839 0.23304768 -0.036261279 1
25.148327 2.5793805 5.6852918 6
35.457081 3.7875173 3.9776103 8
26.917448 2.8383386 8.05198 9
28.568304 2.5248115 5.3423209 3
6.2196493 0.64124125 0.029982919 3
45.444355 3.0829902 6.5487199 17
44.893047 4.5837288 11.388947 26
33.352261 2.0573201 1.4164426 19
3.4622912 0.36193642 -0.0018726847 3
36.369286 3.7551539 4.0651441 8
2.4052868 0.25453305 -0.020578835 1
9.769475 1.0018431 0.096340261 5
2.117172 0.22550042 -0.036259715 1
2.8725998 0.30232078 -0.018359296 1
26.965719 2.7471588 8.0626898 6
28.793304 2.4422846 5.3787394 3
25.009575 2.4715457 5.6549001 3
6.2219462 0.61924547 0.029983073 3
36.170116 2.7256978 2.7623909 9
38.145229 2.224082 1.5447682 38
45.478771 2.9242446 6.5518122 17
2.4023621 0.24558608 -0.019714098 1
45.307133 3.6867802 8.1597424 10
27.236143 2.677484 8.1355209 6
3.5069976 0.35332999 -0.0083510876 3
44.917538 4.4180951 11.390809 26
36.359245 3.6181278 4.0628257 8
2.885525 0.29276714 -0.020537324 1
45.045532 4.2861195 9.7597075 36
2.1219287 0.2179617 -0.037256867 1
9.7692184 0.96523803 0.096511908 5
6.2242785 0.59615391 0.029982213 3
38.995346 2.1357248 1.5673025 83
33.933617 2.4372432 2.6233268 8
45.528461 2.7662857 6.5569987 17
27.098755 2.1112094 5.0905294 2
9.7607021 0.92962748 0.097027391 5
44.963898 4.2624989 11.398283 26
26.977377 2.5511401 8.0605345 9
2.4130571 0.23753949 -0.021871779 1
3.5161767 0.34164122 -0.0095283724 3
36.336178 3.4865127 4.0593462 8
2.1189077 0.2100274 -0.036256652 1
2.8787858 0.28176525 -0.019082895 1
24.917675 2.2805357 5.6324911 6
6.2264175 0.57414889 0.02998174 3
45.577137 2.6160436 6.5621839 17
45.335499 3.3754113 8.1603336 10
39.010696 1.9987205 1.5674577 41
33.91021 2.3154571 2.62132 8
2.4120131 0.2287765 -0.021439552 1
26.863478 2.4446933 8.0262489 6
24.921347 2.1966074 5.6316824 6
45.025936 4.1000915 11.409496 26
3.4820414 0.32529926 -0.0042268839 3
2.915143 0.27427879 -0.025624018 2
2.1197534 0.20210148 -0.036255658 1
9.7243557 0.88983083 0.098746195 5
34.24371 3.1581731 3.8545678 7
45.633686 2.4578753 6.5684104 17
29.052711 2.0620131 5.4170713 3
39.934204 1.9048731 1.5919602 8
33.838551 2.1907673 2.6163523 8
45.085995 3.9531889 11.420709 27
2.4167731 0.22054438 -0.022302773 1
3.5028908 0.31530589 -0.0071719498 3
6.23037 0.53121722 0.029978028 3
9.7074471 0.85548323 0.099603981 5
2.9239569 0.26512969 -0.027076108 2
2.1127787 0.19423817 -0.034256108 1
34.016212 3.0223715 3.8314173 7
24.737661 2.0924828 5.592485 8
26.729963 2.3374066 7.9866042 6
33.303825 2.0442748 2.5827904 8
45.677788 2.2987654 6.57306 17
28.996912 1.9552616 5.4064412 3
45.122993 3.7960031 11.426299 40
24.522295 1.9871708 5.546886 8
3.4804072 0.30087328 -0.0036373853 3
2.9014363 0.25274518 -0.022716133 1
2.405942 0.21094628 -0.01971148 1
2.1135283 0.18670581 -0.034255136 1
6.2322788 0.50919849 0.029975036 3
9.591012 0.81117868 0.10476796 5
26.761173 2.2449296 7.9930167 9
23.078377 1.9361943 0.33154339 4
38.165569 2.2069826 2.8829677 10
45.705509 2.1386118 6.5756083 17
33.672188 1.3691459 1.4237312 20
29.149372 1.8622234 5.4309211 3
26.791679 2.156986 7.9994268 9
24.470284 1.900383 5.5348754 5
23.060873 1.8569982 0.33172596 4
4.6320767 0.13911702 -0.0077720126 12
3.4933553 0.28949425 -0.0054054367 3
2.4184263 0.20333929 -0.02230173 1
45.143948 3.6373465 11.428143 27
2.133554 0.18076243 -0.039252318 1
2.8984683 0.24211708 -0.021989143 1
6.2341127 0.48716009 0.029972482 3
9.5500698 0.773794 0.10665752 5
45.555653 2.7542133 8.1899481 10
38.978477 2.1160679 2.9327044 11
45.756435 1.9793139 6.5812993 17
33.658909 1.2498212 1.4231862 16
3.482547 0.27680331 -0.0036390335 3
2.409436 0.19440639 -0.020143371 1
45.206371 3.4898856 11.440277 40
4.5571251 0.12078089 0.0007793929 11
9.5247898 0.73962826 0.10785736 5
6.2357845 0.46623281 0.029968124 3
24.488644 1.814846 5.5372548 8
26.772308 2.0602779 7.99191 9
2.1188133 0.17195161 -0.035254676 1
2.8680103 0.22937633 -0.01617582 1
38.973812 1.9780854 2.9319077 11
29.441286 1.6775197 5.4778824 3
43.801838 1.7402592 6.3216462 14
24.447752 1.7294143 5.527638 2
26.763773 1.9693077 7.9876056 12
45.22625 3.3309047 11.442114 40
3.56249 0.270318 -0.015420843 3
2.4140806 0.18612149 -0.021006698 1
9.5393705 0.70688438 0.10733427 5
4.5814447 0.10517018 -0.0019320621 11
6.2374659 0.44418544 0.02996454 3
2.849226 0.21823864 -0.012543134 1
2.1271765 0.16535774 -0.037253298 1
29.494371 1.5761635 5.4857912 3
39.897854 1.8839186 2.9885342 12
43.787975 1.5850968 6.3189406 14
45.287674 3.1827939 11.454241 27
24.336472 1.6352614 5.5036254 8
3.55161 0.25748461 -0.013655467 3
2.4342439 0.17935187 -0.025324892 1
9.4859476 0.67097074 0.10973886 5
26.720663 1.871296 7.9736567 6
6.2389941 0.42323443 0.029960204 3
2.8618274 0.20895754 -0.01472422 1
2.1162348 0.15695806 -0.034256194 1
4.5659919 0.08785896 -0.00014090059 11
29.023108 1.4483724 5.4055963 3
3.5091541 0.24195851 -0.0071780332 3
2.4232512 0.16990533 -0.022735829 1
9.4564314 0.63536155 0.11110932 5
45.349148 3.0263035 11.466362 27
26.671429 1.7732221 7.9581008 12
27.40893 0.8921743 4.151104 3
2.1090982 0.14926179 -0.032257438 1
2.8704352 0.19983457 -0.016179197 1
24.181801 1.5391676 5.4708114 11
6.2405272 0.40117833 0.02995564 3
4.6060939 0.072283767 -0.0046556289 12
29.18968 1.3534479 5.4327092 3
33.659222 1.3523356 2.6022053 8
43.68726 1.2730504 6.3040814 14
2.4278114 0.16153108 -0.023599124 1
45.386806 2.867975 11.472866 27
9.4706545 0.60274243 0.11058288 5
3.4863749 0.22799969 -0.0036460226 3
24.200863 1.4546218 5.4735837 11
33.841801 2.1787586 3.8080995 7
2.1174204 0.142251 -0.034256406 1
2.8672767 0.18938716 -0.015453361 1
26.641071 1.6767194 7.9478974 12
4.6342196 0.056299463 -0.0078194393 12
43.635872 1.1252841 6.2966523 14
45.72369 1.9558758 8.2108088 10
24.438507 1.3866267 5.5211344 11
33.625961 1.2323177 2.5998008 8
26.60046 1.5845952 7.9350138 9
2.4167511 0.15218805 -0.021010384 1
26.498722 1.5826715 6.9166498 6
3.5425234 0.21897961 -0.011894949 3
9.5326347 0.57287067 0.10798919 5
2.8601525 0.17872342 -0.014001072 1
2.1218541 0.13493888 -0.035256159 1
33.877171 2.0611246 3.8107588 7
27.153238 0.60590702 4.1160674 3
45.471642 2.5592892 11.488667 27
30.099367 1.1826977 5.583971 6
3.5156627 0.20546792 -0.0077740354 3
24.547043 1.3058406 5.542294 11
2.4056234 0.14334017 -0.018420044 1
9.5385637 0.54112893 0.10780676 5
45.44162 2.54245 13.177966 23
27.655197 0.44245619 1.2615974 5
2.8765528 0.16947217 -0.016911132 1
2.1223967 0.12738656 -0.035257645 1
45.499908 2.399838 11.493287 27
2.4217939 0.13562846 -0.021876374 1
3.5164454 0.19300917 -0.0077774459 3
43.74371 1.5623273 7.8758035 18
43.563763 0.80839431 6.2859612 14
9.5404902 0.50746608 0.10779481 5
2.8653967 0.15913318 -0.014732646 1
2.1151524 0.11978369 -0.033259984 1
24.381306 1.2107562 5.5074754 8
45.461952 2.3826368 13.181118 35
27.618685 0.34451792 1.2605129 5
43.721443 1.407154 7.8710828 18
45.566452 2.2421126 11.507261 41
9.530323 0.47320148 0.10829982 5
2.1272449 0.11284459 -0.036260087 1
24.565605 1.1329751 5.5442204 8
26.442795 1.2942374 7.8867097 9
2.4028325 0.12603383 -0.017560268 1
3.50928 0.18014465 -0.0066028242 3
2.8738756 0.14935021 -0.016188083 1
43.550568 0.65455389 6.2837577 14
27.709778 0.2479748 1.2628481 5
43.692486 1.2596881 7.8653693 9
45.605255 2.0827546 11.514679 41
3.4981167 0.16715646 -0.0048393221 3
2.411145 0.11785804 -0.019289764 1
32.384792 0.18080568 1.3877877 15
24.209291 1.0309716 5.4706168 5
32.356876 0.37313589 4.8032455 4
6.248034 0.26988542 0.029911129 3
9.5200357 0.43901414 0.10880355 5
2.1354485 0.10562727 -0.038259782 1
45.566387 2.0656316 13.205618 35
2.8901815 0.13988616 -0.0190988 1
26.938742 0.68312407 5.0505295 5
2.4116259 0.10928876 -0.019292749 1
3.5145745 0.15543483 -0.0071998099 3
45.635723 1.9227585 11.520222 27
32.353321 0.066632599 1.3868439 15
32.336269 0.25885248 4.8002782 9
24.647575 0.9624154 5.5593338 5
9.5455589 0.40642816 0.10775518 5
25.542713 1.0695336 7.6338558 8
2.1474946 0.098539531 -0.041260827 1
2.8671582 0.12860057 -0.014740545 1
6.2490745 0.24668726 0.029902022 3
26.874022 0.58661169 5.0392118 5
32.313251 0.15039937 4.7970514 9
3.5309954 0.1435959 -0.0095606195 3
43.683735 1.6862946 11.048447 23
2.4276867 0.10133268 -0.02274948 1
27.515383 0.42675841 2.2210314 5
32.325455 -0.047320936 1.3860031 15
4.7063127 -0.056954373 -0.016013509 13
2.1401677 0.090586402 -0.039263759 1
9.5350294 0.3722727 0.10825723 5
2.8716028 0.11857416 -0.015470207 1
26.201115 1.0043025 7.8158937 9
24.439552 0.86361849 5.516109 5
32.303207 -0.15542063 1.3853259 15
32.29583 0.036426891 4.7946029 4
27.504826 0.32961303 2.2202265 5
2.4163995 0.092275731 -0.020161349 1
43.549988 0.7868641 7.8392467 9
4.606812 -0.071990959 -0.0047620744 12
43.606258 1.5144199 12.654863 31
43.689789 1.5244249 11.048365 23
3.5118151 0.12975262 -0.0066202856 3
28.160069 0.89494675 6.2748933 7
2.1483138 0.082859054 -0.041264076 1
2.868175 0.10773464 -0.014747886 1
9.5244474 0.33651739 0.10875797 5
33.584072 1.2125102 3.7780218 6
6.2508154 0.20251991 0.029881639 3
32.28059 -0.26337311 1.3846465 15
32.254219 -0.077361479 4.7890062 9
26.288513 0.83068621 6.8573637 9
32.372475 0.27319607 2.520488 7
43.544701 0.63315785 7.8378196 18
26.652723 0.75782555 5.9665952 16
4.5787945 -0.087749891 -0.0016205717 11
25.722374 0.80412531 7.6808467 11
6.251534 0.18152891 0.029871775 3
2.4050984 0.082872503 -0.017573874 1
3.5162857 0.11742244 -0.0072134989 3
2.1293173 0.07457722 -0.036270227 1
2.8843443 0.098063 -0.01765909 1
9.5496178 0.30365732 0.10770699 5
17.008051 -0.19731727 0.97632092 2
32.214214 -0.18519761 4.7836757 9
43.574814 1.2279619 11.018259 23
32.349339 0.16467786 2.51893 7
43.641914 1.0919077 9.4331818 32
43.54266 1.212193 12.634349 31
2.4054379 0.074747898 -0.017576721 1
3.4969611 0.10501377 -0.0042735762 3
32.342266 0.35710803 5.9563518 16
4.6063519 -0.10458919 -0.004790666 12
9.5466604 0.27152219 0.1078636 5
2.8768685 0.088107772 -0.016209207 1
2.1373744 0.067604534 -0.038271409 1
32.201603 -0.29301322 4.7820106 9
16.967354 -0.25668561 0.97520041 2
2.4447947 0.06763038 -0.026215563 1
3.5250552 0.093949258 -0.0084027592 3
43.559536 1.0737054 11.01349 23
32.325848 0.050627012 2.5173647 7
2.1299212 0.06017362 -0.036274914 1
2.861495 0.077998199 -0.013305801 1
9.5675697 0.24001133 0.10698389 5
43.527504 1.0580184 12.628905 31
32.307911 0.24274875 5.9503112 16
4.5543861 -0.11950798 0.0010538705 11
25.903299 0.55366045 5.8125644 6
32.180641 -0.40631145 4.7792902 9
32.309956 -0.0575772 2.516294 7
16.946438 -0.31613427 0.97461075 2
2.4490035 0.059028048 -0.027082853 1
32.292858 0.13441443 5.9475808 16
43.461723 0.90292645 12.609534 31
43.539997 0.91181219 11.007776 23
3.5333748 0.08100462 -0.0095875282 3
25.865997 0.46153811 5.8045115 9
4.5540185 -0.13562708 0.0010392199 11
2.1108532 0.051772516 -0.031280883 1
9.5724707 0.20463948 0.10679159 5
2.8854423 0.067859724 -0.017672032 1
32.273731 -0.16556902 2.5139887 7
17.145887 -0.27565861 2.7915921 8
16.941305 -0.37580591 0.97444797 2
32.265614 0.020477705 5.9428577 15
4.5734777 -0.15160197 -0.0012292974 11
2.4570985 0.050041087 -0.028814772 1
3.4941616 0.067760855 -0.003702759 3
26.418537 0.46145943 6.8861589 6
25.965525 0.37162998 5.824441 3
2.1227202 0.044482429 -0.034282248 1
9.5732117 0.17086081 0.10677134 5
27.378708 0.51100522 3.1751399 4
2.9250727 0.058345824 -0.024944654 2
43.434052 0.74131042 12.600864 30
32.23711 -0.27901143 2.5116775 7
17.121111 -0.33570021 2.7883909 13
16.931969 -0.43533346 0.9741767 2
32.247841 -0.087601244 5.9397931 11
4.5372505 -0.16645709 0.0028118943 11
2.4495294 0.041180786 -0.027090915 1
25.988462 0.36223543 6.7822185 5
3.5221496 0.055784252 -0.0078334706 3
32.343075 0.34786886 7.1252584 10
2.9489365 0.048325252 -0.029311409 2
2.1268175 0.03698159 -0.03528459 1
27.390381 0.4146083 3.1760418 8
9.5658417 0.13696463 0.10709511 5
43.413387 0.58767253 12.594337 30
6.2541633 0.071058922 0.029808318 3
17.054012 -0.20634936 1.5748705 2
32.223793 -0.19552505 5.9357324 19
17.115948 -0.39603466 2.787811 12
16.918425 -0.49469388 0.97379768 2
4.5565729 -0.1833152 0.00054100063 11
2.4224019 0.032155536 -0.021050064 1
32.270054 0.33499414 8.293539 14
3.5342724 0.043435514 -0.0096076503 3
25.893227 0.18780871 5.8091249 9
2.138633 0.029557934 -0.03828695 1
9.5823326 0.10337023 0.10638466 5
2.9295046 0.037633069 -0.025682768 2
32.40797 0.37560952 3.6616938 12
32.25864 0.32369807 9.4937048 23
6.2783794 0.049133539 0.0279235 3
17.031307 -0.26615551 1.5734637 11
32.179607 -0.30877131 5.9283509 19
16.904762 -0.55097538 0.97341973 2
17.088772 -0.45574197 2.7843459 11
32.282181 0.12508087 7.1123075 16
4.5718632 -0.20013542 -0.0012788023 11
6.2706103 0.02802898 0.028532933 3
32.259476 0.22101802 8.2906513 19
3.5661347 0.031153159 -0.014327949 3
2.4499204 0.02377074 -0.027100425 1
2.1271861 0.021842472 -0.035292353 1
9.5627356 0.069416977 0.10722356 5
2.9218318 0.027167318 -0.024234125 2
32.36937 0.26103997 3.6577609 12
32.240417 0.2096823 9.4882689 23
32.154755 -0.4219701 5.9242797 23
17.018375 -0.32598752 1.5726695 11
16.88682 -0.60999584 0.97293055 2
17.089128 -0.51611137 2.7845478 12
3.5346446 0.019015787 -0.0096224574 3
2.4266279 0.015386571 -0.021922741 1
32.232914 0.11274496 8.2840233 14
4.7022195 -0.22256896 -0.016171044 13
32.255093 0.011162932 7.1066256 16
2.1118314 0.014569139 -0.031298049 1
9.566988 0.037369225 0.10702942 5
32.330338 0.15243994 3.6538279 12
2.9180501 0.017304892 -0.023513347 1
32.206348 0.1014341 9.4785519 23
6.2747388 0.005871152 0.028206527 3
17.079466 -0.57313418 2.783442 12
16.981287 -0.38520017 1.5703992 11
16.876661 -0.66922617 0.97265482 2
17.192636 -0.28498936 3.4122846 6
32.209869 -0.0010160754 8.2783222 14
2.4345593 0.0067738378 -0.023655098 1
3.5545526 0.0065029054 -0.012575509 3
32.239353 -0.10259832 7.1033401 21
2.1235683 0.0070717814 -0.034300767 1
2.8906398 0.0069142473 -0.018430961 1
9.5911188 0.0036112915 0.10597125 5
32.306873 0.038427763 3.651432 12
32.168079 -0.01226429 9.4677591 23
6.2628384 -0.016258558 0.02912497 3
17.053652 -0.63252306 2.7802336 12
16.979912 -0.44509602 1.5703421 11
17.183725 -0.34551719 3.4109063 14
16.876282 -0.72882938 0.97264457 2
32.178677 -0.10891797 8.2707529 14
32.207573 -0.21046305 7.0968585 21
32.144836 -0.12007208 9.4612494 19
6.2747884 -0.037359547 0.028174145 3
3.5783732 -0.0061524152 -0.016119204 3
2.4307437 -0.001872452 -0.022795996 1
4.6213269 -0.251481 -0.0071910555 12
2.1275353 -0.00049050146 -0.035304599 1
9.5671759 -0.030141525 0.10697977 5
32.285 -0.075412631 3.6492243 18
2.9182606 -0.0034012387 -0.023526033 1
16.966436 -0.50163597 1.569548 11
17.025654 -0.6916644 2.7767649 11
32.143227 -0.21657272 8.2622433 18
16.859716 -0.787673 0.97220469 2
17.174606 -0.40598837 3.4095254 15
32.169552 -0.31805933 7.0891752 21
32.132793 -0.22780111 9.4579496 23
6.2747049 -0.058420833 0.028158356 3
3.6337981 -0.018523686 -0.024376243 3
2.4386113 -0.010120506 -0.024528926 1
2.1314721 -0.0077014803 -0.036308583 1
32.266743 -0.18343353 3.6474047 12
9.5670977 -0.062218167 0.10695577 5
2.8868418 -0.013058945 -0.017717576 1
4.6006536 -0.26666731 -0.0049563483 12
16.960657 -0.56134343 1.5692425 11
17.033108 -0.75218272 2.7780097 12
3.5625794 -0.030094521 -0.013778655 3
32.119038 -0.32978702 8.2565365 18
2.430829 -0.018287163 -0.022806404 1
16.944834 -0.17525971 0.38151288 3
17.141613 -0.46575895 3.4041717 15
16.832958 -0.84591466 0.97149622 2
32.144814 -0.43124443 7.0842814 21
2.1237645 -0.014840323 -0.034313753 1
2.9025931 -0.022931689 -0.020631244 1
32.23418 -0.29121661 3.6442339 12
9.6028795 -0.0946557 0.1053785 5
32.104923 -0.34096122 9.4503613 23
6.2825174 -0.080700696 0.027518256 3
4.5680785 -0.2801778 -0.0013666607 11
16.942703 -0.62057048 1.5681956 9
17.128214 -0.52287245 3.4021277 15
17.026484 -0.81209666 2.7774193 12
3.5625331 -0.042717241 -0.013787929 3
2.4191144 -0.026778229 -0.020221282 1
32.104168 -0.44296044 8.2531662 23
16.920195 -0.23465629 0.38166031 3
16.831959 -0.90537786 0.97148162 2
17.246162 -0.29094627 4.0449944 4
2.1237798 -0.02239297 -0.034318745 1
2.902575 -0.033234458 -0.020638557 1
32.199211 -0.40442461 3.6408625 6
9.6105595 -0.1286469 0.10500591 5
32.06702 -0.45379072 9.4400902 28
6.2543645 -0.10242372 0.029682476 3
4.5988736 -0.2984066 -0.0049924194 12
16.924543 -0.67968649 1.5671519 11
17.122414 -0.58320326 3.4014094 15
17.005783 -0.87126762 2.7749953 11
2.4229882 -0.035438024 -0.021084163 1
32.081127 -0.55589592 8.2479181 18
3.5347466 -0.054893401 -0.0096659809 3
16.816771 -0.96403658 0.97109413 2
16.921341 -0.29433709 0.38159451 3
17.237284 -0.35168198 4.0433435 19
2.890718 -0.043353084 -0.018458076 1
2.1315107 -0.030082729 -0.036315389 1
17.074339 -0.2733438 2.1766224 15
9.6380959 -0.16304415 0.10377465 5
32.040283 -0.56655133 9.4330292 23
6.26999 -0.12484435 0.028421763 3
4.5304637 -0.31003717 0.0026581234 11
16.914154 -0.73903394 1.5665896 10
17.108521 -0.64319456 3.3993533 16
16.805552 -1.0198833 0.97080719 2
16.988838 -0.93051696 2.7730851 12
2.4424527 -0.044429023 -0.025410088 1
3.5702136 -0.068119429 -0.014980986 3
17.288523 -0.35937354 4.688252 10
16.906286 -0.35369867 0.38164935 3
17.224281 -0.41225821 4.0408826 19
2.1237273 -0.037517879 -0.034322694 1
2.8866968 -0.053529091 -0.017740374 1
9.6495295 -0.19730178 0.10322378 5
17.061419 -0.33334535 2.1754055 20
17.3328 -0.3664774 5.3458486 12
6.2217522 -0.14585574 0.032142002 3
4.5571756 -0.3280777 -0.00051852566 11
16.907543 -0.79849929 1.5662711 12
16.801939 -1.0791363 0.97072756 2
17.090477 -0.70293683 3.396636 15
16.977631 -0.99000347 2.77196 12
2.4618847 -0.053552415 -0.029736284 1
17.269751 -0.42000306 4.683979 12
3.5818965 -0.081039272 -0.016760541 3
16.895021 -0.4130424 0.3816697 3
17.226732 -0.47317705 4.0416179 24
2.1430225 -0.045507878 -0.039327182 1
2.882638 -0.063684188 -0.017021958 1
17.056246 -0.39344525 2.1749589 22
9.7087803 -0.23280035 0.10060179 5
17.321869 -0.42746589 5.3431087 15
6.2332397 -0.16816641 0.031184349 3
4.6432614 -0.35080424 -0.010460246 12
16.960459 -1.0460575 2.7700515 11
17.068287 -0.76236916 3.3932538 16
16.89674 -0.8577252 1.5657071 10
16.78017 -1.1371579 0.9701677 2
2.4461443 -0.061882179 -0.026289443 1
3.6330845 -0.095106795 -0.024433587 3
17.241049 -0.48023325 4.6773648 14
16.869556 -0.47192785 0.38180467 3
17.203506 -0.53333127 4.0371571 22
4.5272379 -0.35730705 0.0025950307 11
2.1274424 -0.052733112 -0.035334811 1
17.038923 -0.4531945 2.1733553 22
9.6720304 -0.26606116 0.10211927 5
2.8746116 -0.073695078 -0.015578059 1
17.312649 -0.48843491 5.3409023 16
6.2326918 -0.19019176 0.031162359 3
16.954781 -1.1057776 2.7697105 12
16.893703 -0.91731268 1.5656319 12
17.049826 -0.82185209 3.3905334 15
16.85397 -0.52798128 0.38185987 3
16.74823 -1.1943308 0.96934158 2
16.892275 -0.58035904 3.9739404 30
17.299454 -0.54616666 5.3376274 15
2.4303768 -0.070113584 -0.022841219 1
3.5932624 -0.10678212 -0.018552542 3
17.239344 -0.5411163 4.6772985 14
4.5933695 -0.3788957 -0.0050926479 12
2.1350672 -0.060529716 -0.037340738 1
2.8744159 -0.083900899 -0.015587131 1
17.013433 -0.51257843 2.1709793 20
9.7350245 -0.3021872 0.099323116 5
6.2320628 -0.21220666 0.031138379 3
16.86272 -0.97230244 1.563838 12
16.950872 -1.1656007 2.7696297 12
2.4419165 -0.078705221 -0.025440818 1
3.5534217 -0.11753736 -0.012671102 3
17.22781 -0.59861541 4.6748977 15
17.042976 -0.8818233 3.3897977 15
16.744007 -1.2533817 0.96925867 2
16.856085 -0.58753192 0.38176209 7
16.782516 -0.63589776 3.9518907 25
9.7460175 -0.33523473 0.098771401 5
17.285965 -0.60687101 5.3343482 14
6.2513204 -0.23387791 0.029557252 3
4.5683298 -0.393089 -0.0024102789 11
2.1271787 -0.067871153 -0.035347678 1
2.8820448 -0.09436354 -0.017050719 1
16.991713 -0.57192177 2.1689866 20
16.847326 -1.0310361 1.5630236 12
16.737804 -1.3093055 0.9691264 2
16.923023 -1.2236972 2.7664044 13
2.4182868 -0.086525857 -0.020265216 1
17.225691 -0.65945375 4.6748295 15
3.5332975 -0.12938678 -0.0097375866 3
17.031981 -0.94154567 3.3883996 14
16.846003 -0.64664745 0.38176253 10
16.780268 -0.69515455 3.9518242 24
2.130887 -0.075195476 -0.03635446 1
16.985807 -0.62871766 2.1685383 22
2.9053745 -0.10494533 -0.021422641 1
9.7608309 -0.3702257 0.098042779 5
17.272266 -0.66748804 5.3310671 16
6.2346005 -0.25530013 0.030780075 3
4.5907493 -0.41138342 -0.0051394003 12
16.831722 -1.0896826 1.5622076 12
16.727198 -1.3678299 0.96888214 2
17.020948 -0.99818432 3.3870029 14
16.902884 -1.2822059 2.7642264 12
3.5329008 -0.14189976 -0.0097506102 3
2.4219496 -0.095267966 -0.021138243 1
17.203928 -0.71947289 4.6700821 15
16.823719 -0.70518249 0.38185918 3
16.744528 -0.75289345 3.9449606 25
2.1229503 -0.082463108 -0.034362923 1
2.9129288 -0.11556594 -0.022887304 1
9.7755203 -0.40533131 0.097314842 5
16.975622 -0.68832463 2.1677022 20
17.260281 -0.72809315 5.328321 20
6.2496796 -0.27804524 0.029508743 3
4.589283 -0.42843476 -0.0051634582 12
16.898586 -1.338866 2.764147 12
16.835835 -1.1495832 1.5626214 12
17.001671 -1.0572853 3.3842788 14
16.694475 -1.4244269 0.96805131 2
2.433387 -0.10438749 -0.023737632 1
3.544318 -0.15494266 -0.01153132 3
17.189734 -0.779697 4.6672058 15
16.809229 -0.76393777 0.38188967 7
16.726206 -0.81125283 3.941695 21
2.1498137 -0.091190636 -0.041367318 1
2.8654299 -0.12382956 -0.014172414 1
16.973183 -0.74819922 2.1676331 18
9.7461681 -0.438555 0.098483488 5
17.250008 -0.78870958 5.3261094 20
6.232811 -0.29934567 0.030730912 3
4.6867995 -0.45343271 -0.016462393 13
16.88003 -1.3973504 2.7622287 11
16.997936 -1.1172899 3.3842006 15
16.815844 -1.2078098 1.5615569 10
16.681475 -1.4825739 0.96775156 2
2.41748 -0.11229704 -0.020290282 1
3.5240707 -0.16655365 -0.0085982848 3
17.179205 -0.84001142 4.6652622 16
16.790541 -0.8224048 0.3819522 3
16.825106 -0.87561709 3.9624064 25
2.1263468 -0.097750776 -0.035376605 1
9.7566204 -0.47353041 0.097927012 5
16.946669 -0.8069371 2.165251 20
2.8847008 -0.13492483 -0.017818345 1
17.216427 -0.84811682 5.3174715 19
6.2397628 -0.32177627 0.030081704 3
4.487525 -0.45014471 0.0060655549 10
16.875092 -1.4569039 2.762141 11
16.993988 -1.1772761 3.3841217 14
16.799629 -1.2662157 1.560738 12
2.4366524 -0.12187332 -0.024618965 1
3.5156417 -0.17863287 -0.0074323677 3
17.160704 -0.89986056 4.6614475 16
16.671991 -1.5439531 0.96755195 2
16.783625 -0.88138551 0.38191542 3
17.095938 -0.9502694 4.0182853 21
2.145411 -0.10629162 -0.040382087 1
2.8764327 -0.14475793 -0.016374843 1
16.931881 -0.86611181 2.1640251 20
9.7869024 -0.50962025 0.096505329 5
17.209583 -0.90872496 5.3163276 20
6.2585826 -0.34492412 0.028496506 3
4.5097146 -0.46849096 0.0033360301 11
16.78742 -1.3218702 1.5601687 12
16.8423 -1.5139564 2.7583864 10
16.970156 -1.2358224 3.3807299 16
16.666813 -1.5997899 0.96746695 2
2.4206898 -0.12967877 -0.021172741 1
17.161406 -0.96068507 4.6623096 15
3.5071726 -0.19065309 -0.0062674 3
16.768518 -0.93986994 0.38194197 3
17.088673 -1.0103931 4.0174112 21
2.1335032 -0.11328973 -0.037391305 1
9.7931099 -0.54458886 0.096118703 5
2.9074066 -0.15667418 -0.022203172 1
16.928812 -0.92583144 2.1639519 20
17.187132 -0.96843356 5.3109007 20
6.2653713 -0.36749491 0.027845317 3
4.5081172 -0.4844369 0.0033117516 11
16.77877 -1.3807415 1.5598387 12
16.971693 -1.2961638 3.3816419 17
16.76137 -0.99577856 0.38190567 3
16.653204 -1.6577576 0.96716422 2
16.824839 -1.5752467 2.7567232 11
17.077461 -1.0672138 4.0157409 21
17.180042 -1.0258703 5.3097582 19
17.130836 -1.0196662 4.6556869 16
2.4164011 -0.13805358 -0.020317439 1
3.530257 -0.20445725 -0.0098180929 3
2.1331708 -0.1208782 -0.037398923 1
16.917591 -0.98509258 2.1631095 22
2.9186974 -0.16766004 -0.024396703 2
9.7832336 -0.57865596 0.096421547 5
6.2641211 -0.38963065 0.027819144 3
4.5064645 -0.50037849 0.0032865179 11
16.761959 -1.4388907 1.5590165 12
16.951618 -1.3518188 3.3789163 17
16.815613 -1.6312534 2.7561133 10
2.4218483 -0.14656354 -0.021622531 1
17.125481 -1.0770069 4.6551461 19
3.537529 -0.21681882 -0.011010801 3
16.635418 -1.7152418 0.96675366 2
16.749857 -1.0543563 0.38189772 3
17.069778 -1.1272469 4.014864 21
9.7773314 -0.61120272 0.096554697 5
17.168728 -1.0860721 5.3075404 18
6.2628598 -0.41064635 0.027792644 3
4.4969468 -0.5146206 0.0041652676 11
2.1096179 -0.12705185 -0.03140787 1
2.8906879 -0.17632803 -0.019316858 1
16.898209 -1.0437883 2.1614945 22
16.756874 -1.4979919 1.558931 12
16.92326 -1.4096776 3.3748608 17
16.813801 -1.6909752 2.7565455 10
17.092573 -1.1355467 4.6480522 18
2.4311428 -0.15579814 -0.023792043 1
3.5328755 -0.22908694 -0.010436619 3
16.623396 -1.7732505 0.96650136 2
16.73016 -1.1123376 0.38195536 3
17.038427 -1.1855931 4.009191 21
4.5071197 -0.53112155 0.0027872114 11
2.1208527 -0.13492429 -0.034415212 1
2.8901584 -0.18606228 -0.019328503 1
9.7871618 -0.64648354 0.095992565 5
16.882788 -1.099638 2.1602678 22
17.13221 -1.144519 5.2983623 15
6.2336087 -0.43083742 0.029949395 3
16.926142 -1.4700789 3.3760991 18
16.727734 -1.5548638 1.5573691 12
16.797976 -1.7492748 2.7551453 6
2.4248145 -0.16402863 -0.022506064 1
17.073046 -1.1948112 4.6442323 18
3.5242357 -0.24106336 -0.0092716962 3
16.619122 -1.83207 0.96646118 2
16.726225 -1.1713021 0.38187885 3
17.030334 -1.2454584 4.0083132 22
4.592103 -0.55760527 -0.0071640108 12
2.1436312 -0.14404151 -0.040422048 1
9.8048401 -0.68239909 0.095085323 5
16.870955 -1.1586434 2.159421 22
2.8503261 -0.19362485 -0.012069044 1
17.124325 -1.2047735 5.297214 15
6.2480426 -0.45401204 0.028672975 3
16.71032 -1.612703 1.5565434 12
16.909168 -1.5287465 3.374028 18
16.768145 -1.8059911 2.7519095 6
2.4165132 -0.17208003 -0.020787572 1
17.064951 -1.2548199 4.6432185 18
3.4958231 -0.25154224 -0.0051604901 3
16.710114 -1.2293773 0.38190094 3
16.600735 -1.8892977 0.96604723 2
17.014212 -1.3046749 4.0058346 21
4.5507536 -0.56890959 -0.0026786774 11
2.131602 -0.1508318 -0.037431747 1
2.8850162 -0.20627588 -0.01862533 1
16.86289 -1.2178615 2.1589577 22
9.8064442 -0.71727449 0.094867289 5
17.120073 -1.265246 5.2971334 15
6.2703452 -0.4779079 0.026772464 3
16.592421 -1.9446702 0.96590412 2
16.704624 -1.6716328 1.5564554 12
16.895918 -1.5876802 3.3726165 18
16.763742 -1.8653666 2.7520766 10
17.005936 -1.3614188 4.0049586 22
6.2846889 -0.50021273 0.02549595 3
2.4120784 -0.18037139 -0.019933632 1
3.5107765 -0.26511812 -0.0075341351 3
17.052767 -1.3144791 4.6412678 16
16.689812 -1.2870411 0.38195428 3
4.5054421 -0.57942736 0.002258457 11
2.1311374 -0.15841269 -0.037440121 1
9.8477707 -0.75523448 0.09292192 5
16.854614 -1.2770385 2.1584935 22
2.8686643 -0.21532236 -0.015728639 1
17.10408 -1.3248233 5.2938409 15
16.572008 -1.9985588 0.96543944 2
2.4251661 -0.18958147 -0.022967273 1
17.046429 -1.3715167 4.6407208 19
16.698723 -1.7305288 1.5563644 12
3.5138922 -0.27725181 -0.0081376368 3
16.667553 -1.3414779 0.38202792 3
16.870682 -1.6453953 3.3692195 17
16.993319 -1.4207941 4.0032768 22
16.749283 -1.9236084 2.7509351 10
9.8372984 -0.78759402 0.093223199 5
2.126811 -0.16531084 -0.036448743 1
2.8601623 -0.22437085 -0.014285728 1
16.838425 -1.3325725 2.1572616 20
17.109251 -1.3829983 5.2964401 16
6.2591276 -0.52042562 0.027339859 3
4.5704393 -0.60421473 -0.0054394566 12
16.578842 -2.0587056 0.9657138 2
16.74284 -1.9797422 2.7508426 11
17.045465 -1.4320322 4.6415739 19
2.4284563 -0.1985143 -0.023841936 1
3.5287468 -0.29099473 -0.010511966 3
16.676731 -1.7877139 1.5552897 10
16.658825 -1.399882 0.3819797 3
16.857029 -1.7041453 3.3678064 17
16.968781 -1.4790851 3.9991982 22
2.1185777 -0.17223507 -0.034458198 1
16.823797 -1.3911526 2.1562181 23
2.8515949 -0.23386842 -0.012843967 1
9.8743696 -0.82563215 0.091448672 5
17.079411 -1.4413089 5.2893968 15
4.5683661 -0.62037295 -0.005467203 12
6.2651906 -0.54432106 0.026682874 3
16.732273 -2.0353746 2.750226 10
16.565628 -2.1163926 0.96545559 2
17.02104 -1.4905268 4.6368132 20
3.5080729 -0.30179399 -0.0075798617 3
2.4356065 -0.20780255 -0.025580604 1
16.843168 -1.7628002 3.3663914 15
16.654551 -1.844764 1.5542152 10
16.649891 -1.4582446 0.3819305 3
2.1296158 -0.18075614 -0.037466392 1
16.789135 -1.4479254 2.1532488 21
9.899354 -0.86289775 0.090191416 4
2.8743484 -0.246004 -0.017220149 1
17.076248 -1.5018059 5.2898493 18
16.947683 -1.5405556 3.9959114 24
4.467824 -0.62281233 0.0057877111 10
6.2672887 -0.56681347 0.026341343 3
16.709358 -2.092442 2.7480342 10
16.652338 -1.9010042 1.5543721 12
16.558159 -2.1747899 0.96535534 2
2.4154902 -0.21471703 -0.021270487 1
16.83695 -1.8222445 3.3662994 17
16.64872 -1.5172973 0.3818152 3
17.059435 -1.5610629 5.286551 18
3.5070179 -0.31483695 -0.0075970259 3
17.019384 -1.5539848 4.6376595 20
16.946146 -1.6007493 3.9966242 26
4.5365043 -0.64873278 -0.0023637232 11
2.1097283 -0.18698706 -0.032476977 1
2.8695884 -0.25635386 -0.016506197 1
9.9081192 -0.90064389 0.089621164 4
16.78376 -1.5100989 2.1531606 21
6.2653351 -0.58894455 0.026310336 3
16.638039 -1.9558527 1.5537907 12
16.875034 -2.1736796 2.7709737 2
16.546522 -2.2326186 0.96514708 2
16.625441 -1.5742736 0.38188031 3
16.818756 -1.8803464 3.364222 17
16.932985 -1.656817 3.9949446 26
4.4636016 -0.65361315 0.0057346649 10
17.050093 -1.6209503 5.2853942 20
2.4069865 -0.22299536 -0.019554297 1
16.986799 -1.611503 4.6310253 20
3.5099068 -0.32762119 -0.008203201 3
9.9328203 -0.93822539 0.088362157 4
2.8569987 -0.26542634 -0.014338285 1
2.1207082 -0.19555768 -0.035486434 1
16.774466 -1.5689288 2.1526914 21
6.2394915 -0.60874426 0.028151819 3
16.627171 -2.0140407 1.553449 10
16.967611 -2.2464821 2.7842228 68
16.800707 -1.9353696 3.3621469 16
16.516859 -2.2879338 0.96446073 2
2.4218545 -0.23261081 -0.023021681 1
16.977537 -1.668103 4.6300063 21
3.4931173 -0.33789667 -0.0058614099 3
16.609926 -1.6318865 0.38187769 3
16.91934 -1.7157919 3.9932575 24
4.4613533 -0.66939783 0.0057063326 10
9.9177723 -0.97033656 0.088832483 4
17.036707 -1.6804063 5.283165 19
6.241467 -0.63007706 0.027809976 3
2.8639574 -0.27631226 -0.015806571 1
16.764957 -1.6277097 2.15222 19
2.1162319 -0.20273325 -0.034495521 1
16.612139 -2.0716805 1.5528606 8
16.78639 -1.9907656 3.3607347 17
16.936113 -2.3031352 2.7809782 6
16.502851 -2.3453145 0.96419859 2
2.4288738 -0.24198353 -0.024761623 1
3.4841158 -0.34947982 -0.0046980507 3
16.979389 -1.7288355 4.6317892 20
16.588242 -1.68881 0.38192433 3
16.897697 -1.7738782 3.9899721 26
2.8748353 -0.28713802 -0.018001063 1
16.74366 -1.6822883 2.150598 19
2.1002038 -0.20833449 -0.030505704 1
17.015446 -1.73901 5.2787948 20
6.2313581 -0.65128881 0.028401852 3
4.4864326 -0.69019037 0.0025175728 11
16.937469 -2.1729245 1.5734012 2
16.496975 -2.4008584 0.96415102 2
16.775454 -2.0495186 3.3599758 17
16.961693 -1.7875611 4.6288939 20
2.4513986 -0.25301972 -0.029957844 1
3.4868798 -0.36221778 -0.0053060502 3
16.574322 -1.7464317 0.38190362 3
16.875853 -1.8318306 3.9866848 26
2.1033909 -0.21619599 -0.031514857 1
16.72188 -1.7396972 2.1489704 19
2.8738875 -0.29732671 -0.018015588 1
17.001644 -1.798291 5.2765622 20
6.2410021 -0.67457533 0.027432242 3
4.5192704 -0.71240479 -0.0015765929 11
16.95751 -2.2363055 1.5750204 51
16.48653 -2.4587204 0.96399289 2
16.772139 -2.1092157 3.3605406 16
33.675953 -4.8214688 5.0154271 5
2.4156222 -0.25798041 -0.022191592 1
16.947655 -1.8466078 4.6269321 21
3.4935308 -0.37541413 -0.0065021515 3
16.574118 -1.8054918 0.38176474 3
16.86939 -1.8913965 3.9865918 22
2.8885481 -0.3091982 -0.020939056 1
2.0988464 -0.22326814 -0.030524757 1
16.71574 -1.798676 2.1488807 19
16.991476 -1.8579196 5.2754016 20
6.2386708 -0.696621 0.027400201 3
4.5284624 -0.73108202 -0.0029612479 11
16.959511 -2.2974329 1.5755321 11
16.87229 -2.1823115 3.3786371 10
16.461603 -2.517323 0.96345723 2
2.4380717 -0.26913619 -0.027388629 1
3.496201 -0.38821891 -0.0071095084 3
16.925682 -1.9046957 4.6230984 19
16.561781 -1.8632302 0.38172486 3
16.851044 -1.9495922 3.9841037 24
2.1135278 -0.23242345 -0.034534559 1
2.8836148 -0.31900555 -0.020225557 1
16.705435 -1.8571967 2.148407 19
16.981092 -1.917492 5.2742391 21
6.2560678 -0.72093493 0.025805034 3
4.526197 -0.74548596 -0.0029888533 11
16.911518 -2.2480819 3.3864768 41
16.915445 -1.9610227 4.6220756 20
16.535669 -1.9163785 0.3818053 3
16.840626 -2.0056331 3.9832156 24
16.970852 -1.9740239 5.2730794 21
6.2141004 -0.7372191 0.028896097 3
2.4255505 -0.27646181 -0.024807457 1
3.4948947 -0.40060112 -0.0071275746 3
16.4503 -2.5779376 0.96328986 2
4.5472746 -0.76464224 -0.005725971 12
2.1089289 -0.23949884 -0.033545163 1
2.8630149 -0.32698768 -0.016603531 1
16.706795 -1.9170178 2.1490853 17
16.90502 -2.0172992 4.6210508 21
16.531233 -1.9719743 0.38170111 3
16.923136 -2.31043 3.3896832 12
16.818348 -2.0601947 3.979929 22
16.945108 -2.0286677 5.2676377 20
6.2037597 -0.757101 0.029488495 3
2.4246874 -0.28463432 -0.024819976 1
3.4857545 -0.41142485 -0.0059654899 3
2.8737023 -0.33801654 -0.018798968 1
2.1043458 -0.24615881 -0.032555759 1
16.582205 -1.9746306 -0.20296167 2
16.672691 -1.969726 2.1463032 17
4.4937119 -0.77197856 0.00011353815 11
16.43088 -2.6372335 0.96291006 2
2.4393079 -0.29468647 -0.028288726 1
3.4844356 -0.42314762 -0.0059832647 3
16.890184 -2.0760319 4.6190848 20
16.502436 -2.02755 0.38179258 3
16.807196 -2.1190653 3.9790342 21
2.0997434 -0.25280443 -0.031565167 1
16.658192 -2.0246277 2.1454453 19
2.8453 -0.34438172 -0.013720492 1
16.563683 -2.0286705 -0.20253144 2
16.941784 -2.0889792 5.2686119 22
6.2169638 -0.78099275 0.028204201 3
16.425995 -2.6928992 0.96291137 2
4.5615149 -0.80020756 -0.0080456212 12
3.4790802 -0.43498865 -0.0054124161 3
2.4034569 -0.29899907 -0.02052276 1
16.87129 -2.1341987 4.6161833 21
16.501232 -2.0864615 0.38164821 3
16.813324 -2.1801536 3.9817328 17
2.1066091 -0.26122135 -0.033575885 1
16.542641 -2.0852826 -0.20201953 2
2.8675697 -0.35738257 -0.018101392 1
16.662897 -2.0848629 2.1465046 17
16.930595 -2.1483302 5.2674451 22
6.2142582 -0.80294544 0.028169038 3
16.416979 -2.7479095 0.96280688 2
4.5587511 -0.8163296 -0.0080770552 12
3.4776094 -0.44730374 -0.0054311422 3
16.838701 -2.1905072 4.6100078 9
2.4140916 -0.30901793 -0.023128172 1
16.487917 -2.1438353 0.38160276 3
16.401863 -2.8018703 0.96254081 2
16.784273 -2.2366507 3.977241 21
2.1095984 -0.26919439 -0.034587439 1
2.8858812 -0.37004653 -0.021754418 1
16.543211 -2.1445873 -0.20246147 2
16.864834 -2.1705699 2.1668043 11
16.91729 -2.2073638 5.2657413 15
6.1956611 -0.82278132 0.029383127 3
4.4896007 -0.81952167 -0.00042959058 11
30.044758 -4.9576998 4.5430646 4
2.4246871 -0.31911585 -0.025734149 1
3.4878604 -0.46117514 -0.0072196862 3
16.374256 -2.8565888 0.96195108 2
16.83676 -2.2507305 4.6113119 14
16.470438 -2.2006195 0.38159022 3
16.780272 -2.2964213 3.9779398 21
2.1163988 -0.27769959 -0.036598358 1
2.8924415 -0.38130131 -0.023225505 1
16.527712 -2.2018147 -0.2022122 2
17.243755 -2.3119271 5.3592944 25
6.2007127 -0.84573817 0.02872224 3
16.887533 -2.6556344 1.5736614 2
4.6313467 -0.86226773 -0.017172938 13
2.4042788 -0.32510331 -0.02142504 1
16.84231 -2.3120151 4.6144834 15
3.4862976 -0.47351867 -0.0072389101 3
16.364183 -2.9143023 0.9618358 2
16.460693 -2.2583873 0.38151005 3
16.760529 -2.3540082 3.9754419 21
2.0886219 -0.28159967 -0.029608294 1
16.945967 -2.3026228 2.1760333 18
2.8716741 -0.3889094 -0.019603491 1
16.515984 -2.2594993 -0.20213665 2
17.229879 -2.3720229 5.3575854 35
6.1622324 -0.86266255 0.031498604 3
4.6283646 -0.87863284 -0.017205473 13
16.352463 -2.9687388 0.96167392 2
16.825958 -2.9539218 2.7784605 1
2.4573579 -0.34114403 -0.03354159 1
16.869074 -2.7716987 1.5734447 2
16.826456 -2.370393 4.6125131 15
16.448765 -2.3158357 0.38144502 3
3.4846885 -0.48585731 -0.0072594401 3
16.744469 -2.4120426 3.9737427 21
2.0934539 -0.28981179 -0.031120086 1
2.8508897 -0.39638796 -0.015980899 1
16.517904 -2.3190713 -0.20266856 2
6.1789765 -0.88724512 0.029899545 3
4.4573798 -0.86336166 0.0021838031 11
16.859791 -2.828191 1.573337 2
16.435066 -2.3700461 0.38140038 3
16.343956 -3.0267401 0.96160966 2
16.778461 -3.0066209 2.7733719 48
16.748032 -2.4699097 3.9760418 19
33.359955 -4.8266993 9.8876858 5
16.8181 -2.4297938 4.6124105 15
2.440757 -0.34766647 -0.030096576 1
3.4712887 -0.49651298 -0.0055088177 3
2.0944188 -0.29752555 -0.031630892 1
2.8690262 -0.40926179 -0.019635383 1
16.464231 -2.3707142 -0.20077728 2
6.1719499 -0.90848368 0.030174984 3
4.477942 -0.88293976 -0.00055719569 11
16.758644 -3.0610638 2.7719514 55
2.3932817 -0.34913436 -0.01973558 1
16.781116 -2.4819329 4.6052995 13
3.4853444 -0.51047939 -0.0078881849 3
16.849815 -2.8876336 1.5732242 2
16.339184 -3.085458 0.96165133 2
16.416813 -2.4264996 0.38138396 3
16.462219 -2.4266913 -0.20113261 2
16.735006 -2.5313852 3.9751341 21
2.1011043 -0.30607602 -0.033644039 1
2.8520803 -0.41715339 -0.016741555 1
6.129364 -0.92432827 0.033262614 3
4.4631963 -0.89642358 0.00076549879 11
16.769297 -3.1241703 2.7747107 78
16.772367 -2.5411725 4.6051965 12
3.4796948 -0.52222258 -0.0073189437 3
2.3921204 -0.35762376 -0.019749569 1
16.396389 -2.4825482 0.38138226 3
16.863228 -2.951164 1.5745814 2
2.0963154 -0.3126021 -0.032654122 1
33.134834 -5.0331321 9.8337631 5
16.314009 -3.1432729 0.96115577 2
2.8428955 -0.42609611 -0.015302427 1
16.451244 -2.4872885 -0.20115279 2
4.4445186 -0.9090116 0.0025395059 11
16.717888 -2.5921993 3.9734263 21
6.1220512 -0.94644344 0.033535644 3
16.717377 -3.1755493 2.7690966 21
16.287792 -3.1948197 0.96061897 2
2.4333327 -0.37303713 -0.029274093 1
16.759113 -2.6027508 4.6041512 13
3.4739156 -0.53454912 -0.0067505962 3
16.393116 -2.5441377 0.38122466 3
2.0875745 -0.31924912 -0.030666636 1
4.4180255 -0.91987413 0.0052179247 10
16.432156 -2.5466139 -0.20082778 2
2.841388 -0.43667081 -0.015320194 1
16.696674 -2.6523061 3.9709172 21
6.0989017 -0.96601647 0.035058692 3
16.8015 -3.0595438 1.5717777 83
16.298098 -3.2565353 0.96108031 2
3.4680939 -0.54683977 -0.0061830082 3
2.3972967 -0.37665427 -0.021507667 1
16.755239 -2.6657822 4.6054406 15
16.377762 -2.6038423 0.381165 3
4.4498377 -0.94289339 0.0011182288 11
2.0864649 -0.3270368 -0.030678758 1
33.096943 -5.2786055 9.8333197 5
2.8398404 -0.4472478 -0.015337531 1
16.438501 -2.6098914 -0.20163041 2
16.679115 -2.7129159 3.969207 22
6.1111212 -0.99117893 0.03376789 3
16.763233 -3.1136718 1.5699433 100
16.722019 -3.2988081 2.7725146 1
16.282698 -3.31318 0.96085244 2
4.4698844 -0.96363032 -0.001627634 11
16.670519 -2.7658901 3.9691091 21
6.0922871 -1.0079966 0.034983598 3
2.3959742 -0.38558295 -0.021522621 1
16.731936 -2.7257016 4.6020565 14
3.4583213 -0.55846828 -0.0050249179 3
16.368113 -2.6644397 0.38105491 3
2.0929749 -0.33604273 -0.032692593 1
16.393328 -2.6649344 -0.2001812 2
2.8537843 -0.46030533 -0.018267533 1
16.738523 -3.1701694 1.5689652 40
16.796108 -3.0772045 3.3872738 43
16.69095 -3.3538837 2.7697752 1
16.265148 -3.3693488 0.96057117 2
16.707951 -2.7763157 4.598218 13
16.36558 -2.717334 0.38090885 3
4.5055408 -0.98712832 -0.0061792564 12
16.665125 -2.8224416 3.9698038 21
6.1046886 -1.0310833 0.0336954 3
2.4063101 -0.39555803 -0.024130447 1
3.4682236 -0.57203013 -0.0068151569 3
2.111028 -0.34623215 -0.037706364 1
2.8407421 -0.46749285 -0.016099671 1
16.730972 -3.1263287 3.3778989 45
16.698557 -3.4167249 2.7722664 1
16.702494 -2.8329885 4.5990477 12
16.249357 -3.4258478 0.96034068 2
16.34071 -2.7694397 0.38094175 3
16.65568 -2.8783135 3.9696987 21
6.0973544 -1.0508814 0.033970695 3
2.4050512 -0.40366164 -0.02414472 1
3.4702704 -0.58434188 -0.0074257394 3
4.5215182 -1.0073689 -0.0084737157 12
2.1175749 -0.35463706 -0.039718356 1
2.8314831 -0.47576436 -0.014659619 1
16.78256 -3.3012342 1.5728922 2
16.698637 -3.1812899 3.3741434 18
16.667099 -3.4715855 2.7695253 1
16.68293 -2.8902993 4.5966015 9
3.468375 -0.59600645 -0.0074471431 3
2.4037657 -0.41176674 -0.02415839 1
16.235325 -3.4826925 0.9601624 2
16.332912 -2.8273594 0.38081688 3
16.633959 -2.9350495 3.9671915 21
2.0897307 -0.35721317 -0.032728493 1
10.046035 -1.735283 0.077745944 4
2.8338296 -0.48595273 -0.015404451 1
32.266071 -5.6024947 9.6195345 4
6.0662069 -1.0675759 0.036120005 3
4.5180254 -1.0233419 -0.0085095046 12
16.763088 -3.358835 1.5722859 2
11.578326 -2.5248065 0.83451861 5
16.6859 -3.536943 2.7735879 1
3.4546418 -0.6062358 -0.0056915199 3
2.4216139 -0.42366165 -0.028489195 1
16.688061 -2.9518952 4.6002331 9
16.322935 -2.884913 0.38071153 3
16.612038 -2.9916737 3.9646885 21
2.096169 -0.3659769 -0.03473407 1
2.8438017 -0.49802864 -0.017598715 1
6.0860391 -1.0932207 0.03420981 3
4.4951072 -1.0348672 -0.0062771398 12
16.7356 -3.4147315 1.5711745 2
16.776625 -3.318964 3.3910928 1
16.317213 -2.9402573 0.38056594 3
16.634668 -3.5874293 2.768223 1
16.609743 -3.048769 3.9661696 21
17.089958 -3.0891268 5.3487864 1
2.3817425 -0.42540208 -0.01985788 1
3.4720407 -0.62195176 -0.0086654983 3
16.67001 -3.0094125 4.5982437 10
9.7741451 -1.7594064 0.089058429 4
2.1102004 -0.37612256 -0.038751069 1
2.865345 -0.51224679 -0.021985821 1
6.0665436 -1.1118279 0.03541667 3
2.3842251 -0.43412149 -0.020738581 1
3.4583411 -0.63148916 -0.0069179866 3
16.640818 -3.0617857 4.5934544 9
16.71965 -3.4729037 1.5707977 2
10.039107 -2.2636883 0.79318029 29
16.297009 -2.9959433 0.38053215 3
16.714655 -3.3680193 3.3823688 1
16.602854 -3.1081035 3.9668462 19
9.7348728 -1.786016 0.090464957 5
17.05444 -3.1449156 5.3417082 30
2.1013231 -0.38224018 -0.036763091 1
16.76186 -3.0625961 2.1684761 99
2.8481269 -0.51957864 -0.019093473 1
6.0705132 -1.1347102 0.034747992 3
4.4878726 -1.0666131 -0.0063527524 12
10.02946 -2.2359869 1.8790137 2
2.3904436 -0.44400194 -0.022484021 1
3.4561779 -0.64372987 -0.006942065 3
16.695059 -3.4253922 3.3809171 1
16.703505 -3.5310109 1.5704207 2
16.633854 -3.1212418 4.5942683 7
16.278585 -3.0518956 0.38048139 3
9.9103308 -2.2714317 0.78982872 31
2.0886855 -0.38721621 -0.033774909 1
2.8348496 -0.52701807 -0.016928118 1
16.767262 -3.121659 2.1698976 100
9.6814699 -1.8115338 0.092476919 5
17.045252 -3.2054758 5.3421168 32
16.585575 -3.1685073 3.965519 18
4.4457169 -1.072384 -0.0018667037 11
6.0587292 -1.1546465 0.035329737 3
16.691683 -3.5869541 1.5702955 2
9.8359613 -2.2293396 1.853833 2
2.3889472 -0.45248035 -0.022500442 1
16.694574 -3.4867067 3.382771 1
9.6336298 -2.2438509 0.78247041 35
16.265862 -3.1088796 0.3803786 3
17.022604 -3.2634716 5.3387823 21
16.622305 -3.182873 4.5941381 9
3.4577477 -0.65730566 -0.007557557 3
16.566717 -3.2255321 3.9637985 16
4.407249 -1.0796024 0.0021654398 11
2.0949364 -0.39644465 -0.035790585 1
16.730278 -3.1788957 2.1672692 58
2.8291028 -0.5368349 -0.016220173 1
9.6433887 -1.8413758 0.093790054 5
6.0390501 -1.1729954 0.03653701 3
9.5228329 -2.1937907 1.8124477 2
16.260786 -3.167336 0.38020647 3
9.357255 -2.214355 0.77511644 39
12.306313 -2.6159589 2.6330264 0
16.544394 -3.2787805 3.9612858 15
4.4268365 -1.100136 -0.00058338093 11
2.4371953 -0.47098619 -0.03376038 1
16.607277 -3.2408023 4.5930805 10
3.4477251 -0.66803563 -0.0064023263 3
2.0860023 -0.40241221 -0.033804189 1
9.6506605 -1.8780447 0.093111224 5
2.8349998 -0.54834372 -0.017696224 1
6.0427895 -1.1958607 0.035866786 3
12.316861 -2.6613822 2.6362395 0
9.1943493 -2.2083998 0.77082688 41
9.2100792 -2.1560628 1.7710671 3
2.4203539 -0.47619486 -0.030316863 1
16.588806 -3.2949667 4.5910931 11
3.4533112 -0.68115652 -0.0076059941 3
16.251579 -3.2250166 0.38006732 3
4.4153104 -1.1138361 0.0002830335 11
16.538607 -3.3383126 3.9623585 19
9.5797195 -1.897571 0.095907249 5
17.029644 -3.3896244 5.347086 1
6.0192852 -1.2121923 0.037388649 3
2.0884542 -0.41057029 -0.034818556 1
16.75844 -3.3068469 2.1720173 2
2.8331339 -0.5583868 -0.017716367 1
10.001515 -2.2609138 1.1515207 2
8.8952312 -2.169832 0.76284802 46
10.851006 -2.3849487 2.386292 1
9.059763 -2.1546576 1.7516475 3
2.3881066 -0.47864422 -0.023415983 1
16.569576 -3.3519623 4.5890975 11
3.439338 -0.69104004 -0.0058601275 3
16.248051 -3.2838607 0.37987697 3
16.538363 -3.3990371 3.9646275 19
4.4537997 -1.1402597 -0.004729372 12
2.0985413 -0.41988435 -0.037834387 1
2.8467534 -0.57100284 -0.020648368 1
16.735662 -3.3606343 2.1707456 2
9.5338888 -1.9234483 0.097571187 5
17.017704 -3.4497428 5.3469577 1
6.0424089 -1.2390348 0.035152052 3
8.7909613 -2.1756504 0.76014203 47
8.7557402 -2.1134665 1.7113234 3
9.7134075 -2.2318776 1.1338055 3
10.041798 -2.2444117 2.2487307 3
16.550148 -3.4088771 4.5871034 11
2.3864896 -0.48712191 -0.023431826 1
3.4369655 -0.70320094 -0.0058854357 3
16.212971 -3.3362646 0.37995741 3
16.522552 -3.4565852 3.963702 10
4.4190617 -1.1480174 -0.0011499719 11
2.0933349 -0.42655799 -0.036849499 1
16.727718 -3.4204304 2.1710021 2
2.856369 -0.58344585 -0.022852484 1
9.5271416 -1.9570614 0.097499415 5
17.020653 -3.5129292 5.3511076 1
6.0185742 -1.2562991 0.036672555 3
8.20158 -2.0606635 0.74427438 56
9.6799889 -2.199506 2.1878462 1
9.4645147 -2.2099068 1.1185427 3
4.4037447 -1.1598231 0.00017098263 11
2.384841 -0.49557859 -0.023449253 1
16.545757 -3.4688795 4.5888457 11
3.453917 -0.71939605 -0.0088614998 3
16.209036 -3.395025 0.37976518 3
16.504623 -3.5136569 3.9623768 4
2.0805247 -0.43163624 -0.0338622 1
9.5554819 -1.9980127 0.095864557 5
16.719561 -3.4802158 2.1712594 2
2.8312714 -0.58876628 -0.018504886 1
16.966785 -3.5642982 5.3392096 1
6.0376019 -1.2825141 0.0347487 3
8.2716513 -2.0570819 1.6474123 3
9.1657734 -2.1726303 1.1001055 3
8.054863 -2.0540705 0.74041498 58
9.3878145 -2.1680493 2.1388624 2
4.4342794 -1.1845909 -0.0039393362 11
2.3850737 -0.50444221 -0.023898875 1
16.533539 -3.5272715 4.5887179 11
3.4166086 -0.72424132 -0.0035737362 3
16.19511 -3.4517186 0.37965772 3
9.8074923 -2.1247442 2.5693152 3
16.672237 -3.5317428 2.1676726 2
2.8292634 -0.59879464 -0.018525198 1
2.0828629 -0.43982401 -0.034876876 1
9.532835 -2.0283797 0.096486717 5
16.939154 -3.620966 5.3347993 2
6.0331283 -1.3038185 0.034702484 3
8.0567942 -2.0339246 1.6191183 4
7.9934649 -2.0684903 0.73887265 59
8.9174833 -2.1470778 1.0848496 3
9.0998278 -2.1354496 2.0905445 2
16.246107 -3.5194685 0.3789922 3
9.9611912 -2.1930258 2.6027682 3
16.945873 -3.6818519 5.3400221 1
2.3661809 -0.50921541 -0.02002321 1
16.528715 -3.5872684 4.5904584 11
3.4334586 -0.74049616 -0.0065509188 3
4.4529753 -1.207265 -0.0066954698 12
2.073808 -0.44559139 -0.032890715 1
16.683146 -3.5955493 2.1698492 2
2.8195286 -0.60716337 -0.017090186 1
9.4612703 -2.0480499 0.099279307 5
5.9896359 -1.3165613 0.037786916 3
8.6349478 -2.109755 1.0673997 3
7.9092231 -2.0750113 0.73670232 60
7.9574661 -2.0387743 1.6065059 4
8.8470974 -2.107522 2.0481806 2
2.3664503 -0.51760101 -0.020472504 1
16.505322 -3.6401725 4.5875325 11
3.427175 -0.75118655 -0.0059848907 3
11.245416 -2.4781601 0.42249039 3
9.9477615 -2.2269185 2.6014938 6
9.4837198 -2.0861726 0.097906731 5
16.944197 -3.7441649 5.3430986 1
6.0125208 -1.3427268 0.035551012 3
2.1215012 -0.46366605 -0.045916185 1
2.8251405 -0.61882704 -0.018567661 1
4.3834128 -1.2058984 0.0009547713 11
8.1741447 -2.0278738 1.0386914 3
7.8362575 -2.0854595 0.73484504 61
7.8773952 -2.047945 1.5965087 4
8.6249723 -2.0868645 2.0111041 2
3.4245918 -0.76330614 -0.0060112374 3
2.376132 -0.52852803 -0.023084946 1
16.492498 -3.698416 4.5874023 11
9.5481939 -2.1729596 2.5196047 4
2.0973289 -0.46579996 -0.039925866 1
10.06695 -2.2428107 1.5181584 1
2.8039343 -0.624066 -0.014946856 1
9.4841976 -2.1213474 0.097484939 5
16.931007 -3.8039806 5.3429661 1
5.9806156 -1.3577695 0.037695684 3
4.3677354 -1.2182009 0.0022740427 11
7.7401929 -2.0400388 1.5786762 4
8.0896034 -2.0372384 1.0337278 3
8.3958006 -2.0612984 1.9727131 2
7.6818814 -2.0749259 0.73077953 63
2.3743377 -0.53694719 -0.023103282 1
16.479471 -3.7566178 4.5872703 11
3.4296813 -0.77717012 -0.007218285 3
9.8823223 -2.2511425 0.43412063 2
9.1892347 -2.1254816 2.446101 3
2.1033137 -0.47495189 -0.041942567 1
2.8171475 -0.63746572 -0.017880145 1
9.4553213 -2.1499188 0.098366678 5
9.938694 -2.2510896 1.5061738 1
8.0081635 -1.8298762 2.8067865 4
5.9991965 -1.3842486 0.035768945 3
7.6066093 -2.0336156 1.5613657 4
7.9896231 -2.0420902 1.027787 3
8.1359215 -2.0280385 1.9290355 3
2.3687088 -0.54450262 -0.022255041 1
16.470032 -3.8156512 4.5880737 11
3.4462838 -0.79373121 -0.010197932 3
9.7068501 -2.2472267 0.43551546 2
7.5778279 -2.076993 0.72808057 60
8.9604712 -2.1059682 2.3997378 3
2.0941594 -0.48068666 -0.039956488 1
2.814966 -0.64743525 -0.017901953 1
9.6514196 -2.2218943 1.4784439 1
9.5606966 -2.2093253 0.093250312 5
8.0374317 -1.8664621 2.816885 22
6.0021334 -1.4072453 0.035096075 3
4.3900013 -1.2570056 -0.0014238368 11
7.9132581 -2.0508709 1.0233189 3
8.0217257 -2.0297005 1.910467 3
7.5034375 -2.0358903 1.5482329 4
16.466055 -3.8759925 4.5902772 12
3.4127312 -0.79872024 -0.005499281 3
2.3554471 -0.55023682 -0.019678326 1
9.5042725 -2.2356937 0.43715212 2
7.5127587 -2.0876906 0.72643578 59
8.8005848 -2.1012356 2.3677435 4
2.0812185 -0.48548093 -0.036970206 1
9.3683586 -2.1916034 1.4511021 1
7.9446139 -1.8745295 2.7922215 24
9.4440069 -2.2174728 0.098041989 5
2.8204134 -0.65919298 -0.01937996 1
5.9894652 -1.4265809 0.035674144 3
4.3932662 -1.2747201 -0.0023696728 11
7.7516127 -2.0382266 1.0134653 3
7.9802251 -2.0492079 1.904454 3
9.240037 -2.2062747 0.43934461 2
8.5954933 -2.0828099 2.3261778 4
7.4691849 -2.0563574 1.5445067 4
7.9496326 -1.9039005 2.7953689 20
16.441057 -3.9313862 4.5873404 12
2.3630786 -0.56084341 -0.021858446 1
3.4292259 -0.81536436 -0.0084784813 3
7.4938989 -2.1109543 0.7260533 58
2.083348 -0.49375781 -0.037986696 1
9.4673233 -2.2581787 0.096574895 5
9.0933781 -2.1611993 1.4245336 2
2.8219841 -0.6700871 -0.020129627 1
5.9767356 -1.4458433 0.036252413 3
4.4040885 -1.2947201 -0.0042195995 11
7.6788893 -2.0481155 1.0092404 3
7.8245039 -2.0372596 1.8786247 3
2.3574688 -0.56788355 -0.021011265 1
3.4150186 -0.82410252 -0.0067327265 3
16.460035 -3.9943004 4.5951548 2
9.0184937 -2.1870556 0.4411585 2
7.2676797 -2.0736256 0.72000563 52
7.2518806 -2.0241637 1.5157071 4
8.3617239 -2.0574975 2.2786267 8
9.4131861 -2.2786117 0.098588921 5
8.0440941 -1.9565704 2.8241806 8
5.9719443 -1.4658843 0.036206514 3
2.8043923 -0.67640454 -0.017237859 1
2.0854433 -0.50205207 -0.03900364 1
8.8496962 -2.1363444 1.4010391 2
4.3652973 -1.300092 -0.00018634474 11
7.8059273 -2.0618761 1.8765761 3
7.5904174 -2.054692 1.004035 3
8.7665033 -2.1571171 0.44325545 2
8.1400032 -2.0319719 2.2334764 6
8.3500767 -2.0606134 2.9134169 16
3.412179 -0.83618331 -0.0067597562 3
2.3688161 -0.57947588 -0.02405745 1
7.9979057 -1.9717786 2.5050085 2
7.1643748 -2.0715415 0.71731615 49
7.1951818 -2.0357618 1.5088512 4
9.2809982 -2.2812936 0.10407887 5
8.5834665 -2.1026022 1.3752488 2
2.8060141 -0.68677366 -0.017986979 1
2.0875931 -0.50999761 -0.040019874 1
5.9513502 -1.4831125 0.037411489 3
4.3610034 -1.3147379 -0.00022566199 11
7.5852942 -2.0323408 1.8395185 3
2.3745248 -0.58933252 -0.025805438 1
3.40944 -0.84764409 -0.0067855306 3
8.4911613 -2.121196 0.44555691 2
8.0592718 -2.0155957 2.5217624 1
8.0302935 -2.0347638 2.2118657 6
7.1236 -2.0413532 1.4999096 4
7.9184775 -1.9839132 2.79197 15
5.9657664 -1.5079393 0.035797786 3
7.4596486 -2.0490162 0.99613893 3
7.1072307 -2.0822334 0.71588647 48
2.8036597 -0.69669962 -0.018009806 1
2.0708284 -0.5136922 -0.036031634 1
8.3403883 -2.0743341 1.3517617 2
4.3488259 -1.3278311 0.00063985639 11
2.3497908 -0.59204412 -0.020632554 1
7.9655023 -2.0220904 2.5002103 2
7.4864469 -2.0356469 1.8235959 3
3.4065173 -0.85970682 -0.0068129133 3
8.1076155 -2.0558751 0.44882831 2
7.9320555 -2.0397258 2.1926479 4
6.9907627 -2.0300651 1.4826082 4
2.0691752 -0.52067518 -0.036046684 1
2.7937634 -0.70421797 -0.01657345 1
8.159749 -2.0585175 1.3344239 2
8.1030016 -2.051168 0.15613453 8
16.445856 -4.1798491 5.2349396 7
5.9643683 -1.5299848 0.035435736 3
7.3716979 -2.0528829 0.9909395 3
7.0155997 -2.0823183 0.71351403 46
4.3555994 -1.3467044 -0.0007598754 11
3.418884 -0.87566853 -0.0092034144 3
2.3515584 -0.60133517 -0.021516496 1
6.8554759 -2.0598788 0.70925903 41
7.8190589 -2.0143669 2.4655776 2
8.0423031 -2.0695295 0.44927764 2
7.2572708 -2.047291 0.98403299 3
6.8733182 -2.0223358 1.4673986 4
7.8376746 -2.0450096 2.1742311 4
2.089931 -0.53374189 -0.042069372 1
2.8027816 -0.71702617 -0.018781519 1
8.0136738 -2.0518086 1.3205388 2
8.0803328 -2.0757632 0.15676323 8
16.440466 -4.240303 5.2374749 20
5.9706054 -1.5540396 0.034445692 3
7.4181089 -2.0466433 1.8129587 3
4.3091836 -1.3490577 0.0041794865 10
7.9270406 -2.0682416 0.45018056 2
7.7247672 -2.0432727 2.1518271 4
16.422554 -4.2944531 5.2362742 19
2.3532889 -0.61064368 -0.022400934 1
7.6652417 -2.0036712 2.4290791 2
7.1310911 -2.0389214 0.97639126 3
3.4043736 -0.88477749 -0.0074589867 3
6.7526183 -2.0550048 0.70657533 39
6.7864213 -2.0228589 1.4563683 4
2.7927063 -0.72496969 -0.017347775 1
2.080621 -0.53921717 -0.040084418 1
7.8870163 -2.0490851 1.3085742 2
8.1078587 -2.1133156 0.15512848 8
5.9459009 -1.5700192 0.03596247 3
7.2323623 -2.0229688 1.7818536 3
4.3689108 -1.3846409 -0.0035599039 11
2.3664215 -0.62253356 -0.025880245 1
7.5533028 -2.0015452 2.4028635 2
3.4014716 -0.89622474 -0.0074847289 3
7.7883182 -2.0614378 0.45128816 2
6.7796988 -2.0456312 1.4563086 4
8.0969639 -2.1394618 0.15523887 8
6.7454281 -2.0788486 0.70651263 39
7.0625901 -2.0463457 0.97241789 3
7.1649036 -2.0300519 1.7712255 4
7.596107 -2.0394371 2.1262295 7
2.0862837 -0.54856455 -0.042102333 1
2.7826107 -0.73286051 -0.015912598 1
7.7412262 -2.0404248 1.2946923 2
5.9481244 -1.5930656 0.035285313 3
4.3186688 -1.3855394 0.0018330052 11
2.3642983 -0.6309182 -0.025899256 1
3.3945546 -0.90722114 -0.0069230767 3
7.3772597 -1.9828602 2.3607643 2
7.7231464 -2.0733721 0.45174122 2
6.7004714 -2.0475898 1.4463247 4
2.0658 -0.5506314 -0.037112318 1
7.6498079 -2.0438063 1.2861897 2
6.9805055 -1.8794776 2.5323443 1
6.9404898 -2.0375772 0.9650234 3
6.6236234 -2.0669672 0.70330709 35
7.1160822 -2.0433929 1.7638975 4
2.7800932 -0.7427116 -0.015935823 1
8.0813665 -2.1673708 0.15551458 8
7.4751453 -2.0367379 2.1022277 7
5.923038 -1.6098813 0.036800362 3
4.3592172 -1.4154869 -0.0036439535 11
6.8533392 -2.0369983 0.95983291 3
6.5265899 -2.0197413 1.4232877 4
2.3356411 -0.63259488 -0.019861534 1
3.3950834 -0.9208656 -0.0075428393 3
7.0066447 -2.0388117 1.7460047 4
7.3774772 -2.0122764 2.3625665 3
6.4447865 -2.036217 0.69853318 31
7.5534153 -2.0578704 0.4531258 2
2.0675759 -0.55932826 -0.038131297 1
7.5346832 -2.04302 1.2753782 2
7.0479722 -1.9256879 2.5536668 4
7.4000034 -2.0443797 2.0878038 5
2.7888055 -0.75612879 -0.018145183 1
8.027112 -2.1847167 0.15753278 8
5.9212604 -1.6318415 0.036436304 3
4.3051939 -1.4147898 0.00220176 11
6.7391534 -2.0290048 0.95292997 3
6.4286876 -2.014374 1.410696 4
6.9276056 -2.0423954 1.7333955 4
6.3729048 -2.0382876 0.69669169 29
2.350323 -0.64592463 -0.023776153 1
7.2501183 -2.0064871 2.3326106 3
3.3841112 -0.93137479 -0.0063907304 3
7.5111456 -2.0762589 0.45336866 2
7.2267604 -2.0240736 2.0526421 6
4.4740458 -1.4867581 -0.018675627 13
2.0805223 -0.57111877 -0.042153504 1
7.4235096 -2.042459 1.2649521 2
2.7748301 -0.76287985 -0.015981987 1
7.0520425 -1.9549303 2.5568097 4
5.9117208 -1.6516619 0.036698218 3
6.6900382 -2.0400057 0.95018137 3
6.8262978 -2.037477 1.7168288 4
6.3724942 -2.0215206 1.4038488 4
6.2896771 -2.0361893 0.6945383 27
2.3631692 -0.65843016 -0.027258173 1
7.4576516 -2.0898256 0.45372066 2
7.1944098 -2.0184689 2.320406 3
3.3999512 -0.94864082 -0.0093745636 3
7.1555696 -2.0314252 2.0390184 6
4.3143802 -1.4507442 -0.00014514296 11
2.0711162 -0.57642317 -0.040168967 1
7.3281436 -2.0440876 1.2560642 2
2.772208 -0.77270627 -0.016005127 1
7.0581956 -1.9835094 2.5604916 9
5.9021149 -1.6714321 0.036960497 3
6.5264721 -2.015389 0.94010717 3
6.7247496 -2.0330796 1.7002603 4
6.3389888 -2.035557 1.4001336 4
7.3121643 -2.0755403 0.45490888 2
6.1913424 -2.0285621 0.69196898 24
7.129981 -2.050029 2.03497 6
4.294529 -1.4601154 0.0016263252 11
6.9830155 -1.9877168 2.5406537 4
2.3458805 -0.66257495 -0.023815446 1
3.3928649 -0.95958567 -0.0088131698 3
7.1349669 -2.0290136 2.3072677 3
7.2137008 -2.0396609 1.2452605 2
2.7771256 -0.78464866 -0.017486323 1
2.0542424 -0.57957911 -0.036180586 1
5.9039435 -1.6944555 0.03628204 3
6.462255 -2.0205832 0.93638337 3
6.7176366 -2.0568419 1.7001991 4
6.2263627 -2.0631342 0.69306082 25
6.2300186 -2.0249016 1.3859797 4
7.0048757 -2.0174906 2.2763886 2
2.341851 -0.66993988 -0.023400741 1
7.2164755 -2.0759304 0.45564368 2
3.3783031 -0.96773022 -0.0070663732 3
6.9685006 -2.0303249 2.0022056 7
6.8982811 -1.9899915 2.5181413 4
5.905983 -1.7164685 0.035605587 3
4.2703938 -1.4695865 0.0038469548 10
2.0410972 -0.58368671 -0.033193395 1
2.7555177 -0.78907442 -0.013866601 1
7.1070361 -2.0366437 1.2352251 2
6.3752413 -2.0181308 0.93119663 3
6.6614475 -2.0654008 1.6915538 4
6.0940132 -2.0432293 0.68955165 22
6.1626506 -2.027112 1.3775675 4
2.3395603 -0.67823458 -0.023421148 1
3.3749566 -0.97967196 -0.0070960741 3
6.8969946 -2.0128603 2.2511106 2
7.1170373 -2.0745547 0.45641422 2
6.8974795 -2.0361009 1.9885843 8
4.2542701 -1.4800038 0.0051653008 10
2.0354905 -0.58949322 -0.032207869 1
2.7756107 -0.80489749 -0.018261246 1
7.027606 -2.0394256 1.2278793 2
6.7988195 -1.987377 2.4913545 5
5.892334 -1.7350556 0.036180727 3
6.0379882 -2.047008 0.68813652 20
6.03548 -2.0077977 1.3608103 4
6.2845216 -2.013875 0.92576605 3
6.5149331 -2.0452678 1.6670668 4
2.3334911 -0.68542439 -0.022575269 1
3.3753655 -0.99271703 -0.0077162627 3
6.7556658 -1.9975804 2.2174308 3
7.0368805 -2.0781674 0.45701322 2
6.7213473 -2.0100038 1.9526347 4
4.249114 -1.4950304 0.0051223929 10
2.7501953 -0.80808699 -0.013912026 1
6.9173183 -2.0339456 1.2174628 2
2.0446353 -0.59996039 -0.035230763 1
6.7290339 -1.9928313 2.4731202 5
5.8977356 -1.7592591 0.035186645 3
6.0247006 -2.0278537 1.3602287 4
6.2318969 -2.0213034 0.92277771 3
6.9149919 -2.0674245 0.45799941 3
6.0493803 -2.0758691 0.68859559 21
6.3197622 -2.0086248 1.6340008 5
6.6846514 -2.0234914 1.9461963 4
6.6227169 -1.9855816 2.4442 5
2.3274031 -0.69258463 -0.021729615 1
6.6927853 -2.0047433 2.2033629 3
3.3757236 -1.0057728 -0.0083373562 3
4.2176895 -1.5007262 0.0082516167 10
6.8262453 -2.0333915 1.208966 2
2.7474151 -0.81782287 -0.01393549 1
2.027739 -0.60281825 -0.031241756 1
5.8801379 -1.7766112 0.036075428 3
5.9916816 -2.0391514 1.3565201 4
6.1455059 -2.0161121 0.91759706 3
6.0084791 -2.0843773 0.68759906 20
6.6042295 -2.0024247 2.1827631 3
2.3363729 -0.70378375 -0.024345765 1
3.3648429 -1.0148335 -0.0071825916 3
6.8043814 -2.0605562 0.45887905 3
6.3127356 -2.0309541 1.6339412 5
6.65134 -2.0390792 1.940554 9
6.5309348 -1.9832705 2.4195542 5
5.8818674 -1.79865 0.035397556 3
4.2386494 -1.5250233 0.0050363033 10
2.7446015 -0.8275454 -0.013959375 1
2.0256863 -0.61000884 -0.031258795 1
6.7200079 -2.0276239 1.1989359 2
6.0816064 -2.0189691 0.9138785 3
5.9068413 -2.0725379 0.68492979 17
5.9466901 -2.0484769 1.3512398 4
2.3339622 -0.71205479 -0.024366759 1
3.3651164 -1.0278789 -0.0078042992 3
6.5637579 -2.0155013 2.1742988 3
6.2268453 -2.0276453 1.6200205 5
6.690083 -2.0517652 0.45979533 3
6.5131679 -2.0219657 1.9125839 9
6.6180596 -2.0211325 1.1892934 2
2.0200067 -0.61571223 -0.030274147 1
2.7494214 -0.83906358 -0.015440123 1
6.442935 -1.9814601 2.395978 6
5.8832021 -1.8217561 0.034716208 3
4.2744293 -1.5548995 6.1539431e-06 11
6.0597587 -2.0342929 0.91284674 3
5.9099183 -2.0580158 1.34701 4
5.8995934 -2.0933912 0.68486983 17
6.1751375 -2.0337617 1.6120447 5
2.32779 -0.71918154 -0.023520986 1
6.4564176 -2.0075612 2.1490297 3
3.3577788 -1.0386156 -0.0072419797 3
6.6179547 -2.0552235 0.4603284 3
6.4425178 -2.0250177 1.8989674 5
2.0216115 -0.6240198 -0.031292703 1
2.7465317 -0.84879065 -0.015464998 1
6.5349011 -2.0209973 1.1815664 2
6.3623939 -1.9813479 2.3745408 6
5.8996687 -1.8496642 0.032779623 3
4.2391634 -1.5590415 0.0035885558 10
6.026176 -2.0467153 0.91108006 3
5.876534 -2.0696883 1.3432988 4
6.1418219 -2.0468569 1.6073653 5
5.8546243 -2.1007338 0.68376726 16
3.3655128 -1.0540168 -0.0090466049 3
6.3640547 -2.0035486 2.1274939 3
2.3215978 -0.72626346 -0.022675913 1
6.5153584 -2.048624 0.46114281 3
6.3345728 -2.0157382 1.8773791 10
4.2116461 -1.5649819 0.006267773 10
2.0342748 -0.63578856 -0.035316426 1
6.470829 -2.0262482 1.1757574 2
2.7548735 -0.86201477 -0.017677126 1
6.3113461 -1.9899598 2.3616571 6
5.8970051 -1.8716763 0.032411188 3
5.9850297 -2.0563307 0.90882641 3
6.041544 -2.0360208 1.5908111 5
5.8506112 -2.0837986 1.3406304 4
5.836 -2.1173198 0.68339527 16
2.3153849 -0.73331583 -0.02183014 1
3.3694067 -1.0683041 -0.010259458 3
6.420516 -2.0437438 0.46188888 3
6.3385167 -2.0201483 2.1227679 3
6.2752824 -2.021327 1.8661579 5
4.2285218 -1.5882157 0.0035031147 10
2.0284109 -0.64183289 -0.03433321 1
2.7369006 -0.86703408 -0.014784653 1
6.3878222 -2.0250676 1.1680329 2
6.2272663 -1.9876975 2.3391538 6
5.8866644 -1.8912596 0.032670248 3
5.9634619 -2.0332074 1.5782143 5
5.9325724 -2.061753 0.90584159 3
5.7798824 -2.0816631 1.3317044 4
5.7647591 -2.1145473 0.68156397 14
6.2166853 -2.0055883 2.0937665 4
2.3240311 -0.74507898 -0.024448734 1
3.3544042 -1.0765897 -0.0085163275 3
6.3029442 -2.0308719 0.46284628 3
6.1563959 -2.0070984 1.84218 5
4.2081203 -1.5975195 0.0052724858 10
2.7339149 -0.87672067 -0.01480932 1
2.0188422 -0.64667076 -0.032348081 1
6.2821565 -2.0160346 1.1580098 2
6.1836333 -1.9978797 2.3284078 4
5.8307481 -1.8960247 0.036698423 3
5.8575492 -2.0589092 0.90139413 3
5.750237 -2.1311147 0.68129975 14
5.9265118 -2.0440042 1.5728776 5
5.6980581 -2.0749857 1.321213 4
2.314044 -0.75090349 -0.022737959 1
3.3431475 -1.0860101 -0.0073638312 3
6.1357117 -2.0034506 2.0750365 4
6.2121668 -2.0258656 0.4635596 3
4.243382 -1.6279941 0.00023900856 11
6.1047044 -2.0141444 1.8325559 11
2.0129502 -0.65263987 -0.031364229 1
6.1955686 -2.0124192 1.1499037 2
2.7421203 -0.89002943 -0.017020898 1
6.110692 -1.998206 2.3091118 4
5.8279061 -1.9178325 0.036329243 3
5.8390617 -2.075588 0.90060508 3
5.6229291 -2.1065915 0.67790794 10
5.8895588 -2.0545709 1.5675416 5
5.6126328 -2.0663869 1.3102015 4
6.106658 -2.0141659 0.46441814 3
6.0645466 -2.0234869 1.8253254 12
6.0784373 -2.0102718 2.3015766 4
2.315181 -0.76032346 -0.023623984 1
6.0659156 -2.0044136 2.0591073 4
3.3469052 -1.1002901 -0.0085779661 3
4.182107 -1.621485 0.0069978121 10
2.0070407 -0.65857929 -0.030380579 1
2.742789 -0.90095347 -0.017775381 1
6.0939641 -2.0082984 0.23971142 51
6.1544824 -2.0231237 1.1463977 2
5.8136325 -1.9358727 0.036901888 3
5.609489 -2.0866063 1.3106682 4
5.8451633 -2.0622718 1.5608847 5
5.7679172 -2.0732782 0.89640266 3
5.5631971 -2.1066499 0.67639273 9
2.3052871 -0.76565892 -0.021912379 1
3.3395293 -1.1102846 -0.008015872 3
5.9891596 -2.0013971 2.0413165 4
6.0882292 -2.031914 0.46446523 3
6.016613 -2.0311522 1.816499 6
4.1656337 -1.6311705 0.0083154626 10
6.0092587 -2.0109999 2.2833514 6
5.8223252 -1.9604362 0.035593133 3
2.0158226 -0.66933632 -0.033403862 1
6.0850606 -2.0241497 1.1400186 5
2.7247488 -0.90570813 -0.01488431 1
5.5427847 -2.0841331 1.3022662 4
5.7081227 -2.0745831 0.89293391 3
6.0511537 -2.0421109 0.46469268 3
5.8045049 -2.071013 1.5548899 5
5.5110054 -2.1091666 0.6750856 9
4.1602335 -1.6451443 0.008272728 10
5.9245315 -2.0222681 1.79811 6
5.9624138 -2.0176084 2.2715416 4
2.3174725 -0.77877891 -0.025397917 1
3.3356814 -1.1220866 -0.0080467453 3
5.9637361 -2.0163472 2.0365925 4
2.7105961 -0.91111851 -0.012720589 1
2.017324 -0.67735064 -0.034423318 1
5.9343853 -2.0011015 0.24632747 55
6.0613523 -2.0388613 1.1382403 2
5.8041453 -1.9771239 0.036480293 3
5.6637464 -2.0799878 0.89044183 3
5.5021281 -2.0910535 1.2975152 4
2.307534 -0.78407085 -0.023686387 1
5.9386363 -2.0300961 2.0318713 4
3.3432281 -1.1370995 -0.0098511567 3
6.040226 -2.0621767 0.46467057 3
5.7749949 -2.0835018 1.5508741 5
5.4663272 -2.1142275 0.67398721 9
4.1434231 -1.6554177 0.0095889252 10
5.9042959 -2.0212367 2.2565236 4
5.8948727 -2.0365779 1.7932664 6
1.9966657 -0.67829931 -0.029433129 1
2.7260773 -0.9270193 -0.016391598 1
6.01652 -2.0474482 1.1343505 2
5.7934594 -1.996305 0.036739197 3
5.6152921 -2.0847239 0.88770497 3
5.4614887 -2.0977192 1.2927649 4
5.9762945 -2.0639281 0.46514124 3
5.6750317 -2.0701523 1.5343232 5
5.4589348 -2.1335154 0.67392856 9
5.8214898 -2.0331464 1.7788656 6
4.1376529 -1.6700503 0.0095440364 10
5.8389406 -2.0219638 2.2393701 4
5.8686795 -2.0305529 2.0159543 4
2.2973137 -0.79012287 -0.021965019 1
3.3166349 -1.1418011 -0.0063234791 3
2.005336 -0.68914628 -0.032445334 1
2.7079923 -0.93156821 -0.013488384 1
5.9754696 -2.0570517 1.1308578 2
5.7940078 -2.0193639 0.036066215 3
5.5593939 -2.0863464 0.88448918 3
5.5607805 -2.0496988 1.5151484 5
5.4257998 -2.1415734 0.67315561 9
5.4171724 -2.1026897 1.2875025 4
2.2984264 -0.79913002 -0.022852976 1
5.8031859 -2.0297418 2.000963 2
3.3203509 -1.1555386 -0.0075375461 3
5.927525 -2.0705276 0.46547991 3
5.7848053 -2.0432932 1.7724408 6
4.1281428 -1.6831608 0.0099619217 10
5.7918458 -2.0286169 2.2275674 4
5.7835383 -2.0374579 0.03632392 3
2.0011499 -0.69562358 -0.03196368 1
5.8968196 -2.0533166 1.1235207 2
2.7159264 -0.94500834 -0.015704278 1
5.4001122 -2.1523802 0.67257863 9
5.5035577 -2.0875976 0.88126314 3
5.5684066 -2.0748494 1.5177277 5
5.3174953 -2.0856829 1.2744095 4
2.291995 -0.80598038 -0.022009892 1
5.7337432 -2.028235 1.9850371 4
3.3238089 -1.1698899 -0.0087548969 3
5.8938804 -2.0821404 0.46566677 3
5.7481279 -2.0532026 1.7660047 6
4.1149225 -1.6947187 0.010822588 9
1.9970602 -0.70171916 -0.031482171 1
5.8411679 -2.0559323 1.118485 2
2.7128294 -0.95414108 -0.015729766 1
5.72298 -2.0272465 2.2093427 5
5.7951989 -2.0645349 0.034691982 3
5.3814573 -2.1669726 0.6722067 9
5.310575 -2.103523 1.2743526 4
5.4738889 -2.0984716 0.8797431 3
5.5205345 -2.079253 1.5104128 6
5.6753731 -2.0301805 1.971911 7
3.3309367 -1.1856031 -0.010563789 3
2.2929065 -0.81539851 -0.022899311 1
5.8413858 -2.0868051 0.46602973 3
5.6930141 -2.0562241 1.755584 6
2.0092638 -0.71396792 -0.035509091 1
5.788959 -2.0605683 1.1138301 2
2.702121 -0.96110845 -0.014298329 1
5.6832294 -2.0357974 2.1996665 7
5.7729678 -2.0795794 0.035889361 3
4.0977049 -1.7054075 0.012134889 9
5.2078252 -2.083128 1.2607442 4
5.3183026 -2.1634021 0.67058796 9
5.4616351 -2.0791416 1.5011207 5
5.440486 -2.1077206 0.87797904 3
3.3231018 -1.1960392 -0.010006043 3
5.6207218 -2.0330727 1.9597205 7
2.2937789 -0.82483423 -0.023788298 1
5.7851729 -2.0897794 0.46643025 3
5.6674166 -2.0696237 1.7515395 6
5.7555265 -2.0715766 1.1110898 2
1.9885875 -0.71456456 -0.030519368 1
2.7062066 -0.97332239 -0.015784554 1
5.6434927 -2.0440936 2.1899929 5
5.6794987 -2.068604 0.043060239 3
4.0917583 -1.7198665 0.012086884 9
5.1858354 -2.0955861 1.2586007 4
5.1886506 -2.1321156 0.6671049 8
5.373981 -2.1027298 0.87402821 3
5.4322696 -2.0899487 1.4971045 5
5.5734272 -2.0382626 1.9493952 5
3.3077948 -1.2037364 -0.0082647884 3
2.2946143 -0.83428752 -0.02467778 1
5.7515616 -2.1005995 0.46661881 3
5.5976558 -2.0666127 1.7379336 7
5.6884079 -2.0701475 1.1049047 2
1.9934247 -0.72424459 -0.032543696 1
2.688056 -0.97753859 -0.012893829 1
5.5567026 -2.0349274 2.1664293 5
5.6460662 -2.0790076 0.045201614 3
4.1077189 -1.7436146 0.009316667 10
5.3001442 -2.094389 0.86959207 3
5.134439 -2.0959554 1.2522893 4
5.6920371 -2.1005235 0.46705875 3
5.4176106 -2.1062834 1.4957269 5
5.1401882 -2.134505 0.6659019 8
5.5467162 -2.0689855 1.7283156 7
5.5427213 -2.0509152 2.1642368 5
2.2789094 -0.83772069 -0.021667959 1
5.526166 -2.0431511 1.9390731 5
3.3184755 -1.220872 -0.010666062 3
4.0873265 -1.7511446 0.011087139 9
1.9909444 -0.73131454 -0.032563578 1
2.6846795 -0.98704857 -0.012921534 1
5.6624804 -2.083364 1.1029311 2
5.6163669 -2.0905819 0.047028493 3
5.2631516 -2.1012754 0.86758608 3
5.0941081 -2.1005077 1.2475399 4
5.3371534 -2.0956786 1.482483 5
2.2871616 -0.84944558 -0.024289254 1
5.6434598 -2.1052473 0.46738958 3
5.4865861 -2.049474 1.9306185 5
3.3070333 -1.2292594 -0.0095152585 3
5.0663333 -2.1248698 0.66397762 8
5.4807897 -2.0664899 1.7155077 7
5.517499 -2.0637755 2.1588378 5
5.5926223 -2.1030972 0.048388205 3
4.0520258 -1.7529706 0.014670685 9
1.9884391 -0.73836291 -0.032584008 1
5.5954762 -2.0811911 1.0967488 2
2.6997097 -1.0033675 -0.01659701 1
5.2372875 -2.1124039 0.86631149 3
5.2825074 -2.0947123 1.473855 5
5.0607657 -2.1087463 1.2438323 4
5.4466672 -2.0565152 1.9221632 5
2.2878959 -0.85890484 -0.025180046 1
3.3101768 -1.2437212 -0.010733435 3
5.5724607 -2.1012084 0.46793485 3
5.0220742 -2.1271813 0.66288251 7
5.4222751 -2.0663526 1.7042948 7
4.0935869 -1.7871864 0.0087234154 10
1.9896648 -0.74641651 -0.0336054 1
5.540102 -2.0817792 1.0917166 2
2.6908925 -1.0103741 -0.015528779 1
5.4634061 -2.0655799 2.1448915 5
5.5759468 -2.1192825 0.049114771 3
5.1818242 -2.1113453 0.86309135 3
5.2568722 -2.1060536 1.4705008 5
4.9708767 -2.1252024 0.66158605 7
5.0095181 -2.108201 1.237523 4
2.2794616 -0.8649407 -0.023903215 1
5.4067693 -2.0633094 1.9137083 5
5.5613732 -2.119457 0.46791238 3
3.2984593 -1.2526162 -0.0095841745 3
5.39676 -2.0784731 1.7002527 7
1.9907297 -0.75483268 -0.034628171 1
5.4955935 -2.0872228 1.087832 2
2.6763651 -1.015722 -0.013367726 1
5.4057674 -2.0656643 2.129878 5
5.5610886 -2.1360981 0.04968496 3
4.0721765 -1.79668 0.010486474 9
5.1522884 -2.120538 0.86157465 3
5.1946406 -2.1024673 1.460554 5
4.9634476 -2.1427498 0.66152793 7
4.9984999 -2.1243408 1.2369429 4
2.2837791 -0.87579262 -0.025660167 1
3.2904179 -1.2628571 -0.0090263579 3
5.355998 -2.0656497 1.9024541 5
5.5240951 -2.1275933 0.46813908 3
5.3894987 -2.0975535 1.7001964 14
1.9953779 -0.76464653 -0.036652662 1
2.6838758 -1.0293941 -0.015585231 1
5.4399638 -2.0881097 1.0827988 2
5.3661799 -2.0722938 2.1202064 5
5.5722079 -2.1629074 0.048051655 3
4.0371675 -1.797437 0.014074297 9
4.9380002 -2.1514239 0.66095549 7
5.1069326 -2.0880179 1.4459928 5
4.9586353 -2.127069 1.2322003 3
5.0891895 -2.116677 0.85786563 3
2.2661936 -0.87825072 -0.022218229 1
3.2749658 -1.2702019 -0.007285079 3
5.3089075 -2.0690696 1.8921338 5
5.4719148 -2.1296985 0.46850765 3
5.3274364 -2.0951107 1.6881882 7
1.9927554 -0.77171713 -0.036673203 1
2.6729805 -1.0360501 -0.014154098 1
5.3918223 -2.0915055 1.0785332 2
5.2942848 -2.0660799 2.1009212 5
5.4829545 -2.1505795 0.054914832 3
4.0308971 -1.8116845 0.014026038 9
5.0777497 -2.0970483 1.4419818 5
4.8893156 -2.117842 1.2232879 3
5.0228772 -2.1099477 0.85391867 3
5.3020411 -2.0868912 1.892079 5
5.4499478 -2.142199 0.46859467 3
5.2949743 -2.10288 1.6825576 6
5.3161273 -2.0951512 2.1094129 5
5.4906416 -2.1748183 0.053600404 3
2.2595301 -0.88486129 -0.021374425 1
3.2889788 -1.2889724 -0.010279836 3
4.893116 -2.1545086 0.65985745 7
4.0429983 -1.8333887 0.011709583 9
1.9828918 -0.77596599 -0.034689825 1
2.680388 -1.0497897 -0.016371557 1
5.3548474 -2.098933 1.0754148 2
4.8495727 -2.1199796 1.2185464 3
5.2155743 -2.0731344 1.8715003 5
5.3982105 -2.1427889 0.46896955 3
5.0195508 -2.1283536 0.85410821 3
5.2297673 -2.0973482 1.6697569 6
5.2017012 -2.0703113 2.0773156 5
5.4463844 -2.1784248 0.056690704 3
3.2847281 -1.3000077 -0.010313738 3
2.2639027 -0.89531845 -0.023130635 1
4.8640304 -2.161201 0.65918303 7
5.0409188 -2.1037467 1.4366487 5
2.6769419 -1.0588046 -0.016397214 1
1.9803632 -0.7826395 -0.034709115 1
5.2960367 -2.0964098 1.0700051 2
4.0329866 -1.8460076 0.012115145 9
3.2804406 -1.3110373 -0.010345975 3
5.1433444 -2.065521 1.8546535 5
2.2682316 -0.90581644 -0.024886722 1
4.9753985 -2.1303904 0.85162163 3
5.3053112 -2.1276462 0.469735 3
5.1497617 -2.0864375 1.6537703 6
2.6625021 -1.0634335 -0.014234775 1
5.2336059 -2.0920458 1.0642135 2
1.9634165 -0.78358889 -0.030719209 1
5.1443882 -2.0686033 2.0623071 5
5.401782 -2.1827192 0.059779622 3
5.0008392 -2.1077867 1.4306599 5
4.8090296 -2.1571352 0.65778226 7
4.01965 -1.8562133 0.012978789 9
4.8269053 -2.1324239 1.2164015 3
4.9023342 -2.1186187 0.84719336 3
2.2614875 -0.91238576 -0.024043934 1
5.0856547 -2.0632579 1.841537 5
3.2648759 -1.3181891 -0.0086050741 3
5.2422509 -2.123873 0.47021621 3
4.9829478 -2.1199496 1.4286299 5
4.7544947 -2.1518676 0.65638578 6
5.0698957 -2.0749888 1.6377844 6
4.743732 -2.1147726 1.2054116 3
1.960728 -0.79054815 -0.030739339 1
2.6661217 -1.0757823 -0.015723327 1
5.1930571 -2.0971301 1.0607156 2
5.1085835 -2.0752037 2.0537069 5
4.0023623 -1.8653709 0.014292661 9
5.3937654 -2.2027268 0.059718326 3
4.8949313 -2.1359265 0.84713733 3
3.2566338 -1.3282346 -0.0080480613 3
2.2547262 -0.91892534 -0.02320135 1
5.0640459 -2.0753493 1.8377513 5
5.1829844 -2.1211946 0.47066155 3
4.7578907 -2.17363 0.65663892 6
4.9211497 -2.1142347 1.4186888 4
4.7218728 -2.125035 1.2032733 3
1.9651926 -0.80040348 -0.032764815 1
2.6624002 -1.0852126 -0.015751408 1
5.1709771 -2.1094568 1.059129 2
5.1049018 -2.0947196 2.0547192 7
5.0767746 -2.0997784 1.6409112 6
3.9922559 -1.8778111 0.014699019 9
5.3307533 -2.198972 0.064382635 3
4.6925468 -2.1628492 0.65493244 6
4.9032702 -2.1260514 1.4166584 4
4.7039833 -2.1359692 1.201658 3
2.2479455 -0.92542762 -0.022357803 1
4.8395815 -2.1331801 0.84392148 2
5.1238055 -2.1181273 0.47110876 3
5.0584011 -2.0965562 2.0429149 5
5.0492449 -2.0911679 1.8358278 2
3.2664254 -1.346328 -0.010453907 3
5.0441117 -2.1071603 1.6352811 6
1.9587243 -0.80624527 -0.0317843 1
5.1337771 -2.1165059 1.0560117 2
2.6475418 -1.0906107 -0.013591832 1
5.3083329 -2.2116475 0.065583475 3
3.9925575 -1.896014 0.013740351 9
4.8560739 -2.1260006 1.409355 4
4.645093 -2.1609035 0.65374285 6
4.6784878 -2.1443429 1.1989992 3
4.7956376 -2.1340609 0.84143674 2
3.2654021 -1.3593881 -0.011081019 3
2.2445955 -0.93377686 -0.022383654 1
5.0491166 -2.1120067 1.8376369 5
5.0643454 -2.1155601 0.47155315 3
5.0114613 -2.1143341 1.6296501 6
3.9862738 -1.9093949 0.013693228 9
1.959534 -0.81466103 -0.032808002 1
5.0859365 -2.1178265 1.0517502 2
5.1030078 -2.1290369 0.27742121 50
2.6437688 -1.099975 -0.013620299 1
5.0258141 -2.1049259 2.0353816 5
5.2822146 -2.2226436 0.067099132 3
4.6353598 -2.1434257 1.1937405 3
4.7776227 -2.1452463 0.84065473 2
4.6194358 -2.1688144 0.65317041 6
4.8302259 -2.1360493 1.4060013 4
2.2413762 -0.94171917 -0.022407537 1
3.2643275 -1.3724512 -0.0117088 3
4.9485493 -2.0905631 1.8133318 4
5.0348315 -2.1241102 0.47171301 3
4.9716091 -2.1182389 1.6224277 6
3.9724488 -1.9200056 0.014552887 9
5.0271354 -2.1142051 1.046342 2
2.6327059 -1.1062876 -0.012188726 1
4.9813724 -2.0990212 0.28280941 46
1.9531621 -0.82011324 -0.031825975 1
4.9651909 -2.10021 2.019309 5
5.2046924 -2.2116859 0.073025517 3
4.602705 -2.1480849 1.1900417 3
4.7555747 -2.1555305 0.8396281 2
4.968883 -2.115957 0.47223771 3
4.7723088 -2.1306372 1.3967226 4
4.6114755 -2.1859398 0.65311301 6
4.9213538 -2.1163721 1.6128203 6
4.8979359 -2.0911911 2.0011029 5
4.9448261 -2.10958 1.8142107 4
2.2525177 -0.95572954 -0.025899608 1
3.2449853 -1.37781 -0.0093753217 3
3.9443069 -1.9236028 0.017232273 9
1.9539129 -0.82853252 -0.032849967 1
2.6542339 -1.1263187 -0.017327353 1
4.9757576 -2.1133187 1.041701 2
4.9961042 -2.1259625 0.28169972 47
5.2079554 -2.2347636 0.072023749 3
4.7157302 -2.1565711 0.83739221 2
4.530591 -2.1339796 1.1806169 3
4.7580419 -2.1434174 1.3953525 4
4.5717382 -2.1859124 0.65213239 6
3.2513504 -1.3933605 -0.011186142 3
4.9163833 -2.116971 1.8085628 2
2.2386105 -0.95870721 -0.023322236 1
4.9688382 -2.1366503 0.47211039 3
4.9031687 -2.1290977 1.6103772 6
3.9129548 -1.9245732 0.020367818 8
4.8972244 -2.1033483 0.2860395 44
4.9012542 -2.1130772 2.0042524 5
5.0980458 -2.2079082 0.080790214 3
4.9390888 -2.1183484 1.0385878 2
1.951066 -0.83544737 -0.032871403 1
2.632251 -1.1279721 -0.01370631 1
4.6429191 -2.1431494 0.83296758 2
4.5460854 -2.1933851 0.65156245 6
4.9213715 -2.1358197 0.47245631 3
4.7038465 -2.139039 1.3867338 4
4.8781462 -2.1377037 1.6063434 6
3.8834226 -1.9262416 0.023277655 8
4.5155973 -2.1473904 1.1795199 3
4.8694911 -2.1187885 1.9967259 5
2.2245445 -0.9620012 -0.020744767 1
3.2465093 -1.4048449 -0.011222302 3
4.8518944 -2.1095679 1.7935859 2
1.959011 -0.84660661 -0.035899155 1
2.6285427 -1.1368183 -0.013733346 1
4.9284019 -2.133342 1.0381545 2
4.8715363 -2.1126878 0.28686368 43
5.0720496 -2.2179067 0.082307898 3
4.6209474 -2.1528149 0.83194333 2
4.6501155 -2.1334743 1.3781179 4
4.4655418 -2.1419926 1.1732215 3
2.2321372 -0.974141 -0.023369899 1
4.8021383 -2.1071348 1.782344 2
4.4880662 -2.1849678 0.65006554 5
3.2382443 -1.4141546 -0.010664128 3
4.8919172 -2.143568 0.47261748 3
3.8891449 -1.9461581 0.02163831 8
4.8022709 -2.1018219 0.28979987 41
4.826787 -2.1205256 1.9859943 5
2.628212 -1.1476781 -0.014492653 1
1.9525497 -0.85200274 -0.034917768 1
4.8735018 -2.1300409 1.0331308 2
4.8197322 -2.1344743 1.5951363 5
5.0274191 -2.2206059 0.085400403 3
4.5881248 -2.1572626 0.8301903 2
4.6140103 -2.1366677 1.3727946 4
4.4544897 -2.1560459 1.1726481 3
4.4481153 -2.1849756 0.64908427 5
3.9213984 -1.9795419 0.016587615 9
4.8730731 -2.156842 0.47266939 3
4.801909 -2.1458583 1.5926951 5
4.776711 -2.119715 1.9731258 5
3.2364542 -1.4283267 -0.011296001 3
4.7975979 -2.1273818 1.7832185 2
2.2284389 -0.98283297 -0.023396226 1
4.8000994 -2.1192076 1.026196 2
1.9388349 -0.8545931 -0.031932164 1
2.6222379 -1.1566452 -0.014157644 1
4.7832193 -2.1156137 0.29026821 41
4.9977956 -2.228606 0.087234758 3
4.5408912 -2.154665 0.8274681 2
4.5922437 -2.146301 1.3701073 4
4.4480314 -2.2034342 0.64923811 5
4.4184346 -2.1578815 1.1684304 3
3.9286613 -2.0005722 0.014719134 9
3.2245076 -1.4359759 -0.01014505 3
2.2323573 -0.9934932 -0.025153469 1
4.7301583 -2.1165299 1.7673149 4
4.8180447 -2.1528604 0.47308549 2
4.7729659 -2.1531785 1.5878657 5
4.7287421 -2.1105082 0.29250309 39
4.730598 -2.1192944 1.9613289 5
4.9285531 -2.2175851 0.092540316 3
1.9288156 -0.85832888 -0.029947126 1
4.7563162 -2.1199791 1.0223228 2
2.6326118 -1.172292 -0.01710812 1
4.379878 -2.1880286 0.64743793 5
4.5009403 -2.1552052 0.82523161 2
4.5454793 -2.1440372 1.3628074 4
4.3503919 -2.1437504 1.1595327 3
4.7890129 -2.1591711 0.47325313 2
4.7336998 -2.1546001 1.5806477 5
3.8827708 -1.9945039 0.019672748 8
4.6814003 -2.1161599 1.9484667 5
2.2217989 -0.99819207 -0.023444811 1
3.2122946 -1.4441243 -0.0089962324 3
4.7759571 -2.1572275 1.7812483 4
4.6776309 -2.1075335 0.29456052 38
1.9295473 -0.86639607 -0.030970652 1
2.6287539 -1.1811316 -0.017136136 1
4.752913 -2.1375704 1.0226536 2
4.9244318 -2.2366047 0.092168115 3
4.3472276 -2.1909232 0.64666557 5
4.3148522 -2.1442583 1.1553199 3
4.4718304 -2.1606956 0.82372278 2
4.5130415 -2.1482522 1.358144 4
2.2078512 -1.000842 -0.020866552 1
4.7192297 -2.1507165 1.7681429 4
3.2255487 -1.4630544 -0.011994039 3
4.7377639 -2.1562161 0.47363439 2
4.6655955 -2.1435537 1.5670626 5
3.8934617 -2.0173271 0.017349364 9
4.7070289 -2.13972 0.29275072 39
4.6704984 -2.131108 1.947345 5
4.8734894 -2.233202 0.095898822 3
2.6174958 -1.1871792 -0.015705487 1
1.9371563 -0.87799734 -0.034000918 1
4.7309365 -2.1477797 1.0210724 2
4.3077397 -2.1587391 1.1552701 3
4.2860799 -2.1791358 0.64506972 5
4.4391499 -2.1642597 0.82197267 2
4.4664011 -2.145436 1.3508469 4
4.6942449 -2.1554353 0.4739469 2
4.6833882 -2.1707451 1.5725842 5
4.6108851 -2.1226556 1.9312824 5
2.2186096 -1.0151281 -0.024359737 1
4.6339417 -2.1316934 1.7475785 4
3.2132645 -1.4711609 -0.010844691 3
3.8934679 -2.0347412 0.016390976 9
4.6632166 -2.1396847 0.29445672 38
1.9342879 -0.88451421 -0.034021411 1
2.5992775 -1.1894493 -0.012810982 1
4.7057028 -2.1553743 1.0191114 2
4.8475785 -2.2420361 0.097420074 3
4.2612472 -2.1543128 1.1494949 3
4.3781996 -2.1527646 0.81828481 2
4.2499876 -2.179692 0.64419454 5
4.6613002 -2.1602437 0.47414774 2
3.2119977 -1.483598 -0.011471441 3
4.4660115 -2.1646526 1.3521116 4
4.5951023 -2.1325371 1.7391373 2
2.2064116 -1.0185076 -0.022215836 1
4.6367326 -2.1690466 1.5637746 5
4.6778817 -2.1653707 0.29335034 38
4.6174612 -2.1454489 1.9354999 5
3.9004335 -2.055881 0.014521893 9
2.5987289 -1.2002759 -0.013571189 1
1.9136509 -0.88328135 -0.029028025 1
4.6584005 -2.1536386 1.0148576 2
4.810823 -2.2456636 0.099887244 3
4.3460078 -2.1550639 0.81653935 2
4.2431173 -2.1639636 1.1478814 3
4.1944032 -2.1699452 0.64275718 4
2.2064364 -1.0279546 -0.023107974 1
3.1960769 -1.489934 -0.0097300811 3
4.5665102 -2.1388929 1.7334911 4
4.4478111 -2.1752443 1.3500831 4
4.613883 -2.1580896 0.47449711 2
3.8725483 -2.0577896 0.017204816 9
4.6485834 -2.1717489 0.29435366 38
4.6223736 -2.1558282 1.0117521 2
2.601912 -1.21232 -0.015059725 1
1.9072511 -0.88809043 -0.028045913 1
4.5645771 -2.1405339 1.9215708 5
4.5720401 -2.159508 1.5509838 10
4.7596669 -2.2422659 0.10361732 3
4.3170443 -2.1597087 0.8150332 2
4.217916 -2.1699018 1.1452287 3
4.1282997 -2.1542847 0.64101142 4
4.4264336 -2.1832044 1.3473989 4
2.1958122 -1.0324498 -0.021398364 1
4.6063418 -2.1743691 0.47444358 2
3.8548481 -2.0658274 0.01852005 8
4.5222435 -2.1402073 1.9108438 5
4.5094161 -2.1326027 1.720385 6
3.1977959 -1.5051471 -0.010953691 3
4.5432572 -2.1655674 1.5461562 10
4.5748243 -2.1543374 1.0074974 2
1.918071 -0.90174836 -0.032080088 1
2.6046221 -1.2253131 -0.016551714 1
4.5827622 -2.1617277 0.29711404 36
4.7410197 -2.253922 0.1045083 3
4.2845383 -2.1623797 0.81328475 2
4.3661766 -2.1717486 1.337473 4
4.1680727 -2.1629252 1.138936 2
4.1048446 -2.1604884 0.64049643 4
3.8514962 -2.080631 0.018017555 8
4.5734563 -2.1785982 0.4746463 2
4.5396056 -2.1825125 1.5469022 5
4.4834476 -2.141263 1.9011846 4
2.1920683 -1.0405996 -0.021424672 1
3.1925609 -1.5164396 -0.010990068 3
4.4703612 -2.1334898 1.7119439 4
2.5861542 -1.2277898 -0.013659394 1
1.9132155 -0.90770453 -0.031600803 1
4.5571599 -2.169327 0.29794288 35
4.5421128 -2.1585474 1.0047722 2
4.6827888 -2.2465396 0.10887095 3
4.2986178 -2.1571498 1.3262292 3
4.248507 -2.1630449 0.81129438 2
4.0641022 -2.1564858 0.63947374 4
4.1007538 -2.1464412 1.1300437 2
4.463284 -2.1484985 1.7118939 4
3.1804118 -1.5237321 -0.0098395981 3
2.1904166 -1.0488137 -0.021881394 1
4.5586305 -2.1912801 0.47466686 2
4.4931684 -2.179765 1.538095 5
3.8508496 -2.0986977 0.01705501 9
4.4959044 -2.158695 0.30053464 33
4.479445 -2.1587863 1.9022001 4
4.6250582 -2.2379537 0.11323734 2
1.9118395 -0.91531771 -0.032123577 1
2.5783503 -1.23524 -0.012957945 1
4.4986548 -2.1573961 1.0009025 2
4.2734733 -2.1634338 1.3228855 3
4.0406961 -2.162364 0.63896197 4
4.1947579 -2.1543703 0.80809379 2
4.0862403 -2.1572292 1.1289525 2
4.4802799 -2.1761534 1.7183663 4
2.1973507 -1.0616368 -0.024509354 1
3.1858003 -1.5401152 -0.011655803 3
4.53297 -2.1986494 0.47479597 2
3.8191278 -2.0989139 0.020191748 8
4.4503326 -2.1784368 1.530085 5
1.9053558 -0.92006266 -0.031141797 1
4.4556375 -2.155175 0.99703556 2
4.4703717 -2.1658607 0.30136329 33
2.5601094 -1.2370663 -0.010063902 1
4.3990731 -2.1392794 1.8797362 4
4.6315732 -2.2612476 0.11191977 2
4.0106354 -2.1636055 0.63824779 4
4.0720778 -2.1672289 1.1278644 2
4.1340294 -2.1416874 0.80441082 2
4.2483392 -2.1695788 1.3195425 3
2.1831436 -1.0642942 -0.021932323 1
4.4377356 -2.1748981 1.7089938 4
3.1697693 -1.5461735 -0.0099135423 3
4.471375 -2.1883183 0.47529474 2
3.8813581 -2.1508343 0.011037764 9
4.4110751 -2.1785603 1.522871 5
4.4304795 -2.1658666 0.30289805 32
1.8987036 -0.92512441 -0.030160043 1
2.5735075 -1.2547014 -0.013747407 1
4.4123106 -2.1534708 0.99316776 2
4.5807257 -2.2564807 0.1156543 2
4.3985248 -2.1582208 1.8818182 2
4.0435305 -2.1703787 1.1246934 2
4.2372537 -2.1827872 1.3188335 3
3.9956698 -2.1746488 0.63798803 4
4.1159277 -2.1507435 0.80363345 2
4.4270315 -2.1880715 1.7080117 4
4.4282303 -2.1856346 0.47561175 2
4.4108663 -2.1968575 1.5244129 5
4.3291483 -2.1422706 1.86256 4
4.5589447 -2.2647352 0.11686479 2
3.1679416 -1.5591042 -0.010544099 3
2.1759598 -1.0702982 -0.021089856 1
3.8391342 -2.1451781 0.015539567 9
4.4298034 -2.1813438 0.99578708 2
2.5726902 -1.265536 -0.014507067 1
4.4229112 -2.1814876 0.30284509 32
1.8920392 -0.93014073 -0.029177941 1
4.0119004 -2.1707706 1.121007 2
4.0840521 -2.1515503 0.80189115 2
4.3493319 -2.164887 0.47629765 2
4.3396645 -2.1630921 1.6865269 4
4.1735868 -2.1687057 1.3082519 3
4.0091195 -2.2002792 0.63855195 4
4.3860555 -2.2028868 1.5203859 5
4.2944355 -2.1430643 1.8539751 4
4.551424 -2.2800076 0.11681341 2
2.1724465 -1.0776051 -0.02111402 1
3.1663337 -1.5714921 -0.011171198 3
2.5720458 -1.2759075 -0.015267254 1
1.8994133 -0.94164824 -0.032208808 1
4.3975916 -2.1838355 0.99306762 2
4.3906145 -2.1838782 0.30403075 31
3.8247135 -2.1548257 0.016399764 9
4.0659547 -2.1603606 0.80111396 2
3.9865236 -2.1761665 1.1183543 2
4.2834358 -2.1540029 1.6734288 4
3.1575999 -1.580338 -0.010614505 3
2.1654139 -1.0831625 -0.020270476 1
4.3131604 -2.1658955 0.47653979 2
3.9909303 -2.2086332 0.63819343 4
4.1030788 -2.1505404 1.2963548 3
4.3433766 -2.2006974 1.5123774 5
4.2940316 -2.1538823 0.30839157 28
1.9067322 -0.95320505 -0.035239954 1
2.5643241 -1.2827849 -0.014565293 1
4.3262324 -2.166549 0.98615164 2
4.2835054 -2.156517 1.8528566 4
4.4971681 -2.2727151 0.12086426 2
3.8348532 -2.177443 0.014075796 9
4.0306158 -2.1589432 0.79912966 2
4.0784936 -2.1551104 1.2930155 3
3.9858758 -2.1940651 1.1193423 2
2.1721373 -1.0960748 -0.022898853 1
4.2734666 -2.1648796 0.47682175 2
3.1520984 -1.5914847 -0.010651148 3
4.2377372 -2.1498253 1.6631277 4
3.9902029 -2.2266152 0.63834566 4
4.2902923 -2.1928902 1.5019845 9
1.8861438 -0.95126319 -0.030245926 1
2.549334 -1.2865478 -0.0124025 1
4.2544007 -2.1528211 0.3099288 27
4.2759981 -2.1603062 0.98152167 2
4.2415881 -2.1542389 1.8421353 4
4.4536843 -2.2705028 0.12396999 2
3.8203464 -2.1870263 0.014936111 9
4.0002308 -2.1608646 0.797508 2
3.9886222 -2.2139127 1.1208501 2
4.0465808 -2.156554 1.2883592 3
2.1683478 -1.1037664 -0.022924008 1
3.1500871 -1.6044106 -0.011281232 3
4.2356157 -2.1645103 0.47708392 2
4.2267637 -2.1630297 1.6621454 4
3.982425 -2.240705 0.63829505 4
4.2024584 -2.1667912 1.4836364 4
4.243607 -2.16277 0.97880107 2
2.5553944 -1.3008958 -0.014624768 1
4.2433209 -2.1660123 0.31005353 26
1.8794129 -0.95619136 -0.029264148 1
4.1928754 -2.1481664 1.8292793 4
4.200963 -2.1605816 0.14571124 2
3.7989297 -2.1925664 0.016706796 9
4.0324726 -2.1664073 1.286996 3
3.9993529 -2.2678428 0.6389609 4
3.9923055 -2.1756926 0.7974543 8
3.9566498 -2.214463 1.1171615 2
2.1575775 -1.1078712 -0.021214601 1
4.1742554 -2.1548181 1.6499822 4
3.1269009 -1.6065062 -0.0083531281 3
4.1889281 -2.1593347 0.47744009 2
4.1600943 -2.1635928 1.475632 4
2.5543828 -1.3117112 -0.015386454 1
4.2179809 -2.1718538 0.31088582 26
1.8761166 -0.9628408 -0.029286476 1
4.2289672 -2.1741226 0.97798884 2
4.1785207 -2.1594548 1.8270947 4
4.1314449 -2.1433201 0.15118916 2
3.8222055 -2.2239244 0.012557061 9
4.0006113 -2.1675255 1.2823402 3
3.9671142 -2.2680879 0.63819337 4
3.9847059 -2.189795 0.7974053 2
3.948915 -2.2284429 1.1171111 2
3.1283374 -1.6211755 -0.0095769381 3
4.1334562 -2.1492505 0.4778893 2
4.135663 -2.1534212 1.6415453 4
2.1468065 -1.1119223 -0.019504448 1
4.1317 -2.1673803 1.4708092 4
1.8727981 -0.96948379 -0.029308375 1
4.1333594 -2.1546638 1.8153096 4
2.5393491 -1.3153231 -0.013224118 1
4.1683273 -2.161608 0.97221756 2
4.111052 -2.1352484 0.31577933 22
4.0921469 -2.1412776 0.15398197 2
3.8453071 -2.2554693 0.0084061287 10
3.9449706 -2.24365 1.1175811 2
3.9822991 -2.2067547 0.79771596 2
3.8898606 -2.2422247 0.63609993 3
3.982271 -2.1766977 1.2803142 3
2.1464255 -1.1213086 -0.020398241 1
3.1226938 -1.6322155 -0.0096146343 3
4.0902419 -2.1481831 1.6312475 2
4.088737 -2.1443613 0.47822803 2
4.1102648 -2.1746659 1.4675775 4
1.8728929 -0.97789532 -0.030334212 1
2.5382733 -1.3261189 -0.013984961 1
4.1078296 -2.1486857 0.96644843 2
4.1035948 -2.1497495 0.31572929 22
4.0916967 -2.1513653 1.8045901 2
4.0670257 -2.1464264 0.15551314 2
3.7826605 -2.2367289 0.015644614 9
3.9577875 -2.2694044 1.1206479 2
3.9815648 -2.2247105 0.79814923 2
3.9781258 -2.1926711 1.2809225 3
3.8543527 -2.2399137 0.63523269 3
4.0692415 -2.1515372 0.47831154 2
4.0719047 -2.171881 1.4603714 4
4.070931 -2.1579001 1.8002751 2
4.0793018 -2.1608253 1.6302663 2
2.1494641 -1.1325346 -0.022158956 1
3.1275151 -1.6487622 -0.011431889 3
1.8626623 -0.98092192 -0.028349524 1
4.0827074 -2.1539168 0.9644931 2
4.096086 -2.164223 0.3156791 22
2.5162635 -1.3259391 -0.010360394 1
4.0383983 -2.1495469 0.15735947 2
3.7987566 -2.2642899 0.012403958 9
3.956778 -2.2282827 0.79689282 2
3.8948898 -2.2516768 1.1122833 2
2.1353886 -1.1342708 -0.019580301 1
4.0721345 -2.1745188 1.630218 2
3.108083 -1.6518385 -0.0090942085 3
3.9773684 -2.2105503 1.2821873 3
3.8568859 -2.2595692 0.63548768 3
4.0440707 -2.1565053 0.47844794 2
4.0539579 -2.1807077 1.4579365 4
4.0497894 -2.1650324 1.7959588 2
4.0712614 -2.1685755 0.31651574 22
4.0119333 -2.152725 0.15905049 2
4.0400162 -2.1496651 0.96063125 2
2.5394661 -1.3495501 -0.016239941 1
1.8592806 -0.98751491 -0.028371969 1
3.7533517 -2.2552066 0.017364744 8
3.9281464 -2.2304502 0.79540694 2
4.0157628 -2.1587267 0.47863796 2
4.0260324 -2.1831307 1.4531317 4
3.832159 -2.2335465 1.103937 2
4.022233 -2.1676865 1.789526 2
4.0439744 -2.1778615 1.6245919 2
2.1383483 -1.1455078 -0.021326615 1
3.1093018 -1.6665499 -0.010304245 3
3.793865 -2.2407126 0.63382018 3
3.9868629 -2.2342391 1.2854396 3
4.0531154 -2.1772919 0.31701118 21
1.862874 -0.9974122 -0.030385725 1
2.5350111 -1.3580854 -0.016253643 1
4.0469236 -2.1707456 0.96212369 2
4.0096698 -2.1697299 0.15854183 2
3.7896845 -2.2951703 0.011403983 9
3.9307561 -2.2502615 0.79607832 2
2.1225481 -1.1462138 -0.018315205 1
3.988868 -2.1655052 1.6115013 2
4.0011864 -2.1690836 0.47865978 14
3.9794517 -2.247617 1.2853891 3
3.1072726 -1.6788553 -0.010935795 3
3.84147 -2.2571056 1.1064802 2
4.008975 -2.1709187 0.31881627 20
4.0011106 -2.1745572 1.7852068 4
3.7826004 -2.2520604 0.63366485 3
3.9870594 -2.1811574 1.4459198 8
1.8628438 -1.0058389 -0.031412955 1
2.5302963 -1.3670367 -0.016286662 1
4.011312 -2.1699018 0.95902181 2
4.00034 -2.1829209 0.15864721 2
3.7646945 -2.2982047 0.013629124 9
3.9372978 -2.2421818 1.2787584 3
3.870997 -2.2342441 0.79240137 2
3.8404167 -2.2747059 1.1074655 2
2.1338274 -1.1624761 -0.022249786 1
3.0907068 -1.6846918 -0.0091981702 3
3.974103 -2.1765699 1.6095833 4
4.0002527 -2.1877413 0.47852993 2
3.7472875 -2.2489781 0.63279754 3
3.9966171 -2.2047026 1.4498438 8
2.5082705 -1.3665892 -0.012663304 1
4.0019855 -2.1831021 0.9587785 4
4.0343437 -2.203939 0.31708118 21
1.8627782 -1.0142677 -0.03244159 1
3.9728467 -2.1782911 1.7787501 6
4.0975723 -2.2546005 0.14910749 2
3.7164195 -2.2858758 0.019047571 8
3.8977237 -2.2679594 0.79476404 2
3.9260433 -2.2541258 1.2780484 3
3.8188429 -2.2801535 1.1053355 2
3.0848396 -1.6955992 -0.0092384359 3
2.1263788 -1.1681424 -0.021409566 1
3.9665058 -2.1906111 1.6095315 4
3.7325869 -2.2580791 0.63254136 3
3.9926119 -2.201854 0.47847733 2
3.978636 -2.2131097 1.4474047 8
4.0126371 -2.2104683 0.31773618 21
3.9786549 -2.1886179 0.95701212 2
1.8456882 -1.0134367 -0.028449232 1
3.9652417 -2.1923327 1.7786982 6
2.5087013 -1.3782839 -0.013792686 1
3.7151933 -2.3031626 0.018082807 8
3.8243301 -2.2434003 0.79012257 2
3.8976712 -2.2561536 1.2740493 3
3.7700753 -2.2691374 1.0990505 2
3.9709313 -2.2081809 0.47857562 2
2.1223364 -1.175657 -0.021436691 1
3.0754733 -1.7045743 -0.0086847991 3
3.9554567 -2.2027378 1.6085483 4
3.724699 -2.2712545 0.63248903 3
3.9709077 -2.2271662 1.4473529 4
1.8421919 -1.0199673 -0.028472882 1
2.5073597 -1.3890419 -0.014557184 1
3.9839454 -2.2130034 0.31874526 20
3.9744964 -2.2045953 0.95734185 2
3.9441137 -2.198858 1.7743803 6
3.7341259 -2.333081 0.014382291 9
3.837127 -2.2690675 0.79151797 2
3.886384 -2.2679307 1.2733386 3
3.7103448 -2.2795596 0.63223523 3
3.7451859 -2.2721863 1.0964025 2
3.9579475 -2.2224152 1.6112895 4
2.1012068 -1.1736724 -0.017123377 1
3.0695357 -1.7154244 -0.0087249866 3
3.9771817 -2.2299962 0.47837308 2
3.7263818 -2.3455877 0.014330866 9
3.9767888 -2.2488973 1.4504799 4
1.8335955 -1.0236599 -0.026990954 1
3.9737515 -2.2225029 0.95805109 2
3.969239 -2.2231574 0.31904709 20
2.5179994 -1.406512 -0.017879844 1
3.9465253 -2.2184484 1.7775269 6
3.7983174 -2.2642441 0.78929281 1
3.671767 -2.2737372 0.63126749 3
3.9732652 -2.2452924 0.47828573 2
3.8988798 -2.2936418 1.2772309 3
3.9488833 -2.250622 1.4456605 8
3.7101634 -2.2688868 1.0921963 2
3.7219543 -2.3602011 0.013823831 9
3.9223888 -2.2222168 1.7721461 4
2.0937381 -1.1791788 -0.016283067 1
3.0497677 -1.7185051 -0.0063907104 3
3.9501867 -2.2364044 1.6112375 4
2.4993978 -1.4076993 -0.01498766 1
3.9486387 -2.2267663 0.95609415 2
1.8334405 -1.0320325 -0.028019285 1
3.9788792 -2.246963 0.31810936 20
3.7026393 -2.2813346 1.0921472 2
3.7664382 -2.2632854 0.78755218 1
3.6434579 -2.2740197 0.63060588 3
3.9584672 -2.2553554 0.47830772 2
3.8161638 -2.2632079 1.2627149 3
3.9089656 -2.2304118 1.6018757 4
2.1000597 -1.1919842 -0.018913012 1
3.0578511 -1.7365299 -0.0088034393 3
3.903615 -2.2431154 1.4368638 4
3.6835506 -2.3540964 0.017874738 8
3.9347262 -2.2475374 1.7784926 4
4.0061707 -2.2800405 0.31628969 22
1.834936 -1.0413771 -0.029548949 1
3.9581795 -2.2505383 0.95794672 2
2.4979341 -1.4184644 -0.015751841 1
3.6609566 -2.2735231 1.0869052 2
3.041497 -1.7414327 -0.0070629036 3
3.7619505 -2.2786427 0.78774154 1
3.7540436 -2.2443528 1.2521448 3
3.6151936 -2.2741232 0.62994468 3
3.8910575 -2.2384152 1.5990298 2
2.1010218 -1.2023005 -0.020243479 1
3.9602654 -2.2941833 1.4519137 4
3.8985379 -2.2394841 0.47881883 2
1.8281561 -1.045625 -0.028568052 1
2.4864228 -1.4229531 -0.014319838 1
3.9403422 -2.2578757 0.95675397 2
3.790879 -2.1907721 0.17252395 2
3.8399708 -2.2114904 1.7507129 6
3.6782544 -2.3698738 0.017361587 8
3.7441602 -2.285032 0.78696835 1
3.5975087 -2.2798376 0.62959164 2
3.6597452 -2.2906489 1.0878906 2
3.0251458 -1.7462507 -0.0053206137 3
3.8899753 -2.2560623 1.6008408 2
2.1036296 -1.213621 -0.022007704 1
3.7867844 -2.2820008 1.2599808 3
3.8803251 -2.2472396 0.47888032 2
3.8879015 -2.2706676 1.4367598 4
1.8279041 -1.0540185 -0.029595755 1
3.8634627 -2.232008 0.94908702 2
2.4882994 -1.4356496 -0.015815532 1
3.8556011 -2.2385912 1.7581269 4
3.7797804 -2.2021394 0.17279023 2
3.6562176 -2.3748515 0.019130802 8
3.5730813 -2.2811508 0.62903535 2
3.6681201 -2.2564735 0.78209311 1
3.6181791 -2.2824469 1.0826489 2
3.0224841 -1.7589079 -0.0059546619 3
2.0876021 -1.214202 -0.018995827 1
3.8854573 -2.271771 1.6017205 2
3.7383239 -2.2708383 1.2520422 3
3.8621054 -2.2548807 0.47894064 2
3.8123708 -2.2446859 1.4208124 7
1.8209145 -1.0585474 -0.028615156 1
2.4833128 -1.4444326 -0.015849106 1
3.8728812 -2.2556489 0.95093858 2
3.8025286 -2.2178178 0.32534444 15
3.8377986 -2.2463887 1.7548767 4
3.6175587 -2.3688231 0.023180725 8
3.6039066 -2.2903419 1.0815635 2
3.6500528 -2.2631173 0.78131831 1
3.6937509 -2.2607615 1.244763 3
3.5748103 -2.3008766 0.62928587 2
2.0732822 -1.2156686 -0.016418014 1
3.0129423 -1.7675709 -0.0054007056 3
3.8138163 -2.248019 1.5839773 2
3.802496 -2.2381229 0.47945482 2
3.8348885 -2.2761359 1.427915 4
2.4732022 -1.4502252 -0.014783969 1
1.817259 -1.0649875 -0.028639141 1
3.8443894 -2.2572508 0.94860381 2
3.8361425 -2.2554965 0.32316646 17
3.7601912 -2.2188663 1.7324339 4
3.5868723 -2.3650177 0.026326511 7
3.5929677 -2.300297 1.0809954 2
3.6724153 -2.2655332 1.2420832 2
3.6252091 -2.2654417 0.78006274 1
3.0101936 -1.7802101 -0.0060351561 3
3.7740293 -2.239311 0.4796302 2
2.0858963 -1.2328995 -0.020788217 1
3.5529439 -2.3054321 0.62882626 2
3.7858891 -2.2495914 1.5783405 2
3.8572354 -2.307765 1.4350146 4
3.7285166 -2.2100325 0.3282567 13
2.4698589 -1.4599525 -0.01518316 1
1.8219246 -1.0763144 -0.031174142 1
3.8227921 -2.2627165 0.94702965 2
3.7690229 -2.2420042 1.7377148 4
3.5587339 -2.3644998 0.029013045 7
3.6041701 -2.2691028 0.77904969 1
3.5611897 -2.2985864 1.0773102 2
3.6477396 -2.2681046 1.2387471 2
3.7513225 -2.2470047 1.5708418 2
3.7456 -2.2403278 0.47980571 2
3.0073915 -1.7928524 -0.00666935 3
2.0849836 -1.2422634 -0.02168484 1
3.7719207 -2.2748933 1.4166855 3
1.7998898 -1.0718993 -0.02567463 1
3.7840991 -2.2578812 0.94355446 1
3.8066061 -2.2743378 0.32377285 16
2.4580243 -1.4646597 -0.013752171 1
3.7512703 -2.2493839 1.7344661 4
3.517699 -2.3011174 0.62796259 2
3.5603867 -2.3836656 0.027591195 7
3.5763986 -2.2683809 0.77755654 1
3.636476 -2.2788978 1.2380393 2
3.4970984 -2.3035028 0.62751162 2
3.5427787 -2.3053133 1.0757005 2
3.7334788 -2.2542288 1.5679984 2
2.0706284 -1.2436168 -0.019106697 1
3.737776 -2.2535453 0.47975653 2
2.9977512 -1.8014289 -0.0061151893 3
3.7338104 -2.2699134 1.4094832 3
3.5293937 -2.38007 0.030736901 7
1.8061594 -1.0842239 -0.028711343 1
2.4630587 -1.479398 -0.015980156 1
3.7420702 -2.2507501 0.93969893 1
3.7269106 -2.252682 1.7290845 2
3.6453347 -2.2107077 0.18140668 2
3.5651126 -2.278852 0.77726477 1
3.6489472 -2.3037117 1.241933 2
3.4957213 -2.3202639 0.62766391 2
2.0629776 -1.2489188 -0.018265283 1
3.7355852 -2.2734833 1.5707412 2
2.981318 -1.805868 -0.0043732231 3
3.6991236 -2.2480619 0.48004603 1
3.5011382 -2.2967317 1.0704606 2
3.6723702 -2.2503805 1.3967208 3
3.7546523 -2.2763278 0.94193172 1
1.7990974 -1.0886111 -0.027730871 1
3.5243654 -2.3947337 0.030227274 7
2.4511852 -1.4840308 -0.014549618 1
3.6893976 -2.2478278 1.7194401 2
3.6342087 -2.2214854 0.18167467 2
3.6213171 -2.3032775 1.237944 2
3.5634696 -2.2963777 0.77769393 1
3.4906111 -2.3056722 1.069896 2
3.4975982 -2.3392589 0.62791729 2
3.6916654 -2.2604594 0.47999933 1
3.7617021 -2.3223412 1.4197139 3
3.4770346 -2.379647 0.035655573 6
3.7016673 -2.2723 1.725789 4
2.9750245 -1.8163857 -0.004413045 3
2.0553145 -1.2541754 -0.017424472 1
3.6778789 -2.2562149 1.5567274 4
1.798646 -1.0969779 -0.028759478 1
3.6973681 -2.262464 0.3280566 13
3.7195063 -2.2729926 0.93883687 1
2.4594681 -1.5008595 -0.017509939 1
3.6468337 -2.2468398 0.17972475 2
3.606626 -2.3118141 1.2365799 2
3.4865177 -2.3487532 0.6277675 2
3.5122962 -2.3377419 1.0745126 2
3.6902621 -2.2808104 1.562265 2
2.0511875 -1.2610731 -0.017450606 1
3.5550487 -2.3095841 0.77764034 1
2.9858713 -1.8367004 -0.0074220872 3
3.649713 -2.2525086 0.48032898 1
3.6336927 -2.2611778 1.3910619 3
3.4654467 -2.3896635 0.036061738 6
3.7341053 -2.3020806 0.32570168 15
3.6838925 -2.279305 1.7225405 4
1.794855 -1.1033416 -0.028783504 1
2.4441955 -1.5033723 -0.015347335 1
3.7047834 -2.2819548 0.93802708 1
3.4617581 -2.3498478 0.62721157 2
3.5450888 -2.2909672 1.2260146 2
3.4810581 -2.3347023 1.0708327 2
2.0501413 -1.2703756 -0.018346781 1
2.9693778 -1.8409895 -0.0056798519 3
3.652564 -2.2753615 1.5538379 4
3.6486421 -2.2696002 0.48020342 1
3.4603631 -2.4041386 0.035553187 6
3.629122 -2.2760961 1.3918077 3
3.6768997 -2.2817938 0.9356969 1
1.771462 -1.0971773 -0.022779055 1
3.6301079 -2.2638021 1.7075669 4
2.4425781 -1.5136397 -0.016110318 1
3.6479523 -2.2668107 0.3297345 12
3.5198386 -2.3052878 0.77566206 1
3.4440522 -2.3546958 0.62686098 2
3.4305561 -2.3175709 1.0640442 2
3.4859092 -2.298913 0.77369159 1
3.6050587 -2.2634768 1.5426188 2
2.0457392 -1.2776119 -0.018374335 1
2.9428194 -1.8389114 -0.0021539533 3
3.6373246 -2.2803464 0.48019144 1
3.5267637 -2.2976663 1.2239929 2
3.6045949 -2.2784472 1.3877853 3
1.7709593 -1.1054857 -0.023807336 1
3.4389315 -2.4072382 0.037328202 6
3.6129258 -2.2627339 0.33110598 11
3.6689315 -2.2947741 0.93564701 1
2.4339807 -1.5201845 -0.015411398 1
3.6058743 -2.2663863 1.7021873 4
3.4160531 -2.3532484 0.62620336 2
3.3896499 -2.3073957 1.0588096 2
6.0568714 -4.0211964 0.96018296 3
3.6271603 -2.2942677 1.5509485 2
3.6036563 -2.2947526 1.3893268 3
3.6399105 -2.2989323 0.48003009 1
3.6113946 -2.2867236 1.7064033 2
2.9498112 -1.8577063 -0.0045713708 3
2.0479279 -1.2889876 -0.020140227 1
3.4110174 -2.4056401 0.040016722 6
1.7802644 -1.1199694 -0.027849348 1
2.4320285 -1.530863 -0.016176388 1
3.6272125 -2.2865272 0.93179506 1
3.5982597 -2.2712195 0.33141255 11
3.5051377 -2.3020864 1.2213134 2
3.3689024 -2.3098085 1.0566888 2
3.5604599 -2.2688727 1.53415 2
6.2227697 -4.1612244 0.97309673 3
3.414407 -2.3698561 0.62635463 2
3.6153998 -2.300415 0.48017389 1
3.5615313 -2.2719355 1.6925008 2
2.9503453 -1.8718221 -0.0057986514 3
2.0321317 -1.2885722 -0.017124197 1
3.5275452 -2.3327916 1.2271798 2
3.5824375 -2.2990239 1.3861006 3
2.4302979 -1.5411216 -0.016939405 1
3.6364441 -2.3093419 0.93364877 1
1.7896848 -1.1342083 -0.031890888 1
3.6582067 -2.3260972 0.32781199 13
3.3669529 -2.3923941 0.044990603 5
3.3804319 -2.335216 1.0597513 2
3.4687281 -2.3395815 0.7740261 1
2.0295372 -1.2964349 -0.017585527 1
3.5165093 -2.258359 1.5238645 4
2.9308066 -1.8732003 -0.0034592864 3
3.5534587 -2.2786765 0.48073584 1
3.4094114 -2.3841965 0.62640661 2
1.7794256 -1.136062 -0.029905053 1
3.5817943 -2.2915359 0.9282794 1
3.5471096 -2.2803566 1.6903205 4
3.4668269 -2.310292 1.2166218 2
3.6500809 -2.3389947 0.32776201 13
2.418308 -1.5454694 -0.015508753 1
3.3585937 -2.4042611 0.044939723 5
3.5740058 -2.3123076 1.3860483 3
3.4687326 -2.2387421 0.1917984 2
3.4279149 -2.328809 0.77157331 1
3.4081128 -2.372036 1.0654031 2
3.4624431 -2.3241146 1.2172319 2
3.4010808 -2.3962233 0.62635529 2
2.9339342 -1.8904757 -0.005283779 3
2.0313902 -1.3081757 -0.019352455 1
3.5735834 -2.3136241 1.5424255 2
3.5484626 -2.2940052 0.48064587 1
3.5533023 -2.2918787 0.92594743 1
1.7590019 -1.1322143 -0.024907343 1
3.5452228 -2.2977104 1.6924018 2
2.4159753 -1.5565617 -0.016275393 1
3.5575345 -2.2983754 0.33215371 10
3.3417089 -2.4108911 0.046029087 5
3.5688117 -2.3277001 1.3867912 7
3.5040009 -2.2798049 0.18762377 2
3.3901081 -2.3206408 0.7693606 1
3.3283317 -2.334043 1.0539504 2
3.4025009 -2.415153 0.62660754 2
3.4379737 -2.3253074 1.2139 2
2.0266294 -1.3157094 -0.019381534 1
2.9336538 -1.9056449 -0.0065154452 3
3.5366955 -2.3049617 0.48063269 1
3.4999022 -2.2844124 1.5237638 4
1.758146 -1.1408504 -0.025936624 1
3.5281951 -2.2942147 0.92399639 1
3.5077317 -2.2919106 1.682759 4
3.3300679 -2.4203348 0.046435196 5
2.4069908 -1.5633748 -0.015577399 1
3.529 -2.2984827 0.33317003 10
3.5406089 -2.3280294 1.3819746 3
3.3260865 -2.2941227 0.76522309 1
3.4531019 -2.3523691 1.2184491 2
3.307214 -2.3366542 1.0518286 2
3.3712771 -2.4109013 0.62585193 2
3.4879029 -2.3084204 1.3708161 6
3.4947779 -2.2995348 1.5246428 2
2.0152977 -1.3189565 -0.017672634 1
2.920053 -1.912178 -0.0053690062 3
3.5081716 -2.3049016 0.48081174 1
3.311986 -2.42504 0.04775561 5
3.5064514 -2.298568 0.92242539 1
1.7572479 -1.1494814 -0.02696716 1
3.4928854 -2.3006792 1.6805763 2
3.5539944 -2.3334451 0.33133927 11
2.4177487 -1.5830379 -0.019274175 1
3.3443251 -2.3240638 0.76709908 1
3.4025669 -2.3355775 1.2098649 2
3.2861195 -2.3391409 1.0497073 1
1.9981298 -1.3167915 -0.014220923 1
3.5076046 -2.3204436 0.48069045 1
3.4713292 -2.2999136 1.5199475 4
2.9074476 -1.917102 -0.0042152195 3
3.2780218 -2.3626969 0.62318277 2
3.4928961 -2.3294206 1.373943 6
1.7569087 -1.1571966 -0.02799339 1
3.5237174 -2.3287082 0.33254388 10
3.4925797 -2.3053234 0.92162174 1
2.3999262 -1.5816536 -0.016373217 1
3.4727986 -2.3032818 1.6762706 4
3.2751276 -2.4149446 0.051821679 4
3.3394828 -2.3381522 0.76729041 1
3.3814213 -2.3386259 1.2071903 2
3.277951 -2.3507435 1.0496578 1
2.9007654 -1.9273506 -0.0042556156 3
2.0000772 -1.3281583 -0.015986372 1
3.4827244 -2.3251195 1.5254823 4
3.5061593 -2.3372498 0.48056594 1
3.2665331 -2.3719153 0.62303334 2
2.3911479 -1.587948 -0.015674097 1
3.455457 -2.3221059 1.3667488 6
3.5255671 -2.3477683 0.33196124 10
3.5011163 -2.3286624 0.923473 1
1.756137 -1.1655438 -0.029022094 1
3.4936225 -2.3348007 1.685812 2
3.2603054 -2.4217596 0.052685741 4
3.3602953 -2.3415577 1.2045168 2
3.3182576 -2.3407416 0.76628071 1
3.4851122 -2.3400924 0.48067316 1
3.4250124 -2.3183334 1.3611447 6
3.2403746 -2.3420138 1.044944 1
3.4474742 -2.3207321 1.6729801 4
2.0084672 -1.3438883 -0.019490803 1
2.903914 -1.944172 -0.0060802391 3
3.4842942 -2.3439295 1.5282246 2
3.2420981 -2.371655 0.62248117 1
3.2522681 -2.4326789 0.052638497 4
1.742439 -1.1653004 -0.026032189 1
2.3823562 -1.5942123 -0.014973704 1
3.4698136 -2.3255198 0.92076516 1
3.5007658 -2.3490794 0.33280218 10
3.313339 -2.3262537 1.1965909 2
3.2775111 -2.3293588 0.76382989 1
3.4371588 -2.325521 0.48108611 1
1.9975567 -1.3462662 -0.017779173 1
3.431402 -2.32511 1.515154 2
2.900758 -1.9561056 -0.0067130653 3
3.2471185 -2.3919928 0.62283701 2
3.4298825 -2.339256 1.3642726 6
3.238615 -2.3581197 1.0459336 1
3.4167745 -2.3094141 0.33685175 7
3.3882854 -2.2983282 1.6558839 4
3.2278872 -2.4321995 0.054874174 4
1.7480533 -1.177932 -0.029071188 1
3.4517868 -2.3310869 0.91957778 1
2.3800762 -1.6048102 -0.015739795 1
3.2758758 -2.3455634 0.76426286 1
3.3310051 -2.3561611 1.2017945 2
3.4492874 -2.3505397 0.48081005 1
3.4091895 -2.341892 1.3610508 3
3.4220762 -2.3379407 1.6696897 2
3.3879168 -2.3131332 1.5048734 4
2.9004862 -1.9707752 -0.007943566 3
3.1712751 -2.3534806 0.6206789 1
1.9896554 -1.3511299 -0.016938092 1
3.2271798 -2.367213 1.0453674 1
1.7409766 -1.1816367 -0.028088301 1
2.3845441 -1.619405 -0.017968133 1
3.4285371 -2.33494 0.3357352 8
3.4539349 -2.3493657 0.92067111 1
3.2130525 -2.4387772 0.055739433 4
2.8678236 -1.962646 -0.0032229517 3
1.9819783 -1.3556042 -0.016095027 1
3.3324232 -2.3747807 1.2037153 2
3.4283612 -2.3575225 1.5187815 2
3.1987312 -2.3903999 0.62173766 1
3.4080822 -2.3400884 0.48114729 1
3.3881071 -2.3450189 1.3578281 6
3.2065566 -2.368628 1.04325 1
3.3503551 -2.306366 1.6483339 4
3.3845179 -2.321595 0.33764923 6
3.2640321 -2.3553684 0.76397264 1
1.7368891 -1.1877874 -0.028112696 1
3.4194376 -2.3435738 0.91758513 1
2.3724158 -1.6233847 -0.016536409 1
3.1918941 -2.4404635 0.057518955 3
2.8772759 -1.9839636 -0.0062379213 3
1.9756688 -1.3614982 -0.015687708 1
3.3867428 -2.3430245 0.48125494 1
3.3561296 -2.3253777 1.5001298 4
3.2471478 -2.3313909 1.1879168 2
3.1935785 -2.4040892 0.62179041 1
3.1728065 -2.3610237 1.0390573 1
3.370265 -2.3502698 1.3553993 6
1.7297935 -1.1914319 -0.027130488 1
3.3919873 -2.3414834 0.91526097 1
3.3533826 -2.3176532 0.33884999 5
2.3573294 -1.6246582 -0.014370069 1
3.3835142 -2.3467295 1.6621364 4
3.2428796 -2.3575084 0.76296371 1
3.1739149 -2.4444563 0.058842145 3
3.1554453 -2.3645489 1.0374599 1
3.3416252 -2.3327878 1.4982229 4
1.9741577 -1.3706974 -0.01658437 1
3.2253847 -2.3613162 0.76219851 1
3.3621407 -2.3435452 0.48139963 1
2.8768604 -1.9986261 -0.0074669551 3
3.1405375 -2.3815768 0.62033683 1
3.3460071 -2.3509159 1.3513824 6
1.725672 -1.1975385 -0.027154822 1
3.3945127 -2.3636804 0.33612877 7
3.3609114 -2.3375597 0.91255563 1
2.3613777 -1.6396846 -0.016601525 1
3.3310456 -2.3278096 1.6471744 4
3.244997 -2.3480465 1.1891792 2
3.1618035 -2.4537663 0.059247714 3
3.1630301 -2.3876176 1.0400012 1
1.9822149 -1.3866004 -0.020089906 1
2.866647 -2.0064991 -0.0069130845 3
3.3343031 -2.3416252 0.48158529 1
3.1978438 -2.3584921 0.76071072 1
3.3239281 -2.3378844 1.4953848 2
3.3698175 -2.3853483 1.3592707 3
3.1258588 -2.3878047 0.6200881 1
3.4451766 -2.4168944 0.33287042 9
2.3524489 -1.6457651 -0.015902067 1
3.3625367 -2.3562682 0.91364753 1
1.719941 -1.2025249 -0.026676476 1
3.2692885 -2.3018939 1.6290176 4
3.2336066 -2.3571885 1.1884764 2
3.1438308 -2.4575746 0.060570158 3
3.1643562 -2.3501949 0.75874609 1
3.1388924 -2.3867915 1.0373642 1
3.318939 -2.3518701 1.496268 4
2.8596506 -2.0166049 -0.0069534159 3
1.9646254 -1.3846213 -0.016639749 1
3.3032534 -2.3372407 0.48180914 1
3.1111763 -2.3939641 0.61984056 1
3.216239 -2.3610294 1.1864618 2
3.3263528 -2.3722467 1.3504944 3
1.7205337 -1.2119374 -0.028208381 1
3.4367311 -2.4290426 0.33282202 9
3.3412883 -2.3589573 0.91208243 1
2.3418996 -1.6506697 -0.014836067 1
3.3273368 -2.3602259 1.6513407 4
3.1227443 -2.4588344 0.062351145 3
3.15295 -2.3589687 0.75845915 1
3.1211021 -2.3906488 1.0357639 1
3.2505276 -2.3207045 1.4785521 4
2.8461645 -2.0221102 -0.005803599 3
3.2950895 -2.3488886 0.48176309 1
3.1889446 -2.3583336 1.1824788 2
1.9598223 -1.3915585 -0.016667541 1
2.3409724 -1.6623439 -0.015968064 1
3.3168128 -2.3592217 0.91013741 1
1.7131786 -1.2157813 -0.027227296 1
3.2751498 -2.3406446 1.6363827 4
3.1182106 -2.4177294 0.62029254 1
3.2666802 -2.3480191 1.3377471 6
3.1052358 -2.4619014 0.063678451 3
3.1716199 -2.3619647 1.1804664 2
3.1415195 -2.3676901 0.75817269 1
3.08761 -2.3823075 1.0315754 1
1.9534055 -1.3973361 -0.016261056 1
3.2803841 -2.3558519 0.48179388 1
3.2513201 -2.3409634 1.6310099 8
2.8451958 -2.0372427 -0.0070365551 3
3.2230582 -2.3191407 1.4729236 4
3.2648361 -2.3641396 1.3392863 6
3.0939929 -2.4164352 0.61974311 1
3.3023348 -2.3700762 0.3391462 5
2.3381004 -1.6732987 -0.016735421 1
1.7134907 -1.2255021 -0.028760673 1
3.3081622 -2.3715203 0.91008818 1
3.0779862 -2.4579842 0.066374555 3
3.1428006 -2.3860128 0.75884593 1
3.1602132 -2.3708005 1.1797638 2
3.1039467 -2.413203 1.0356669 1
1.9483151 -1.4045818 -0.01628946 1
2.8348801 -2.0449681 -0.0064810603 3
3.236078 -2.3422306 0.48217291 1
3.2401764 -2.3487668 1.4803172 4
3.0666807 -2.412529 0.61909491 1
3.0822282 -2.4782391 0.064499296 3
3.2660904 -2.3825994 1.3416213 3
1.7013859 -1.2259116 -0.026271673 1
3.2546544 -2.3505917 0.9047296 1
3.2645953 -2.3688469 1.6384157 4
2.3258936 -1.6769528 -0.01530283 1
3.2713728 -2.3653562 0.34034926 4
3.1185968 -2.3849907 0.75759971 1
3.1393325 -2.3724589 1.1770943 2
3.052403 -2.4178507 0.61884987 1
3.0736399 -2.4070609 1.0319967 1
3.2068231 -2.3418787 1.4728322 4
2.821342 -2.0503075 -0.0053322762 3
1.9434423 -1.4114541 -0.016317874 1
3.2473028 -2.3677628 0.48189241 1
3.2198322 -2.3663037 1.3320529 2
3.0612066 -2.4791114 0.066280916 3
1.6971438 -1.2319177 -0.0262956 1
3.236778 -2.355052 0.90354472 1
2.3168755 -1.6828467 -0.01460369 1
3.2437193 -2.3627942 0.34137386 3
3.2220616 -2.3553882 1.6266547 4
3.0976048 -2.3862612 0.75659442 1
3.1530421 -2.4002485 1.1816388 2
3.2329946 -2.3739195 0.48192745 1
3.0283151 -2.4161651 0.61830288 1
3.0403001 -2.3982882 1.0278103 1
3.2088296 -2.3747756 1.3312148 2
3.2297859 -2.3776081 1.6319352 6
3.189239 -2.3463006 1.4699967 4
2.8078027 -2.055593 -0.0041808612 3
1.9290804 -1.4114106 -0.013736482 1
3.0402184 -2.4798665 0.068063281 3
1.6960095 -1.240194 -0.027325151 1
2.3173733 -1.6956545 -0.016102597 1
3.2322416 -2.3718703 0.341506 3
3.215698 -2.3570712 0.90198082 1
3.0234194 -2.4288108 0.61835825 1
3.1227252 -2.3945894 1.1770008 2
3.0105851 -2.3912363 1.0241432 1
1.9275762 -1.4201946 -0.014631821 1
2.8137391 -2.074373 -0.0066005439 3
3.1908405 -2.3639417 1.472743 4
3.0604427 -2.3757291 0.75438857 1
3.2311375 -2.3900666 0.48180211 1
3.2099724 -2.3931267 1.3335491 5
3.2115104 -2.3732061 0.34217647 3
3.1966906 -2.370676 1.6233693 4
3.013114 -2.4754646 0.070761599 3
2.3114736 -1.7038305 -0.016135709 1
3.2074664 -2.3684161 0.90193504 1
1.6917166 -1.2461801 -0.027349485 1
2.9962687 -2.4244113 0.61771321 1
3.0831096 -2.38152 1.1703956 2
3.1878972 -2.37464 0.48218834 1
3.1863456 -2.392139 1.3295379 2
2.9929354 -2.3944407 1.022545 1
3.1702771 -2.3675759 1.6169357 2
1.9352037 -1.4362763 -0.018139722 1
2.7937901 -2.0748615 -0.0042599449 3
3.0552948 -2.3889828 0.75458205 1
3.1950662 -2.3844974 1.476415 6
3.0018344 -2.4830215 0.071174398 2
1.687619 -1.2518553 -0.027372735 1
2.3058426 -1.7115762 -0.016166946 1
3.2224665 -2.3988252 0.34105799 4
3.196413 -2.3767982 0.90151292 1
2.9788082 -2.3995094 1.021467 1
1.9336008 -1.4451045 -0.019035181 1
2.9722874 -2.4223661 0.6171664 1
3.04423 -2.3967538 0.75429833 1
3.1466963 -2.3648732 1.4642855 6
2.7774072 -2.0771248 -0.0025117982 3
3.1732016 -2.3810883 0.48222032 1
3.1529562 -2.3844979 1.3231461 2
3.1985071 -2.3976457 0.34190726 3
3.1157598 -2.3440464 1.6009173 4
3.0837255 -2.4002094 1.1723149 2
2.977881 -2.4808972 0.073415563 2
3.1657877 -2.3713894 0.89881206 1
2.3030398 -1.7220587 -0.016933318 1
1.6739693 -1.2508796 -0.024380039 1
2.9765966 -2.4150121 1.0224553 1
1.9223397 -1.4472418 -0.017322704 1
3.1508553 -2.3853641 1.467958 6
3.1872377 -2.4091318 0.48189947 1
2.9669225 -2.4353771 0.61722022 1
2.7780662 -2.0928581 -0.004039593 3
3.0421209 -2.4124486 0.75473171 1
3.119663 -2.3766363 1.3167529 5
1.6729536 -1.2588187 -0.025408538 1
3.1388323 -2.3676269 0.89649397 1
3.2348087 -2.4425869 0.33935741 5
2.2942035 -1.7274121 -0.016232165 1
3.1075766 -2.3550508 1.6008714 4
3.0629129 -2.4013727 1.1696466 2
2.9722598 -2.4939449 0.072910525 2
3.0216219 -2.4126987 0.75374508 1
2.9372401 -2.427525 0.61649299 1
2.9620073 -2.4205058 1.02139 1
3.1788149 -2.4203789 0.48186886 1
2.7660284 -2.0990732 -0.0031720523 3
3.1022747 -2.3658657 1.455843 2
1.914196 -1.4516805 -0.016465239 1
3.0270448 -2.3896797 1.1637176 2
3.0957947 -2.3757379 1.312757 5
2.294457 -1.7402557 -0.017715983 1
3.1817131 -2.4201767 0.34183028 3
1.6685886 -1.2647232 -0.02541784 1
3.1273859 -2.376307 0.89608461 1
3.0870812 -2.3566933 1.5965829 6
3.0831082 -2.3608928 0.21044701 2
2.9600677 -2.502383 0.073333688 2
3.0069685 -2.4183528 0.75321746 1
2.9256883 -2.4353271 0.61634588 1
2.9535568 -2.4309657 1.0213422 1
2.7618535 -2.1112201 -0.003809676 3
3.0341568 -2.4126267 1.1669478 2
1.9169229 -1.4643481 -0.018669695 1
3.084754 -2.3697162 1.4530073 4
3.141778 -2.4097033 0.48217332 1
3.1256466 -2.3949771 0.34446409 3
1.6734535 -1.277652 -0.028459866 1
2.2821465 -1.7435782 -0.016284507 1
3.1475682 -2.4090889 0.89944732 1
3.0880303 -2.3746338 1.5997292 4
3.0870852 -2.3872108 1.3127066 5
2.927532 -2.4917097 0.076949999 2
3.0748651 -2.3717551 0.21039927 2
2.9088132 -2.4105318 1.0150902 1
3.001631 -2.4314718 0.75340921 1
3.0076597 -2.4080112 1.1629678 2
2.9171836 -2.4456441 0.61629725 1
1.9040956 -1.4651619 -0.016524347 1
3.0890176 -2.3865838 0.48267636 1
3.0644898 -2.3737459 1.5943588 4
3.0575969 -2.3668828 1.4473807 5
2.7666638 -2.1310794 -0.0062370878 3
3.0942278 -2.4101453 1.3166249 2
2.9097681 -2.4942772 0.078275047 2
1.6749531 -1.2885641 -0.030499058 1
3.1198015 -2.4061725 0.89712292 1
2.2664173 -1.7448434 -0.014121259 1
3.1073668 -2.3992271 0.3449502 3
3.0661669 -2.3831275 0.21034886 2
2.9217324 -2.4385662 1.0186629 1
2.9900434 -2.4395423 0.75312257 1
3.0084741 -2.4260521 1.1648871 2
2.8959846 -2.44613 0.61584836 1
2.7592294 -2.1408269 -0.0062795193 3
1.898755 -1.4722152 -0.016555145 1
3.0677555 -2.3920155 1.4529098 2
3.0739479 -2.3931079 0.48270464 1
2.9010551 -2.5045297 0.078226633 2
3.0547965 -2.3758745 0.34740749 2
3.0799315 -2.3927734 0.89328539 1
2.2634568 -1.7552431 -0.014889142 1
1.6521046 -1.2802796 -0.024489425 1
3.04058 -2.3732634 1.5889858 4
3.04527 -2.3901815 1.3062654 5
3.0295672 -2.3718371 0.21316682 2
2.9726877 -2.4419601 0.75235826 1
2.9648786 -2.4922106 1.0274056 1
2.8878713 -2.455833 0.61580265 1
3.0092001 -2.4441211 1.1668053 2
1.9059672 -1.4885131 -0.020064062 1
3.0718906 -2.4088752 0.48257861 1
3.0342648 -2.397963 1.3054272 5
2.8863034 -2.5095441 0.079094745 2
3.0060301 -2.3696539 0.21471427 2
3.0383635 -2.3887632 1.5910689 4
2.7342341 -2.1376569 -0.0030469424 3
3.0712323 -2.4129915 1.4565783 4
3.0680206 -2.4017358 0.89285719 1
1.6505034 -1.2887828 -0.025521383 1
2.2570415 -1.7636182 -0.014925743 1
3.0209045 -2.3674858 0.34879068 2
2.9456866 -2.4371932 0.75087517 1
2.9517615 -2.4148195 1.1562718 2
2.8671355 -2.4556236 0.61535716 1
2.904238 -2.4596589 1.0185639 1
3.0607576 -2.4166856 0.48257318 1
3.020174 -2.4032657 1.3037968 5
3.0153174 -2.3869944 1.5856996 4
1.8854389 -1.4831921 -0.015742566 1
3.0540702 -2.4160609 1.4537446 4
2.7302592 -2.1492469 -0.0036832553 3
2.8685594 -2.5118651 0.080419756 2
3.0287595 -2.3873951 0.8890239 1
1.6615008 -1.306249 -0.03057597 1
2.2573979 -1.7760353 -0.01642574 1
3.0099111 -2.375129 0.34892559 2
2.972755 -2.360441 0.21721587 2
2.9279654 -2.439924 0.75011015 1
2.9315598 -2.4146881 1.1536057 2
2.8477466 -2.4282668 1.0102477 1
2.8676519 -2.4735622 0.61560887 1
1.8774831 -1.4870917 -0.014900104 1
2.7293429 -2.1633017 -0.0049143163 3
3.0064683 -2.3948257 1.4416195 5
3.0491862 -2.4249899 0.48256528 1
2.8453064 -2.5083485 0.082665242 2
3.0362749 -2.4335072 1.3100915 5
2.9895101 -2.3752708 0.3495976 2
2.9586937 -2.3654103 0.21780808 2
3.022068 -2.4096475 1.5909754 4
1.6508977 -1.3073168 -0.028589539 1
3.0266659 -2.4030244 0.88973504 1
2.2512155 -1.7839899 -0.016460698 1
2.9079332 -2.412446 1.1502817 2
2.9163845 -2.4476871 0.74982381 1
2.8663754 -2.461544 1.0148529 1
3.0005231 -2.4027402 0.48303533 1
2.8408842 -2.4679506 0.61496365 1
2.9976716 -2.4191027 1.3021195 5
2.8310351 -2.5126054 0.083537012 2
3.0231054 -2.4270146 1.5941246 4
2.9829257 -2.3932755 1.4369262 5
1.8845434 -1.5034368 -0.018409833 1
2.7233422 -2.1741455 -0.0052551525 3
1.6465964 -1.3128581 -0.0286132 1
2.2360878 -1.7841834 -0.014293439 1
3.0062444 -2.4032316 0.88817596 1
3.0093145 -2.4082472 0.34793839 2
2.9442189 -2.3708415 0.21839912 2
2.8986814 -2.4502404 0.7490589 1
2.8995092 -2.4227047 1.1502348 2
2.7947233 -2.4172385 1.0039518 1
2.9628744 -2.3935068 1.4331653 3
2.9765549 -2.4007747 0.48318684 1
1.8765368 -1.5073011 -0.017568242 1
2.7161362 -2.1832654 -0.0052946717 3
2.8292544 -2.4753425 0.61481816 1
2.8192928 -2.5199285 0.083946832 2
2.9983592 -2.4370968 1.3044515 5
3.0262372 -2.4383655 0.3464613 2
2.9239564 -2.3706696 0.21963032 2
2.9606249 -2.3941009 1.5749191 4
2.9885421 -2.4063461 0.88699281 1
1.6390256 -1.3162388 -0.027633641 1
2.2237415 -1.787147 -0.012860517 1
2.9061594 -2.4456325 1.1534652 2
2.8505695 -2.4268563 0.74590468 1
2.8521423 -2.4843473 1.0152758 1
1.8743412 -1.516379 -0.0184668 1
2.8025913 -2.4694712 0.61417472 1
2.6946747 -2.1816492 -0.0026550498 3
2.9756594 -2.4211395 1.4396238 3
2.9681728 -2.4112611 0.48313993 1
2.9685988 -2.4303055 1.2988545 2
2.8104882 -2.5298638 0.083899818 2
1.6316801 -1.3193144 -0.026650952 1
3.005302 -2.4389687 0.34713081 2
2.9929433 -2.4263849 0.8884638 1
2.2178319 -1.7945944 -0.012893494 1
2.9343176 -2.3899584 1.5684863 6
2.9187686 -2.383487 0.21926613 2
2.8390615 -2.4343078 0.74561852 1
2.8153574 -2.4974132 0.61482483 1
2.8795455 -2.4405937 1.1494877 2
2.7628901 -2.423857 1.0012749 1
2.937094 -2.407007 1.4302858 3
1.8584701 -1.5143636 -0.015449931 1
2.6931992 -2.1961284 -0.0038891365 3
2.9419487 -2.4258301 1.2940522 2
2.942713 -2.4078069 0.48331234 1
2.7869172 -2.5264275 0.086143509 2
2.9813027 -2.436924 0.34798041 2
2.9558077 -2.4247472 1.5790834 4
2.9659512 -2.4218416 0.88614529 1
2.2253146 -1.8135699 -0.016229106 1
1.6241032 -1.3226262 -0.025670238 1
2.9012015 -2.3861818 0.22017653 1
2.8070731 -2.5068419 0.61478114 1
2.8530021 -2.4353974 1.1455104 2
2.8426609 -2.4547453 0.74652827 1
2.9362705 -2.4189343 0.4832488 1
2.7931044 -2.4677103 1.0079471 1
2.9218302 -2.4256916 1.290838 2
2.9566925 -2.4420235 1.5822328 6
1.854723 -1.5221555 -0.015914269 1
2.9286897 -2.4173794 1.4302413 3
2.6855357 -2.2056205 -0.0039307997 3
2.9667282 -2.4398782 0.88723379 1
1.6255146 -1.3332592 -0.027708244 1
2.9635289 -2.4398162 0.34847185 2
2.2144372 -1.8176799 -0.015163012 1
2.8990149 -2.4014871 0.21949364 2
2.7717762 -2.5313878 0.087011367 2
2.7864156 -2.5060523 0.61433685 1
2.7760222 -2.469177 1.0063531 1
2.6782241 -2.214601 -0.003971355 3
1.8572348 -1.5345821 -0.018117305 1
2.8415039 -2.4428875 1.1448085 2
2.9247437 -2.4267368 0.48324302 1
2.9057021 -2.4147832 1.4255521 3
2.825042 -2.4569173 0.74576592 1
2.9103498 -2.4334853 1.2899989 5
2.9492776 -2.4446461 0.34878704 2
2.9036715 -2.4155123 1.5662239 4
1.6208962 -1.3389957 -0.02773306 1
2.1929424 -1.8129711 -0.011529137 1
2.9397938 -2.4351165 0.88491714 1
2.8661165 -2.3912849 0.22199795 1
2.7507823 -2.5308917 0.088796183 2
2.7619159 -2.4731853 1.0052756 1
4.0651021 -3.6796341 0.65730596 7
2.6628931 -2.2177141 -0.0025228232 3
1.8549089 -1.5436217 -0.019017052 1
2.8210328 -2.4425952 1.1421425 2
2.8134565 -2.4642506 0.74548078 1
2.9092145 -2.4350047 1.4292221 1
2.9101269 -2.4319139 0.48327714 1
2.1899729 -1.8228339 -0.012295344 1
2.9102955 -2.4271317 0.8822239 1
1.6060575 -1.3357774 -0.024235031 1
2.9315298 -2.4473603 0.34927869 2
2.8745327 -2.4084413 1.558728 4
2.9164326 -2.4568808 1.2939126 2
2.8562381 -2.4001009 0.22211252 1
2.7356641 -2.5356588 0.089662813 2
2.7355926 -2.467015 1.0021305 1
2.7813044 -2.452574 0.7435267 1
1.8420594 -1.5438994 -0.016870199 1
2.904696 -2.4447496 0.48319182 1
2.8303649 -2.4680917 1.146028 2
2.7743485 -2.5315382 0.61443889 1
2.8956184 -2.4434381 1.5693254 4
2.6517348 -2.225028 -0.0019694071 3
2.8735003 -2.4232364 1.4208137 3
2.8689604 -2.4342353 1.2835652 5
2.9286749 -2.4633465 0.34887224 2
2.1893396 -1.8359766 -0.013798922 1
1.5997109 -1.340485 -0.023758531 1
2.9013958 -2.4379091 0.88217628 1
2.8417668 -2.4050174 0.22270517 1
2.7218764 -2.5389202 0.090538204 2
2.7851224 -2.4724844 0.74443942 1
2.7328563 -2.4819882 1.0031185 1
2.8686774 -2.4317265 0.48350587 1
2.7950404 -2.4546719 1.1400877 2
2.8728213 -2.4540269 1.286692 2
2.8488641 -2.4212284 1.5554461 6
8.9071579 -7.5559921 3.311919 2
1.8334417 -1.5482061 -0.016029464 1
2.6409466 -2.2318139 -0.0014151112 3
2.7355988 -2.5147712 0.61340046 1
2.8837571 -2.4404287 0.88099557 1
2.88956 -2.4478586 0.35062096 2
2.1799402 -1.8411634 -0.013098774 1
1.6069154 -1.3560973 -0.027808819 1
2.8333685 -2.4150362 0.22266099 1
2.7043126 -2.540355 0.091868058 2
2.7526569 -2.4610333 0.74248427 1
2.7839415 -2.4614244 1.1393898 1
2.7149689 -2.4840853 1.0015213 1
1.8283345 -1.5543474 -0.016056854 1
10.607157 -9.0584164 3.8532825 1
2.8571429 -2.4392378 0.48349971 1
2.6365631 -2.2432127 -0.0020508894 3
2.8434324 -2.446285 1.2810998 4
2.8601394 -2.4394019 0.3518354 2
2.8071897 -2.4089541 0.22453253 1
2.8462739 -2.4362972 1.55753 4
2.1735301 -1.8488396 -0.013133639 1
1.6081239 -1.3667729 -0.02984711 1
2.875236 -2.4506006 0.88095039 1
2.7381222 -2.5357618 0.61374873 1
2.6809914 -2.536236 0.094114736 2
2.7351532 -2.4627304 0.74172205 1
2.7374279 -2.4366817 1.1308328 1
2.6287365 -2.2524996 -0.0020921507 3
1.8199664 -1.5582557 -0.015214987 1
2.6774492 -2.4954212 0.61192673 1
8.7992163 -7.5688887 3.2940004 1
2.8213079 -2.4258659 0.48381639 1
2.8526845 -2.4717088 1.2858086 2
2.6679108 -2.4592211 0.99475926 1
2.873157 -2.4654152 0.88166469 1
1.5947876 -1.3646272 -0.026851449 1
2.8523827 -2.4589186 1.5628045 4
2.8667881 -2.4624841 0.3508915 2
2.1614368 -1.8510129 -0.011697612 1
2.7761338 -2.3993042 0.22687989 1
2.6668141 -2.5397272 0.094988018 2
2.7206342 -2.4670174 0.74120015 1
2.7024553 -2.4226577 1.1248955 1
1.8189938 -1.568493 -0.016549325 1
2.6178789 -2.2591817 -0.0015367811 3
2.7986994 -2.4274638 1.4076338 3
2.6599793 -2.4966547 0.61158377 1
2.8128381 -2.4358044 0.48377156 1
2.8026657 -2.4457164 1.274671 4
2.8128264 -2.4334145 0.35354242 2
2.1490304 -1.8534964 -0.010263951 1
2.828367 -2.4443362 0.87708092 1
1.584185 -1.3652036 -0.024863726 1
2.8088329 -2.4386787 1.5499924 4
2.7692611 -2.4103928 0.22667691 1
2.6472585 -2.4583194 0.99264646 1
2.6522024 -2.5436277 0.095860608 2
2.7291746 -2.4638977 1.1327095 1
2.6997869 -2.4663219 0.74019879 1
2.6598401 -2.4856594 0.99622124 1
2.6055136 -2.2645116 -0.00068332028 3
2.6454446 -2.5005481 0.61134207 1
2.7862329 -2.4299662 0.48396853 1
1.8223985 -1.582567 -0.019191088 1
2.7872922 -2.4347899 1.4066615 3
8.7358541 -7.6683631 2.8718545 2
1.5794537 -1.3707931 -0.024888476 1
2.163377 -1.8790917 -0.015436251 1
2.8254347 -2.4616795 0.35224003 2
2.8198321 -2.4543092 0.87703621 1
2.7770789 -2.4283059 1.5414363 6
2.7593451 -2.4188347 0.22679245 1
2.6333051 -2.5433149 0.097420573 2
2.6942749 -2.4496543 1.1267723 1
2.6226535 -2.4956388 0.61080605 1
2.6251416 -2.4706039 0.99153042 1
2.5946324 -2.27108 -0.00012889487 3
2.8033125 -2.4621909 0.4835819 1
2.7875633 -2.4523244 1.409403 3
2.6907432 -2.4763172 0.74015242 1
1.8169001 -1.5889921 -0.019219937 1
2.7943666 -2.4732494 1.2769575 4
1.5761617 -1.3776281 -0.025417482 1
2.8172545 -2.4694834 0.87774688 1
2.1568341 -1.8867143 -0.015470905 1
2.7957947 -2.4531972 0.35345283 2
2.7801862 -2.4482927 1.5456479 4
2.7464111 -2.4245977 0.22722684 1
2.6158669 -2.5442894 0.098752126 2
8.6148186 -7.6211562 3.2683816 1
2.6081581 -2.4993532 0.61056381 1
2.7696562 -2.4490774 0.48388246 1
2.6823807 -2.4569755 1.1260712 1
2.6107519 -2.474406 0.99045336 1
8.633399 -7.6839552 2.8581169 2
2.7720675 -2.4576197 1.5456064 4
2.7309136 -2.4271712 0.22798324 1
1.8025817 -1.5876715 -0.016635206 1
2.5985839 -2.2906744 -0.002555134 3
2.790225 -2.4656935 0.35322899 2
2.5818491 -2.5280395 0.10283926 2
2.1502638 -1.8943154 -0.015504234 1
2.8026569 -2.4741542 0.87694687 1
1.5772055 -1.3882978 -0.027455527 1
2.6699398 -2.4754272 0.73915195 1
2.7218623 -2.4270067 1.3935335 4
2.7495732 -2.4477253 0.48400196 1
2.760406 -2.4762645 1.272121 4
2.6111634 -2.4913654 0.99195999 1
2.7293723 -2.4361322 1.5327986 4
2.7213769 -2.4349844 0.22810197 1
2.6650858 -2.4866216 0.73935014 1
1.7988049 -1.5949968 -0.017098419 1
2.5880301 -2.2967403 -0.0019982599 3
2.5850289 -2.4946711 0.61002535 1
1.568282 -1.3897369 -0.025968688 1
2.7825348 -2.4729695 0.87539238 1
2.1307468 -1.8897865 -0.012233254 1
2.7521682 -2.448493 0.35498568 2
14.236588 -13.118051 3.7339647 1
2.5616913 -2.5259895 0.10463122 2
1.7964548 -1.6036154 -0.017996527 1
2.7249768 -2.4469979 1.3972034 3
2.7380457 -2.4547448 0.48399815 1
2.5774643 -2.3027682 -0.0014403256 3
2.728467 -2.4649916 1.2657396 4
2.6081908 -2.5060606 0.9929474 1
2.7202168 -2.4363976 0.35638326 2
2.7505751 -2.4610715 0.87232637 1
2.1288991 -1.9008389 -0.013366776 1
1.5579211 -1.3898461 -0.023979176 1
2.7237368 -2.4483387 1.5338197 4
2.6950867 -2.4285712 0.22997373 1
2.6447525 -2.4850898 0.73835242 1
2.5677087 -2.4954352 0.60968566 1
2.5246463 -2.5070403 0.10917693 2
14.248857 -13.227015 3.7474668 1
1.7923373 -1.6112522 -0.01846057 1
2.5635417 -2.3065562 -0.00028809719 3
2.7193234 -2.4592259 1.3980892 3
2.624897 -2.4829848 0.73735821 1
2.5508487 -2.4956427 0.60934776 1
2.7205603 -2.4563544 0.4840759 1
2.5880265 -2.5042393 0.99083966 1
2.7146783 -2.4486465 0.35615903 2
1.5502195 -1.3927506 -0.022997418 1
2.1208155 -1.9070274 -0.013032959 1
2.7242186 -2.4547868 0.87001497 1
2.7066088 -2.4501927 1.5305846 3
2.6623156 -2.490648 1.1272485 1
8.557868 -7.7801385 2.8592892 2
2.6787972 -2.4318359 0.23072699 1
2.4990158 -2.4990821 0.11188681 2
2.5988653 -2.4757197 0.7358833 1
2.5496244 -2.3102748 0.00086448662 3
1.7679061 -1.6005622 -0.012826825 1
2.7078593 -2.4662023 1.3971169 3
2.7001383 -2.4551835 0.4841935 1
2.533581 -2.4962268 0.60900861 1
2.5650666 -2.4995363 0.98821598 1
1.554014 -1.4059954 -0.02604284 1
2.7244995 -2.4724145 0.87110513 1
2.6923509 -2.4545581 1.5284137 3
2.633497 -2.4811084 1.1226234 1
2.451483 -2.4680128 0.11827354 2
2.6938608 -2.4479527 0.35683429 2
2.1240513 -1.9241014 -0.015639089 1
8.5320473 -7.8144107 2.8599365 3
2.662519 -2.4350309 0.23148115 1
2.5567763 -2.5081286 0.9881739 1
2.5994802 -2.4655159 1.1166922 1
2.5815709 -2.4765983 0.7351265 1
2.5191808 -2.499521 0.60876834 1
1.7765054 -1.6202316 -0.017213423 1
2.6672578 -2.4473238 1.3868597 1
2.6822798 -2.4570756 0.48426956 1
2.555774 -2.3330216 -0.0021617129 3
2.4596252 -2.4936004 0.11547536 2
1.5517591 -1.4143524 -0.027075563 1
2.703671 -2.4717548 0.86954802 1
2.6861966 -2.4671328 1.5294325 3
2.1097457 -1.925333 -0.013838644 1
2.6937335 -2.4659998 0.35624835 2
2.6724207 -2.4686282 1.2576828 4
2.6565254 -2.4475651 0.23111551 1
2.5367219 -2.5060017 0.98606658 1
2.5765941 -2.4610729 1.1133775 3
2.5844197 -2.4967878 0.7360357 1
2.5246108 -2.5225282 0.60921788 1
2.4370005 -2.4880815 0.11772846 2
1.7662754 -1.6228564 -0.015935659 1
2.5501378 -2.3451462 -0.0028011508 3
2.6776819 -2.4710624 0.48416385 1
9.4404631 -8.7162571 3.5887535 2
2.6946073 -2.4817665 0.86950278 1
1.5437548 -1.4174819 -0.026094798 1
2.6544926 -2.4561577 1.520879 1
2.102704 -1.9331381 -0.013873706 1
2.6670535 -2.4597261 0.35728478 2
2.6719873 -2.4865341 1.2600137 4
2.6358516 -2.4465497 0.23234884 1
2.5589492 -2.488745 0.73456502 1
2.5021346 -2.5168097 0.60868436 1
2.50827 -2.4953825 0.98241132 1
2.5793865 -2.4810939 1.1159521 1
2.4366324 -2.5052078 0.11630867 2
2.6302376 -2.4624124 1.2504742 4
2.6227589 -2.4490054 0.232952 1
1.7632223 -1.6320381 -0.01683661 1
2.5328302 -2.3465116 -0.0010539162 3
2.6378801 -2.456461 1.383057 3
2.6686213 -2.4809663 0.48411924 1
1.5385934 -1.4231964 -0.026120694 1
2.6313744 -2.4528573 1.5155165 5
2.6650579 -2.4727938 0.86681265 1
2.6507108 -2.4627888 0.35768923 2
2.0898581 -1.9355706 -0.012440481 1
2.5445499 -2.492188 0.7340464 1
2.4877231 -2.5199432 0.60844427 1
2.4799266 -2.4845958 0.9787578 1
2.565052 -2.4847035 1.1146015 1
2.5211165 -2.3504903 -0.00019607577 3
1.7638383 -1.6429454 -0.018604741 1
2.6259031 -2.4608467 1.3816267 8
2.6535189 -2.4826074 0.48418179 1
2.4555168 -2.54234 0.11167197 2
2.6434019 -2.4707248 0.35765323 2
2.6416252 -2.4905007 1.2559741 4
1.5313151 -1.4254389 -0.025136091 1
2.0870092 -1.944505 -0.013204014 1
2.6427245 -2.4676664 0.86488533 1
2.6098468 -2.454145 0.23338877 1
8.9898357 -8.423748 3.920959 3
2.4800711 -2.5013404 0.98026443 1
2.5187759 -2.4843395 0.73257476 1
2.4789231 -2.5287037 0.60840076 1
2.5483279 -2.4850366 1.1125976 1
2.4470811 -2.5505419 0.11162974 2
2.6259127 -2.4741385 0.48440319 1
1.7453017 -1.6371572 -0.014711748 1
2.6442134 -2.4954624 1.3904016 3
7.9938588 -7.5818105 2.7476237 2
2.517241 -2.3634307 -0.0011309123 3
1.5263721 -1.4308411 -0.025160607 1
2.0917165 -1.9626099 -0.016175194 1
2.6370118 -2.4797113 0.86522138 1
2.6599586 -2.5128047 1.5324506 4
2.6362324 -2.4814022 0.35752004 2
2.6027267 -2.4647031 0.23318651 1
2.4574113 -2.4959669 0.97764343 1
2.5044324 -2.4875953 0.73205608 1
2.4533415 -2.5202584 0.60776806 1
7.8060627 -7.6574163 2.335232 1
2.3974621 -2.5156279 0.11848137 2
2.6133502 -2.4787979 0.48442438 1
7.9628778 -7.6031332 2.7459168 3
2.6152744 -2.4872031 1.5185857 5
2.6072767 -2.4780023 1.3810776 3
1.7339311 -1.6379497 -0.012996917 1
2.5190573 -2.3817861 -0.0032615683 3
1.5214101 -1.4362139 -0.025185822 1
2.6399286 -2.4999444 0.86668867 1
2.615957 -2.4797018 0.358199 2
2.0791593 -1.9645801 -0.014739812 1
2.5941207 -2.4738665 0.23314427 1
2.4990084 -2.4988074 0.73225492 1
2.454247 -2.5102971 0.97863168 1
2.4389789 -2.523159 0.60752928 1
7.7594943 -7.6654825 2.330523 3
2.4296834 -2.5673211 0.11154652 2
1.7370194 -1.6518117 -0.015638359 1
2.5025585 -2.3820369 -0.0015095031 3
2.5989065 -2.4824829 0.48446295 1
2.5878046 -2.4759886 1.3773248 3
7.9333315 -7.6284513 2.7449968 2
2.5990527 -2.480186 0.3586998 2
2.5686455 -2.4659927 0.23502283 1
2.5759351 -2.4671164 1.5068476 5
1.5192389 -1.4442436 -0.026217237 1
2.6110129 -2.4900286 0.86400306 1
2.066613 -1.9664805 -0.013304475 1
2.4846504 -2.5019488 0.73173684 1
2.4067678 -2.4791408 0.97137117 1
2.438483 -2.5403965 0.60778141 1
10.362921 -10.308276 2.9452434 0
2.3798621 -2.5324728 0.11839619 2
2.5113888 -2.4072552 -0.0051315511 3
2.5931802 -2.4986012 1.381923 3
1.735512 -1.661973 -0.016974345 1
2.5815835 -2.4833229 0.48454311 1
2.5563743 -2.4780438 1.2415563 4
1.5144805 -1.4493279 -0.026241042 1
2.59413 -2.4905078 0.8628307 1
2.6105754 -2.5087061 0.35739529 2
2.0629478 -1.9761151 -0.014070751 1
2.5589898 -2.468184 1.5036156 5
2.548559 -2.4639602 0.23626019 1
2.4759147 -2.5106976 0.73169345 1
2.4051986 -2.5225329 0.60685819 1
2.4971399 -2.5035996 1.1085063 1
2.4394436 -2.5304232 0.97906357 1
1.7353623 -1.6735008 -0.018744983 1
2.5760746 -2.4996324 1.3790975 4
2.4858987 -2.3996251 -0.0015901373 3
2.5858502 -2.5049334 0.48431832 1
2.5519357 -2.4911592 1.2427013 8
2.3434474 -2.5122352 0.12294739 2
2.6104362 -2.5262318 0.35681194 2
2.0532322 -1.9806447 -0.013369972 1
1.5038723 -1.4492979 -0.02425131 1
2.5768387 -2.4913485 0.86165565 1
2.5697503 -2.4960072 1.5110171 5
2.538527 -2.4715414 0.23637789 1
2.3803177 -2.5131791 0.60622978 1
2.4503729 -2.502321 0.73022491 1
2.4633861 -2.4871931 1.102578 3
2.449825 -2.5590663 0.98263061 1
2.5675108 -2.5038192 0.48442131 1
7.8763595 -7.7325377 2.7509501 2
2.553195 -2.4965301 1.5077866 5
2.4803596 -2.41113 -0.0022274198 3
1.7239381 -1.6741812 -0.017030055 1
2.5422828 -2.4842658 1.3707036 4
2.3481879 -2.5350533 0.12060773 2
1.5044068 -1.459982 -0.026290264 1
2.5852704 -2.5170846 0.86387807 1
2.0576231 -1.9988295 -0.016341979 1
2.5844302 -2.518698 0.35785201 2
2.5256226 -2.4762967 0.23681645 1
2.3674312 -2.517194 0.60604042 1
2.3866222 -2.5098267 0.97227907 1
2.4249213 -2.4937932 0.72875738 1
2.4713192 -2.5127485 1.1064605 1
1.7086301 -1.6704054 -0.014006346 1
2.4709489 -2.4180396 -0.0019670746 3
2.5395966 -2.4982369 1.3725199 6
2.555912 -2.5100596 0.48442042 1
2.5251846 -2.4990408 1.2398498 4
2.5252318 -2.4866109 1.5003028 3
2.5418229 -2.4937909 0.35997862 2
2.5046308 -2.4721522 0.23821732 1
2.3029876 -2.5038612 0.12677097 2
1.5048875 -1.4706924 -0.02832922 1
2.5622549 -2.5122731 0.86195028 1
2.0492523 -2.0046971 -0.016007867 1
2.3523996 -2.4904451 0.96734172 6
2.4708247 -2.5299213 1.1083801 1
2.4411967 -2.5281725 0.73085511 1
2.3486416 -2.5157299 0.6056543 1
2.4625065 -2.4267404 -0.0020066488 3
2.5115106 -2.4880362 1.3659828 4
1.7097862 -1.6832645 -0.016213467 1
2.547147 -2.5190556 0.48437741 1
2.5053432 -2.4968822 1.2366428 4
1.5138546 -1.489283 -0.03338927 1
2.5416474 -2.5111573 0.35939512 2
2.0370097 -2.0060346 -0.014570346 1
2.5454142 -2.5124655 0.86077893 1
2.5110705 -2.4900951 1.4981362 5
2.4790196 -2.4641099 0.24009494 1
2.3103375 -2.5295565 0.12397147 2
2.3532112 -2.5088539 0.96910536 2
2.4328105 -2.5363405 0.73081595 1
2.4509928 -2.5273035 1.1057225 1
2.3221729 -2.5049534 0.60497636 1
2.2957089 -2.5295284 0.12508324 2
1.7067094 -1.6920331 -0.017113017 1
2.4610586 -2.442359 -0.0035409932 3
2.5359035 -2.5298479 1.3770763 4
2.5184979 -2.5082886 0.48462465 1
2.5021651 -2.511261 1.2381834 4
2.0272269 -2.0104451 -0.013868458 1
2.5112035 -2.4961817 0.85734046 1
1.4921683 -1.4782894 -0.027369848 1
2.5102019 -2.4975736 0.36079791 2
2.5023777 -2.4989567 1.4980944 5
2.4760549 -2.4784777 0.2394145 1
2.391319 -2.5098212 0.72792405 1
2.3358986 -2.5088599 0.96751612 2
2.3229136 -2.523427 0.60527807 1
2.4202523 -2.5132236 1.1004514 1
13.813483 -13.833982 0.32030329 3
2.3001878 -2.5523541 0.12274326 2
2.4896948 -2.5154643 1.2369568 8
2.4940886 -2.5073414 1.4980561 5
1.7063584 -1.7035496 -0.018885067 1
2.4886146 -2.5002131 1.3640454 4
2.448333 -2.4468343 -0.002684965 3
1.4842951 -1.4808123 -0.026386967 1
2.4845321 -2.4894595 0.36184156 2
2.4912224 -2.493768 0.85579026 1
2.0146532 -2.0120249 -0.012432309 1
2.4659965 -2.4857762 0.23953325 1
2.3647037 -2.4993994 0.72633857 2
2.4064579 -2.5156348 1.0991048 1
2.3271379 -2.5170956 0.96747535 2
1.6883295 -1.6968181 -0.014988413 1
2.4666338 -2.4947248 1.3593676 3
2.3046515 -2.521287 0.60489446 1
13.787332 -13.905239 0.31974903 3
2.440217 -2.4550171 -0.002723041 3
2.4740367 -2.5172641 1.2349384 4
2.283318 -2.5515754 0.12408101 2
2.4734592 -2.4949343 0.36198333 2
2.49347 -2.5243676 1.5012033 3
2.4521503 -2.4883528 0.24013558 1
1.4846268 -1.4915237 -0.028426666 1
2.4825156 -2.5025535 0.85574979 1
2.0187423 -2.0302579 -0.015404935 1
2.3872328 -2.5122597 1.0964514 3
2.2994213 -2.5315566 0.60495663 1
2.3505056 -2.5019171 0.72582299 2
2.3089535 -2.5150733 0.96562982 1
2.4385972 -2.4706378 -0.0042560515 3
2.4388304 -2.4840009 1.3528332 4
13.760851 -13.976492 0.31919503 3
1.6906699 -1.7110846 -0.017631985 1
2.2823331 -2.5685151 0.12266072 2
2.4433243 -2.5035472 1.2285663 6
2.0147884 -2.0398095 -0.016170857 1
2.4507222 -2.4894071 0.36284548 2
1.4769857 -1.4937413 -0.027442468 1
2.4882002 -2.525038 0.85759723 1
2.4846566 -2.5331593 1.5011624 5
2.4490435 -2.5026751 0.23945451 1
2.3622005 -2.5034587 1.0924871 9
2.2946031 -2.544101 0.60506153 1
2.3386095 -2.5076945 0.72554368 4
2.2974994 -2.5202827 0.96507412 1
2.4725342 -2.531697 0.48462656 1
1.6751434 -1.7072984 -0.014607536 1
2.4313555 -2.4806325 -0.0045948075 3
2.4491851 -2.5120902 1.3592871 3
2.2391579 -2.5378406 0.12859818 2
2.4400446 -2.5177934 1.2301089 6
1.4758753 -1.5030769 -0.028978096 1
1.9994133 -2.038482 -0.013999579 1
2.451514 -2.5053489 0.85378408 1
2.4322472 -2.4880474 0.36343855 2
2.4250119 -2.4955842 0.24117532 1
2.4650421 -2.5308819 1.4968699 5
2.2922459 -2.5305068 0.96555316 6
2.3372598 -2.4945214 1.0885262 4
2.2910597 -2.55814 0.60521585 1
2.3271384 -2.5130017 0.72526586 3
2.4254539 -2.4920201 -0.0052324291 3
2.4475782 -2.5433328 1.2348148 4
2.4241648 -2.5039647 1.3536807 3
1.6842048 -1.7285554 -0.019431511 1
2.4358275 -2.511708 0.48499823 1
2.2198138 -2.5337625 0.13039686 1
2.4302709 -2.5011456 0.85204715 2
1.9909376 -2.0441175 -0.013664527 1
1.4679556 -1.5055103 -0.027994331 1
2.4500179 -2.5238228 0.36167988 2
2.4374266 -2.5201898 1.4893897 5
2.4024458 -2.489774 0.24273522 1
2.2900486 -2.5459538 0.96680099 1
2.2807963 -2.5647101 0.60512662 1
2.3075452 -2.5094533 0.72427559 3
2.3375275 -2.5132773 1.0907708 6
1.6714027 -1.727479 -0.017279316 1
2.4154224 -2.5125065 1.35364 4
2.4242821 -2.5174003 0.48499817 1
2.3961234 -2.4792252 -0.00079164386 3
2.4251428 -2.5377994 1.230818 6
2.2187979 -2.5505657 0.12897673 2
2.4229214 -2.5111392 0.8521958 1
2.4245548 -2.5151978 0.36272442 2
1.4613826 -1.5092869 -0.027515614 1
1.9838159 -2.051121 -0.013697464 1
2.4018998 -2.5009856 1.4787209 5
2.3978937 -2.5025458 0.24221478 1
2.2890925 -2.5628932 0.96830535 1
2.242703 -2.5397911 0.6040116 1
2.4090147 -2.5182905 0.48506358 1
2.2907004 -2.5087392 0.72352284 3
2.3882673 -2.5009232 1.3471094 4
2.3300929 -2.5229633 1.091058 4
2.3870122 -2.5146585 1.2220775 6
2.3749604 -2.4895167 1.4712442 5
2.3923438 -2.5134494 0.24185672 1
1.6640427 -1.7319527 -0.016871093 1
2.3902102 -2.4905138 -0.0014286358 3
2.2020929 -2.5493627 0.13031738 1
2.4074771 -2.5150778 0.36322716 2
2.4127755 -2.5182374 0.85196722 2
1.4588314 -1.5172236 -0.028547376 1
1.9902968 -2.0722702 -0.017406728 1
2.2935545 -2.5278292 0.72445071 6
2.2880409 -2.5798674 0.96982455 1
2.3585327 -2.4863517 1.3396654 5
2.2259142 -2.5386798 0.60369337 1
2.3786004 -2.5031686 0.48536977 1
2.3732855 -2.5169594 1.2204719 5
2.3693552 -2.5002768 1.4722829 5
2.3092704 -2.5181065 1.0880908 6
1.6596653 -1.7389354 -0.017319771 1
2.3751163 -2.4913542 4.1622468e-05 3
1.9847887 -2.080349 -0.017792225 1
2.3824401 -2.5032642 0.8489272 2
1.4538229 -1.5221063 -0.028556714 1
2.379844 -2.502876 0.36446971 2
2.3712292 -2.5088501 0.24327245 1
2.193186 -2.5571146 0.13029024 1
2.294091 -2.5462842 0.72523928 1
2.2318096 -2.534369 0.96051013 4
2.3471844 -2.4918396 1.3386968 12
2.3465142 -2.4868309 0.48568052 1
2.3709359 -2.5035985 -0.00089454965 3
1.6606426 -1.7515669 -0.019526914 1
2.206542 -2.5344598 0.60326165 1
1.9711351 -2.0798535 -0.015986897 1
2.3809838 -2.51847 0.84983015 7
1.4568071 -1.5353831 -0.031604577 1
2.3454597 -2.4832506 0.3661491 1
2.3513734 -2.4988065 1.4685209 10
2.2978208 -2.523329 1.0873955 6
2.3466325 -2.5071471 1.2152867 7
2.355643 -2.5099318 0.24403182 1
2.1842577 -2.5648229 0.13024767 1
2.301188 -2.5722075 0.72662097 1
2.2885714 -2.5291519 1.0870305 11
2.2255769 -2.5452187 0.96098411 2
2.193768 -2.5377007 0.60307336 1
1.6465164 -1.748884 -0.016940182 1
2.3364658 -2.4936278 0.48565945 1
2.3294792 -2.493016 1.4631662 10
2.3644679 -2.5152268 -0.0015361123 3
2.3300753 -2.4920037 1.3358711 13
2.3392172 -2.5168488 1.2156398 5
1.4432421 -1.5323296 -0.028606983 1
1.9662215 -2.0899911 -0.016759239 1
2.3499379 -2.5040467 0.84677064 6
2.3500314 -2.5064926 0.36520121 2
2.3387208 -2.5094645 0.24495013 1
2.1440477 -2.5365059 0.13572671 1
2.2683241 -2.5534625 0.72444344 1
2.2823822 -2.5401549 1.0876431 4
2.2101862 -2.5455794 0.95965505 9
2.1862123 -2.5469289 0.60307908 1
2.3475838 -2.5148785 0.00021541081 3
2.3174047 -2.4959462 1.3344386 8
1.642799 -1.7578206 -0.017843157 1
2.3341391 -2.5095818 0.48551223 1
2.3118041 -2.5049298 1.2100611 5
1.9522221 -2.0897386 -0.014954521 1
1.4418942 -1.5416408 -0.030144958 1
2.3303833 -2.5030668 0.36588374 1
2.3276145 -2.497767 0.84484476 5
2.3353801 -2.5235472 0.24426833 1
2.3046002 -2.4846823 1.456748 10
2.1356359 -2.5436621 0.13568693 1
2.2316563 -2.5300212 0.72191155 4
2.2866604 -2.5629067 1.0908669 4
2.1883397 -2.5383468 0.95703828 6
2.1747258 -2.5515866 0.60294092 1
2.3280413 -2.5115354 0.0025648561 3
1.6340282 -1.760739 -0.017000129 1
2.3185899 -2.5104582 0.48557496 1
2.300777 -2.4955294 1.3316157 6
2.3070374 -2.5174119 1.2112062 7
2.3121455 -2.5010026 0.36647609 1
1.4365427 -1.5467138 -0.030171214 1
1.9556426 -2.1081185 -0.017932108 1
2.302465 -2.4998972 1.4593636 14
2.3297215 -2.517648 0.84631032 7
2.3211706 -2.5258918 0.24486731 1
2.1369414 -2.5633826 0.1338044 1
2.2816424 -2.5753922 1.0918057 6
2.2228236 -2.5378776 0.72187054 6
2.1756079 -2.5415363 0.95622426 5
2.1653719 -2.5596271 0.60289782 1
2.3192723 -2.5197256 0.002524016 3
1.6239349 -1.7621889 -0.01572074 1
2.3084719 -2.5171437 0.48555472 1
2.2920685 -2.5036469 1.3315755 16
2.3101344 -2.5385854 1.2147242 7
1.4298612 -1.5503508 -0.029692618 1
2.3155413 -2.5199914 0.84551638 3
1.9429649 -2.1092205 -0.016495315 1
2.2898943 -2.4944258 0.36734074 1
2.3067605 -2.522233 1.4646344 14
2.3056295 -2.5267022 0.24562767 1
2.0950284 -2.531122 0.13974766 1
2.2165871 -2.5487151 0.72206652 6
2.2309191 -2.5360472 1.0813122 6
2.1615946 -2.5431666 0.95515454 2
2.283741 -2.5255628 1.2091508 7
2.2909908 -2.5266228 0.2463925 1
2.1543102 -2.5638146 0.60276121 1
2.2767825 -2.5045283 1.3292161 11
1.6270379 -1.7779721 -0.018802734 1
2.2875595 -2.5119689 0.48570126 1
2.3184843 -2.536639 0.00068965938 3
1.4244798 -1.5553871 -0.029717574 1
1.9303031 -2.1102526 -0.015058979 1
2.2811887 -2.5024893 0.36730081 1
2.3080857 -2.5296149 0.84566319 2
2.2875819 -2.5189631 1.4603449 12
2.0962911 -2.5507605 0.1378644 1
2.2532578 -2.4944346 1.3236164 5
1.6188444 -1.7802349 -0.01795724 1
2.1972437 -2.5444384 0.72107732 3
2.3105145 -2.5439687 0.0006521623 3
2.2103779 -2.5305381 1.0783328 9
2.2622147 -2.4999511 0.48593658 2
2.2801683 -2.5394425 1.2106912 7
1.9276549 -2.1207299 -0.016193213 1
1.4170132 -1.5570343 -0.028732862 1
2.2854214 -2.5207088 0.84355497 10
2.2760103 -2.5126672 0.36708245 1
2.2757921 -2.5219214 1.4587137 10
2.2955167 -2.5494878 0.24474773 1
2.1453593 -2.5713863 0.60271937 1
2.153553 -2.5526724 0.95536864 8
2.0853181 -2.5546985 0.13828722 1
2.2588372 -2.5138609 0.48581278 1
2.1805589 -2.5430856 0.72032571 3
1.6152731 -1.7888327 -0.018857379 1
2.3016331 -2.5520964 0.00061109348 3
2.2067182 -2.5442801 1.0795972 10
2.2484527 -2.5067153 1.3249663 8
2.1425393 -2.5568352 0.95481485 1
2.2895803 -2.5679533 1.2161851 7
1.4077128 -1.5577123 -0.027246581 1
1.921582 -2.1289661 -0.016595151 1
2.283288 -2.5361614 0.8444559 2
2.2645655 -2.5177033 0.36722252 1
2.2837288 -2.5486085 1.4655788 5
2.305227 -2.5783594 0.24246138 1
2.1402123 -2.5835583 0.60282481 1
2.0939248 -2.5836265 0.13502246 1
2.271601 -2.5366273 0.0053541949 3
2.1888196 -2.5415955 1.0772711 6
2.2397034 -2.5146434 1.3249269 8
2.1639109 -2.541646 0.71957433 4
1.6064417 -1.7916012 -0.018015033 1
2.2447343 -2.515837 0.48585504 1
2.2793157 -2.5745561 1.2157491 7
2.124728 -2.5537159 0.95297295 1
1.9167876 -2.1386514 -0.017365163 1
2.3023162 -2.5753603 0.84836853 1
1.4061875 -1.5669801 -0.028783739 1
2.2451227 -2.5137584 0.36790809 1
2.2525251 -2.5372968 0.24771334 1
2.2850914 -2.5681753 1.4697862 5
2.1731341 -2.6420269 0.60438603 1
2.0674548 -2.5693326 0.13820584 1
2.1504457 -2.6322639 0.60381192 1
1.5963145 -1.7928841 -0.016734542 1
2.2218997 -2.5123351 1.3216412 9
2.1760981 -2.5448115 1.0762509 10
2.2332973 -2.5207474 0.48585716 4
2.1576183 -2.5523105 0.71977043 10
2.25617 -2.5372279 0.0068088588 3
2.1284552 -2.5764804 0.95550561 1
2.2379498 -2.5457964 1.2058262 5
2.2336948 -2.5186629 0.3680492 1
1.9145637 -2.1512651 -0.018870698 1
2.2933261 -2.5834637 0.84832752 1
1.4046135 -1.5762661 -0.030321062 1
2.2569652 -2.5545614 1.4617788 7
2.2370725 -2.5377488 0.2484751 1
2.0535204 -2.5703912 0.13908608 1
1.5978425 -1.8072748 -0.019380173 1
2.1487088 -2.5599024 0.71973032 7
2.2054255 -2.5114021 1.3188211 10
2.2381463 -2.5347912 0.0088625578 2
2.1544371 -2.5374331 1.0729458 12
2.1135271 -2.6056869 0.60270357 1
2.2165687 -2.5195949 0.48594233 5
2.1358225 -2.6039038 0.95880961 1
2.2161634 -2.5389047 1.2018321 7
2.2395182 -2.5407705 0.84188676 5
1.3965732 -1.5783075 -0.029338116 1
1.8940398 -2.1432674 -0.015226501 1
2.218787 -2.5291898 1.4495224 14
2.2235818 -2.525027 0.36810023 1
2.2177019 -2.5336168 0.24971795 1
2.0272498 -2.5558321 0.14227055 1
2.1334546 -2.6187313 0.96005714 1
1.5864013 -1.8070275 -0.017664114 1
2.1455803 -2.5450296 1.0729061 10
2.1941016 -2.5162358 1.3178545 12
2.2025077 -2.5213764 0.4859874 6
2.1346569 -2.5613291 0.71921569 3
2.229296 -2.5426559 0.0088225473 2
2.1044295 -2.613121 0.6026625 1
2.1995933 -2.5378318 1.1994207 7
1.3949307 -1.5875821 -0.030875368 1
2.2149038 -2.530683 0.83958864 6
2.2173991 -2.5358622 0.3678793 1
1.8891637 -2.1528807 -0.015996572 1
2.1998231 -2.5253851 1.4452342 14
2.1970806 -2.5278771 0.25112212 1
2.0109479 -2.5536001 0.14361262 1
2.1342976 -2.6385803 0.96207488 1
2.2152214 -2.5445335 0.0099793449 2
2.1853201 -2.5239739 1.3178149 10
2.1341622 -2.5495591 1.0722132 9
2.1282625 -2.5719225 0.71941286 1
2.1003041 -2.6267719 0.60281599 1
2.1858394 -2.5200667 0.48607346 7
1.5878161 -1.821425 -0.020311216 1
2.1856167 -2.5396421 1.1978003 15
1.3894184 -1.5924879 -0.030900981 1
2.1928194 -2.525558 0.36892837 14
2.2047639 -2.5369828 0.83936065 5
1.8919979 -2.1713793 -0.018973524 1
2.1872222 -2.5287669 1.4436014 17
2.1934679 -2.5416455 0.25044104 1
1.9951314 -2.5509326 0.14495771 1
2.1679342 -2.6376243 0.72387093 10
2.0927756 -2.6058991 0.95534527 1
1.5763675 -1.8211164 -0.018593788 1
2.182266 -2.5338113 0.48594987 7
2.1882236 -2.5313771 0.014126538 2
2.1404076 -2.5752821 1.0760914 4
2.1815863 -2.5375688 1.3196287 12
2.0861564 -2.6279018 0.60258144 1
2.1729298 -2.5428677 1.1965747 14
1.3813525 -1.5944541 -0.029917363 1
1.8844293 -2.1780329 -0.019007023 1
2.191834 -2.5423501 0.36834407 1
2.1841943 -2.5311739 0.83762693 5
2.1758826 -2.5335453 1.4424999 17
1.981349 -2.5516677 0.14583941 1
2.1763651 -2.5406511 0.25136116 1
2.1157827 -2.5926843 0.71980888 1
2.0787292 -2.6070704 0.95427638 1
2.1922719 -2.55407 0.011095718 2
1.572579 -1.8296119 -0.019495482 1
2.1600914 -2.5304627 1.3149563 11
2.1682193 -2.5354154 0.48599499 7
2.0745051 -2.6321008 0.60244358 1
2.132673 -2.584341 1.0763769 3
1.9850273 -2.5740104 0.14349724 1
1.3770795 -1.6007781 -0.030446853 1
2.181659 -2.5485411 0.3683956 1
1.8717099 -2.1786921 -0.017569514 1
2.1753588 -2.5388689 0.83758813 8
2.1720471 -2.5470819 1.4445851 15
2.168684 -2.5568867 1.1981146 12
2.1623266 -2.5422409 0.25196454 1
2.0966702 -2.5877261 0.718822 1
2.1178465 -2.583849 1.074708 10
2.0756392 -2.6516292 0.6027931 1
2.0819452 -2.6299338 0.95680875 1
1.5649471 -1.8336563 -0.019087637 1
2.1619585 -2.5460887 0.48591372 1
2.1469512 -2.5356092 1.4376422 14
2.1533341 -2.5414195 1.3158414 11
2.1803417 -2.5591488 0.011652779 2
2.1509144 -2.5540321 1.1953086 15
1.9610931 -2.5624135 0.14622185 1
1.375017 -1.6102693 -0.031986132 1
2.1583097 -2.537807 0.83641803 11
2.1697283 -2.5535517 0.36853582 1
2.1560259 -2.5528889 0.25160429 1
1.8586291 -2.1796179 -0.016133074 1
2.0963655 -2.5760071 1.0714043 4
2.1014092 -2.6122091 0.72008365 1
2.0590155 -2.6494658 0.60246253 1
2.0629528 -2.6247966 0.95471156 1
2.1479115 -2.5475779 0.4859587 1
2.144963 -2.5642252 1.1960611 7
2.1418257 -2.5476055 1.4391965 15
2.1469698 -2.5519769 1.3167285 11
2.1790731 -2.5758677 0.0098177912 2
1.5658226 -1.8483692 -0.021735528 1
1.9593643 -2.5787978 0.1447999 1
2.1646793 -2.5657573 0.36822322 1
2.149451 -2.5454035 0.83637929 8
1.8510324 -2.1861503 -0.016166855 1
1.364415 -1.6092025 -0.029993946 1
2.1432683 -2.5558851 0.25204644 1
2.0502269 -2.6563444 0.60242355 1
2.0444782 -2.6191916 0.95261592 1
2.1072247 -2.6079326 1.076586 1
2.0848093 -2.6102448 0.71933424 1
2.1531456 -2.5719993 0.48568824 1
2.1679838 -2.5801144 0.010378717 2
1.5546842 -1.8476205 -0.020017818 1
2.1297708 -2.5487194 1.3134482 6
2.1385183 -2.5748003 1.1968123 7
2.1316979 -2.553668 1.4386257 7
2.1523192 -2.5684042 0.36845922 1
2.1373456 -2.5661118 0.25168803 1
1.9383906 -2.5698273 0.14706561 1
1.8661942 -2.2197363 -0.022825181 1
1.3563329 -1.611039 -0.029010689 1
2.1367264 -2.5483887 0.83577639 5
2.0183165 -2.6044462 0.94897795 1
2.0526519 -2.6797805 0.60286498 1
2.0558388 -2.5925624 0.71740323 1
2.0882368 -2.6030388 1.0739357 1
2.129575 -2.5666983 1.3166524 3
1.5382397 -1.8411062 -0.016553987 1
2.1352136 -2.5688038 0.48579606 1
2.1488376 -2.5755961 0.012734102 2
2.1494963 -2.606523 1.2030942 5
1.8462358 -2.2108839 -0.019176161 1
2.1395175 -2.5713689 0.36869308 1
1.3584728 -1.6244802 -0.03205939 1
1.9370199 -2.5858376 0.14564618 1
2.1410241 -2.5708315 0.83761919 2
2.1461809 -2.5951264 0.24940071 1
2.1277087 -2.5671217 1.4407119 5
2.0048385 -2.6049089 0.9479112 1
2.0620716 -2.6182523 0.71878457 1
2.0693102 -2.5980496 1.0712864 3
2.0239208 -2.6615491 0.60205221 1
1.5343297 -1.8495165 -0.017455298 1
2.1524644 -2.5983675 0.0097018061 2
2.1280406 -2.5832098 1.3193938 5
2.1517153 -2.6071563 0.48533386 1
2.1553082 -2.6323013 1.2077962 7
2.1419973 -2.5927439 0.36783522 1
1.9137584 -2.573518 0.14837311 1
1.8385282 -2.2173691 -0.019210633 1
1.362729 -1.6411556 -0.036119625 1
2.1345875 -2.5814373 0.83795655 2
2.1187484 -2.5746167 1.4406724 7
2.1257296 -2.5888085 0.25080699 1
2.043087 -2.6129255 0.71780026 1
1.9892677 -2.6044433 0.9465853 1
2.0700369 -2.6177151 1.0738579 3
2.0122168 -2.6654749 0.60191578 1
2.1506777 -2.6236279 0.48516953 1
2.1292527 -2.6182146 1.202228 3
1.9052247 -2.5799134 0.1483375 1
2.1273022 -2.6026073 1.4480686 8
1.5278959 -1.8549138 -0.017483447 1
2.1509316 -2.6150939 0.0078674275 2
2.1214886 -2.5937166 1.3202811 4
1.8282982 -2.2207999 -0.018506976 1
2.1647589 -2.636652 0.84374642 7
1.3521011 -1.6399752 -0.034127459 1
2.1443529 -2.6141798 0.36697787 1
2.0977869 -2.5731106 0.25317791 1
2.0233967 -2.6055708 0.71669972 1
2.05404 -2.6153338 1.0718633 1
1.9985753 -2.6657996 0.60168475 1
1.9837722 -2.6161776 0.94731706 1
1.5242383 -1.8630406 -0.01838248 1
2.1410053 -2.620744 0.0081290863 2
2.1137335 -2.5970693 0.48559698 1
2.1128869 -2.6008143 1.3202449 4
2.1065583 -2.6089332 1.1978427 7
1.8962187 -2.5866051 0.14829865 1
2.1104341 -2.5903652 0.36875993 1
2.0841811 -2.5681777 1.4331644 8
2.0980403 -2.5909593 0.25201684 1
1.3292331 -1.6237736 -0.027090168 1
2.132899 -2.6164918 0.84032279 1
1.8205551 -2.2272182 -0.018541623 1
2.0130799 -2.6110988 0.71654242 1
1.9868783 -2.6696177 0.60154802 1
2.0473373 -2.625668 1.0724761 1
1.9794126 -2.6294949 0.94830692 1
2.1231313 -2.6175156 0.010185268 2
1.5152944 -1.8653625 -0.017537722 1
2.1172404 -2.6200545 0.48534602 1
2.1184707 -2.6264217 1.3257641 4
2.0790484 -2.5934176 1.1918801 7
1.8918668 -2.5996907 0.14733784 1
2.1054194 -2.6004138 0.83746678 2
1.3238761 -1.6282097 -0.027113918 1
2.1152165 -2.6148698 0.3677206 1
1.8181385 -2.2394054 -0.020044848 1
2.0800579 -2.5815315 1.4352503 5
2.1027384 -2.6154184 0.25021014 1
1.979213 -2.6778691 0.60155964 1
2.0217078 -2.610683 1.0678726 3
1.9647523 -2.6281776 0.94698489 1
1.9986529 -2.6121941 0.71602935 1
1.513708 -1.8767669 -0.019311449 1
2.08497 -2.6035244 1.3164623 3
2.1189539 -2.6311312 0.0089488374 2
2.1005814 -2.6181452 0.48543498 1
2.0724385 -2.6038027 1.1926305 3
1.8851196 -2.6095641 0.14683844 1
2.0950935 -2.6062713 0.83724028 1
1.3255204 -1.6418949 -0.030164933 1
2.099829 -2.6145215 0.36813667 1
1.815267 -2.2519112 -0.021551333 1
2.0975566 -2.621974 1.4468888 8
2.0786767 -2.6041148 0.25209984 1
2.0294378 -2.6396971 1.0724012 1
1.9734119 -2.6896648 0.6016649 1
1.9472997 -2.6239395 0.94514722 1
1.9919498 -2.6223986 0.71622682 1
1.8579289 -2.5900328 0.15049279 1
1.5059577 -1.8805573 -0.018903537 1
2.0674024 -2.600204 1.3131808 7
2.0974131 -2.6231344 0.011904228 2
2.0926852 -2.6270924 0.48537478 1
2.0560529 -2.6018667 1.1902229 7
1.3246627 -1.6525913 -0.032207444 1
1.8049569 -2.2552164 -0.020848865 1
2.0695183 -2.5953505 0.36964631 1
2.1033893 -2.635427 0.83983243 1
2.0620098 -2.5961452 1.4351732 5
2.0609148 -2.6004872 0.25318658 1
1.9527243 -2.6496117 0.9481951 1
1.9880645 -2.6354408 0.71666348 1
1.9593093 -2.6901393 0.60143256 1
2.0053935 -2.6283736 1.0684459 1
1.8488871 -2.5965576 0.15045501 1
2.0833342 -2.6243134 0.013063586 2
1.4945544 -1.8797394 -0.017184699 1
2.085995 -2.6375835 0.48529351 1
2.0595307 -2.6090121 1.3136063 3
2.0687599 -2.636869 1.1972938 3
1.318922 -1.6572417 -0.032232273 1
2.0818164 -2.6272147 0.83791429 1
2.0827851 -2.63082 0.36796886 1
1.7922008 -2.2554016 -0.019409133 1
2.0636966 -2.6170404 1.4399122 5
2.0530691 -2.6092911 0.25298706 1
1.9317575 -2.6404772 0.9455865 1
1.9836509 -2.6488214 0.71709687 1
1.9381967 -2.6808245 0.60091203 1
2.0624182 -2.6256793 0.48551178 1
1.9747645 -2.6071241 1.0625384 2
2.0407281 -2.6190488 1.1909387 5
1.8340868 -2.5949426 0.15157039 1
2.0681007 -2.6406403 1.4457145 7
1.4976928 -1.8972427 -0.020705415 1
2.0729465 -2.630075 0.013324653 2
2.0384183 -2.6009471 1.3089361 5
1.3107657 -1.6588445 -0.031247204 1
1.7819014 -2.2586141 -0.018705038 1
2.087184 -2.6554089 0.36692783 1
2.0701816 -2.631408 0.83750033 1
2.0255451 -2.5929544 0.25536242 1
1.9293044 -2.6873097 0.60087669 1
1.9605647 -2.6362243 0.71564376 1
1.9038842 -2.6215961 0.94143778 1
1.9874765 -2.6421044 1.0683715 1
2.0489194 -2.6323268 1.3163097 5
2.0642231 -2.6369879 0.013287651 2
1.4853972 -1.8945627 -0.01854912 1
2.0643215 -2.647121 0.48528215 1
1.8261697 -2.6030126 0.15130232 1
2.0135846 -2.602967 1.1849762 6
2.0269153 -2.6068304 1.4313463 5
2.0673084 -2.64821 0.36771163 1
2.0291686 -2.6154573 0.25371715 1
1.7788763 -2.2710595 -0.020211808 1
1.3002235 -1.657352 -0.029254191 1
2.0536382 -2.6292875 0.83633602 1
1.9315281 -2.710366 0.60131842 1
1.9513605 -2.6431193 0.71560627 1
1.8970534 -2.6315134 0.94191366 1
2.0494163 -2.6461167 0.48535264 1
1.9688048 -2.6364551 1.065725 1
2.0216796 -2.6314702 1.1904699 7
2.0218062 -2.6181884 1.4329028 7
1.4788054 -1.8997772 -0.018576577 1
2.0489464 -2.6364353 0.014747239 2
2.0349686 -2.6333857 1.3144197 3
1.8238984 -2.6192057 0.14988084 1
2.0461392 -2.6377158 0.83648694 2
1.2947551 -1.6616946 -0.029277185 1
2.0751994 -2.6775799 0.36639678 1
1.7761837 -2.2832017 -0.021716202 1
2.0236878 -2.6273315 0.25319764 1
1.8837067 -2.6314077 0.94085115 1
1.9350499 -2.6403165 0.71485996 1
1.8966541 -2.681251 0.60022187 1
1.9506547 -2.6303532 1.0630796 2
1.4725271 -1.9047199 -0.018602401 1
2.0547035 -2.6620634 0.011117875 2
1.9883226 -2.5908127 1.2995664 5
2.0548084 -2.672343 0.48505831 1
2.057785 -2.6734252 0.3669979 1
2.0138404 -2.626842 1.4333965 5
2.0227342 -2.6529701 1.1939831 3
1.2937222 -1.6723706 -0.0313191 1
1.7742312 -2.2972159 -0.023590472 1
2.0247769 -2.629138 0.83457124 2
2.0024025 -2.6186056 0.25476855 1
1.7984806 -2.6030536 0.153072 1
1.8641785 -2.6234853 0.93850249 1
1.9508338 -2.6499357 1.0656514 1
1.9211318 -2.6406682 0.71435046 1
1.8803958 -2.6780987 0.59989524 1
2.0094821 -2.6383998 1.3115667 3
2.0449412 -2.6696281 0.01107718 2
2.0304482 -2.6608455 0.48527399 1
1.4691318 -1.9147843 -0.019942114 1
1.7920972 -2.61233 0.15257511 1
1.9827 -2.6194482 1.1836797 4
2.0309992 -2.6587951 0.36823502 1
1.2831959 -1.6707772 -0.029325096 1
1.757846 -2.292527 -0.02104562 1
2.021647 -2.6441727 0.8354733 1
1.9901962 -2.6158638 1.4269881 5
2.0053155 -2.6415186 0.25312185 1
1.9228991 -2.6616542 0.71537691 1
1.8675983 -2.647871 0.94129026 1
1.88248 -2.7011092 0.6003378 1
1.945075 -2.6615813 1.0665922 3
2.0368154 -2.6783845 0.010739224 2
1.986187 -2.6268492 1.3059728 3
1.4672 -1.9261627 -0.02171555 1
2.0223656 -2.6695809 0.48521554 1
1.7829789 -2.6186287 0.15253888 1
1.9947599 -2.6546419 1.1907487 7
1.2726988 -1.6691285 -0.027330916 1
2.0229228 -2.6675212 0.36810544 1
1.7462794 -2.2940128 -0.019972639 1
2.0088029 -2.6465275 0.83487189 2
1.9764148 -2.6167233 1.4248289 5
1.9660923 -2.6087711 0.25710782 1
1.8938233 -2.640826 0.71333462 1
1.8697325 -2.6706824 0.94381982 2
1.9183986 -2.644469 1.0616643 2
1.9966756 -2.6539652 0.48547995 1
1.8794004 -2.717922 0.60058498 1
1.9789184 -2.6518755 1.1883438 4
1.9561652 -2.6079037 1.4194868 6
2.0131631 -2.6666009 0.014296606 2
1.460497 -1.9313071 -0.021744398 1
1.9489806 -2.5964966 1.2948235 3
1.7693864 -2.6183007 0.15342449 1
2.0027926 -2.6602683 0.36888957 1
1.9899738 -2.6408677 0.83333266 2
1.7430216 -2.3064182 -0.021478835 1
1.2622271 -1.6674246 -0.025336605 1
1.9677331 -2.630039 0.25562194 1
1.8834449 -2.6458662 0.71317965 1
1.923471 -2.6700842 1.0655396 1
1.8411624 -2.6495707 0.93941742 1
1.863593 -2.7143056 0.60026097 1
1.4517679 -1.9330635 -0.020896472 1
2.0102489 -2.6812303 0.012763421 2
1.9752592 -2.649806 1.3086774 2
1.9754399 -2.644953 0.48565677 1
1.9439808 -2.624187 1.179623 4
1.9724318 -2.6381512 0.37049624 1
1.9447581 -2.6116955 1.4183882 4
1.9602001 -2.6382027 0.25542524 1
1.7624601 -2.627816 0.15292634 1
1.9628605 -2.6239469 0.83047986 4
1.7420574 -2.3219678 -0.023721909 1
1.2680649 -1.6873266 -0.030406507 1
1.8788178 -2.6590133 0.71361423 2
1.9118526 -2.6736424 1.0648513 3
1.8653759 -2.7373874 0.6007036 1
1.973817 -2.6611898 0.4854933 1
1.8370796 -2.6645291 0.94066167 2
1.9631653 -2.6685913 1.189062 4
1.9360975 -2.6182055 1.4183538 4
2.0032477 -2.6914613 0.012126835 2
1.9289682 -2.6067133 1.2938255 2
1.4357063 -1.9256438 -0.017429199 1
1.7471371 -2.623776 0.1542771 1
1.2532351 -1.6791466 -0.02639265 1
1.9707845 -2.6528785 0.83307213 1
1.7296683 -2.3214791 -0.0222791 1
1.966792 -2.6498995 0.3701863 1
1.9486207 -2.6418743 0.25571007 1
1.8706791 -2.6672399 0.71369427 1
1.9070874 -2.6868036 1.0661181 4
1.8237604 -2.66413 0.93960112 1
1.4316642 -1.9335704 -0.018328087 1
1.9479791 -2.6507895 1.3049014 3
1.9990207 -2.7044964 0.010891583 2
1.9550378 -2.6552393 0.48562834 1
1.8177264 -2.6876311 0.59903538 1
1.9538478 -2.6754928 1.189024 3
1.9580038 -2.6564631 0.3701506 1
1.9520633 -2.6592209 1.4299903 7
1.9339694 -2.6403444 0.25648069 1
1.7357869 -2.6265922 0.15470174 1
1.9544306 -2.6502018 0.83190948 1
1.2543151 -1.6928725 -0.029445063 1
1.7168957 -2.3212273 -0.02083762 1
1.8579451 -2.6689081 0.71330512 1
1.8658813 -2.6483455 1.0569541 2
1.8155739 -2.6721776 0.93981981 1
1.4295583 -1.9448825 -0.02010373 1
1.9226707 -2.6356432 1.2983844 3
1.9410464 -2.6556501 0.48567763 1
1.9895756 -2.7115207 0.010854896 2
1.8328611 -2.7305374 0.60005248 1
1.9283949 -2.6601501 1.1834621 4
1.9421116 -2.6519117 0.83131152 2
1.706879 -2.3237784 -0.020132734 1
1.2487286 -1.6970608 -0.029467346 1
1.9132514 -2.6255755 1.4161594 3
1.9416496 -2.6536674 0.37066194 1
1.9177163 -2.6374576 0.25740933 1
1.7222598 -2.6260452 0.15558977 1
1.8508955 -2.6787183 0.71350265 1
1.865683 -2.66785 1.0595261 4
1.810495 -2.716691 0.59944212 1
1.8095721 -2.6834958 0.94055331 1
1.4216396 -1.9483292 -0.019693017 1
1.9111863 -2.6392577 1.2974223 2
1.9614778 -2.6929286 0.015611897 2
1.9458672 -2.6818945 0.48538208 1
1.921397 -2.6701124 1.1842141 4
1.2359842 -1.6920629 -0.026462775 1
2.07915 -2.8625536 0.35920796 2
1.7034081 -2.3361347 -0.021637382 1
1.9246562 -2.647459 0.8299616 1
1.9097356 -2.6401186 1.4187751 9
1.9085076 -2.6441991 0.25737378 1
1.7217629 -2.6454024 0.15370528 1
1.8629982 -2.7165086 0.71570396 11
1.7965974 -2.7163856 0.59921396 1
1.8597426 -2.6792684 1.0604664 2
1.9112531 -2.6526966 0.48582205 1
1.9125409 -2.6765339 1.1841793 3
1.8013052 -2.6915095 0.94077313 1
1.9021053 -2.6480691 1.4192709 4
1.9509153 -2.6982088 0.015873879 2
1.8928877 -2.6333439 1.2936833 3
1.4125699 -1.9501593 -0.018846463 1
1.2346512 -1.7026719 -0.028505443 1
1.6975657 -2.3452902 -0.022407545 1
1.9060917 -2.6413155 0.82842445 1
1.9429573 -2.6948254 0.36903533 1
1.9050808 -2.6590006 0.25653154 1
1.7039037 -2.6380973 0.15551661 1
1.7824993 -2.6826544 0.93842876 1
1.9442719 -2.7079353 0.015240612 2
1.8344148 -2.694999 0.71366495 9
1.4084017 -1.9580396 -0.019745765 1
1.8268799 -2.651685 1.0535872 1
1.9019909 -2.6594031 0.4857851 1
1.8046669 -2.7494445 0.59994215 1
1.8954573 -2.6555061 1.2982776 3
1.8941221 -2.6704686 1.1809853 4
1.9305297 -2.6964324 0.36927402 1
1.8771889 -2.6327817 1.4118084 4
1.8881726 -2.6539872 0.25762504 1
1.9119431 -2.6690578 0.8308267 4
1.6825054 -2.3416712 -0.020228244 1
1.2287353 -1.7070099 -0.028528532 1
1.6786139 -2.6189907 0.15894577 1
1.7709495 -2.685612 0.9378795 1
1.4027208 -1.9645624 -0.020210059 1
1.8182989 -2.6915166 0.71292239 3
1.8220768 -2.6646259 1.0548538 4
1.9371103 -2.7179763 0.014603505 2
1.8950199 -2.6693499 0.48570555 1
1.8524433 -2.6145456 1.284356 3
1.7688749 -2.7155709 0.59875625 1
1.8802831 -2.6707199 1.1793702 6
1.9204018 -2.6997752 0.83360529 4
1.2231028 -1.7111012 -0.028551579 1
1.9234288 -2.7064764 0.36905554 1
1.8802502 -2.656698 1.4176074 6
1.6736063 -2.345681 -0.019890198 1
1.8697069 -2.6475911 0.25887784 1
1.6694723 -2.6248841 0.15891071 1
1.8204916 -2.7141712 0.71406478 6
1.7583153 -2.6868608 0.93707287 1
1.3970109 -1.9710791 -0.020674013 1
1.7637339 -2.728498 0.59891087 1
1.9344699 -2.7344604 0.012768246 2
1.8589855 -2.6433489 1.2908009 2
1.8833966 -2.6727355 0.48571298 1
1.8127739 -2.6710353 1.0548182 2
1.8563594 -2.6564329 1.174204 6
1.2126791 -1.7090795 -0.026555717 1
1.6631546 -2.3483417 -0.019185085 1
1.8811169 -2.6642368 0.82869303 1
1.9162803 -2.7164929 0.36883548 1
1.8499162 -2.6333396 1.4074938 9
1.8577126 -2.6512103 0.25916159 1
1.6698515 -2.6458623 0.15679549 1
1.7933156 -2.6939731 0.71214491 3
1.7500132 -2.6947 0.93729305 2
1.3946419 -1.982368 -0.022448536 1
1.7563658 -2.7380631 0.59897053 1
1.8683339 -2.6711571 0.4857856 1
1.9135578 -2.7250676 0.015729653 2
1.8430759 -2.6403103 1.2879872 3
1.7968351 -2.6675909 1.0528275 1
1.890753 -2.7003076 0.37007928 1
1.6527036 -2.3509638 -0.018479699 1
1.8638165 -2.6594374 0.82734442 2
1.2067401 -1.7133346 -0.026579285 1
1.8638823 -2.6730633 1.4185959 4
1.8633777 -2.6874645 1.180086 4
1.8575605 -2.6708326 0.25783738 1
1.6563977 -2.6449885 0.15768422 1
1.7817082 -2.6969388 0.71187317 5
1.7923752 -2.6801507 1.0540967 2
1.7406055 -2.7008545 0.93725771 2
1.881814 -2.7105765 0.48531583 1
1.381039 -1.9776582 -0.019853633 1
1.7468051 -2.7442343 0.59893388 1
1.8424802 -2.6621804 1.4127265 6
1.8223205 -2.6311188 1.2833226 3
1.901305 -2.7288678 0.016290775 2
1.8473244 -2.684319 1.1776822 4
1.2038146 -1.7225306 -0.028119329 1
1.8688425 -2.6875656 0.82974422 1
1.6530894 -2.369951 -0.021461865 1
1.869454 -2.6908648 0.37095541 1
1.8437058 -2.6707914 0.2584464 1
1.645067 -2.6474273 0.1581115 1
1.7810422 -2.716572 0.71279401 9
1.7939228 -2.7029068 1.0573336 1
1.7226225 -2.6936069 0.93518335 1
1.8553253 -2.6924937 0.48561981 1
1.73081 -2.7402284 0.59862483 1
1.8240387 -2.6694558 1.1725338 6
1.8189888 -2.6480021 1.4058101 3
1.8461913 -2.6856499 1.297184 3
1.3738052 -1.9827474 -0.019867241 1
1.8737773 -2.7095194 0.021065174 2
1.2033376 -1.734717 -0.030651484 1
1.6414626 -2.3709092 -0.020373398 1
1.8600525 -2.697432 0.37093359 1
1.8549302 -2.6875882 0.82897341 1
1.8309962 -2.6723323 0.25890842 1
1.6337358 -2.6498263 0.15855281 1
1.7508442 -2.6581171 1.0471971 2
1.7824444 -2.739557 0.71393043 9
1.7206584 -2.7113872 0.93694061 1
1.821932 -2.6693139 1.2906698 2
1.3672495 -1.9873304 -0.019894274 1
1.8603135 -2.70925 0.022228271 24
1.7148737 -2.7361436 0.59829998 1
1.8380239 -2.6874495 0.48573324 1
1.8290254 -2.696965 1.1776236 3
1.8578775 -2.7135336 0.37034789 1
1.8119191 -2.6575899 1.4068334 3
1.8232553 -2.6800859 0.25871003 1
1.1940202 -1.7341599 -0.029161489 1
1.6287423 -2.3701866 -0.018932579 1
1.8444223 -2.6924584 0.82874662 4
1.6224136 -2.6521652 0.15897672 1
1.753391 -2.7156296 0.71177495 3
1.7588383 -2.6907015 1.0523697 2
1.7164766 -2.7258217 0.93818414 1
1.8038872 -2.6628327 1.2869297 3
1.8508552 -2.715776 0.022189617 19
1.3647344 -1.9985743 -0.021671368 1
1.7222131 -2.76933 0.59902364 1
1.8331338 -2.7005186 0.48560777 1
1.8388515 -2.7035565 0.82927221 3
1.8573853 -2.7332773 0.36957705 1
1.8020974 -2.6773684 1.1712735 4
1.1806542 -1.7269478 -0.025651854 1
1.6186757 -2.3723645 -0.018227844 1
1.8026426 -2.6639597 1.4067945 4
1.8138992 -2.6864834 0.25867233 1
1.6012506 -2.6371894 0.16171461 1
1.7515937 -2.7001998 1.0529829 2
1.7503712 -2.7318697 0.71244138 3
1.7090626 -2.7352202 0.93865854 1
1.8402641 -2.7206206 0.022449864 2
1.3533992 -1.9968927 -0.01995153 1
1.6905004 -2.7396419 0.59798408 1
1.8147683 -2.6936841 0.48574403 1
1.7924218 -2.6659474 1.2859665 3
1.7905744 -2.6804428 1.1704463 3
1.1724821 -1.7278837 -0.024667243 1
1.6126064 -2.3813028 -0.018998424 1
1.8260734 -2.7050631 0.82867175 4
1.8277384 -2.7099745 0.37118548 1
1.7772233 -2.6462872 1.3988032 6
1.792317 -2.6746352 0.2604084 1
1.5961457 -2.6496127 0.16075306 1
1.7218794 -2.6748204 1.0467576 1
1.725841 -2.7144277 0.71075761 1
1.8147279 -2.7130344 0.48553222 1
1.693244 -2.7311082 0.93708128 1
1.7946866 -2.7060289 1.175143 3
1.7877001 -2.6811132 1.4083128 6
1.3355616 -1.9854413 -0.015609495 1
1.7787981 -2.6657743 1.2840784 3
1.8285614 -2.7237899 0.023010945 2
1.6882408 -2.7575154 0.59827894 1
1.811612 -2.7064288 0.37169746 1
1.1729624 -1.7416292 -0.027721263 1
1.8121969 -2.7048626 0.82788467 2
1.6043023 -2.3869476 -0.019033395 1
1.794016 -2.6975195 0.25875717 1
1.5889359 -2.6586304 0.16025418 1
1.3354975 -1.9996334 -0.018258987 1
1.8282984 -2.7430549 0.020575697 2
1.7613657 -2.6587276 1.280341 3
1.8152083 -2.7344055 0.48529845 1
1.7121054 -2.7137322 0.71024907 1
1.6863607 -2.7751057 0.59857553 1
1.7412159 -2.7257814 1.0555124 2
1.7809304 -2.705792 1.1735281 4
1.6816329 -2.7336781 0.93653035 1
1.7960023 -2.7024765 0.37221 1
1.7549368 -2.6520126 1.3966091 6
1.7740901 -2.6868641 0.26033396 1
1.8115712 -2.724489 0.82934397 2
1.1712103 -1.7521784 -0.029765759 1
1.5970693 -2.3942151 -0.01943521 5
1.5776309 -2.6607761 0.16067868 1
1.8209007 -2.7527568 0.019936714 2
1.7295884 -2.7285576 1.0548222 2
1.7563597 -2.6714296 1.2821536 3
1.3274604 -2.0026805 -0.017850718 1
1.7869636 -2.7123771 0.4856306 1
1.6591287 -2.7519162 0.59772748 1
1.7153401 -2.7400503 0.71162081 1
1.7543354 -2.6857843 1.1671803 3
1.6658913 -2.7294312 0.9349544 1
1.5847979 -2.3929749 -0.017992495 3
1.1632884 -1.752854 -0.028780103 1
1.7953641 -2.7221289 0.37143949 1
1.7636174 -2.6914229 0.26045823 1
1.7456808 -2.6581814 1.3965712 6
1.7915695 -2.7139199 0.8274352 2
1.5562625 -2.6457663 0.16341726 1
1.6547849 -2.7315876 0.93440503 1
1.3194181 -2.0057046 -0.017441789 1
1.8080349 -2.7541847 0.020798244 2
1.6854051 -2.6795096 1.0440408 1
1.7785884 -2.7203236 0.48557103 1
1.6495215 -2.7577372 0.59768903 1
1.6952436 -2.7291143 0.71040899 1
1.7470355 -2.6776099 1.2821175 4
1.7364308 -2.6787753 1.1639867 6
1.1508166 -1.7472336 -0.025774186 1
1.5786111 -2.4018202 -0.018763343 3
1.7755511 -2.710218 0.82627362 2
1.7858608 -2.7284274 0.37140182 1
1.744823 -2.6772485 1.4007763 9
1.7498764 -2.6909146 0.26106524 1
1.5560355 -2.6666574 0.16129805 1
1.6452501 -2.7374043 0.93436754 1
1.3113711 -2.0086985 -0.017032424 1
1.6773392 -2.7214673 0.70943129 1
1.7376897 -2.6837456 1.2820796 3
1.7833139 -2.7373326 0.024961315 2
1.7712662 -2.7299225 0.48549005 1
1.6409125 -2.765238 0.59769773 1
1.6979841 -2.7205937 1.0508399 2
1.7228401 -2.678283 1.1623722 4
1.7741599 -2.731344 0.37154716 1
1.1468616 -1.7545079 -0.026809189 1
1.5659418 -2.4007642 -0.017321873 3
1.7574105 -2.70309 0.82473814 4
1.7383213 -2.6937099 0.26135099 1
1.7323389 -2.6785274 1.3991485 4
1.5427479 -2.6652367 0.16218646 1
1.6703961 -2.7304652 0.70963001 3
1.6356938 -2.7431839 0.93433005 1
1.7283214 -2.6898596 1.2820431 3
1.7759023 -2.7468972 0.024322247 2
1.3065006 -2.0165739 -0.017934173 1
1.6853719 -2.721523 1.0498258 1
1.7606535 -2.7344568 0.48547342 1
1.6363268 -2.7796252 0.59789866 1
1.7240361 -2.7008662 1.1662781 3
1.1365553 -1.7520189 -0.024814334 1
1.7624598 -2.7342067 0.37169281 1
1.7490536 -2.7109392 0.82488734 4
1.5607729 -2.4112048 -0.01846166 1
1.7125789 -2.6683817 1.39381 4
1.7321413 -2.7048419 0.26082957 1
1.5309452 -2.6652019 0.16284508 1
1.6505107 -2.7192559 0.70841777 4
1.6119862 -2.7250245 0.93070388 1
1.7684455 -2.7564564 0.023684734 2
1.2973723 -2.0178699 -0.017087536 1
1.6165447 -2.7680907 0.59738523 1
1.7231148 -2.7024963 1.2838564 3
1.7511071 -2.7406423 0.48543742 1
1.6655451 -2.7106209 1.0465329 1
1.5250579 -2.6754766 0.16211629 1
1.717754 -2.7119012 1.1674246 6
1.7342248 -2.708693 0.82391459 4
1.5523641 -2.4166789 -0.018494308 1
1.1325619 -1.7592571 -0.025849571 1
1.7593691 -2.7504921 0.37110531 1
1.7136189 -2.6906774 1.3990753 4
1.7184249 -2.7041862 0.26143771 1
1.6524498 -2.709444 1.0451963 3
1.6574885 -2.7524197 0.7102592 1
1.6225404 -2.7648981 0.93579161 1
1.2924467 -2.0257027 -0.017990919 1
1.7651891 -2.7726693 0.021847382 2
1.7053627 -2.6953917 1.2801183 3
1.5958619 -2.7547326 0.59682554 1
1.7383275 -2.7417138 0.48546514 1
1.6926459 -2.6930287 1.1614733 4
1.5147427 -2.6790986 0.16231163 1
1.5365443 -2.410506 -0.015946101 3
1.7301044 -2.723187 0.82481325 5
1.7433447 -2.7465413 0.37161747 1
1.1347771 -1.7762818 -0.029914161 1
1.695989 -2.6836472 1.3947966 3
1.7111095 -2.7135806 0.26107776 1
1.6458327 -2.7548125 0.70998794 1
1.6286975 -2.6916084 1.0406032 2
1.6298411 -2.7997444 0.94011068 18
1.744952 -2.7621322 0.024810247 2
1.2937402 -2.0434289 -0.021516452 1
1.5912223 -2.7690001 0.59702581 1
1.7255617 -2.7427306 0.48549381 10
1.693887 -2.698092 1.2791576 3
1.6956896 -2.7189457 1.1661676 3
1.507334 -2.6878743 0.16181296 1
1.6804789 -2.6798019 1.3915792 3
1.1182525 -1.7639067 -0.024887402 1
1.738012 -2.7594166 0.37121338 1
1.7248433 -2.7359996 0.82552493 3
1.5270872 -2.4142258 -0.015610334 1
1.6952962 -2.7094474 0.26201081 1
1.6324985 -2.7193246 1.0447975 2
1.6260415 -2.7434058 0.70877731 3
1.5899571 -2.7882006 0.59736943 1
1.5972667 -2.7659528 0.93418026 1
1.2793659 -2.0363817 -0.018484335 1
1.7248129 -2.7514892 0.027773267 2
1.7181033 -2.7521763 0.48541233 1
1.6885816 -2.7106423 1.2809699 3
1.6810418 -2.7165637 1.1641597 6
1.1059471 -1.757985 -0.021881497 1
1.7036824 -2.7234738 0.82342821 12
1.5207572 -2.4229107 -0.016381027 1
1.6629812 -2.6726179 1.387303 4
1.7156794 -2.7451806 0.37227741 1
1.6826844 -2.7103009 0.26245728 1
1.4878356 -2.6760461 0.1640881 1
1.5698863 -2.7743537 0.59681207 1
1.6119062 -2.7064021 1.0411811 3
1.6205091 -2.7559993 0.70920885 1
1.5718474 -2.7440109 0.93004358 1
1.2743404 -2.0441742 -0.019387085 1
1.7204243 -2.7659361 0.026236543 2
1.6872979 -2.7298236 1.2846334 4
1.704285 -2.7514024 0.48546395 1
1.4866346 -2.6949224 0.16220289 1
1.6459286 -2.6806824 1.1542674 4
1.6952245 -2.7311521 0.82357979 4
1.1121218 -1.7815629 -0.02796776 1
1.7113563 -2.7596869 0.37178153 1
1.6506152 -2.6735368 1.3856765 6
1.5123065 -2.4282417 -0.016413409 1
1.6868054 -2.738271 0.26032138 1
1.5611773 -2.7815993 0.59682202 1
1.5500137 -2.726831 0.92667812 1
1.6028454 -2.7478852 0.70823431 1
1.5994498 -2.7069616 1.040168 5
1.7138799 -2.7770057 0.025297869 2
1.263122 -2.042002 -0.017664682 1
1.6946783 -2.7573769 0.48542637 1
1.6574372 -2.7025678 1.2753485 3
1.6732675 -2.7467666 1.1684234 3
1.4638897 -2.6757274 0.165407 1
1.6954435 -2.755476 0.37229553 1
1.5069371 -2.4385555 -0.017553331 3
1.1100029 -1.7920489 -0.030011976 1
1.6846455 -2.7354043 0.82335562 4
1.6443039 -2.6842663 1.3872309 4
1.6720518 -2.7356801 0.2610926 1
1.5390242 -2.728543 0.92613083 1
1.5880069 -2.7091813 1.0394813 5
1.593253 -2.7535057 0.7081967 2
1.6792895 -2.7527754 0.48552343 1
1.5509803 -2.7873547 0.59678388 1
1.6378018 -2.708709 1.1581395 6
1.6514208 -2.7161336 1.3956773 4
1.6257696 -2.6718121 1.265139 4
1.7062465 -2.786391 0.024661036 2
1.2621325 -2.0564094 -0.020316573 1
1.4507641 -2.6738672 0.16629735 1
1.6889441 -2.7665379 0.37198299 1
1.6667974 -2.7277293 0.8218236 4
1.4932997 -2.4354563 -0.015740545 1
1.0977025 -1.7860348 -0.027005941 1
1.6542387 -2.7279024 0.26234838 1
1.5314355 -2.7374144 0.92660761 1
1.5851147 -2.76055 0.70827991 1
1.5340116 -2.778518 0.59637004 1
1.6918732 -2.783613 0.026126491 2
1.2593896 -2.0672748 -0.022092799 1
1.6430434 -2.7205553 1.2771279 4
1.6614007 -2.7449763 0.48566416 1
1.5785497 -2.7147477 1.039445 2
1.6303614 -2.7178218 1.1588914 4
1.6828719 -2.7772985 0.37167332 1
1.6080995 -2.6657696 1.3776202 3
1.6431377 -2.7299953 0.26263717 1
1.4498962 -2.6946959 0.16417865 1
1.6624314 -2.7420919 0.82272172 3
1.4837846 -2.439003 -0.015404699 1
1.089484 -1.7865741 -0.026019286 1
1.5670714 -2.7502196 0.70719117 1
1.5281477 -2.790904 0.59652138 1
1.5281307 -2.7552037 0.92836207 1
1.6165603 -2.6979465 1.2692319 5
1.2461429 -2.0616612 -0.019495275 1
1.6811332 -2.7878518 0.02639045 2
1.6549038 -2.7559493 0.48556134 1
1.5877903 -2.752779 1.0455912 1
1.6188699 -2.7201729 1.1580666 6
1.6752318 -2.7866144 0.37145191 1
1.0865892 -1.7951618 -0.027558278 1
1.4716436 -2.4372098 -0.013958729 1
1.632586 -2.7340443 0.2627629 1
1.6369246 -2.7203197 0.81969315 3
1.6007749 -2.6747351 1.3786461 4
1.4376884 -2.6945157 0.16483735 1
1.5574708 -2.7557175 0.70715445 2
1.5056171 -2.7359533 0.92474192 1
1.5184041 -2.7962644 0.5964855 1
1.5835593 -2.7666385 1.0471838 2
1.6693705 -2.7903488 0.026954539 2
1.2329502 -2.0559757 -0.016898664 1
1.6061491 -2.7019539 1.2687342 3
1.6442593 -2.7600322 0.48554721 1
1.6183379 -2.7410667 1.1615785 6
1.6470976 -2.7615955 0.3730697 1
1.4722269 -2.4575405 -0.017312925 1
1.0783603 -1.7956556 -0.026570775 1
1.6284487 -2.7277763 0.8198449 2
1.5973411 -2.6903059 1.3817899 3
1.618981 -2.7328985 0.2633726 1
1.427356 -2.6978006 0.16503412 1
1.5675676 -2.7599039 1.0448711 3
1.5458989 -2.7576909 0.70688409 3
1.4979665 -2.7447283 0.92521912 1
1.5124292 -2.8086336 0.59663796 1
1.6515613 -2.7825894 0.029319968 2
1.5848693 -2.6874678 1.2631502 3
1.2297794 -2.0670044 -0.018675795 1
1.6366564 -2.7692482 0.48546758 1
1.6117395 -2.7518284 1.1627254 4
1.4110332 -2.6884711 0.16685249 1
1.6300778 -2.7523458 0.82186747 3
1.6445699 -2.7794073 0.37239018 1
1.4576367 -2.4525585 -0.015130399 1
1.0780543 -1.8094012 -0.029627383 1
1.5781722 -2.6793041 1.3764557 4
1.6104496 -2.7402911 0.26317585 1
1.5343333 -2.7596254 0.70661402 1
1.5521265 -2.7550945 1.0428853 1
1.5034751 -2.7778995 0.9292804 1
1.4988596 -2.8068733 0.5964129 1
1.5872669 -2.713192 1.2686625 2
1.2265472 -2.0780292 -0.020453479 1
1.6418455 -2.7883704 0.029283952 2
1.6269875 -2.7749803 0.48543125 1
1.405314 -2.7004619 0.16589159 1
1.5942606 -2.7439117 1.1595368 4
1.0707828 -1.8115064 -0.029145878 1
1.6288036 -2.7748344 0.37290633 1
1.6174451 -2.7529073 0.82126999 2
1.4450947 -2.450881 -0.013686853 1
3.6137962 -6.1894445 2.4913661 3
1.5958674 -2.7373219 0.26394862 1
1.5304778 -2.7754998 0.70728081 1
1.5482777 -2.770874 1.0448003 3
1.4694148 -2.7377186 0.92258799 1
1.4909288 -2.8156657 0.59647083 1
1.2153739 -2.0755854 -0.018730545 1
1.6360952 -2.8009493 0.028046142 2
1.6142855 -2.7754946 0.48546132 1
1.5641378 -2.6952004 1.2621561 3
1.395889 -2.7053814 0.1658566 1
1.5807693 -2.7427146 1.1579248 4
1.5878017 -2.7241616 0.81749398 2
1.0566685 -1.801895 -0.025127232 1
1.4385293 -2.4593339 -0.014457112 1
1.617107 -2.7770829 0.37305385 1
1.5497894 -2.673655 1.371086 3
1.5793327 -2.730828 0.26504418 1
1.483448 -2.8241706 0.5965305 1
1.510263 -2.7615876 0.705957 1
1.5290499 -2.7590387 1.0415113 3
1.4821986 -2.7849116 0.92869598 1
1.6124507 -2.7827139 0.032214135 2
1.213043 -2.0882874 -0.020944495 1
1.5867294 -2.7563641 1.2773756 6
1.6065924 -2.7846236 0.48538154 1
1.38735 -2.7120366 0.16559023 6
1.5673053 -2.7414472 1.1563134 4
1.5922304 -2.7538733 0.82007676 2
1.0504056 -1.8055855 -0.025151284 1
1.431922 -2.4677737 -0.015226956 1
1.5423783 -2.6824489 1.3721117 4
1.6044165 -2.7775612 0.37329394 1
1.5717813 -2.7398214 0.26468572 1
1.5025227 -2.7703862 0.70615506 1
1.5270128 -2.778244 1.0440779 3
1.4643627 -2.8116281 0.59602249 1
1.450284 -2.7479887 0.92251647 1
1.5534866 -2.7193975 1.2657857 3
1.5904081 -2.7778172 0.48550332 1
1.5485506 -2.7296102 1.1523393 4
1.539212 -2.6976509 1.3752587 3
1.5656517 -2.7502594 0.26416829 1
1.6037188 -2.7900777 0.031877831 2
1.1979884 -2.0789893 -0.017471673 1
1.3796791 -2.7204361 0.16509199 6
1.5937271 -2.7814481 0.37335038 1
1.5648043 -2.7283561 0.81667626 2
1.4291923 -2.4830196 -0.017472506 1
1.0479941 -1.8159735 -0.027195659 1
1.4319834 -2.7352509 0.91992426 1
1.5348864 -2.7076464 1.2611309 2
1.4965608 -2.7454681 1.0368882 2
1.4554627 -2.8185391 0.59603423 1
1.4900171 -2.7703831 0.705769 1
1.5841552 -2.7883306 0.48540252 1
1.5375772 -2.7313547 1.1515186 4
1.5378599 -2.7162168 1.3794645 4
1.1901461 -2.0812802 -0.01705965 1
1.5983791 -2.8022871 0.030643459 2
1.0419987 -1.8194565 -0.027218714 1
1.5646117 -2.7491519 0.818326 1
1.5805565 -2.779804 0.3736847 1
1.4151229 -2.4775236 -0.015288817 1
1.5609447 -2.7644217 0.26332393 1
1.3585985 -2.7021863 0.16806895 1
1.4461635 -2.7860529 0.92654371 1
1.4962983 -2.8055649 0.70772368 1
1.1861486 -2.0903277 -0.018398155 1
1.589084 -2.8076057 0.030609172 2
1.5368636 -2.7334027 1.2666441 2
1.5685368 -2.7834201 0.48550016 1
1.4794786 -2.7368238 1.0342515 7
1.4519906 -2.8361073 0.59632903 1
1.0369455 -1.8245977 -0.027746575 1
1.3982041 -2.466831 -0.011995862 1
1.5613614 -2.764775 0.8194136 1
1.521777 -2.709837 1.3757203 6
1.5752584 -2.7920249 0.3732827 1
1.5371091 -2.7541504 1.155422 5
1.5376742 -2.7455254 0.2655527 1
1.3509383 -2.7104931 0.1675709 1
1.4804657 -2.7981925 0.7068702 5
1.4201214 -2.7593744 0.92190278 1
1.1855593 -2.1063881 -0.021488272 1
1.5627158 -2.7959061 0.48537701 1
1.4829614 -2.7663779 1.0387697 3
1.4420879 -2.8411853 0.59629178 1
1.5113808 -2.7134888 1.3751563 6
1.5807235 -2.8168952 0.029971063 2
1.5268445 -2.7390633 1.266607 4
1.5199083 -2.7458179 1.1522353 2
1.3872467 -2.4685388 -0.011290469 1
1.027442 -1.8233376 -0.026255421 1
1.530825 -2.7340186 0.81545246 2
1.5698928 -2.806546 0.37278613 1
1.5300217 -2.7543943 0.26519421 1
1.3374908 -2.7083292 0.16846156 1
1.465139 -2.7927678 0.70613319 1
1.4086887 -2.760813 0.92135537 1
1.4668295 -2.7593751 1.0364583 2
1.4196043 -2.8212283 0.59559727 1
1.5597332 -2.8136294 0.48518473 1
1.4994909 -2.7302525 1.1474751 4
1.5326395 -2.7745283 1.3926051 6
1.5041209 -2.7205644 1.2601024 3
1.1731131 -2.1022196 -0.019327918 1
1.5651251 -2.812057 0.031738758 2
1.537692 -2.7689934 0.81859428 3
1.561061 -2.8137884 0.37265801 1
1.3843703 -2.4836936 -0.01353762 1
1.0173374 -1.8201764 -0.024256542 1
1.5184853 -2.7562668 0.26548412 1
1.3320016 -2.7199152 0.16750224 1
1.4526281 -2.7925806 0.70574725 1
1.462274 -2.773 1.0380517 1
1.4044147 -2.7763722 0.92285591 1
1.5500715 -2.8068721 0.033507813 2
1.5470234 -2.8138368 0.48521683 7
1.4876227 -2.7119277 1.2563727 3
1.1633288 -2.1009951 -0.018040314 1
1.4133184 -2.8333623 0.59575087 1
1.4918337 -2.7389634 1.1482298 4
1.5430701 -2.8032243 0.3734538 1
1.4896417 -2.7189939 1.3734989 6
1.5141188 -2.7700636 0.26464182 1
1.0166284 -1.8338916 -0.027313363 1
1.5299436 -2.777879 0.81893438 1
1.3871024 -2.5091996 -0.017999221 1
1.3242407 -2.7281511 0.16700485 1
1.4462029 -2.7658782 1.0357418 2
1.4310002 -2.7745967 0.70419139 18
1.3893967 -2.7706547 0.92128611 1
1.4837275 -2.7274098 1.2591116 3
1.1560148 -2.1050541 -0.01806731 1
1.5374252 -2.8070896 0.034373488 2
1.5295501 -2.8051996 0.48536113 1
1.4952999 -2.7683513 1.1537094 2
1.0087122 -1.8338758 -0.026324309 1
1.5218114 -2.7875743 0.37452415 1
1.3769001 -2.510349 -0.017291501 1
1.5040542 -2.7682996 1.3872381 6
1.5102422 -2.7637401 0.81684607 2
1.5082421 -2.7823753 0.26395926 1
1.3923167 -2.8170409 0.5951485 1
1.3100344 -2.7218115 0.16836381 1
1.4358348 -2.8080626 0.70602787 3
1.423851 -2.746402 1.0311553 5
1.3761982 -2.7684138 0.92022812 1
1.1542739 -2.1193902 -0.020720098 1
1.4631373 -2.7120543 1.2535324 3
1.529508 -2.8159461 0.033737857 2
1.5226038 -2.8158302 0.4852584 1
1.3785805 -2.8126924 0.59488004 1
1.4708438 -2.7459307 1.1473734 4
1.5225259 -2.8122401 0.3734757 1
0.99956465 -1.8323029 -0.024830705 1
1.3606427 -2.501349 -0.014367894 1
1.4930161 -2.755023 0.81531781 2
1.4861691 -2.7582936 1.3824369 4
1.489105 -2.770092 0.26554403 1
1.2988273 -2.7228074 0.16879345 1
1.4206226 -2.8024082 0.70529276 5
1.4331774 -2.7882671 1.0379477 3
1.1487457 -2.1268585 -0.021622013 1
1.4573374 -2.7240498 1.255347 3
1.5215486 -2.8247824 0.033102404 2
1.5042809 -2.8052986 0.48542553 1
1.3835877 -2.8481061 0.59564489 1
1.2881044 -2.7235293 0.1692248 1
1.4575849 -2.7441597 1.1457632 2
1.3730499 -2.7877207 0.92223853 1
0.99227792 -1.8340865 -0.024348702 1
1.4909278 -2.774297 0.81677765 2
1.3519193 -2.5061123 -0.014398669 1
1.5127068 -2.8175664 0.37344104 1
1.4701885 -2.7515929 1.3786944 6
1.4700723 -2.7577028 0.26712811 1
1.4055539 -2.7581203 1.0314138 2
1.4090494 -2.8038135 0.70502418 2
1.3724086 -2.8490992 0.59551674 1
1.3542459 -2.7726796 0.91939229 1
1.4623944 -2.7566764 1.262706 3
1.4982357 -2.8176289 0.48530102 1
1.5088964 -2.8248694 0.033969283 2
1.1431788 -2.1343215 -0.022523236 1
1.440709 -2.7353785 1.1425782 2
1.2802811 -2.7316308 0.16872765 1
1.3505822 -2.5247087 -0.017384836 1
1.5009938 -2.8193319 0.37359083 1
0.9859032 -1.8375533 -0.024372149 1
1.4756324 -2.768971 0.81562322 2
1.4596814 -2.7550516 1.3781306 4
1.4725351 -2.7857773 0.26499036 1
1.4081483 -2.8266258 0.70615846 2
1.3684809 -2.8665402 0.59581143 1
1.4870265 -2.8190787 0.48531345 1
1.4334505 -2.7436593 1.1433349 2
1.3897083 -2.7507091 1.0291042 2
1.3523308 -2.7935023 0.92166024 1
1.4451712 -2.7496734 1.3749214 4
1.1266147 -2.1210682 -0.018172732 1
1.4962609 -2.8249018 0.034836181 2
1.4437279 -2.7445836 1.2580527 3
1.2724183 -2.7397113 0.16823071 1
1.3445342 -2.5346475 -0.018523319 1
0.98314226 -1.8478312 -0.026417414 1
1.4631791 -2.7688539 0.81502926 1
1.4837015 -2.8104551 0.37429482 1
1.4591146 -2.7838607 0.26560366 1
1.3478719 -2.84759 0.59516752 1
1.3456376 -2.8033643 0.92239505 1
1.1214137 -2.1282566 -0.019074013 1
1.4850556 -2.8263757 0.035405103 2
1.3986303 -2.7926514 1.0358952 3
1.4454097 -2.7701116 1.2635651 3
1.475334 -2.8207409 0.48532423 1
1.3912187 -2.8172326 0.70518976 1
1.4256734 -2.7521698 1.1440889 2
1.4743807 -2.8153913 0.37426236 1
1.4382408 -2.759871 1.3764763 6
1.451718 -2.7922461 0.26524717 1
0.97491938 -1.8478485 -0.025428556 1
1.455358 -2.7775135 0.81536901 1
1.3320384 -2.5323837 -0.017077345 1
1.2557492 -2.7299411 0.17005059 1
1.33454 -2.8450558 0.59494489 1
1.3392514 -2.815249 0.92338389 1
1.1122007 -2.1287205 -0.018223869 1
1.3883908 -2.8364487 0.70608932 1
1.4751862 -2.8315668 0.035370827 2
1.3643559 -2.7480299 1.0267622 2
1.464566 -2.8241246 0.48531279 1
1.4339527 -2.771713 1.262607 4
1.4160669 -2.757169 1.1440555 2
0.97239691 -1.8579437 -0.027473455 1
1.4383259 -2.7837694 1.3822684 4
1.4682263 -2.8276391 0.37385851 1
1.441564 -2.7735178 0.81440336 2
1.320019 -2.5298386 -0.015628573 1
1.4383234 -2.7902358 0.26586136 1
1.246222 -2.7343292 0.17001751 1
1.3155602 -2.7891994 0.91900486 1
1.372893 -2.8284883 0.70523912 1
1.3262887 -2.8533599 0.5950042 1
1.4030037 -2.7351675 1.2514858 4
1.4510546 -2.822135 0.48536828 1
1.4671111 -2.840241 0.034734938 2
1.1083708 -2.1395421 -0.020000845 1
1.3617203 -2.7669859 1.0293281 1
1.3957855 -2.7411578 1.1392976 3
1.4373444 -2.7891974 0.81548977 2
0.96060544 -1.8510244 -0.024462583 1
1.3147991 -2.5414298 -0.017137539 1
1.4049125 -2.7424498 1.3679355 6
1.4528768 -2.8221207 0.3743788 1
1.425866 -2.7899437 0.26631391 1
1.2374943 -2.7404964 0.16975258 6
1.3142042 -2.8117847 0.92152834 1
1.3604259 -2.8278995 0.70485491 1
1.4499977 -2.8312814 0.037105691 2
1.414583 -2.7817433 1.2625405 4
1.0991433 -2.1399381 -0.019152028 1
1.4466404 -2.837913 0.48519963 1
1.349471 -2.7664351 1.0283211 2
1.3275083 -2.8836732 0.5956254 1
1.3862174 -2.746047 1.1392643 2
1.3086199 -2.5512841 -0.018275764 3
0.95681983 -1.8595413 -0.026002618 1
1.4375851 -2.8165145 0.37489778 1
1.4149476 -2.7693882 0.81284297 2
1.4005688 -2.7576973 1.3710803 9
1.5087405 -2.9781725 0.2495935 1
1.2332653 -2.7554834 0.1683289 6
1.359624 -2.8504524 0.70599085 1
1.3010606 -2.8091798 0.92047203 1
1.33601 -2.7620399 1.0266645 3
1.4383256 -2.8328288 0.037673742 2
1.0934579 -2.1472545 -0.020053737 1
1.3961303 -2.7693081 1.257887 3
1.4394311 -2.8483286 0.48509791 1
1.3041928 -2.8591983 0.59484059 1
1.3818859 -2.7614322 1.1415935 2
1.4088721 -2.7814572 0.81355673 2
1.3041664 -2.5646152 -0.020154411 1
0.94860303 -1.8594356 -0.025013596 1
1.4367536 -2.839381 0.37394142 1
1.3952695 -2.7712312 1.3736957 6
1.2196326 -2.7507062 0.16945563 1
1.3978463 -2.7840831 0.26770306 1
1.3351972 -2.8245006 0.70397055 1
1.3297729 -2.7738438 1.0279311 3
1.2858123 -2.803138 0.91890228 1
1.2942086 -2.8637588 0.59480643 1
1.0815948 -2.1423535 -0.017890314 1
1.4268042 -2.8480012 0.48513168 1
1.3916708 -2.7846544 1.260626 4
1.4293225 -2.839617 0.037338831 2
1.2105114 -2.7547557 0.16942447 1
0.94475085 -1.8679256 -0.026553998 1
1.291688 -2.5621431 -0.018707834 1
1.4161124 -2.8229654 0.37501577 1
1.3959068 -2.7968364 1.3800159 4
1.4107525 -2.8095315 0.81594878 3
1.3787162 -2.780575 1.144708 2
1.3872406 -2.7871909 0.26783231 1
1.3312515 -2.8418429 0.70475477 1
1.3374799 -2.8139377 1.0343977 1
1.2732941 -2.8425047 0.59411907 1
1.2776635 -2.8112509 0.91938066 1
1.0776194 -2.1531219 -0.01966724 1
1.397333 -2.8135662 0.48559508 1
1.1961514 -2.748049 0.17078383 1
1.3673704 -2.7636878 1.3683343 4
1.3693997 -2.7653458 1.2541244 4
1.4189109 -2.8448627 0.037303906 2
1.3690089 -2.7854035 1.1446751 4
1.412861 -2.8424864 0.37424165 1
1.3907173 -2.7950969 0.81386226 2
1.2814267 -2.5651267 -0.018369632 3
0.9396612 -1.8748513 -0.027588738 1
1.3792704 -2.7956178 0.26747474 1
1.3297155 -2.8646154 0.70588797 1
1.3058414 -2.7721717 1.0259179 1
1.2613505 -2.8012507 0.91730273 1
1.2649881 -2.8506124 0.59417927 1
1.1886097 -2.7556655 0.17028852 1
1.3954406 -2.8346078 0.48535767 1
1.3477734 -2.7652767 1.1391331 2
1.3509439 -2.7546139 1.3640652 7
1.3597471 -2.770148 1.254092 3
1.4072297 -2.8462725 0.037871461 2
1.0680186 -2.1535704 -0.018818546 1
0.93142754 -1.8746545 -0.026600348 1
1.2707388 -2.5660815 -0.017660705 3
1.3835948 -2.8053257 0.81438857 1
1.4046985 -2.8510187 0.3740235 1
1.3668901 -2.7950602 0.267928 1
1.3028263 -2.7910578 1.0284836 3
1.2651681 -2.8767884 0.59470916 1
1.2456089 -2.7909482 0.91522741 1
1.3017429 -2.8313911 0.70340317 1
1.0608954 -2.1571116 -0.018842714 1
1.3977892 -2.8509471 0.03783977 2
1.3607548 -2.7956846 1.2596041 3
1.3907944 -2.8502767 0.48518893 1
1.1785115 -2.7600255 0.17025423 1
1.3381188 -2.7699945 1.1391006 2
1.3961173 -2.8574789 0.37389916 1
1.3716094 -2.8218336 1.3830944 11
1.3662992 -2.8175483 0.26627564 1
0.92661542 -1.8813798 -0.027634678 1
1.3554784 -2.7725775 0.81043756 2
1.2635146 -2.574043 -0.018430851 3
1.2930824 -2.7956274 1.0284519 1
1.2519381 -2.8738797 0.59448808 1
1.2294657 -2.7807846 0.913149 1
1.2918578 -2.8359458 0.70336938 1
1.3874238 -2.8675158 0.48499906 1
1.3525926 -2.8239918 1.1500907 4
1.3179768 -2.7342653 1.3550014 6
1.3817995 -2.8433704 0.039910998 2
1.050826 -2.1555429 -0.017555479 1
1.3307514 -2.7583621 1.2484866 3
1.1696502 -2.76597 0.16999011 1
0.91871029 -1.8809718 -0.0266445 1
1.3514827 -2.7878447 0.81152624 2
1.3765846 -2.8425729 0.37488285 1
1.2549851 -2.5782421 -0.018459203 3
1.354739 -2.8187311 0.26656717 1
1.2439805 -2.8817122 0.59456456 1
1.2234153 -2.7921491 0.91415602 1
1.2906402 -2.8584526 0.70452017 1
1.0436916 -2.1590445 -0.017563384 1
1.3723632 -2.8479741 0.039895792 2
1.2713524 -2.7752535 1.0238855 1
1.3241113 -2.768069 1.2498566 5
1.3670527 -2.8507242 0.48525363 1
1.3175645 -2.7755682 1.1382655 3
1.3654253 -2.8435447 0.37505105 1
1.3457423 -2.817256 1.3788106 4
1.3470958 -2.8268456 0.26622736 1
1.1569293 -2.7627258 0.17090064 1
1.3623898 -2.835686 0.8159852 2
0.91552609 -1.8911576 -0.028674528 1
1.2493924 -2.5897229 -0.019951791 3
1.2120942 -2.792783 0.91360778 1
1.3550301 -2.8498399 0.48528516 1
1.2271488 -2.8715627 0.59415108 1
1.2692779 -2.8374398 0.70284975 1
1.318356 -2.8012562 1.1429543 5
1.319108 -2.7851064 1.3676566 6
1.3624213 -2.8527627 0.039857768 2
1.3019794 -2.7463241 1.2428937 3
1.0395356 -2.1697166 -0.019345431 1
1.2844429 -2.8300502 1.0329423 1
1.3350484 -2.8024399 0.81203294 1
0.91094929 -1.8976777 -0.029711131 1
1.2357366 -2.5832126 -0.017767509 3
1.3597791 -2.8573456 0.37455085 1
1.3338317 -2.8243289 0.26683813 1
1.1472899 -2.7667675 0.17086443 1
1.2043976 -2.8004632 0.91408402 1
1.2550279 -2.8306935 0.70211339 1
1.0323606 -2.1731689 -0.019372586 1
1.3011292 -2.7682722 1.2474767 3
1.2508347 -2.7802925 1.0231633 1
1.2062451 -2.850055 0.59345859 1
1.3495845 -2.8501306 0.041025616 2
1.394394 -2.9595666 0.48393026 1
1.2986591 -2.7845356 1.1381949 3
1.3545567 -2.870899 0.37405276 1
1.3003974 -2.7705119 1.3617969 4
0.89772838 -1.8868626 -0.025690062 1
1.2284065 -2.5910809 -0.018541098 3
1.3261132 -2.808918 0.8121829 2
1.3222882 -2.8253732 0.26712474 1
1.1421469 -2.7817934 0.16943458 1
1.2459471 -2.8369102 0.70219326 1
1.1925849 -2.8012333 0.91353452 1
1.2898291 -2.7692964 1.2465167 3
1.0281065 -2.1838312 -0.021153996 1
1.3396361 -2.8548429 0.040988036 2
1.3342721 -2.8574626 0.48523259 1
1.1986096 -2.8598084 0.59356141 1
1.2555516 -2.8171299 1.0289721 2
0.88820934 -1.8828306 -0.023690362 1
1.2189872 -2.5933783 -0.018203627 1
1.3285854 -2.838583 0.81475776 2
1.2955947 -2.7855718 1.3649367 6
1.333562 -2.8520927 0.37521797 1
1.2884542 -2.7893016 1.1381547 3
1.3090799 -2.8227534 0.26773652 1
1.1264729 -2.7710516 0.17125496 6
1.2293906 -2.8245585 0.70110899 1
1.2414398 -2.810477 1.0269902 7
1.1858815 -2.8127146 0.91451925 1
1.020503 -2.1874237 -0.021182284 1
1.3234589 -2.860312 0.48521858 1
1.193974 -2.8769305 0.59385073 1
1.2826512 -2.7830892 1.3627814 3
1.2780544 -2.7705023 1.2455544 4
1.3266784 -2.8543725 0.04185158 2
1.3015032 -2.8437738 1.1491377 4
1.1172879 -2.7747827 0.17122082 5
1.3031482 -2.8109231 0.81136262 2
1.2127987 -2.6049726 -0.019718254 1
0.88460118 -1.8930969 -0.025740417 1
1.3214331 -2.8533533 0.37536392 1
1.2959065 -2.8200777 0.26834857 1
1.2352914 -2.8655491 0.70340282 1
1.243461 -2.8419521 1.0318227 3
1.1714935 -2.8058782 0.91295004 1
1.1915081 -2.8996084 0.5942806 1
1.1051559 -2.7711065 0.17211553 3
1.0092437 -2.1840641 -0.019460782 1
1.3216622 -2.8697827 0.040008608 2
1.2699977 -2.7785177 1.2464421 3
1.3345737 -2.9124651 0.48458719 1
1.271389 -2.8036544 1.1392633 5
1.2037123 -2.6092045 -0.019752415 1
1.3081483 -2.8507028 0.37569699 1
0.88125956 -1.9032017 -0.027789995 1
1.2772429 -2.7983458 1.3659198 4
1.2999667 -2.8299694 0.81281745 2
1.2802988 -2.8119023 0.2694478 1
1.2371672 -2.8533297 1.0330861 6
1.2216619 -2.8627362 0.70289779 1
1.1760527 -2.8448136 0.91776592 1
1.1626077 -2.8574367 0.59307688 1
1.0969396 -2.7786553 0.17161438 2
1.3132819 -2.8779988 0.03937003 2
1.0056857 -2.1964543 -0.021679962 1
1.2506964 -2.761682 1.2408661 4
1.2980257 -2.858824 0.48527911 1
1.2600014 -2.8045254 1.1384398 6
0.87142998 -1.8992339 -0.025791036 1
1.299022 -2.8570876 0.37556705 1
1.1880953 -2.5990851 -0.016829003 1
1.2843311 -2.8218176 0.81147653 1
1.2579672 -2.7817154 1.3595319 4
1.2737527 -2.8236392 0.26876217 1
1.2132336 -2.8249946 1.0272056 3
1.2085707 -2.8596387 0.70239449 1
1.1608804 -2.8360739 0.91594213 1
1.2877266 -2.8613055 0.4852663 1
1.1496557 -2.8540745 0.59285331 1
1.2602432 -2.8302224 1.143127 5
1.2330153 -2.7506764 1.3489115 6
1.2959256 -2.866354 0.042041451 2
0.9980377 -2.1999574 -0.021709239 1
1.2728214 -2.8371246 1.2592963 3
1.0853174 -2.7789695 0.17204197 6
1.1798384 -2.6050229 -0.017232481 3
0.86323339 -1.8987434 -0.024804339 1
1.2704016 -2.8172314 0.81050903 4
1.2841403 -2.8506975 0.37608689 1
1.2663299 -2.833554 0.26823929 1
1.1916734 -2.8472762 0.70130956 1
1.1468376 -2.8746126 0.59323788 1
1.2105757 -2.8476222 1.030414 3
1.1420709 -2.8180559 0.91284031 1
1.2397693 -2.7879813 1.2454129 3
0.98996335 -2.2014787 -0.021298742 1
1.2880325 -2.8742652 0.041404646 2
1.2728679 -2.8548384 0.48536652 1
1.2322201 -2.7933383 1.1340411 5
1.2803702 -2.8677301 0.37540296 1
1.231999 -2.7744012 1.3546988 6
1.2537141 -2.8304543 0.2688534 1
1.1691481 -2.6055484 -0.016526617 1
0.85663396 -1.9017398 -0.024830135 1
1.2743312 -2.8526008 0.81363982 3
1.0765613 -2.7866497 0.17153966 5
1.1292506 -2.857949 0.59268993 1
1.1960561 -2.8409395 1.0284303 3
1.1840203 -2.8569727 0.70162231 1
1.2754872 -2.8865225 0.48498958 1
1.1469551 -2.8588829 0.91791075 1
1.2511423 -2.8621638 1.1481705 5
1.221251 -2.774961 1.3536054 9
1.2732004 -2.8679006 0.043173105 2
0.98229933 -2.2049365 -0.021326296 1
1.2284741 -2.7887521 1.2444535 3
1.1621065 -2.6130159 -0.017297618 1
0.8534956 -1.9116484 -0.02687742 1
1.2606934 -2.8502605 0.37647772 1
1.2576402 -2.8404388 0.81192887 4
1.2390451 -2.8238745 0.26979154 1
1.0668375 -2.7903969 0.17150329 5
1.1272576 -2.8368731 0.91430187 1
1.2223319 -2.7999847 1.2462676 3
0.97421998 -2.2063892 -0.020916054 1
1.2636899 -2.8721192 0.043137971 2
1.176314 -2.8666568 0.70193487 2
1.1906794 -2.8560565 1.0303407 3
1.2550194 -2.8671412 0.48524991 1
1.1245775 -2.8769879 0.59302348 1
1.2232895 -2.8251238 1.1390858 5
1.2488432 -2.848947 0.37672114 1
1.2092621 -2.7739308 1.351983 4
1.237604 -2.8462667 0.26813275 1
1.2501166 -2.8502998 0.81245089 5
1.1482557 -2.6062634 -0.015112609 1
0.84685051 -1.9146167 -0.026902363 1
1.0542991 -2.7866831 0.17239751 6
1.11568 -2.8350816 0.91350245 1
1.2423382 -2.8639596 0.48530674 1
1.2154628 -2.8328009 1.1398389 5
1.2168331 -2.8169267 1.3635917 4
0.96575987 -2.2079947 -0.020506337 1
1.1603162 -2.8559504 0.70096684 1
1.2599627 -2.8910339 0.040693711 2
1.2140981 -2.8078339 1.2471547 3
1.1672032 -2.8273642 1.0244623 2
1.1333504 -2.5956419 -0.012186759 1
1.2438287 -2.8617673 0.81316233 4
1.243657 -2.864311 0.37612897 1
0.84825587 -1.9351542 -0.031986658 1
1.2198114 -2.8322699 0.2697207 1
1.1176245 -2.8904464 0.5932188 1
1.0408987 -2.7789996 0.17375667 5
0.9623186 -2.2201476 -0.022724316 1
1.2047876 -2.8118641 1.2471203 3
1.2472498 -2.887949 0.041863479 2
1.235487 -2.875654 0.48517913 1
1.1538166 -2.8672187 0.70139819 5
1.1088738 -2.8484106 0.91474032 1
1.2373066 -2.8757875 0.37572408 1
1.1896126 -2.7803738 1.3513844 6
1.1513838 -2.8168192 1.0218304 2
1.1951491 -2.8137813 1.1346879 5
1.1258535 -2.6032126 -0.012958503 1
0.83999527 -1.9345522 -0.030999998 1
1.2114848 -2.8401957 0.2693603 1
1.2322687 -2.8624482 0.81275195 3
1.103976 -2.8850029 0.59294987 1
1.037387 -2.799392 0.17162946 7
1.1443086 -2.8710454 0.70136404 3
0.9542017 -2.2236702 -0.022753743 1
1.2335653 -2.8852358 0.043029193 2
1.2241664 -2.878341 0.48516363 1
1.1585138 -2.8629434 1.0292585 2
1.1914532 -2.8091178 1.2452369 3
1.1777529 -2.7998691 1.1307187 3
1.1005635 -2.858037 0.91546834 1
0.83631253 -1.9445925 -0.033048965 1
1.1816716 -2.7900779 1.3529351 6
1.1244829 -2.6252124 -0.016690498 1
1.2337843 -2.8968685 0.37485135 1
1.2222762 -2.8667562 0.8127172 6
1.2216657 -2.8921916 0.26510087 1
1.093905 -2.888855 0.5929125 1
1.0276183 -2.8030112 0.17159472 7
1.1291773 -2.8620353 0.70051408 1
1.1351247 -2.8319659 1.0230592 2
1.0871207 -2.8999667 0.59306341 1
1.2133448 -2.8807609 0.4851498 1
1.223493 -2.889533 0.042992905 2
0.94341934 -2.219799 -0.021029752 1
1.1861529 -2.8240604 1.2479715 4
1.1860079 -2.8474615 1.1401222 3
1.0884769 -2.8563137 0.91466683 1
0.82050025 -1.9261158 -0.027001034 1
1.2091825 -2.8636849 0.8119356 1
1.1168553 -2.6327524 -0.017462729 1
1.2731813 -3.0190632 0.36887851 1
1.1763926 -2.8048892 1.3560747 7
1.1947089 -2.855978 0.26863939 1
1.0151408 -2.7991171 0.17248915 8
1.1257344 -2.835732 1.0230255 2
1.1165186 -2.8605826 0.70012659 2
1.1777838 -2.8318026 1.2488577 4
0.93267751 -2.2158871 -0.01930402 1
1.2149308 -2.8974528 0.042354546 2
1.2055894 -2.8905406 0.48504597 1
1.0749208 -2.8981297 0.59288818 1
1.0743254 -2.8489718 0.91310006 1
1.1693659 -2.8352797 1.1365471 5
0.8138051 -1.9289641 -0.02702607 1
1.2143102 -2.9072902 0.37468556 1
1.1938289 -2.8550406 0.81059724 2
1.1061566 -2.6330097 -0.016757024 1
1.1636547 -2.8018799 1.353924 4
1.1892978 -2.8711948 0.26762849 1
1.0045248 -2.7987275 0.17292027 10
1.1223052 -2.8562088 1.0259097 2
1.0593531 -2.8376575 0.91102356 1
1.2078372 -2.9089897 0.041113827 2
0.92645562 -2.2227285 -0.020209026 1
1.1060331 -2.8646815 0.7000891 1
1.1634706 -2.8251162 1.2460538 4
1.0641172 -2.9000022 0.59280562 1
1.1833316 -2.8651545 0.48537818 1
1.1498702 -2.8157516 1.1313993 5
1.2368677 -2.9909666 0.37066007 1
1.1914499 -2.8776207 0.81242305 2
0.80561626 -1.9282197 -0.026038384 1
1.1553363 -2.8095217 1.3549474 4
1.0962206 -2.6350532 -0.016419187 1
1.1755092 -2.8661139 0.26840514 1
0.99475837 -2.8022239 0.17288516 11
1.0983088 -2.8253512 1.0197084 3
1.0651848 -2.8841758 0.91685772 1
1.1536101 -2.829186 1.2460195 3
1.0553528 -2.9074693 0.59286106 1
1.1793613 -2.8840973 0.48515728 1
0.91871464 -2.2259526 -0.020237178 1
1.0974528 -2.8722703 0.70028663 1
1.1961846 -2.9095457 0.041680679 2
0.98677945 -2.8092675 0.17238744 12
1.1539481 -2.8543308 1.1388353 5
1.1648537 -2.8412163 0.80829269 2
1.0818119 -2.6261337 -0.013862925 1
1.213603 -2.9638216 0.37220019 1
0.79964876 -1.9328157 -0.026568688 1
1.1602765 -2.8572717 0.26950637 1
1.1310434 -2.777807 1.3443303 4
1.0759716 -2.8441348 0.69827604 1
1.0383103 -2.8902593 0.59231836 1
1.049017 -2.8711131 0.91452479 1
1.1013519 -2.8643978 1.0258352 2
0.9109652 -2.2291467 -0.020265419 1
1.1350297 -2.8115406 1.2404457 3
1.1800869 -2.8990455 0.044053536 2
1.1707879 -2.8919191 0.4850758 1
1.1236688 -2.8073535 1.1277909 5
0.97697556 -2.8126969 0.17235214 17
1.0733907 -2.6317203 -0.014265203 1
0.79220051 -1.9337952 -0.02608775 1
1.1594111 -2.8563612 0.80937392 2
1.182322 -2.9161766 0.3747628 1
1.1227852 -2.7853379 1.3453541 4
1.1747358 -2.9223895 0.26410776 1
1.1400942 -2.8514779 1.2496421 4
1.0646517 -2.8441436 0.69800788 1
1.1611979 -2.8957968 0.48504201 1
1.0322191 -2.9051907 0.59256017 1
1.1294696 -2.8493891 1.1360148 3
1.0389959 -2.8747778 0.91449004 1
3.336499 -8.3853159 2.9969938 6
1.1503602 -2.8892181 0.26732481 1
0.90320247 -2.232311 -0.020293338 1
1.0780772 -2.8331757 1.0196364 2
1.169966 -2.9031537 0.044017456 2
0.96780252 -2.817977 0.17208467 23
1.2284623 -3.0613034 0.36766955 1
0.7883696 -1.9437213 -0.028137133 1
1.1405681 -2.8382208 0.807105 2
1.0656774 -2.6391041 -0.015037723 1
1.1192245 -2.8262942 1.242227 3
1.346362 -3.3925252 0.47888649 1
1.0199445 -2.9010594 0.59234089 1
1.0228155 -2.8595364 0.91190565 1
3.3466635 -8.4933567 3.0254674 4
0.89654106 -2.2371101 -0.02075775 1
1.1632588 -2.914376 0.042778634 2
1.0567955 -2.8534756 0.69832134 1
1.0672987 -2.8330536 1.0189551 2
1.117385 -2.8478656 1.1348008 5
1.1465536 -2.8808844 0.81098026 4
1.1529034 -2.9000356 0.37590086 1
1.0583863 -2.6462791 -0.01580938 1
0.7841 -1.9517139 -0.029679274 1
1.1322695 -2.872813 0.26907769 1
0.95366734 -2.8102133 0.17344339 21
0.89057165 -2.2436986 -0.021661922 1
1.1107732 -2.8338261 1.2431141 4
1.1521471 -2.9145472 0.043348003 2
1.3017254 -3.3134124 0.47988617 1
1.0052449 -2.8913794 0.59198081 1
1.0154663 -2.8705871 0.91289109 1
1.1340925 -2.8772695 0.810202 3
0.77765393 -1.954302 -0.029702328 1
3.2902594 -8.4367867 3.005265 2
1.0461515 -2.8552837 0.69817066 1
1.0725021 -2.8774939 1.0260561 3
1.0441153 -2.6371672 -0.01325073 1
1.1507902 -2.9245138 0.374843 1
1.0928202 -2.8153663 1.1269009 6
1.114532 -2.8583751 0.27066782 1
0.94260454 -2.8097653 0.17387471 24
1.0105115 -2.8870606 0.91464216 1
1.0387156 -2.8643916 0.69848639 1
0.99385887 -2.8910949 0.59185278 1
1.0961857 -2.8270097 1.2403102 3
1.1428975 -2.9224458 0.04270836 2
0.88236797 -2.2469499 -0.021690389 1
1.0475088 -2.8404682 1.0188859 3
1.2744155 -3.279007 0.48033008 1
1.1019424 -2.8257232 0.80458415 9
0.76629663 -1.9463288 -0.026689859 1
1.0759891 -2.7790384 1.3388704 4
1.0962911 -2.8539884 1.1343354 3
1.2064437 -3.1001227 0.36625695 1
0.93577772 -2.8204162 0.17291059 28
1.0380247 -2.6501338 -0.015135136 1
1.1081263 -2.8715544 0.26981851 1
0.99914277 -2.8868296 0.91409701 1
1.0186572 -2.8397973 0.69670856 1
0.98454148 -2.8985174 0.59190911 1
1.0550916 -2.8923621 1.0272827 7
1.1229542 -2.9026325 0.046587549 2
0.87555677 -2.2538102 -0.022596391 1
1.0802753 -2.8164806 1.2365832 2
1.2516646 -3.2556555 0.48063576 1
1.0738466 -2.8247993 1.1272259 5
0.92716628 -2.8274429 0.17241108 29
1.030194 -2.6574094 -0.015907913 1
1.1405689 -2.9606788 0.37337631 1
0.75500667 -1.9382826 -0.023678603 1
1.0747286 -2.8064244 1.3457117 6
1.107277 -2.8706567 0.80864006 3
1.1717114 -3.0692177 0.25286984 1
1.0158863 -2.8619974 0.69783753 1
0.99034303 -2.8940675 0.914572 1
1.0294981 -2.8512719 1.0194671 3
0.98012048 -2.9190109 0.59228957 1
1.1114149 -2.9028442 0.047155149 2
0.86492437 -2.2495542 -0.020870905 1
1.2586991 -3.308646 0.47999415 1
1.0883107 -2.8675914 1.2485434 3
1.0859704 -2.8873229 1.1397693 5
0.91912711 -2.8363464 0.17167982 41
0.75379711 -1.955362 -0.027753156 1
1.057452 -2.790318 1.3398597 4
1.0824161 -2.8354232 0.80469942 4
1.0223259 -2.6646643 -0.016680451 1
1.1783978 -3.0916746 0.36701864 1
1.0922731 -2.8904297 0.26877317 1
1.0058969 -2.8655376 0.69780231 1
1.0248263 -2.869741 1.0220257 3
0.97294712 -2.9298458 0.59244108 1
0.96709895 -2.8600879 0.90943581 1
1.2371879 -3.284723 0.48030463 1
1.0648209 -2.8596563 1.1330541 5
1.0549413 -2.8119001 1.3451165 6
1.0565175 -2.8130488 1.2337477 2
1.1054636 -2.91781 0.045312006 2
0.85709119 -2.2525611 -0.020897966 1
0.90320688 -2.820601 0.17397098 36
0.74836951 -1.9616014 -0.028789427 1
1.0893234 -2.8839452 0.80912936 2
1.1893547 -3.1537697 0.36409935 1
1.0137253 -2.6700616 -0.017082548 3
1.1280304 -3.0175476 0.25800115 1
1.0270826 -2.9066527 1.0278294 6
0.99784881 -2.8746965 0.6981163 1
0.95961988 -2.9237309 0.59217513 1
0.96899498 -2.899225 0.91424596 1
0.85305691 -2.2645259 -0.023116136 1
1.0957876 -2.9214621 0.04527868 11
1.0512375 -2.8275146 1.2364836 3
1.083189 -2.9046307 0.48502779 1
1.0622556 -2.8836277 1.1373432 3
1.1886256 -3.1839199 0.36276066 1
1.0531385 -2.8372948 1.3514295 3
1.0705222 -2.8922017 0.26919368 1
0.89336479 -2.823741 0.17393681 43
1.0030369 -2.6698959 -0.016374759 3
0.74290586 -1.9678122 -0.029826619 1
1.0723199 -2.8690708 0.80723435 2
0.99039215 -2.8857291 0.69854534 1
0.99880648 -2.8580341 1.0187167 2
0.95690566 -2.8948927 0.91319245 1
0.94941401 -2.9270685 0.59214014 1
1.0480512 -2.8494606 1.2410624 4
0.84787911 -2.2748046 -0.024898088 1
1.0883269 -2.9326901 0.044037931 2
1.0751153 -2.9140375 0.48492366 1
1.0361609 -2.8430824 1.1278762 5
0.99418938 -2.6732154 -0.016404487 3
0.73169959 -1.9575564 -0.026305443 1
1.1981708 -3.2443233 0.35993251 2
1.0628059 -2.8726213 0.80720222 2
1.0392678 -2.8301063 1.348223 4
1.1367886 -3.105721 0.25093466 1
0.89410996 -2.8609922 0.1697149 75
0.996521 -2.883918 1.0225736 3
0.95108527 -2.911432 0.9149422 1
0.97726554 -2.8817811 0.69804573 1
0.9379825 -2.926564 0.59201288 1
0.83861661 -2.2740819 -0.024048481 1
1.0713111 -2.9179032 0.047017179 2
1.0301632 -2.8311527 1.2354935 2
1.0560758 -2.8933368 0.48519036 1
1.0302054 -2.8577795 1.1302013 3
1.1145117 -3.0494576 0.36975735 1
1.0352837 -2.8500586 1.3529485 6
0.72689259 -1.965542 -0.027848605 1
1.054821 -2.8819408 0.80772585 5
0.98756564 -2.6840444 -0.017918289 3
1.0496422 -2.8977377 0.26928699 1
0.87248266 -2.8261089 0.17433447 72
0.98391712 -2.8799181 1.0212425 3
0.92578173 -2.8675213 0.90853482 1
0.97099119 -2.8965533 0.69870806 1
1.0518885 -2.9118927 0.48497263 1
0.92836618 -2.9317284 0.59202343 1
1.020728 -2.8611896 1.1301684 5
1.0199931 -2.8371375 1.3481563 4
1.0624684 -2.9253478 0.046380263 2
0.82737565 -2.2678165 -0.021883424 1
1.0320758 -2.8677227 1.2437603 3
0.86599374 -2.8384891 0.17313874 85
1.0447603 -2.8856156 0.80769128 7
0.71874094 -1.9644268 -0.026859233 1
0.98087567 -2.6948693 -0.019430811 3
1.1173768 -3.0909419 0.36786035 1
1.0355163 -2.8901203 0.27022934 1
0.95763934 -2.8883801 0.69797838 3
0.92655396 -2.904783 0.91308862 1
1.0554273 -2.9363058 0.045141812 2
0.91457254 -2.9234955 0.59171212 1
0.82053208 -2.2723806 -0.022347659 1
1.0134788 -2.8454664 1.2372723 2
1.0437307 -2.9212048 0.48486772 1
0.97210616 -2.8797719 1.0205581 2
1.0068483 -2.853641 1.1277771 2
1.0375031 -2.8988662 0.37750629 1
1.0100893 -2.840703 1.3481232 6
1.0312316 -2.9085793 0.26889488 1
0.85267377 -2.8300714 0.17450112 102
0.96882838 -2.6908751 -0.017981641 3
0.71321702 -1.9705567 -0.027896438 1
1.0400274 -2.9042611 0.80914438 3
1.0247637 -2.8982406 0.48516205 1
0.95991379 -2.929682 0.70026463 4
0.9175992 -2.9117918 0.91356444 1
1.0012414 -2.8680949 1.1301024 2
1.0184884 -2.8950284 1.3628976 4
1.0425432 -2.9325092 0.046312224 2
0.81131554 -2.2715478 -0.02149738 1
0.99840403 -2.834305 1.2335498 1
0.96329606 -2.8868976 1.0211719 3
0.90554088 -2.9305022 0.59176958 1
0.84948277 -2.853843 0.17190972 109
0.70670885 -1.9729028 -0.027919181 1
1.033704 -2.9171028 0.81004125 2
0.95991135 -2.6940684 -0.018011944 3
1.0366621 -2.9288692 0.37616956 1
1.0177993 -2.902756 0.2696743 1
0.99537075 -2.8559966 1.238129 2
0.9475764 -2.8713334 1.0178994 2
1.0341228 -2.9396834 0.045677166 2
0.8063826 -2.2815895 -0.023278134 1
0.94235247 -2.9102209 0.69883937 2
0.89292365 -2.9239233 0.5915072 1
1.0153021 -2.9036939 0.48510462 1
0.98868531 -2.8641641 1.128497 3
0.9004069 -2.8922434 0.91047204 1
0.98822242 -2.8402467 1.3459431 6
1.0295764 -2.939836 0.37576354 1
0.8367433 -2.8472478 0.1730393 115
0.94791764 -2.6899788 -0.016562965 3
1.0110803 -2.8849657 0.80647671 3
0.69856793 -1.9716949 -0.026930081 1
0.99922901 -2.8817959 0.27175763 1
0.79971433 -2.2880576 -0.024182966 1
0.92856789 -2.9020805 0.69810957 2
1.0212789 -2.9358077 0.046848629 2
0.94484979 -2.8971739 1.0217555 2
1.0064663 -2.9110091 0.48502389 1
0.8855834 -2.9366059 0.59170276 1
0.99296433 -2.8815718 1.2436304 4
1.0047557 -2.897723 0.80737334 4
0.94286174 -2.7042477 -0.018814465 3
0.89494246 -2.9105496 0.91247588 1
0.69332486 -1.9776472 -0.027965665 1
0.9895317 -2.8765454 1.3554274 4
1.0128144 -2.9245236 0.37666115 1
0.9788174 -2.8696406 1.1288557 5
0.8229624 -2.8367856 0.17463522 124
0.99816585 -2.9116886 0.26944479 1
0.87811172 -2.9471972 0.59185392 1
0.87727362 -2.8869238 0.90887707 1
0.78858477 -2.2816091 -0.022016104 1
0.93654031 -2.9060898 1.0226926 2
0.92082757 -2.9129224 0.6985386 1
0.99630374 -2.9145131 0.48499075 1
0.97455281 -2.8653834 1.3511646 4
1.0111572 -2.941395 0.046511218 2
0.97367412 -2.8593869 1.237139 2
0.81360608 -2.8415539 0.17436953 127
0.97440261 -2.8897791 1.1323568 5
0.68610561 -1.9801654 -0.02799085 1
1.2078114 -3.5335314 0.34681177 2
0.9329564 -2.7076905 -0.018847056 3
0.99926472 -2.9164741 0.80882412 4
0.98304427 -2.9020953 0.27054772 1
0.86838406 -2.9521608 0.59186584 1
0.86606437 -2.8861616 0.90833336 1
0.91420561 -2.9275689 0.69920009 2
0.92223269 -2.8961856 1.0203915 1
0.78024125 -2.2844694 -0.022045163 1
0.96739411 -2.8738573 1.239872 4
0.98689371 -2.9219387 0.48490772 1
1.0021535 -2.948657 0.04587448 2
0.80261773 -2.8405411 0.17480148 124
0.98487407 -2.9108701 0.37761605 1
0.68046302 -1.9861947 -0.029028097 1
0.92477059 -2.714649 -0.019618992 3
0.98717928 -2.9142859 0.80823326 3
0.96527117 -2.8726056 1.3521867 4
0.965042 -2.8970773 1.1331087 5
0.97102886 -2.8998351 0.27100331 1
0.86600745 -2.9213767 0.91263288 1
0.91268355 -2.9573135 0.70079064 6
0.85586447 -2.9474909 0.59164757 1
0.91035807 -2.8937399 1.019385 2
0.95106143 -2.8851867 1.1299347 2
0.79796797 -2.8604164 0.17267507 116
0.96005023 -2.897192 0.27146167 1
0.77352315 -2.2908711 -0.022949407 1
0.97354692 -2.9158764 0.48499116 1
0.94920361 -2.8576529 1.3468666 4
0.99134517 -2.9523063 0.045838602 2
0.95442075 -2.8699994 1.2379926 2
0.67321241 -1.9886687 -0.029052708 1
1.0415297 -3.1173499 0.36760736 1
0.91109079 -2.7068195 -0.017431742 3
0.97335786 -2.9084494 0.80726945 2
0.84972793 -2.9034321 0.90979642 1
0.88964367 -2.9184382 0.69820744 5
0.84666866 -2.9543076 0.59170538 1
0.79005456 -2.868783 0.17194368 115
0.94419575 -2.8692949 1.2370415 2
0.8973496 -2.8874757 1.0177317 1
0.98454785 -2.9629121 0.044601645 2
0.76226747 -2.2823007 -0.020342585 1
0.96263188 -2.9152822 0.48500594 1
0.93978357 -2.8847687 1.1291162 2
1.1613575 -3.5154204 0.34818378 2
0.66455531 -1.9834192 -0.027047182 1
0.90382844 -2.7134013 -0.018199531 3
0.93972701 -2.8607867 1.3468348 4
0.95862347 -2.8944685 0.8055675 1
0.95055515 -2.9024227 0.27126557 1
0.87882268 -2.9175501 0.69794375 4
0.84614825 -2.9292703 0.91281945 1
0.88949966 -2.8961036 1.0186723 2
0.83419591 -2.9495428 0.59148782 1
0.78107595 -2.875355 0.17144543 112
0.96807671 -2.9475329 0.047583368 2
0.7615968 -2.3072004 -0.025633384 1
0.95800084 -2.9357548 0.48476171 1
0.93896163 -2.8874018 1.2406969 3
0.93090695 -2.8917701 1.1298685 3
0.95098096 -2.9053781 0.80627674 3
0.95671576 -2.9265611 0.3772378 1
0.65765887 -1.9857112 -0.027071116 1
0.89314264 -2.7127979 -0.017490223 3
0.93683773 -2.8860991 1.3531458 4
0.94590992 -2.9227989 0.26976535 1
0.86637956 -2.9129329 0.69744635 3
0.82621026 -2.897851 0.90820169 1
0.87768489 -2.8935239 1.0176671 1
0.8223002 -2.9466517 0.59131509 1
0.9324277 -2.9017949 1.2434297 4
0.74756271 -2.2912657 -0.021272963 1
0.95900071 -2.9546533 0.046946503 2
0.94775218 -2.9390795 0.48472759 1
0.91137034 -2.8650928 1.123551 2
0.77054024 -2.87819 0.17141032 106
0.95015854 -2.941299 0.37664491 1
0.6531381 -1.9953474 -0.029120924 1
0.88609397 -2.7233751 -0.019003183 3
0.93414533 -2.8878243 0.80420101 2
0.93570751 -2.9260826 0.26973259 1
0.91857368 -2.8636284 1.3457118 4
0.85732806 -2.9197814 0.69764584 3
0.87146282 -2.9077764 1.0195791 2
0.80831552 -2.9339323 0.59091675 1
0.81289947 -2.8892548 0.90664023 1
0.94988471 -2.9617453 0.046309616 2
0.90592974 -2.8530641 1.2304885 2
0.74314433 -2.3049984 -0.023932708 1
0.93689013 -2.9404652 0.48471752 1
0.91187382 -2.9019601 1.1305884 5
0.87659329 -2.7264411 -0.019034073 3
0.64738011 -2.0012836 -0.03015794 1
0.93309283 -2.9195507 0.80695385 3
0.93446273 -2.9274607 0.37745157 1
0.92245966 -2.9109852 1.3583664 4
0.92907077 -2.9407413 0.2687214 1
0.75798506 -2.8732948 0.17230657 102
0.80534929 -2.9616928 0.59148097 1
0.84823817 -2.926594 0.69784325 1
0.85520047 -2.8899713 1.0159829 2
0.80912673 -2.9150274 0.9096632 1
0.93836057 -2.9612651 0.046879791 2
0.73687702 -2.3131499 -0.025275776 1
0.92006844 -2.9227171 0.48494321 1
0.90290731 -2.8785141 1.2359879 1
0.89770484 -2.8920164 1.1278063 5
0.64333498 -2.0127513 -0.032713726 1
0.90543383 -2.8920889 1.3519896 6
0.91887659 -2.9135392 0.37825778 1
0.86708361 -2.7294848 -0.019064827 3
0.92230624 -2.9208901 0.80673486 2
0.90760583 -2.9077835 0.27178466 1
0.74746269 -2.873996 0.17250741 100
0.79842216 -2.9138668 0.90912253 1
0.83693272 -2.9256883 0.69757754 1
0.78987533 -2.9472303 0.59103298 1
0.8412714 -2.879669 1.0136825 1
0.89285904 -2.8816583 1.2359561 2
0.91045636 -2.9278262 0.48488739 1
0.7294004 -2.3175592 -0.02574122 1
0.93036848 -2.9720712 0.045639809 2
0.88475609 -2.8857503 1.12581 2
0.91210932 -2.9240892 0.80670059 2
0.8546437 -2.7230988 -0.017243534 1
0.63057363 -1.9965018 -0.027670708 1
0.91460395 -2.9358165 0.37729168 1
0.88515943 -2.8620505 1.3424436 4
0.90211856 -2.9261825 0.27044824 1
0.73938793 -2.8842745 0.17154209 92
0.7908119 -2.9241574 0.91010916 1
0.83826923 -2.9072607 1.0178601 2
0.82564497 -2.9247429 0.69731337 1
0.90366179 -2.9403868 0.48473784 1
0.78210896 -2.9617069 0.59127331 1
0.88646901 -2.9262421 1.1336337 3
0.8773461 -2.8705113 1.3439969 6
0.91767615 -2.9677413 0.046813548 2
0.88167 -2.8810332 1.2350011 2
0.72362465 -2.3275349 -0.027523583 1
0.72934401 -2.884779 0.17174451 59
0.62819058 -2.0134654 -0.031747084 1
0.89957476 -2.9196415 0.80592597 2
0.84283638 -2.7185454 -0.015792059 1
0.91135138 -2.9619205 0.37613866 1
0.88902479 -2.919771 0.27123052 1
0.81381965 -2.9197671 0.69681895 1
0.77098209 -2.8925171 0.90549195 1
0.83079702 -2.9196668 1.0194472 3
0.87211591 -2.8839412 1.2349699 2
0.90783429 -2.9707582 0.046781357 2
0.71081543 -2.3131127 -0.023598684 1
0.77077204 -2.9605441 0.59114796 1
0.89224482 -2.9396915 0.48475215 1
0.8695637 -2.9067557 1.1288875 2
0.8957625 -2.9457874 0.37704015 1
0.8895973 -2.9570756 0.26826382 1
0.87119514 -2.8865058 1.3476661 4
0.72022748 -2.8911519 0.17124532 43
0.89340806 -2.936116 0.80719298 1
0.8362059 -2.7308679 -0.017675417 1
0.62344247 -2.0230381 -0.033796944 1
0.8030889 -2.9185972 0.69655758 4
0.88591611 -2.9541383 0.48457956 1
0.8190186 -2.916847 1.0184422 2
0.85882163 -2.9058688 1.1280717 5
0.76637053 -2.918354 0.90851206 1
0.86709005 -2.9078815 1.3529203 4
0.70444268 -2.3211784 -0.024941159 1
0.85983992 -2.8795204 1.2330952 2
0.76043719 -2.9632061 0.59111392 1
0.89916331 -2.9795797 0.045843039 2
0.70876735 -2.8857932 0.1721461 37
0.87343425 -2.9047046 0.8038215 3
0.88092154 -2.9335814 0.37775514 1
0.82377082 -2.7223127 -0.015482231 1
0.61341667 -2.0139506 -0.030779995 1
0.87139422 -2.9333918 0.27051425 1
0.79600543 -2.932955 0.69722867 3
0.8088184 -2.9176574 1.0180987 3
0.85465366 -2.8973088 1.2367612 1
0.69731349 -2.3253589 -0.025394585 1
0.87109333 -2.94186 0.48474503 1
0.88815683 -2.9787612 0.046425372 2
0.74963421 -2.9618347 0.59100109 1
0.85193986 -2.9201584 1.1304052 5
0.75322407 -2.9094861 0.90696198 1
0.86893457 -2.9288192 0.37810716 1
0.86054897 -2.9324288 0.27081841 1
0.84829116 -2.8812799 1.3444422 4
0.69638109 -2.8785853 0.17328899 32
0.81873232 -2.7402494 -0.018466499 1
0.60861129 -2.023495 -0.032818232 1
0.86553758 -2.91539 0.80454069 7
0.79191858 -2.893656 1.013527 2
0.78321266 -2.9281285 0.69672447 2
0.73738122 -2.9566662 0.59077781 1
0.87831396 -2.9837186 0.046082035 2
0.68866742 -2.3258932 -0.024987727 1
0.86305124 -2.9525652 0.48461074 2
0.84130532 -2.8890617 1.2339566 2
0.69048506 -2.896332 0.17138624 36
0.74307078 -2.9120996 0.90692204 1
0.84013271 -2.9174678 1.1291875 7
0.80634511 -2.7316153 -0.016278811 1
0.59648407 -2.006917 -0.027778646 1
0.86205256 -2.943331 0.37750599 1
0.8603158 -2.9335427 0.80598682 6
0.8371675 -2.8805187 1.3433456 4
0.84701586 -2.9239175 0.27175766 1
0.78589541 -2.9116518 1.016078 2
0.73135751 -2.974633 0.59110457 1
0.73820716 -2.9337931 0.90942889 1
0.83548456 -2.9069579 1.2376037 2
0.68489999 -2.3432634 -0.028531784 1
0.86680639 -2.9829693 0.046646196 2
0.77449745 -2.9387054 0.69714445 1
0.84944832 -2.9440138 0.48471203 1
0.68037999 -2.8987126 0.17134658 28
0.83526248 -2.9392548 1.1330727 7
0.85342968 -2.9520838 0.37718579 1
0.58789414 -2.0033929 -0.026286451 1
0.79790682 -2.7381823 -0.017057309 1
0.84678388 -2.9250436 0.8048346 3
0.82447886 -2.8741558 1.340664 6
0.83789814 -2.9306848 0.27139184 1
0.78326315 -2.94505 1.0212157 2
0.72891337 -2.9402082 0.90989882 2
0.76125818 -2.9297891 0.69641197 3
0.82112795 -2.8948724 1.2338777 1
0.72231716 -2.9850633 0.59124529 1
0.85639459 -2.9859588 0.046605222 2
0.84080154 -2.952733 0.48460144 1
0.67032051 -2.3231025 -0.023296677 1
0.82342982 -2.9364889 1.1318554 3
0.67070812 -2.9029934 0.17107381 23
0.58518004 -2.0202997 -0.030368499 1
0.84253877 -2.9490592 0.80683488 2
0.8393237 -2.9415793 0.37779993 1
0.79373807 -2.7598319 -0.020801321 1
0.82767022 -2.9335866 0.27135235 1
0.81392682 -2.8751535 1.3400959 4
0.71916336 -2.9425986 0.90985996 1
0.75056392 -2.9284108 0.69614148 1
0.70691437 -2.9640853 0.59065878 1
0.84597325 -2.9889183 0.046565093 2
0.66540194 -2.3366809 -0.025962794 1
0.80998546 -2.8939688 1.2329168 2
0.82835096 -2.9479339 0.48465598 1
0.76553482 -2.9211586 1.0166417 2
0.81473261 -2.9450169 1.1329933 5
0.65840262 -2.8956134 0.17220029 14
0.57710636 -2.0185816 -0.029383402 1
0.78251833 -2.7568994 -0.019726748 1
0.81468606 -2.9170244 1.3511529 6
0.8322776 -2.9560313 0.37719929 1
0.82796133 -2.9366336 0.80531096 2
0.81637371 -2.9325979 0.2716381 1
0.70160896 -2.985878 0.59107649 1
0.80346912 -2.9079008 1.2356434 2
0.74324596 -2.9426303 0.69679546 2
0.81804752 -2.9487348 0.48464212 1
0.71067476 -2.9548671 0.91109169 1
0.79985219 -2.9287777 1.1290308 5
0.80769688 -2.9391322 0.2712746 1
0.80044395 -2.9029677 1.3463608 4
0.75827038 -2.9352808 1.0185446 3
0.65830797 -2.3427367 -0.026872618 1
0.83659476 -2.9956577 0.045921251 2
0.64958477 -2.9036956 0.1714607 18
0.57008851 -2.0205665 -0.02941131 1
0.82354975 -2.9646907 0.37687901 1
0.76922947 -2.746341 -0.017169341 1
0.82035547 -2.9490979 0.80619884 3
0.79078662 -2.8992846 1.2328426 2
0.73539996 -2.9528339 0.69721979 1
0.80774844 -2.9494967 0.48462859 1
0.68762332 -2.9727066 0.59067154 1
0.70359099 -2.9687874 0.91257954 1
0.79483014 -2.9205093 1.3505496 4
0.65004289 -2.3430104 -0.026463734 1
0.82666236 -2.9984043 0.045882855 2
0.73696625 -2.8918519 1.0107394 1
0.78710282 -2.9220707 1.1270279 5
0.80639791 -2.9364288 0.80467814 4
0.55983114 -2.0093648 -0.025890015 1
0.81371933 -2.9674006 0.37684098 1
0.75961065 -2.7469692 -0.016834019 1
0.79898894 -2.9476948 0.27074501 1
0.64029628 -2.9098105 0.17095496 21
0.68884259 -2.9498401 0.90974343 2
0.64279979 -2.3470073 -0.02693394 1
0.81260663 -2.9858351 0.048259363 2
0.68075758 -2.9906843 0.59099525 1
0.72321135 -2.9476113 0.69671774 1
0.79900306 -2.9580836 0.48451728 1
0.78667146 -2.924592 1.2383316 3
0.79511529 -2.9333112 0.80408382 4
0.7777071 -2.8971739 1.343115 4
0.55319595 -2.0111966 -0.025915949 1
0.73400509 -2.9231348 1.0155548 2
0.75207764 -2.7571762 -0.018353947 1
0.80181283 -2.9644175 0.37708151 1
0.77639425 -2.9249394 1.126987 5
0.63138813 -2.9178367 0.17021567 15
0.7805481 -2.9216843 0.27315232 1
0.67327708 -2.9289997 0.90665019 3
0.71014166 -2.9384623 0.69598597 2
0.67118222 -2.9969325 0.59104592 1
0.72900367 -2.9447176 1.0187539 2
0.63371658 -2.3474519 -0.026527695 1
0.80369431 -2.9964271 0.047009744 2
0.77101773 -2.9086311 1.2336831 2
0.79019916 -2.9687183 0.48438051 1
0.54984546 -2.0281329 -0.030001273 1
0.78792572 -2.9496775 0.80534005 3
0.76806515 -2.9037344 1.3441293 4
0.76864266 -2.9371231 1.1289103 5
0.62120748 -2.9200065 0.1701766 15
0.79451406 -2.9808507 0.37638482 1
0.7404663 -2.7541974 -0.017280377 1
0.77537751 -2.9436657 0.2714797 1
0.70588666 -2.9641135 0.6973334 5
0.66608119 -2.9448831 0.90839207 1
0.71225369 -2.9203775 1.0141833 1
0.65987188 -2.9953465 0.59091526 1
0.62513244 -2.3497357 -0.026561135 1
0.79421145 -3.005074 0.04606222 2
0.78132778 -2.979326 0.48424387 1
0.76035839 -2.9114432 1.2336427 2
0.76662773 -2.9720871 1.1355423 3
0.60901254 -2.9124129 0.17130299 10
0.54047328 -2.022634 -0.028001986 1
0.73235488 -2.7624536 -0.018429466 1
0.77209973 -2.9332681 0.80344492 1
0.75164878 -2.8841121 1.3377491 4
0.78109497 -2.9719956 0.37690726 1
0.76510406 -2.9463477 0.27144143 1
0.69373935 -2.9587655 0.69683194 3
0.65963233 -2.9646206 0.91064095 2
0.70798409 -2.9478137 1.0183517 2
0.64774561 -2.9897871 0.59069252 1
0.75019693 -2.9140801 1.2336047 2
0.61548454 -2.3462083 -0.025277067 1
0.78569609 -3.0154662 0.044813845 2
0.76696604 -2.9665234 0.48439404 1
0.74956304 -2.9481244 1.1300093 3
0.71878946 -2.7497501 -0.015500741 1
0.5344131 -2.0282276 -0.029043868 1
0.77567935 -2.994041 0.37593102 1
0.76878899 -2.9629493 0.80600137 3
0.74822754 -2.9129033 1.3451073 4
0.75579953 -2.9528496 0.27107528 1
0.60031313 -2.9243469 0.17009676 12
0.69776064 -2.9482126 1.0179906 1
0.68163919 -2.9533763 0.69633144 3
0.65054095 -2.9727118 0.91136426 1
0.63278753 -2.9704981 0.59015238 1
0.75761861 -2.970988 0.48433405 1
0.73790044 -2.942975 1.1284021 3
0.73950613 -2.9191029 1.3461272 4
0.60779721 -2.3502231 -0.025746154 1
0.739079 -2.9128988 1.2326444 2
0.77419865 -3.0143402 0.045377687 2
0.75985056 -2.9754188 0.37692204 1
0.59100688 -2.9282532 0.16982614 10
0.53119183 -2.0450563 -0.033127207 1
0.75259143 -2.9424436 0.80373889 3
0.71162206 -2.7617514 -0.01739083 3
0.74501264 -2.9535196 0.27119935 1
0.67220306 -2.9596186 0.69652212 2
0.68039143 -2.9198549 1.0127757 2
0.64098847 -2.9788425 0.91183364 1
0.62524974 -2.9863853 0.59043133 1
0.60002166 -2.3522062 -0.025776275 1
0.73408961 -2.9342291 1.2372141 2
0.7438767 -2.9600089 0.48446202 1
0.76420349 -3.0168829 0.045340754 2
0.72251457 -2.924576 1.1240485 4
0.75288016 -2.9895363 0.37632185 1
0.73950213 -2.9733868 0.26969185 1
0.72285134 -2.8954484 1.3386927 4
0.58040887 -2.9283226 0.17001954 8
0.70199084 -2.7641964 -0.017427731 3
0.52030408 -2.0318637 -0.029099453 1
0.73943311 -2.9334469 0.80258757 8
0.66101474 -2.9580462 0.69625318 2
0.67760706 -2.9549279 1.0182357 2
0.6253258 -2.9557977 0.9084878 1
0.73691469 -2.974102 0.48428124 1
0.71419263 -2.9326677 1.1251884 3
0.72236234 -2.9353156 1.3492205 4
0.58948606 -2.3447869 -0.023612924 1
0.71740407 -2.9102957 1.2307272 2
0.75367504 -3.0195184 0.045301124 2
0.61827493 -3.0082374 0.59084374 1
0.57219821 -2.9380183 0.16904931 8
0.51545763 -2.0410664 -0.031153893 1
0.73911625 -2.9785509 0.37693885 1
0.69471854 -2.774127 -0.018945517 3
0.73099995 -2.9836876 0.26899898 1
0.73160619 -2.9436152 0.80329257 3
0.66171849 -2.9322264 1.0139922 2
0.6549204 -2.9798348 0.69736767 1
0.61182374 -2.9424093 0.9064154 1
0.71501833 -2.9429359 1.2380589 3
0.58358032 -2.3542948 -0.025399026 1
0.74412984 -3.0239058 0.044961557 2
0.72372305 -2.9649813 0.48438615 1
0.6075204 -3.0063424 0.59071577 1
0.7315855 -2.9906888 0.3764337 1
0.70538259 -2.9096801 1.3412596 6
0.56047875 -2.9321687 0.16994374 7
0.70705575 -2.950531 1.1282859 3
0.5083614 -2.0428255 -0.03118171 1
0.72086602 -2.9442079 0.80306929 2
0.68597227 -2.7803357 -0.019723723 5
0.72012335 -2.9842632 0.26912317 1
0.64119089 -2.9664629 0.69640565 4
0.65485984 -2.9499257 1.0165403 1
0.69937712 -2.9226775 1.2324941 2
0.71383643 -2.9694238 0.4843227 1
0.59357464 -2.9907625 0.59026688 1
0.60534269 -2.9660234 0.9091714 1
0.69727302 -2.9528542 1.1282498 3
0.69832289 -2.9252679 1.3449183 4
0.70749575 -2.974977 0.27006707 1
0.73350686 -3.0285172 0.044618089 2
0.57223773 -2.3450005 -0.022797341 1
0.55024689 -2.9340885 0.16990535 6
0.71381778 -2.9602511 0.80432588 3
0.72339755 -3.004993 0.37582928 1
0.67352599 -2.7712214 -0.017535282 5
0.50216389 -2.0483272 -0.032223646 1
0.68880594 -2.9211953 1.2315381 2
0.63165754 -2.9725802 0.69659734 3
0.63791972 -2.9213126 1.0113258 2
0.58516717 -3.0005569 0.59041101 1
0.70490104 -2.9756551 0.48423809 1
0.68397152 -2.9398494 1.1250738 2
0.59512419 -2.9660549 0.90887976 1
0.67990118 -2.8899858 1.3343197 4
0.69718421 -2.9753504 0.27019346 1
0.72346455 -3.0309093 0.044580173 2
0.56538039 -2.3506663 -0.023705021 1
0.49182656 -2.0348949 -0.028193586 1
0.66524822 -2.7772417 -0.018312277 3
0.6976372 -2.9354496 0.80169719 1
0.71070069 -2.9956887 0.37635496 1
0.53985113 -2.93802 0.16963129 6
0.55848932 -2.3563111 -0.024612885 1
0.71252066 -3.0294206 0.04514692 2
0.61967283 -2.9669309 0.69609773 2
0.68295175 -2.942538 1.2361034 3
0.69496459 -2.9800315 0.48417526 1
0.633035 -2.9486234 1.0154933 2
0.57543504 -3.0064995 0.59046298 1
0.58779258 -2.98368 0.91087484 1
0.67457414 -2.9460449 1.1258203 3
0.69717646 -2.982439 0.37706825 1
0.4842267 -2.0327268 -0.027204655 1
0.69014543 -2.947439 0.80258614 2
0.65515554 -2.7755904 -0.017604062 5
0.68503076 -2.9699671 0.27080801 1
0.67410898 -2.9111383 1.3395631 4
0.53080571 -2.9436755 0.16912663 3
0.57567179 -2.9739015 0.90931183 1
0.70018703 -3.0241644 0.046316441 2
0.55028373 -2.3582118 -0.024644719 1
0.6666944 -2.9183185 1.229619 2
0.60852551 -2.9651489 0.69582832 3
0.62354732 -2.9546683 1.0161015 2
0.56603092 -3.0143685 0.59055918 1
0.68412191 -2.9804723 0.48416013 1
0.66429168 -2.9483666 1.1257814 3
0.47975963 -2.0456798 -0.030275906 1
0.64898509 -2.7931573 -0.020608669 3
0.69074589 -3.0023777 0.37618548 1
0.67544347 -2.9303958 0.80069607 4
1.8225569 -8.0704384 2.7865129 4
0.68381041 -3.0131805 0.2673364 1
0.52121413 -2.9494011 0.16862127 2
0.56529313 -2.9758911 0.90927386 1
0.54121399 -2.3562961 -0.023796543 1
0.6913659 -3.0342827 0.045068569 2
0.61204976 -2.9510112 1.0150928 3
0.59973258 -2.9750779 0.6962508 1
0.65903342 -2.9320257 1.2323437 2
0.67850167 -3.0043008 0.48385686 1
0.65651107 -2.9621575 1.1280969 5
0.67199647 -2.9677048 0.3779293 1
0.65835863 -2.9364862 1.3452964 6
0.66956222 -2.9521601 0.80250865 2
0.63751495 -2.7877173 -0.019161003 3
0.47392887 -2.0529809 -0.031824019 1
0.66043621 -2.957129 0.27220333 1
0.55711979 -3.028214 0.59079063 1
0.51025659 -2.9472663 0.16904965 1
0.5891037 -2.9731119 0.69598347 2
0.55204654 -2.962219 0.90720189 3
0.66288173 -2.9831953 0.48410708 1
0.53300858 -2.3581352 -0.02382881 1
0.64714372 -2.9266925 1.2304642 2
0.6829074 -3.0463042 0.043517608 2
0.54602951 -3.024117 0.59061658 1
0.59980935 -2.9434435 1.013438 2
0.64823061 -2.9740112 1.1300201 5
0.46468976 -2.0451543 -0.029315755 1
0.62439102 -2.7745504 -0.016229326 3
0.66097015 -2.9622505 0.80321139 2
0.66720879 -2.9953818 0.37667081 1
0.65097564 -2.9519546 1.3489543 4
0.65264678 -2.9710879 0.27118433 1
0.50048715 -2.9489131 0.16901268 5
0.58022863 -2.9829767 0.69640517 2
0.52604622 -2.3656831 -0.025176667 1
0.64263475 -2.9555748 1.2368718 2
0.67269558 -3.0505846 0.043176841 2
0.6520493 -2.98352 0.48409382 1
0.59144187 -2.9551888 1.0150161 1
0.5347895 -3.0220432 0.59048599 1
0.49135208 -2.9544587 0.16850956 1
0.62691373 -2.9244311 1.1193923 4
0.54224133 -2.970068 0.90792388 1
0.45716569 -2.0448411 -0.028836098 1
0.61555076 -2.7805266 -0.017007401 3
0.64473814 -2.9372754 0.80058289 2
0.63583648 -2.9315591 1.3425795 4
0.65886205 -3.007437 0.37616202 1
0.64393646 -2.981117 0.27049062 1
0.56760669 -2.9731951 0.69567561 5
0.58539253 -2.9765027 1.0182129 1
0.53445619 -2.9835532 0.90941197 1
0.48343894 -2.9678195 0.16707204 1
0.65874332 -3.0374258 0.045556042 2
0.51821703 -2.3693841 -0.025647374 1
0.62911123 -2.9425573 1.2331514 2
0.64080703 -2.9818404 0.48410228 1
0.52122158 -3.006134 0.59004039 1
0.62586784 -2.9707625 1.1283741 5
0.64836502 -3.0097022 0.37612399 1
0.6398685 -2.9648163 0.80294991 1
0.60832435 -2.7941706 -0.019269012 3
0.4496502 -2.0445118 -0.028355367 1
0.62362242 -2.9243238 1.3399023 6
0.62852925 -2.9619756 0.27225068 1
0.47298652 -2.9654553 0.16750237 1
0.57132298 -2.9591227 1.014942 3
0.55578542 -2.9672904 0.69517738 4
0.52235794 -2.9756072 0.90810204 1
0.51401597 -3.0276387 0.59045362 1
0.61489803 -2.9256601 1.2285097 2
0.63487953 -3.0055795 0.48379934 1
0.64895475 -3.0435522 0.044912297 2
0.50795227 -2.3616033 -0.023481455 1
0.62952161 -2.9670188 0.80291218 1
0.60019904 -2.8039439 -0.020789428 3
0.44534418 -2.0592916 -0.031932633 1
0.63786101 -3.0119293 0.37608567 1
0.61614305 -2.9396982 1.3435602 4
0.6145882 -2.9711068 1.1279424 2
0.62781125 -3.010994 0.26828495 1
0.56099534 -2.9610863 1.0149035 11
0.50397658 -3.029309 0.59041721 1
0.55110061 -3.0006301 0.69698107 3
0.51263291 -2.9813104 0.90857255 1
0.50170857 -2.372884 -0.025709722 1
0.62238765 -2.9979706 0.48388234 1
0.46010882 -2.9574025 0.16862854 1
0.60473335 -2.9361475 1.3419386 6
0.63819993 -3.0478258 0.044569962 2
0.60417598 -2.9278846 1.2284709 3
0.60114181 -2.957834 1.1247678 3
0.62024802 -2.977103 0.80361325 1
0.43704 -2.0570879 -0.0309471 1
0.62201571 -2.9907351 0.37717271 1
0.5891332 -2.8022499 -0.020085001 3
0.60706091 -2.9623423 0.27250183 1
0.48857036 -2.997375 0.58961171 1
0.53923815 -2.9946589 0.6964826 2
0.54676229 -2.9416583 1.0113111 2
0.50158083 -2.9791572 0.90802711 1
0.60995692 -2.9902968 0.48396426 1
0.60002905 -3.0040693 1.1337501 5
0.44978988 -2.9589663 0.16859093 1
0.60088307 -2.9703953 1.3508763 4
0.49381092 -2.3785033 -0.026620397 1
0.62834591 -3.0538793 0.043925419 2
0.59700078 -2.9452381 1.2321153 2
0.57779604 -2.7965562 -0.018636389 3
0.43027389 -2.0604644 -0.031481922 1
0.61512059 -3.0104938 0.37628812 1
0.60828483 -2.9714172 0.80283475 4
0.6044637 -3.0035329 0.26919085 1
0.4801774 -3.0088379 0.58980089 1
0.49423632 -2.996453 0.91002202 1
0.52912599 -2.998472 0.69655961 1
0.5354526 -2.937706 1.0103034 9
0.61860609 -3.0578709 0.043587163 2
0.58648682 -2.9433687 1.2311598 2
0.48326468 -2.3667107 -0.023573196 1
0.59758765 -2.9825809 0.48404822 1
0.58397347 -2.9772441 1.127831 5
0.44060725 -2.9683506 0.16761783 1
0.60320288 -3.0027034 0.37672266 1
0.58496761 -2.944068 1.3429207 6
0.58993959 -2.9820216 0.27111876 1
0.42121002 -2.0524354 -0.028972436 1
0.60023099 -2.9852259 0.80390632 3
0.56727427 -2.7946768 -0.017929539 5
0.48150986 -2.980418 0.90769988 1
0.47035629 -3.0184617 0.58994132 1
0.51832616 -2.9983017 0.69640517 4
0.53269482 -2.9823053 1.0173761 2
0.59073848 -3.0002337 0.48381802 1
0.5799368 -3.0099838 1.1340674 5
0.57411498 -2.9402928 1.3412999 4
0.60490155 -3.0444596 0.045967136 2
0.47765347 -2.3817523 -0.026680877 1
0.58355945 -2.983613 1.2403269 3
0.43247512 -2.9855757 0.16570953 1
0.59272361 -3.0047679 0.37668452 1
0.41443187 -2.053792 -0.028997757 1
0.58539629 -2.9617789 0.80146766 4
0.56028128 -2.8080845 -0.020190576 3
0.57803917 -2.9762011 0.27173617 1
0.4740555 -2.9976666 0.90969509 1
0.50969416 -3.0078681 0.6968295 5
0.46276686 -3.0398428 0.5903542 1
0.46681988 -2.36797 -0.023193046 1
0.56500256 -2.9396181 1.2292458 2
0.59666961 -3.0561299 0.044418871 2
0.51527548 -2.9432862 1.0105528 2
0.58138663 -3.0081499 0.48370689 1
0.56334436 -2.9791951 1.127365 6
0.58500367 -3.0184762 0.37608469 1
0.56313884 -2.9384785 1.3402078 4
0.42151558 -2.983103 0.16613905 1
0.4083927 -2.0608981 -0.0305463 1
0.57953346 -2.9872611 0.80364901 2
0.55123019 -2.8138583 -0.020968392 3
0.57315445 -3.0075693 0.26924202 1
0.50036305 -3.0134668 0.69702363 6
0.46751264 -3.0287881 0.91346449 3
0.44813067 -3.0137081 0.58968407 1
0.4596625 -2.3753068 -0.02454257 1
0.55615842 -2.949213 1.2310493 2
0.58673352 -3.0620575 0.043775965 2
0.51088864 -2.9800808 1.0163308 2
0.57198632 -3.0160379 0.48359615 1
0.56933284 -2.9929786 0.37736329 1
0.41056713 -2.9765787 0.16703777 1
0.40122542 -2.060303 -0.030065151 1
0.56779736 -2.9793608 0.80268818 1
0.54044777 -2.8079171 -0.019517174 3
0.55463308 -2.9499052 1.3428104 9
0.55628365 -3.0024548 1.1316378 3
0.56157732 -3.0036488 0.26969612 1
0.48911449 -3.0071986 0.69652712 3
0.45202169 -2.9970162 0.90910989 1
0.4409804 -3.0389931 0.59018707 1
0.49812293 -2.9642138 1.0133874 3
0.44996774 -2.3691919 -0.022814348 1
0.56145972 -3.0179975 0.48355937 1
0.40069678 -2.9819062 0.16653286 1
0.54845625 -2.9745886 1.3491075 6
0.57587034 -3.0660996 0.043433096 2
0.5446558 -2.9473937 1.2300906 2
0.54545909 -3.0024345 1.1312084 5
0.56268001 -3.0185988 0.37619433 1
0.39511853 -2.0693414 -0.032122269 1
0.56082666 -3.0029447 0.8046822 4
0.52945012 -2.8059888 -0.018811705 1
0.55109465 -3.0055599 0.26965758 1
0.47852802 -3.0048387 0.6962623 1
0.49143448 -2.9853194 1.0165828 5
0.44551459 -3.0260487 0.91262645 1
0.42763609 -3.02068 0.58969849 1
0.54740304 -3.0002286 0.48376438 1
0.53246391 -2.9868157 1.127645 3
0.39029232 -2.9832523 0.16649453 1
0.53369641 -2.9517794 1.342208 4
0.53164566 -2.9339318 1.2263719 2
0.56798327 -3.0836306 0.040975802 2
0.44270089 -2.3784647 -0.024604857 1
0.38618979 -2.0611589 -0.029612113 1
0.54541576 -2.9774303 0.80205709 4
0.52036464 -2.8116493 -0.019590601 1
0.55002898 -3.0087314 0.37672219 1
0.53852916 -2.9956636 0.27060342 1
0.48645499 -3.01811 1.0217164 5
0.46759114 -3.0105698 0.69644952 2
0.4192225 -3.0339437 0.58993202 1
0.4335753 -3.0177402 0.91131836 1
0.52792984 -2.9701788 1.2346203 2
0.53865892 -3.0119443 0.48360464 1
0.55430621 -3.0660079 0.043964151 2
0.43757138 -2.395262 -0.028150253 1
0.37988317 -2.9845681 0.16645759 1
0.5207144 -2.9809113 1.1260397 3
0.54351407 -3.0301886 0.3757447 1
0.5285995 -2.997412 0.27056763 1
0.52603257 -2.9688113 1.3463939 4
0.50987107 -2.8095534 -0.018882763 1
0.37868363 -2.0605528 -0.029131074 1
0.53571457 -2.9832144 0.80238903 2
0.47524378 -3.0118873 1.0203885 3
0.45591238 -3.0042655 0.69595224 3
0.42062515 -3.0015261 0.90899646 1
0.41331422 -3.0710516 0.5907039 1
0.51429003 -2.9528024 1.2299821 3
0.544958 -3.075681 0.042715456 2
0.42587364 -2.3775175 -0.023784922 1
0.52950001 -3.0216703 0.48347083 1
0.37041792 -2.9937308 0.16548407 1
0.50609714 -2.9575436 1.1209073 4
0.52514541 -2.9810352 0.80198514 2
0.37254456 -2.0655751 -0.030171447 1
0.50157523 -2.8170063 -0.020030364 1
0.51761037 -2.9820333 1.3495241 7
0.52954632 -3.0123489 0.3766484 1
0.51980066 -3.0090349 0.26971048 1
0.41224447 -3.0146852 0.91048443 1
0.44485626 -3.001864 0.69568539 4
0.40335459 -3.0784001 0.59080088 1
0.46778637 -3.0409918 1.0248704 3
0.41595167 -2.369348 -0.021615721 1
0.50526458 -2.962239 1.2317848 2
0.5192849 -3.0254412 0.48340788 1
0.53521734 -3.0833833 0.041770227 2
0.5018025 -2.9960525 1.1283168 3
0.35974067 -2.9929986 0.16568008 1
0.51770508 -3.0062745 0.37698758 1
0.36569101 -2.0687339 -0.03070559 1
0.51606816 -2.9906781 0.80268615 2
0.50371778 -2.9628737 1.343681 6
0.49208096 -2.8206446 -0.020436654 3
0.50734597 -2.9990094 0.27065739 1
0.40580335 -3.0475581 0.91450655 5
0.43493724 -3.0073283 0.69587815 1
0.38694769 -3.0341225 0.58972859 1
0.44570911 -2.9644794 1.011912 3
0.51152837 -3.0409341 0.48320064 1
0.49732709 -2.9754095 1.234511 1
0.48906961 -2.9802492 1.1247544 5
0.49296162 -2.9587932 1.3420624 4
0.49963701 -3.0144145 0.26947394 1
0.52478135 -3.0871549 0.041429758 2
0.41059995 -2.3880651 -0.025603313 1
0.34907496 -2.9922347 0.16587675 1
0.50920361 -3.014056 0.8046822 1
0.36010146 -2.0795014 -0.033269264 1
0.48029998 -2.8106852 -0.018243529 5
0.51111561 -3.0316916 0.37582004 1
0.42387685 -3.0008187 0.69538283 1
0.39442092 -3.0430226 0.91370678 2
0.43815935 -2.985528 1.0151044 5
0.48961419 -2.9904811 1.2376969 5
0.49476051 -3.0011294 0.48367912 1
0.37827215 -3.0513077 0.59004956 1
0.47827518 -2.9760327 1.1235449 2
0.48651788 -2.9963443 0.27107841 1
0.48011097 -2.9413497 1.3367505 7
0.4045952 -2.400939 -0.028269717 1
0.51486212 -3.0907962 0.041090608 2
0.35134754 -2.069196 -0.030249964 1
0.49851474 -3.0175662 0.37653854 1
0.47225779 -2.819993 -0.019762073 3
0.49411616 -2.9842587 0.80169195 1
0.33863387 -2.9933987 0.16583902 1
0.41287249 -2.9982913 0.69511575 1
0.47819132 -2.9824541 1.2353611 2
0.48917457 -3.0303895 0.48330253 1
0.47019356 -2.9892118 1.1258603 3
0.37994024 -3.0128562 0.90961009 1
0.4775002 -2.9886575 1.3493817 4
0.47811368 -3.00776 0.2702232 1
0.39294082 -2.3791175 -0.023021704 1
0.50461382 -3.0924554 0.041054089 2
0.42855677 -2.9928772 1.0160357 4
0.36855114 -3.0605264 0.59019154 1
0.34359023 -2.0645869 -0.028752653 1
0.4635357 -2.8253865 -0.020538455 3
0.4842217 -2.9858589 0.80165648 1
0.49194264 -3.0408854 0.37546667 1
0.32944474 -3.0063813 0.1643983 1
0.4776004 -3.0220823 0.48338839 1
0.4653534 -2.9647622 1.2307256 2
0.46176559 -2.9520664 1.3387927 4
0.38416186 -2.3745871 -0.021730917 1
0.40473312 -3.017508 0.69611245 1
0.41517252 -2.9688466 1.0118033 5
0.49435991 -3.0940845 0.041018467 2
0.36848643 -3.0062609 0.90855831 1
0.33827943 -2.0752382 -0.031314772 1
0.47523722 -2.9933259 0.80217528 4
0.45508748 -2.8327026 -0.021685325 1
0.47727707 -3.0128558 0.37684482 1
0.35696679 -3.0538142 0.58997321 1
0.46330667 -3.0180466 1.1313066 11
0.46828693 -3.0173476 0.26952863 1
0.31895575 -3.007479 0.16436118 1
0.3919386 -3.0010521 0.69504219 2
0.40973803 -3.0074222 1.0179017 3
0.35662961 -2.9956837 0.90699875 1
0.45856714 -2.9973066 1.2380455 4
0.37429786 -2.3682289 -0.020003056 1
0.34979981 -3.086813 0.5906533 1
0.46718791 -3.0317745 0.4832502 1
0.48361635 -3.0997522 0.040373825 2
0.45305631 -3.0215731 1.1316619 6
0.47041219 -3.0422137 0.37548655 1
0.46545812 -3.0028946 0.80287558 2
0.3301149 -2.0726042 -0.030326897 1
0.44352549 -2.8265538 -0.020235274 1
0.46064672 -3.0224957 1.3577484 10
0.45746487 -3.0169601 0.26965535 1
0.30820251 -3.0005748 0.16526125 1
0.3843995 -3.0261507 0.69638187 1
0.39570612 -2.9814103 1.0133449 3
0.34661487 -3.0008204 0.9074688 1
0.3692311 -2.3907115 -0.024869816 1
0.45540109 -3.0489578 1.2499692 9
0.47396079 -3.1092052 0.039124865 2
0.45689765 -3.0353422 0.48318905 1
0.33522242 -3.0521941 0.58980817 1
0.43835217 -2.9939854 1.1257478 5
0.32377139 -2.0794439 -0.031876113 1
0.43192503 -2.8163841 -0.018042041 1
0.45833781 -3.0339258 0.37592083 1
0.45235756 -2.9867458 0.80117679 3
0.44399917 -2.9820657 1.3461038 4
0.44494379 -3.0046968 0.27076721 1
0.29773226 -3.0016024 0.16522467 1
0.38972205 -3.0179989 1.0191193 3
0.37336218 -3.0234869 0.69611591 1
0.3391304 -3.0295954 0.91098261 1
0.43708912 -2.9965472 1.2370533 4
0.46481407 -3.1225541 0.037272554 2
0.36146957 -2.3958085 -0.025779555 1
0.44516817 -3.0289652 0.48324925 1
0.32069105 -3.0155272 0.58892018 1
0.42520037 -2.9760482 1.1217946 3
0.31541839 -2.0728643 -0.029872619 1
0.44661158 -3.0275686 0.3762612 1
0.44704774 -3.0237668 0.80446434 4
0.42295378 -2.8236771 -0.019190684 1
0.43584719 -3.0160687 0.26990992 1
0.42980471 -2.9568393 1.3386807 10
0.28871408 -3.0184033 0.16331467 1
0.36280948 -3.0247343 0.69607854 1
0.37680006 -2.9997225 1.0158542 3
0.3108913 -3.0185378 0.58892936 4
0.32442483 -2.9912779 0.90587449 1
0.45003325 -3.0967224 0.041472234 2
0.43736303 -3.0502787 0.4829669 1
0.35367903 -2.4008839 -0.026688468 1
0.42716318 -3.0018857 1.2379355 3
0.41533887 -2.9813802 1.1225423 3
0.30930811 -2.0815728 -0.031928841 1
0.43039724 -2.9818985 0.80036587 1
0.41531941 -2.8406618 -0.022196991 1
0.42686605 -3.0118051 1.3534169 7
0.4374322 -3.0389736 0.37575325 1
0.42505014 -3.0155723 0.27003801 1
0.27818218 -3.0193577 0.16327734 1
0.35448813 -3.0458007 0.69718915 2
0.30131015 -3.0295248 0.58911657 1
0.36493886 -2.9892383 1.0138808 3
0.42832991 -3.0596137 0.48283353 1
0.4049404 -2.9788308 1.121724 3
0.31498274 -3.002228 0.90710497 5
0.41507718 -2.9998081 1.3496902 9
0.41434214 -2.9859765 1.2337611 4
0.44084683 -3.1099815 0.039618045 2
0.34504938 -2.400135 -0.026278853 1
0.42763638 -3.0463827 0.37543258 1
0.40595174 -2.845947 -0.022975249 1
0.30314076 -2.0902693 -0.03398532 1
0.41452739 -3.0170019 0.27000141 1
0.41836834 -2.9715073 0.79922181 1
0.26882255 -3.0341299 0.16160218 1
0.30406308 -2.9933608 0.90580213 9
0.43106279 -3.1153166 0.038977511 2
0.336586 -2.3973622 -0.025426747 1
0.34212491 -3.0311127 0.69623458 1
0.40900904 -3.0220492 1.2420046 6
0.4173871 -3.0590775 0.48282158 1
0.29091978 -3.0325162 0.5891245 3
0.35787997 -3.0198779 1.018687 4
0.39654279 -2.9957697 1.1248215 5
0.41648087 -3.0398383 0.37577569 1
0.41086909 -3.0490327 1.3628415 7
0.40555453 -3.0262325 0.26931006 1
0.4114204 -2.9985936 0.80158573 2
0.29587337 -2.0912707 -0.034011982 1
0.39444685 -2.8356338 -0.020779731 1
0.25791278 -3.0310478 0.1620335 1
0.29547462 -3.0141277 0.90830439 10
0.32860795 -3.0044513 0.69459462 5
0.32823351 -2.3984804 -0.025453063 1
0.42018536 -3.1167593 0.038941778 2
0.34406489 -2.9916575 1.0138111 2
0.28033262 -3.0334737 0.58908933 1
0.40542504 -3.0505621 0.48290968 1
0.39228067 -2.9751732 1.2304742 3
0.38559645 -2.9932139 1.124004 5
0.40096101 -2.9959626 0.80118501 4
0.40407133 -3.0273683 0.37640247 1
0.28794575 -2.0845351 -0.032001212 1
0.38402298 -2.829088 -0.019323928 1
0.39631853 -3.019804 1.3543667 6
0.39348805 -3.0157309 0.27026114 1
0.24733308 -3.0318897 0.16199775 1
0.2854923 -3.0210359 0.90901721 12
0.32088023 -3.0273464 0.69581038 10
0.3847799 -2.9996815 1.235945 3
0.33341369 -2.990854 1.0134407 2
0.26957795 -3.0324044 0.58899683 5
0.41105765 -3.131902 0.036773689 2
0.39328611 -3.0400219 0.48301041 1
0.32038021 -2.40343 -0.02637196 1
0.38701043 -2.96965 0.798554 2
0.37420425 -2.9867291 1.1223907 4
0.27896622 -2.0720541 -0.028481247 1
0.39500493 -3.0406191 0.37578836 1
0.38174787 -2.9886084 1.3453523 9
0.37565538 -2.8420627 -0.021598432 1
0.38296437 -3.0170465 0.27021345 1
0.23645991 -3.0287299 0.16241772 1
0.3097277 -3.0224597 0.69541907 13
0.27391648 -3.0101211 0.90744776 5
0.32440543 -3.0057163 1.0156529 2
0.39842463 -3.1195397 0.038844194 2
0.31152824 -2.4006269 -0.025530325 1
0.37477705 -3.0048487 1.2368176 3
0.2588329 -3.0313041 0.5889045 4
0.36378068 -2.9879928 1.1223439 4
0.38485497 -3.0592136 0.48274064 4
0.3773756 -2.9768949 0.79906213 1
0.27368948 -2.0883284 -0.032577053 1
0.36525959 -2.8394244 -0.020898925 1
0.38560918 -3.0518539 0.37526727 1
0.37431195 -3.0148063 1.3521624 12
0.37125534 -3.0084367 0.27098718 1
0.22617304 -3.0334609 0.16190143 1
0.29918006 -3.0234852 0.69537175 13
0.3148362 -3.0106769 1.0162528 6
0.26473498 -3.0268574 0.90942949 11
0.30176148 -2.3900361 -0.022928473 1
0.2487231 -3.0381327 0.58898968 9
0.3880108 -3.1248055 0.038190331 2
0.36383599 -3.0022528 1.2358518 3
0.3760592 -3.0763903 0.48249432 1
0.35958579 -3.0437822 1.1332604 5
0.37189326 -3.0273645 0.37644872 1
0.3602114 -2.985414 1.3436768 7
0.36981794 -3.0018938 0.80122846 1
0.26596147 -2.0853853 -0.031594947 1
0.35559309 -2.8425901 -0.021315904 1
0.3646608 -3.0433373 0.26814818 1
0.21612298 -3.0421214 0.16091686 1
0.30432898 -3.0117228 1.0162052 9
0.28862971 -3.0244801 0.69532347 13
0.25243008 -3.0059717 0.90659267 10
0.36395532 -3.0657327 0.48259535 1
0.29480854 -2.4026592 -0.025606509 1
0.37572998 -3.1143162 0.039958578 21
0.35335776 -3.0034814 1.2358044 3
0.23693295 -3.0229988 0.58858579 10
0.2591666 -2.0900939 -0.032645021 1
0.34613904 -2.8476741 -0.022103926 1
0.36338896 -3.0464737 0.37555107 1
0.35047281 -3.0586441 1.1359534 6
0.36780792 -3.0763364 0.80800498 4
0.35559928 -3.0584233 0.26695126 1
0.35564631 -3.0383918 1.3578696 6
0.20578565 -3.0388148 0.16133983 1
0.27860039 -3.0314071 0.69562042 12
0.29381752 -3.0127461 1.0161593 9
0.2433019 -3.0246079 0.90882659 12
0.3403185 -2.9814596 1.2302409 3
0.22723305 -3.0357399 0.58880538 1
0.35303384 -3.0649583 0.48257223 1
0.28732824 -2.4113772 -0.027405573 1
0.36575097 -3.1234207 0.03869807 2
0.25234222 -2.0947883 -0.033694044 1
0.3532027 -3.051656 0.37531424 1
0.33487496 -2.8371022 -0.019918879 1
0.33624554 -3.0266738 1.12925 5
0.34104526 -3.0239415 0.26986054 1
0.34188917 -3.0108261 1.3499116 4
0.35152414 -3.02809 0.80334663 7
0.19494383 -3.0355072 0.16176008 1
0.28294939 -3.0097978 1.0154667 7
0.2690289 -3.0442624 0.6962592 12
0.23361295 -3.0372767 0.91029841 6
0.33073878 -2.9903462 1.232033 3
0.34019649 -3.0462594 0.4827728 1
0.35161728 -3.0951672 0.043193858 2
0.27850422 -2.4084496 -0.026563017 1
0.21677458 -3.0384676 0.58880198 3
0.32345918 -3.0063426 1.1248972 5
0.34203124 -3.0391686 0.80422121 4
0.32541248 -2.8421252 -0.020705543 1
0.34212336 -3.0488567 0.37545589 1
0.33097324 -3.0081418 1.3488107 4
0.24441795 -2.089844 -0.032204125 1
0.3296589 -3.0171399 0.27047008 1
0.18457933 -3.0400894 0.16124335 1
0.27244586 -3.0107286 1.0154191 9
0.25776225 -3.0371902 0.69575471 11
0.20708646 -3.0451257 0.58889055 1
0.22287638 -3.0360646 0.90999854 1
0.33455652 -3.0373578 0.052234121 2
0.27011868 -2.4093637 -0.026600776 1
0.31990337 -2.9875829 1.2310671 3
0.31335658 -3.0113289 1.1256332 10
0.32728678 -3.0255125 0.48299924 3
0.2369467 -2.0887146 -0.03172987 1
0.31913251 -3.0182331 0.2704232 1
0.31675264 -2.8549252 -0.022980152 1
0.32497859 -2.9789197 0.79846036 5
0.31811506 -2.9862239 1.3424354 7
0.3294034 -3.0301311 0.37635499 1
0.17418347 -3.0446424 0.16072765 1
0.24670036 -3.0320604 0.69536358 9
0.31665677 -3.0205715 0.48302829 8
0.19887574 -3.0857077 0.58973277 1
0.26357007 -3.0313106 1.0185992 9
0.21071495 -3.0130374 0.90691173 3
0.30412635 -3.0201361 1.1271544 10
0.30802295 -2.9853148 1.3418633 16
0.26092693 -2.4024832 -0.024878334 1
0.32395968 -3.0384552 0.052186351 2
0.31140208 -3.0080295 1.235618 6
0.23088706 -2.1010244 -0.034811333 1
0.31782526 -3.0212855 0.37678161 4
0.30599031 -2.8481472 -0.021538306 1
0.31860325 -3.0196309 0.80210072 6
0.30996332 -3.0331795 0.26922616 1
0.16435029 -3.0610545 0.15880476 1
0.20357497 -3.059226 0.91269165 6
0.30012494 -2.9954524 1.2323555 5
0.25236645 -3.0243127 1.0172616 6
0.25356361 -2.4091187 -0.026234554 1
0.236414 -3.0368562 0.69554591 6
0.31369311 -3.0375087 0.052445285 2
0.2932235 -3.0172489 1.126325 10
0.18742366 -3.0743682 0.58941847 1
0.30727762 -3.0335708 0.48283333 8
0.29888842 -2.9997964 1.3455082 12
0.30703375 -3.0143368 0.37711644 1
0.3004742 -3.0401075 0.26868829 1
0.2968373 -2.8569758 -0.023069719 1
0.30787128 -3.0187039 0.80186856 11
0.22261572 -2.0921514 -0.032304294 1
0.15348603 -3.0575945 0.15922576 1
0.19371666 -3.0737462 0.91441661 1
0.22833705 -3.0734825 0.69755769 3
0.28949282 -2.9945223 1.2318509 9
0.24151352 -3.0212026 1.0165696 9
0.28374216 -3.0299428 1.1286268 10
0.24536307 -2.4118748 -0.026713694 1
0.29519987 -3.0186546 0.48298559 9
0.17915063 -3.1208906 0.59039181 1
0.30290633 -3.0365698 0.052701037 2
0.29711455 -3.0117433 0.8010869 12
0.28661928 -2.8500812 -0.021623829 1
0.21701549 -2.1063087 -0.035891958 1
0.28859815 -3.0272012 0.26979208 1
0.28841794 -3.0008018 1.3454623 10
0.29670325 -3.0173388 0.37697467 1
0.14298813 -3.0620384 0.15871002 1
0.21681292 -3.0542619 0.6963681 4
0.18309803 -3.0763485 0.91462177 1
0.236965 -2.4126742 -0.026750827 1
0.29394376 -3.0552909 0.049927264 2
0.23039959 -3.0141227 1.0152329 6
0.16596352 -3.0755193 0.58932167 1
0.28024805 -3.0090551 1.2350205 5
0.28574285 -3.0315816 0.48278919 10
0.20789048 -2.087744 -0.030845365 1
0.27650061 -2.849066 -0.021296225 3
0.27165389 -3.0132968 1.1250575 11
0.28660318 -3.0127356 0.80104107 12
0.27777529 -2.9998403 1.3448895 13
0.28707704 -3.0282645 0.37645459 1
0.27681786 -3.0142505 0.27089691 1
0.13199356 -3.0545275 0.15959907 1
0.20766944 -3.0788717 0.69769305 3
0.17153709 -3.0610895 0.91254944 1
0.15652916 -3.1040087 0.58989614 1
0.2818886 -3.0405021 0.052305091 2
0.22856608 -2.4134431 -0.026788425 1
0.27057493 -3.0196848 1.2372717 8
0.27550992 -3.0365081 0.4826934 10
0.22015236 -3.0188158 1.0158317 3
0.26178226 -3.0220187 1.1265769 11
0.27755043 -3.0411508 0.37583926 1
0.2676315 -3.0046117 1.345898 15
0.20063367 -2.0884078 -0.030878782 1
0.2681343 -2.8675723 -0.02468767 1
0.27470246 -2.9978127 0.7995224 18
0.26847357 -3.0409782 0.26871273 1
0.12186895 -3.0549064 0.15955411 1
0.19716308 -3.0835347 0.6978752 2
0.21426678 -3.0825245 1.0261048 1
0.16123819 -3.0695581 0.91351438 5
0.2652466 -3.0414054 0.48259726 11
0.14646764 -3.1224768 0.59024739 1
0.21899347 -2.4005733 -0.023744255 1
0.27161491 -3.0453601 0.051652372 2
0.26067123 -3.0283446 1.2390635 8
0.2529327 -3.0443861 1.1308333 7
0.25745744 -3.0093389 1.3469046 13
0.26560718 -3.0261281 0.37655076 1
0.26673928 -3.0284865 0.80223823 13
0.25729758 -2.8586605 -0.022871658 3
0.19437392 -2.1006138 -0.033959679 1
0.25818232 -3.0458267 0.26833707 1
0.11185217 -3.075119 0.15716235 1
0.20082568 -3.03988 1.0189646 1
0.18606471 -3.0781767 0.6974833 1
0.15168275 -3.0958385 0.91675907 3
0.21127823 -2.4090517 -0.025542635 1
0.26195234 -3.0580647 0.049786698 2
0.24949282 -3.0214429 1.2371799 14
0.10154437 -3.0714574 0.15758643 1
0.24201132 -3.0413158 1.1300049 10
0.25431457 -3.0382729 0.48259911 11
0.13493992 -3.106936 0.58984411 1
0.18739119 -2.1050875 -0.035009176 1
0.24845421 -2.87321 -0.02551876 1
0.25553256 -3.0214293 0.80145556 15
0.25632313 -3.0429251 0.37574527 1
0.24770269 -3.0198107 1.3494951 10
0.24832033 -3.0565994 0.26746696 1
0.17584866 -3.0887468 0.698008 1
0.13948296 -3.0626156 0.91240913 1
0.12449583 -3.1033349 0.58970994 1
0.19102132 -3.0543208 1.0211747 2
0.24010964 -3.0377979 1.2408093 14
0.20335032 -2.4155591 -0.026901567 1
0.24401622 -3.0430956 0.48250303 9
0.23280294 -3.061676 1.1338708 7
0.25097501 -3.0549669 0.05034605 2
0.091131032 -3.0836606 0.15613204 1
0.24540085 -3.0397787 0.37588918 1
0.18038042 -2.1095395 -0.036057834 1
0.2455983 -3.0302022 0.80214512 15
0.23750825 -3.055414 0.26758486 1
0.23644747 -3.0110083 1.3468126 15
0.23720379 -2.8583374 -0.02258729 1
0.16447984 -3.0773344 0.69727558 1
0.13029572 -3.1026938 0.91742247 1
0.18208946 -3.0864687 1.0262855 5
0.11411991 -3.1177003 0.58997303 1
0.24515645 -3.1208429 0.04029486 2
0.19479418 -2.4142613 -0.026498459 1
0.23354219 -3.0458841 0.48243219 3
0.22909163 -3.0327628 1.2393847 6
0.22723757 -2.8590984 -0.022631172 1
0.17216878 -2.0985351 -0.033042192 1
0.22198229 -3.060482 1.1334331 5
0.080371864 -3.0839076 0.15608418 1
0.22615153 -3.0462387 0.26836142 1
0.23269561 -2.9992261 0.79915386 16
0.22621031 -3.0156391 1.3478216 9
0.23566662 -3.0525312 0.37527341 1
0.10384153 -3.1200182 0.5899713 1
0.12048668 -3.11695 0.91914874 4
0.15374039 -3.0778489 0.69722801 1
0.17263065 -3.1126742 1.0304284 3
0.21890105 -3.0393407 1.2407172 3
0.23790051 -3.1729019 0.032363769 2
0.22387557 -3.0605993 0.4822093 1
0.18638857 -2.4148695 -0.026536271 1
0.21796779 -2.8696268 -0.024534656 1
0.22598395 -3.0672393 0.374562 1
0.2109203 -3.0553303 1.1322132 5
0.16487378 -2.0990705 -0.033075303 1
0.22320008 -3.0138931 0.80039728 4
0.219565 -3.074132 1.3635869 6
0.21697626 -3.0688465 0.26650473 1
0.06910906 -3.0861099 0.15579912 1
0.093516432 -3.1423008 0.59040958 1
0.10850167 -3.0816274 0.91454738 1
0.16138986 -3.105341 1.0290926 3
0.14299865 -3.0783253 0.69718164 1
0.21569057 -3.0912278 0.48178813 1
0.20139021 -3.0657685 1.1341245 2
0.2083873 -3.0594094 1.3593261 6
0.17771547 -2.4115722 -0.025691742 1
0.22669323 -3.1716881 0.032619249 2
0.21178408 -3.0944464 1.2535334 3
0.20955609 -2.8938441 -0.029043058 1
0.21386616 -3.0325 0.80200678 6
0.15784183 -2.1034396 -0.034124892 1
0.21567476 -3.0739498 0.3742311 1
0.20601745 -3.0655663 0.26678741 1
0.058487725 -3.0962152 0.154579 1
0.098941855 -3.1057212 0.91753805 1
0.13356902 -3.0986977 0.69827813 1
0.082240298 -3.1285756 0.5900532 1
0.15089889 -3.1137412 1.030334 3
0.16923442 -2.4043047 -0.02396624 1
0.20589335 -3.1078873 0.48153943 1
0.19986792 -3.067893 1.2470571 3
0.21668231 -3.1802723 0.031360585 2
0.19295579 -3.1055815 1.1419004 2
0.20473519 -3.0626397 0.37475672 1
0.19609383 -3.0701706 0.26641408 1
0.19805668 -3.0658615 1.3608599 7
0.048089724 -3.0844264 0.15594235 1
0.15090832 -2.1097233 -0.035681605 1
0.20390612 -3.0431299 0.80288184 4
0.20022185 -2.9062765 -0.031319261 1
0.088389389 -3.1179106 0.91900879 1
0.12247178 -3.0911164 0.69777453 2
0.16110362 -2.4087329 -0.024883149 1
0.20594111 -3.1868751 0.030402442 2
0.19294596 -3.0726104 0.48194793 1
0.14010997 -3.116178 1.0306088 2
0.18915851 -3.0685439 1.2470113 3
0.18062495 -3.0787861 1.1363778 2
0.070775315 -3.1288104 0.5900026 1
0.037897971 -3.0884917 0.15542822 1
0.18724367 -2.8519573 -0.020942785 1
0.19546042 -3.0872247 0.37357041 1
0.19782625 -3.111346 0.80909264 2
0.18604288 -3.043395 1.3544914 6
0.14370093 -2.106297 -0.034696933 1
0.1856029 -3.0747621 0.26603767 1
0.11222441 -3.0914717 0.69773084 1
0.077505983 -3.1181574 0.91896147 1
0.12933481 -3.1047559 1.0286306 2
0.19560488 -3.201344 0.028231749 2
0.15316854 -2.417017 -0.026682107 1
0.17067495 -3.0950339 1.13946 2
0.17865728 -3.0730417 1.2478833 3
0.060392883 -3.1649837 0.5907504 1
0.18244217 -3.0772073 0.48185006 1
0.027157208 -3.096494 0.15444158 1
0.17887811 -2.8800032 -0.0261958 1
0.13581513 -2.097079 -0.032188468 1
0.1856364 -3.0881193 0.80683833 2
0.60432088 -10.651657 0.013145107 3
0.17706108 -3.0748234 1.3628768 4
0.17414261 -3.061409 0.26714405 1
0.10177534 -3.1037719 0.69836783 1
0.11896518 -3.1189611 1.030839 3
0.066012554 -3.1144114 0.91840541 1
0.16754015 -3.0658371 1.2460004 3
0.17406595 -3.1237171 0.48122251 1
0.14538822 -2.4291742 -0.029362228 1
0.049390875 -3.1691208 0.59078932 1
0.18337761 -3.1822171 0.031217353 2
0.016377518 -3.120357 0.15157831 1
0.1585747 -3.0681481 1.13394 3
0.1734028 -3.0608613 0.8042174 2
0.16883484 -2.8805614 -0.026238877 1
0.12841968 -2.0955534 -0.031712722 1
0.16355769 -3.063941 0.2669338 1
0.1648915 -3.0464816 1.3549259 6
0.17453386 -3.1003952 0.37290746 1
0.10814189 -3.1035185 1.0282172 3
0.091043442 -3.1080639 0.69854975 3
0.038881965 -3.1692226 0.59074408 1
0.055248167 -3.1225235 0.91937077 1
0.13574326 -2.4062302 -0.024113772 1
0.17266499 -3.1906812 0.029956095 2
0.15711169 -3.0722065 1.2473321 6
0.16144118 -3.0883064 0.4816303 1
0.14855161 -3.0843234 1.1370217 5
0.15859206 -2.8771541 -0.025538048 1
0.12153254 -2.1036634 -0.033778593 1
0.15505899 -3.0643516 1.3596228 4
0.16313532 -3.0889661 0.37343171 1
0.16301087 -3.0673752 0.80472308 5
0.15340994 -3.0763962 0.26589906 1
0.0049662762 -3.1123946 0.1524675 1
0.080110215 -3.1043205 0.69827449 1
0.028552955 -3.2072847 0.59153515 1
0.098159835 -3.1354055 1.0333246 7
0.044331077 -3.1206696 0.91907114 1
0.12782648 -2.4163814 -0.026352961 1
0.16153039 -3.1912189 0.029909106 2
0.15137455 -3.1047895 0.48138228 1
0.14554736 -3.0532432 1.2426931 6
-0.0052060117 -3.0885088 0.15524012 1
0.13802285 -3.0906641 1.1381477 5
0.11458974 -2.1117532 -0.035843983 1
0.14301017 -3.0848284 0.26519385 1
0.1514602 -3.0695114 0.37433654 1
0.14947955 -2.8972666 -0.029303716 1
0.15212613 -3.0639029 0.80430913 8
0.14518465 -3.0841241 1.3648463 4
0.086845994 -3.1199074 1.030701 3
0.017319797 -3.1753254 0.59078258 1
0.034047864 -3.1306794 0.92029065 1
0.069160677 -3.1285064 0.6995936 1
0.11949906 -2.4187071 -0.026829889 1
0.14053909 -3.1052482 0.4813354 1
0.15115453 -3.2094853 0.027130639 2
0.13589406 -3.0789933 1.2486179 3
-0.016248431 -3.1162231 0.15190598 1
0.10776201 -2.1236782 -0.038927529 1
0.13733286 -2.8505993 -0.020413773 1
0.14259508 -3.0922372 0.80683696 3
0.12838644 -3.1224506 1.1443567 5
0.14289616 -3.1218672 0.3718164 1
0.13209352 -3.0812769 0.26547748 1
0.1345696 -3.0884242 1.365852 4
0.023661215 -3.1287484 0.91999274 1
0.075838208 -3.1142342 1.0296886 2
0.058299199 -3.1326756 0.69977415 1
0.13031839 -3.1076536 0.4812662 1
0.0057432316 -3.1513221 0.59020519 1
-0.026730141 -3.1280155 0.15045242 1
0.11718155 -3.0973408 1.139231 5
0.12432779 -3.088825 1.3658088 4
0.11123694 -2.4229512 -0.027748134 1
0.14010724 -3.2138822 0.026474867 2
0.12458407 -3.0638514 1.2448989 3
0.12770684 -2.8588645 -0.021944989 1
0.13142337 -3.0827234 0.80587178 4
0.1313974 -3.1063347 0.37253183 1
0.099749357 -2.1085289 -0.034892298 1
0.12106336 -3.0737019 0.26609123 1
0.012733797 -3.1486096 0.92247391 1
-0.0049155662 -3.1872659 0.5909515 1
0.047758885 -3.1188304 0.69893163 1
0.10315149 -2.4213111 -0.027341781 1
0.12938118 -3.2123101 0.026734214 2
0.11570197 -3.103117 1.2540374 4
0.064680763 -3.1302359 1.032216 5
0.11913442 -3.0980499 0.48134711 1
0.10607671 -3.0878897 1.1372296 11
0.12337214 -3.1725919 0.36934656 1
0.1111261 -3.0820072 0.26538801 1
0.11335837 -3.0834219 1.3641832 6
0.12045796 -3.0771465 0.8052752 3
-0.038388699 -3.1397467 0.14899293 1
0.11802333 -2.8670945 -0.023476688 1
0.092563353 -2.1126688 -0.035942063 1
0.037674136 -3.1528678 0.70082283 1
-0.016021075 -3.1851809 0.59085965 1
0.11008812 -3.1383665 0.48079464 1
0.0012820559 -3.1267605 0.91964376 2
0.097450994 -3.1489713 1.1493028 5
0.10341321 -3.0933907 1.3667731 6
0.094331324 -2.4098971 -0.024735652 1
0.11823249 -3.2146654 0.026382638 2
0.054056078 -3.1540837 1.0360329 5
0.10452645 -3.0917881 1.2512366 3
0.10930362 -2.8909845 -0.027985293 1
0.11118639 -3.1370144 0.37101385 1
0.085717715 -2.116781 -0.036989063 1
0.1115016 -3.1173029 0.80890626 3
0.10081881 -3.0982637 0.26402244 1
-0.049025349 -3.1236598 0.15082571 1
0.026654761 -3.1489451 0.70054847 2
-0.0091005648 -3.1286886 0.91985196 1
-0.026481928 -3.1770678 0.59063935 1
0.086127564 -2.4023445 -0.023007074 1
0.1077469 -3.2209079 0.025426392 2
0.043447588 -3.1384137 1.0334132 2
0.093870796 -3.0765154 1.2475206 3
0.099405676 -3.1486688 0.48062003 1
0.10084113 -3.1393185 0.37087449 1
0.086186357 -3.1374862 1.1469113 5
0.092516333 -3.0898376 1.3656743 6
0.10045644 -3.111654 0.80830914 2
0.090008542 -3.098552 0.26397744 1
0.099221535 -2.8912916 -0.028028464 1
0.078594424 -2.1247435 -0.039055753 1
-0.060469441 -3.1233943 0.15077646 1
0.033112217 -3.1503441 1.0353006 2
0.015672756 -3.164947 0.70141321 1
-0.019998478 -3.126611 0.91955298 1
-0.038189407 -3.1808929 0.59067643 1
0.07802324 -2.4123299 -0.025246441 1
0.08827512 -3.1429584 0.48065075 1
0.084006011 -3.1157081 1.2566569 3
0.096858978 -3.2350483 0.02325424 2
0.089131974 -2.8719056 -0.024345776 1
0.071472876 -2.121074 -0.038069569 1
0.09023463 -3.1159108 0.80863225 2
0.081772305 -3.09203 1.3661541 9
0.090222061 -3.1535747 0.37016076 1
0.074913912 -3.1495094 1.1492077 4
0.079111941 -3.0948076 0.26426125 1
-0.07060682 -3.1151805 0.15167211 1
-0.030479275 -3.1344147 0.92051888 1
0.0046133469 -3.1689208 0.70159298 1
0.022040192 -3.1207895 1.0304253 2
0.07694488 -3.1251941 0.48083386 1
0.06953641 -2.4086304 -0.024401361 1
-0.04929148 -3.1806917 0.5906294 1
0.071156293 -3.1018999 1.3687426 4
0.072366737 -3.1042757 1.2538533 3
0.084873497 -3.229394 0.024115419 2
0.063826747 -3.143822 1.1479883 5
0.078403458 -3.0962591 0.80674744 4
0.078528203 -2.8682277 -0.023645638 1
0.063640758 -2.1173925 -0.03708664 1
0.078543134 -3.147846 0.37039852 1
0.068453021 -3.1029785 0.2635552 1
-0.081841379 -3.1267638 0.15021488 7
0.011101322 -3.16818 1.0381049 2
-0.0063955225 -3.1608815 0.70109063 1
-0.042392388 -3.1580398 0.92350197 1
0.061708622 -3.1161478 1.2565619 3
0.073457211 -3.2217126 0.025282582 2
0.060695045 -2.4068582 -0.023998298 1
-0.061043464 -3.1844275 0.59066695 1
0.065722287 -3.1394014 0.48060685 1
0.056203276 -2.1136799 -0.036101192 1
0.068751097 -2.8802178 -0.025921812 1
0.052706666 -3.1322129 1.1455976 6
0.067862019 -3.1660156 0.36949304 1
0.060098033 -3.1233273 1.3744878 6
0.067699261 -3.1024384 0.80725271 1
0.057625975 -3.1031449 0.2635096 1
-0.0931563 -3.1383133 0.14875877 1
-0.016915059 -3.1647925 0.70127457 1
9.467623e-05 -3.1563032 1.0361261 2
-0.052862156 -3.1320431 0.92017156 13
-0.072248727 -3.2081466 0.59114867 1
0.052254096 -2.4030945 -0.023153529 1
0.062213197 -3.2218881 0.025235375 2
0.050784498 -3.112407 1.2555982 3
0.054766249 -3.1395676 0.48056123 1
0.041962203 -3.1539159 1.14985 2
0.058526047 -2.8685942 -0.023729473 1
0.057417728 -3.1424494 0.81088018 3
0.048981771 -2.1215332 -0.038168371 1
0.056893695 -3.1721814 0.36916113 1
0.046901461 -3.1132464 0.26263925 1
0.049259502 -3.1292715 1.3760225 4
-0.10410789 -3.1379116 0.14871219 1
-0.028067622 -3.1726496 0.70168215 1
-0.010827216 -3.1444061 1.0341491 2
-0.083324336 -3.2038226 0.59101319 1
0.040300675 -3.0930581 1.2509655 4
0.044413865 -3.1456776 0.48044008 1
-0.064589821 -3.1416848 0.92138475 1
0.031503778 -3.1539993 1.1498059 5
0.03876029 -3.113941 1.3717656 4
0.036638413 -3.1212943 0.2619344 1
0.051058132 -3.2299328 0.023973424 2
0.043937866 -2.4071038 -0.024070652 1
0.046469983 -3.144563 0.81101662 2
0.048710808 -2.8844407 -0.026752083 1
0.045662876 -3.1563184 0.36987719 1
0.041655812 -2.1255047 -0.039217692 1
-0.11538365 -3.1454003 0.14772443 1
-0.02129963 -3.1482522 1.0347484 2
0.034009069 -3.1497543 0.48034456 1
0.029946856 -3.0736783 1.2463341 3
-0.039831676 -3.1804578 0.70208824 2
0.02101508 -3.14031 1.1470276 5
-0.076022655 -3.1771133 0.92588812 1
0.028416172 -3.1101561 1.3706688 4
-0.094031371 -3.189465 0.59065938 1
0.03608191 -2.4188893 -0.026749361 1
0.04041196 -3.2379401 0.02271405 2
0.035907205 -3.1247449 0.80913794 2
0.039055225 -2.8727379 -0.024557538 1
0.034491558 -2.1100984 -0.035179134 1
0.025674338 -3.1014175 0.26354024 1
0.035212062 -3.158406 0.36973876 1
-0.12545723 -3.137006 0.1486208 1
-0.032171529 -3.140214 1.0334152 2
0.023022063 -3.1518052 0.48027423 1
-0.050932307 -3.180249 0.70204151 3
0.028124727 -2.4267368 -0.028548067 1
0.029712599 -3.2459044 0.021454494 2
0.019230144 -3.0815029 1.2481242 4
-0.086351462 -3.1529806 0.92281014 1
0.017574029 -3.125632 1.3748362 4
0.027547454 -2.1140168 -0.036226328 1
0.029682379 -2.9003129 -0.029812116 1
0.025636589 -3.150691 0.81148094 1
0.024867762 -3.1984079 0.36778566 1
-0.10583866 -3.2070453 0.59100598 1
-0.137756 -3.1761944 0.1438742 1
0.0095148021 -3.1344392 1.1458075 4
0.014854184 -3.1193779 0.26200923 1
-0.04382718 -3.1479225 1.0346541 3
0.011992399 -3.185806 0.47979087 1
-0.061743479 -3.1680281 0.70131427 3
0.019661237 -2.4189615 -0.02682009 1
-0.098060712 -3.1724348 0.9252888 1
0.0066531291 -3.1294968 1.3758438 6
0.007894339 -3.1009717 1.252666 2
0.017805301 -3.2340653 0.023226844 2
-0.11744083 -3.2165933 0.59117728 1
-0.0014065297 -3.130486 1.1449803 5
-0.14802331 -3.1597636 0.1457087 1
0.013154618 -3.1844397 0.36840588 1
0.014092283 -3.1367736 0.81014854 2
0.019063285 -2.9003291 -0.029857768 1
0.019840466 -2.1179109 -0.037276972 1
0.0039354777 -3.1293142 0.26113719 1
-0.054814532 -3.1477067 1.034609 2
-0.073573649 -3.1956754 0.70285732 3
0.00086476456 -3.1877732 0.47971877 1
-0.011971485 -3.1519942 1.1492335 5
-0.10859296 -3.158143 0.92347479 1
-0.004201245 -3.1178725 1.3726383 4
0.010858133 -2.3955381 -0.02156705 1
-0.0028850432 -3.0931485 1.2507845 3
0.006469049 -3.2538211 0.02014268 2
-0.12973583 -3.2400773 0.59165335 1
-0.15904765 -3.1591663 0.14566225 1
0.0089259939 -2.9121099 -0.032135613 1
0.0030782206 -3.1546805 0.81175393 3
0.012461733 -2.1333792 -0.041378792 1
0.0021197686 -3.1644254 0.36931416 1
-0.0071373256 -3.1511812 0.25927472 1
-0.013318701 -3.1125414 1.2553302 3
-0.12003697 -3.1676068 0.92469108 1
-0.14115025 -3.2535589 0.59191382 1
-0.010276129 -3.1897106 0.47964749 1
-0.08435414 -3.1833763 0.70213002 3
-0.0043544327 -3.2596993 0.019186582 2
0.0028973292 -2.4033091 -0.023364326 1
-0.066257291 -3.1651993 1.0374582 2
-0.0084598605 -3.1763446 0.36869678 1
-0.023210339 -3.1714985 1.1530933 6
-0.01519628 -3.1293728 1.3757524 4
-0.017665524 -3.1590602 0.25857082 1
-0.0012279286 -2.9120603 -0.032178283 1
0.0051168762 -2.1178761 -0.037340604 1
-0.0080210539 -3.1665649 0.8128078 1
-0.17131928 -3.1703882 0.14420156 1
-0.020785403 -3.1836028 0.47968057 1
-0.15152954 -3.2450342 0.59169507 1
-0.033878241 -3.1811666 1.1550021 3
-0.02612354 -3.17171 1.3872908 4
-0.02423209 -3.1163263 1.2562031 2
-0.0054683536 -2.4032393 -0.023400204 1
-0.015713092 -3.2576268 0.019443778 2
-0.077362999 -3.1668718 1.0377327 2
-0.095881231 -3.1949797 0.7027638 4
-0.13173318 -3.1809909 0.92641157 1
-0.0018771252 -2.1178179 -0.037371073 1
-0.010490963 -2.8687558 -0.02402034 1
-0.018457312 -3.1605043 0.81221533 2
-0.019784097 -3.1982157 0.36760023 1
-0.028524637 -3.1469612 0.25951701 1
-0.18182948 -3.1697454 0.14415802 1
-0.034813605 -3.1317613 1.2598302 3
-0.026666166 -3.2693553 0.017575597 2
-0.16209222 -3.2304533 0.59134233 1
-0.013645173 -2.4226625 -0.027843397 1
-0.032132518 -3.1994548 0.47942778 1
-0.14257488 -3.1864293 0.92712516 2
-0.030444611 -3.2020745 0.36736527 1
-0.03637125 -3.1213937 1.3735577 4
-0.088417619 -3.166537 1.0376875 2
-0.10718471 -3.1985605 0.7029447 2
-0.045501128 -3.1790137 1.1545639 6
-0.020712376 -2.8863192 -0.027416406 1
-0.0293485 -3.1504059 0.81125176 3
-0.0091945175 -2.1138756 -0.03638415 1
-0.1926295 -3.1650686 0.14458258 1
-0.040229663 -3.1567366 0.25864226 1
-0.15575451 -3.2354186 0.93338966 6
-0.11851521 -3.2021048 0.70312554 4
-0.022197619 -2.4030223 -0.023470933 1
-0.038387209 -3.2533567 0.019957393 2
-0.1001128 -3.1839139 1.0405368 1
-0.046293113 -3.1315591 1.259782 3
-0.043784633 -3.195251 0.47943076 1
-0.17556602 -3.2577207 0.59190285 1
-0.016483683 -2.1098938 -0.035398971 1
-0.048085615 -3.1346984 1.377196 6
-0.042143632 -3.1998882 0.36741257 1
-0.040519442 -3.160193 0.81212378 2
-0.030901382 -2.8940337 -0.028947888 1
-0.20504241 -3.1841242 0.14218314 1
-0.056886204 -3.1670134 1.152173 6
-0.051203135 -3.1545241 0.25876233 1
-0.16493137 -3.1971688 0.92854917 5
-0.18624492 -3.2550654 0.59181386 1
-0.1291344 -3.2016373 0.70308089 1
-0.030710647 -2.4106646 -0.02527076 1
-0.055374928 -3.2150214 0.47912654 1
-0.11169709 -3.1953263 1.04242 2
-0.059072956 -3.1363981 1.3776773 4
-0.050468907 -3.2610335 0.018692479 2
-0.058133271 -3.1468914 1.263405 3
-0.068096444 -3.1726265 1.1532984 4
-0.21557721 -3.1753964 0.14307781 1
-0.051932011 -3.152004 0.8113423 4
-0.041497495 -2.8938258 -0.02899285 1
-0.024075402 -2.1039548 -0.033904772 1
-0.062407196 -3.1622355 0.25805524 1
-0.053912409 -3.2016461 0.36726892 1
-0.14042562 -3.2150965 0.70383114 1
-0.19721551 -3.2483521 0.59163648 1
-0.17605363 -3.1865792 0.9272387 1
-0.06649477 -3.2107556 0.47913268 1
-0.1219987 -3.1751471 1.0391581 2
-0.22610316 -3.1746011 0.14303367 13
-0.078734577 -3.1762545 1.1540352 6
-0.070494905 -3.153486 1.3823689 6
-0.039166361 -2.3948705 -0.021778768 1
-0.061944079 -3.2647259 0.018038059 2
-0.069744378 -3.169982 1.2688644 4
-0.031516399 -2.1095929 -0.035462864 1
-0.051677417 -2.897532 -0.029779593 1
-0.064885959 -3.1933877 0.36760515 1
-0.063378058 -3.1696675 0.81294674 5
-0.073888913 -3.1778777 0.25668699 1
-0.15196094 -3.2205074 0.70412314 1
-0.18662322 -3.1859171 0.92719227 1
-0.2092436 -3.257549 0.59180373 1
-0.13289765 -3.1825504 1.040398 2
-0.047291249 -2.4024518 -0.023580411 1
-0.07932175 -3.1385345 1.2614787 3
-0.072611429 -3.2585034 0.01890198 2
-0.23655252 -3.1657994 0.14392594 1
-0.077818878 -3.2144258 0.47903028 1
-0.090343095 -3.1915865 1.1571099 6
-0.081684217 -3.1589448 1.3838979 8
-0.075816639 -3.2050743 0.36698458 1
-0.084302679 -3.1735601 0.25697055 1
-0.074331388 -3.1653781 0.81253034 5
-0.038751993 -2.105531 -0.034479786 1
-0.061677609 -2.8933353 -0.029079588 1
-0.16320157 -3.2199011 0.70406181 3
-0.14384484 -3.1899269 1.041626 4
-0.19840504 -3.1950948 0.92839295 1
-0.2490146 -3.1886797 0.14104274 1
-0.056055661 -2.4158604 -0.026714271 1
-0.09080103 -3.1537626 1.2650882 4
-0.2220515 -3.268662 0.5919984 1
-0.083560526 -3.2443318 0.02096823 23
-0.088778578 -3.206079 0.47907308 1
-0.087704867 -3.2266958 0.36587116 1
-0.10026457 -3.1578758 1.1504128 5
-0.071026661 -2.8851936 -0.027641056 1
-0.045872822 -2.1111207 -0.036046516 1
-0.091918208 -3.1354618 1.3775235 4
-0.095375925 -3.173182 0.25691003 1
-0.085519388 -3.1869617 0.81448847 4
-0.17467494 -3.2232401 0.70422667 1
-0.15540111 -3.197247 1.0428518 4
-0.20983657 -3.1982825 0.92883575 2
-0.23228368 -3.2598767 0.59176582 1
-0.26253474 -3.21542 0.13768478 1
-0.10253382 -3.1728339 1.2696134 3
-0.1003275 -3.2156887 0.47888321 1
-0.064141624 -2.4058349 -0.024554679 1
-0.095016971 -3.2479019 0.020297995 21
-0.11223229 -3.180989 1.155037 6
-0.099178694 -3.2322938 0.3655217 1
-0.053082976 -2.1070197 -0.035069015 1
-0.081216946 -2.8887868 -0.028442336 1
-0.096363023 -3.178633 0.81369591 2
-0.10744374 -3.1986628 0.25469914 1
-0.10373802 -3.1582212 1.3837788 4
-0.16678612 -3.2005723 1.0434337 4
-0.2449909 -3.2829483 0.59222662 1
-0.18517765 -3.2105961 0.70348495 1
-0.27126196 -3.1867244 0.14092003 1
-0.22009106 -3.1776454 0.92624962 1
-0.072372682 -2.4016302 -0.023719234 1
-0.10635141 -3.2474852 0.020236729 15
-0.11408571 -3.1840842 1.2723051 3
-0.11234146 -3.2352395 0.47856227 1
-0.12325014 -3.1785643 1.1545858 6
-0.091651484 -2.8982329 -0.030361583 1
-0.060405567 -2.1067512 -0.035110716 1
-0.10753559 -3.1802084 0.8138184 4
-0.11007018 -3.2218816 0.36593905 1
-0.11587705 -3.1847768 1.3910849 4
-0.11835521 -3.1922262 0.25513485 1
-0.25686631 -3.294014 0.59242654 1
-0.17819627 -3.2038608 1.0440156 4
-0.19691035 -3.2178359 0.70387715 1
-0.23093377 -3.1808062 0.92669606 1
-0.080418013 -2.3934934 -0.022000788 1
-0.1252006 -3.1836164 1.2722446 3
-0.12285846 -3.2167842 0.47873455 1
-0.13379131 -3.1663086 1.1521839 4
-0.11906399 -3.2806027 0.015005128 2
-0.068109937 -2.1161244 -0.037697017 1
-0.12156907 -3.2274117 0.36559144 1
-0.28590047 -3.217274 0.13708773 1
-0.11939105 -3.1976671 0.81540585 2
-0.10207411 -2.9056785 -0.031908963 1
-0.12742755 -3.1939504 1.3936555 6
-0.13012919 -3.2056684 0.25391555 1
-0.26733324 -3.2810829 0.59210432 1
-0.24275938 -3.1957948 0.92865616 1
-0.18874976 -3.1933103 1.0423467 2
-0.20841818 -3.2210617 0.70404238 1
-0.13343041 -3.2143016 0.47870287 1
-0.13557442 -3.1792457 1.27127 4
-0.14666657 -3.212822 1.1614926 3
-0.13913377 -3.2165959 1.399912 6
-0.14075658 -3.2051566 0.25385758 1
-0.089259148 -2.4048235 -0.024695028 1
-0.13139376 -3.2998424 0.011902044 2
-0.29789573 -3.2240999 0.13608447 1
-0.075714998 -2.121604 -0.039265197 1
-0.13073422 -3.201154 0.81571239 2
-0.11203273 -2.9013116 -0.031217799 1
-0.133201 -3.2348781 0.36514631 1
-0.253023 -3.1909571 0.92809331 1
-0.27896461 -3.2820611 0.59208524 1
-0.14631557 -3.1826303 1.2721308 3
-0.20069413 -3.2043998 1.0442144 5
-0.22024296 -3.2282147 0.70443439 1
-0.14488375 -3.2297618 0.47843662 1
-0.15626597 -3.1926827 1.1575336 4
-0.14821449 -3.1852448 1.3914369 9
-0.097485334 -2.4102974 -0.026062097 1
-0.14261784 -3.3052464 0.010929924 19
-0.082181431 -2.1096768 -0.036250297 1
-0.12173447 -2.9028223 -0.031643119 1
-0.14125128 -3.1986649 0.81547129 1
-0.14422093 -3.2403495 0.36480114 1
-0.15194114 -3.2045774 0.25379741 1
-0.3067562 -3.1992481 0.13884959 1
-0.26624185 -3.2137158 0.93105698 1
-0.23064286 -3.2234278 0.70414966 1
-0.10545341 -2.4098904 -0.026106602 1
-0.21201913 -3.2055948 1.0444759 4
-0.15256417 -3.2849507 0.013913345 19
-0.15679054 -3.1703863 1.2693194 3
-0.1564752 -3.2351627 0.47829658 1
-0.29266849 -3.2988636 0.59240782 1
-0.088953875 -2.1054657 -0.03527109 1
-0.13094974 -2.8944881 -0.030203195 1
-0.15891108 -3.1769521 1.389272 9
-0.15290131 -3.2180133 0.81724477 3
-0.15454379 -3.2318163 0.36512676 1
-0.16729265 -3.1802793 1.1551281 4
-0.16368084 -3.2139108 0.25290826 1
-0.3195675 -3.213886 0.13690311 1
-0.24180685 -3.2285571 0.70443004 1
-0.27745807 -3.2127166 0.93099695 1
-0.16787939 -3.236541 0.47821063 1
-0.30244446 -3.2798479 0.59195739 1
-0.22379696 -3.2126594 1.0457007 2
-0.11268647 -2.3880141 -0.02129722 1
-0.17045397 -3.1840332 1.3913159 6
-0.16795783 -3.1619654 1.2674232 3
-0.1657957 -3.3060067 0.010502486 2
-0.18054812 -3.214869 1.162091 4
-0.16694961 -3.2411253 0.36458224 1
-0.17524995 -3.2192268 0.2523517 1
-0.096842706 -2.1089184 -0.03633162 1
-0.16436049 -3.2114074 0.81663251 2
-0.14122504 -2.8880246 -0.029141743 1
-0.33205956 -3.2245309 0.13542788 1
-0.25224715 -3.2176795 0.70380378 1
-0.2364452 -3.2374256 1.0498184 2
-0.29073399 -3.2274144 0.93294817 1
-0.3170957 -3.3105319 0.59258461 1
-0.18134488 -3.2717938 0.47767681 1
-0.19108379 -3.2122467 1.1616437 6
-0.18216667 -3.1930015 1.3938866 4
-0.18019478 -3.1807361 1.2719465 4
-0.17675684 -3.2954698 0.011961197 2
-0.12230968 -2.4030957 -0.024876364 1
-0.10461368 -2.116221 -0.03840933 1
-0.15197678 -2.8992057 -0.031435441 1
-0.1793391 -3.2584059 0.36365739 1
-0.17497687 -3.2008183 0.8156572 1
-0.18673411 -3.2225039 0.25195929 1
-0.34022984 -3.1956415 0.13866644 1
-0.26485994 -3.2326345 0.70464742 1
-0.24510092 -3.2110014 1.0455853 1
-0.30394617 -3.2460599 0.93540627 2
-0.19150183 -3.1917338 1.2746403 3
-0.13001719 -2.3987143 -0.024037579 1
-0.18865864 -3.3105822 0.0094682928 2
-0.19238149 -3.265089 0.47769353 1
-0.20136549 -3.1978097 1.1588523 4
-0.32844445 -3.3073568 0.59247899 1
-0.19432431 -3.2077041 1.3980345 4
-0.18913254 -3.2417767 0.36436763 1
-0.35127535 -3.1983759 0.13813742 1
-0.16172226 -2.8927033 -0.030371137 1
-0.18753067 -3.2219908 0.81760931 2
-0.11196814 -2.1157703 -0.038450845 1
-0.19784772 -3.219779 0.25206462 1
-0.27794057 -3.2515182 0.70571709 1
-0.25731212 -3.2218609 1.0474505 2
-0.31507561 -3.2429454 0.93509287 1
-0.13924427 -2.4117968 -0.027173884 1
-0.2026431 -3.1909988 1.2745804 3
-0.20034222 -3.3117957 0.0091013163 2
-0.20364332 -3.2623475 0.47765949 1
-0.36607435 -3.2326176 0.13383567 1
-0.34063101 -3.3120823 0.59254587 1
-0.20124494 -3.2529964 0.36373067 1
-0.19715525 -3.2054005 0.81608808 2
-0.20525658 -3.2031028 1.3969218 4
-0.11771851 -2.0960183 -0.033397004 1
-0.17104833 -2.8881609 -0.029676411 1
-0.21477026 -3.22047 1.1634693 6
-0.20963973 -3.2269506 0.25134054 1
-0.26838318 -3.218926 1.0470697 2
-0.29135486 -3.2663133 0.70655596 1
-0.3299408 -3.2753153 0.93931371 5
-0.14724185 -2.40538 -0.025896372 1
-0.35263449 -3.3147824 0.59256876 1
-0.21573789 -3.2715209 0.47746688 1
-0.37663373 -3.2253344 0.13448189 1
-0.21587938 -3.1946213 1.3947588 6
-0.21602465 -3.2134736 1.2800158 3
-0.21206932 -3.3050528 0.009950445 2
-0.18189004 -2.8913548 -0.030480392 1
-0.22527723 -3.209872 1.1614597 6
-0.12575848 -2.1012857 -0.03496711 1
-0.20960152 -3.2145269 0.81693929 3
-0.21569766 -3.2880337 0.36193672 1
-0.22090071 -3.2261302 0.25128052 1
-0.27943981 -3.2159443 1.0466876 2
-0.30139768 -3.2513039 0.70570451 1
-0.33857211 -3.2484367 0.93597752 1
-0.22609457 -3.2049341 1.278127 4
-0.3653447 -3.3233988 0.59272206 1
-0.22893922 -3.2946157 0.4770892 1
-0.38714591 -3.2180104 0.13512804 1
-0.23638281 -3.2149122 1.1625711 6
-0.22849837 -3.2130439 1.3999574 8
-0.23251326 -3.2372296 0.25022727 1
-0.15561245 -2.3989081 -0.02461938 1
-0.22331779 -3.3002679 0.010496521 2
-0.22023457 -3.2057712 0.81614834 1
-0.19309951 -2.9063091 -0.033520207 1
-0.22554938 -3.2652788 0.36293271 1
-0.13264886 -2.0949764 -0.033479478 1
-0.2358041 -3.1924686 1.2753205 3
-0.23970912 -3.2917762 0.4770571 7
-0.37918365 -3.3459303 0.5931778 1
-0.31294578 -3.2521555 0.70575666 1
-0.29254255 -3.2285912 1.048872 2
-0.34902173 -3.2392821 0.93490863 1
-0.24672389 -3.2101581 1.1617348 4
-0.2396142 -3.2179849 1.4014781 6
-0.24404241 -3.2463124 0.24934128 1
-0.16252059 -2.3847008 -0.021571599 1
-0.23575749 -3.3191533 0.0073939194 2
-0.20228218 -2.8997123 -0.032451872 1
-0.13898943 -2.0867448 -0.031480126 3
-0.23239824 -3.2248197 0.81791896 1
-0.40142134 -3.2401989 0.13223703 1
-0.23714751 -3.2744021 0.36239356 1
-0.38858962 -3.3306994 0.59281766 1
-0.24771127 -3.2550209 0.47747439 1
-0.26003864 -3.2405417 1.1679169 4
-0.24948958 -3.2075133 1.3987925 8
-0.17162459 -2.3996291 -0.025148189 1
-0.24785738 -3.3320763 0.0052040615 2
-0.2469473 -3.1915724 1.2752609 3
-0.30322754 -3.2215953 1.047848 4
-0.3267965 -3.274801 0.70704955 1
-0.36239204 -3.2557268 0.93711525 1
-0.14677832 -2.0977671 -0.034575265 3
-0.25025764 -3.3014107 0.36098927 1
-0.24452949 -3.2418337 0.81950599 2
-0.21203971 -2.9009113 -0.03287651 1
-0.2550388 -3.2414005 0.24961247 1
-0.41742313 -3.2741349 0.12792872 1
-0.26004612 -3.3449509 0.0030133235 2
-0.40294811 -3.3510706 0.59322596 1
-0.25819847 -3.1984391 1.2770365 3
-0.18051201 -2.4106469 -0.027840676 1
-0.26109833 -3.2779808 0.47709608 1
-0.37200901 -3.2445974 0.93579787 1
-0.2703087 -3.2278326 1.1655172 4
-0.25952899 -3.2805879 0.36189342 1
-0.25902435 -3.1873443 1.3934746 4
-0.31689513 -3.2440262 1.0516399 2
-0.33865759 -3.2775486 0.70721453 1
-0.25350949 -3.2131197 0.81688756 2
-0.22183017 -2.8961585 -0.03218504 1
-0.15312609 -2.0856025 -0.031558663 1
-0.26582941 -3.2344575 0.25004986 1
-0.42884678 -3.2725873 0.12786803 1
-0.38422245 -3.2551045 0.93725109 1
-0.41413504 -3.3456106 0.59307772 1
-0.27464896 -3.3008888 0.47671753 1
-0.18757449 -2.3943729 -0.024353577 1
-0.27248654 -3.2323678 1.2852216 5
-0.27070105 -3.3321261 0.0047781155 2
-0.26659209 -3.2399821 0.81938916 2
-0.27062967 -3.2756109 0.36202443 1
-0.16164488 -2.1042817 -0.036691852 1
-0.23142108 -2.89534 -0.032236036 1
-0.2736128 -3.2248001 1.4039284 4
-0.35098508 -3.2842169 0.70760393 2
-0.28177902 -3.2228534 1.1646736 3
-0.3259224 -3.2212474 1.0480489 2
-0.27982301 -3.2632141 0.24749985 1
-0.44136593 -3.2788606 0.12686263 1
-0.39558548 -3.2536764 0.93718868 1
-0.19538938 -2.3877995 -0.023073355 1
-0.42660105 -3.3500223 0.59314376 1
-0.36118954 -3.2770188 0.70720702 1
-0.285988 -3.2978449 0.47668177 1
-0.28576994 -3.2333798 1.4064977 6
-0.33867642 -3.2337666 1.0502355 4
-0.2839742 -3.3428481 0.0028860425 2
-0.283252 -3.2196569 1.2824112 3
-0.29265308 -3.2178929 1.1638352 6
-0.27973235 -3.2527993 0.82060486 3
-0.28481582 -3.2983971 0.36080474 1
-0.16932282 -2.1035964 -0.036733832 1
-0.24202058 -2.8943813 -0.032293819 1
-0.29178086 -3.2620819 0.24743575 1
-0.45507145 -3.2889245 0.12538086 1
-0.37276304 -3.2816887 0.70748699 2
-0.40617287 -3.2463098 0.93637341 1
-0.43991077 -3.3603277 0.59333754 1
-0.20375334 -2.383111 -0.022236925 1
-0.29524088 -3.2263446 1.2841833 3
-0.34996474 -3.2325027 1.0501754 4
-0.29940581 -3.3106394 0.47643226 1
-0.29435214 -3.3279827 0.0049568433 2
-0.25283766 -2.9012663 -0.033841174 1
-0.17698763 -2.1067677 -0.037793882 1
-0.29183859 -3.2596662 0.82127452 3
-0.29668835 -3.2226548 1.4038067 6
-0.29500613 -3.2833965 0.36141899 1
-0.30815274 -3.2538211 1.1711768 6
-0.30394411 -3.2689066 0.2467114 1
-0.46077055 -3.2479441 0.13004068 1
-0.38567188 -3.292192 0.70810312 3
-0.42066258 -3.2684062 0.93933153 1
-0.36297545 -3.2508795 1.053327 4
-0.45081162 -3.3527594 0.59314722 1
-0.21410039 -2.4036634 -0.027142247 1
-0.31076369 -3.3075197 0.47639772 1
-0.31874245 -3.2507722 1.1707301 4
-0.30793902 -3.2215421 1.403747 4
-0.31598899 -3.2797086 0.24565704 1
-0.30823511 -3.2368121 1.2868685 3
-0.30693009 -3.3307357 0.004283329 2
-0.30476075 -3.2684214 0.82212365 2
-0.18448879 -2.1041052 -0.037325606 1
-0.30703858 -3.2822149 0.36135468 1
-0.26194444 -2.8846035 -0.030909915 1
-0.47151193 -3.2423058 0.13045169 1
-0.373285 -3.2456737 1.0526274 2
-0.39716342 -3.290756 0.70804149 1
-0.43639478 -3.2983019 0.94329596 1
-0.31816661 -3.2279651 1.2849795 5
-0.31916082 -3.3414271 0.0023967039 5
-0.32067528 -3.2904203 0.47654915 1
-0.22246473 -2.4028268 -0.027187077 1
-0.46111512 -3.3371513 0.59278238 1
-0.33009046 -3.2495809 1.1706699 4
-0.31136221 -3.2257259 0.81823301 1
-0.19296227 -2.1188021 -0.04144131 1
-0.32096502 -3.3109152 0.35985062 1
-0.27267176 -2.895376 -0.033201355 1
-0.31798401 -3.2088735 1.4005333 6
-0.32743502 -3.2785079 0.24559607 1
-0.49132907 -3.2995353 0.12331063 1
-0.38703966 -3.2638791 1.0557761 3
-0.40839306 -3.2873042 0.70786828 1
-0.44763237 -3.294718 0.94298196 1
-0.33061892 -3.3382411 0.0026391344 17
-0.23002465 -2.3941934 -0.025465565 1
-0.33151421 -3.2461333 1.2894992 3
-0.4765406 -3.3611615 0.5932743 1
-0.34165105 -3.2502997 1.1709996 6
-0.33490613 -3.3150592 0.47614163 1
-0.19834884 -2.0988059 -0.036384732 1
-0.28296718 -2.8962691 -0.033629902 1
-0.32387391 -3.236428 0.81926775 3
-0.33462065 -3.3295686 0.3588253 1
-0.33084223 -3.2230413 1.4046788 4
-0.33909184 -3.279254 0.24537006 1
-0.50098842 -3.2859464 0.1246665 1
-0.42065695 -3.2917225 0.70814466 1
-0.40042889 -3.2781093 1.0582805 1
-0.45885402 -3.287097 0.94216388 1
-0.34142178 -3.329128 0.003797183 2
-0.23835643 -2.3932934 -0.025510879 1
-0.48976019 -3.3692932 0.59342581 1
-0.51882768 -3.3273242 0.11941198 1
-0.34155774 -3.233288 1.2866915 3
-0.34909418 -3.3376591 0.475761 1
-0.35455164 -3.2626595 1.173666 4
-0.34537429 -3.3203621 0.35914984 1
-0.33646408 -3.2470961 0.82030362 3
-0.34081036 -3.210299 1.4014655 4
-0.35253605 -3.2958033 0.2438141 1
-0.20564239 -2.0980139 -0.036425222 1
-0.29180801 -2.8834677 -0.031442333 1
-0.43322772 -3.298075 0.7085337 1
-0.41135949 -3.2727094 1.0575783 1
-0.50488627 -3.3932779 0.59392089 1
-0.46974662 -3.2814822 0.94159961 1
-0.24625558 -2.3885009 -0.024671681 1
-0.35195854 -3.224277 1.2848005 5
-0.36074457 -3.3363476 0.47569934 1
-0.35588211 -3.3533757 -0.00022598598 2
-0.30034429 -2.8686869 -0.028880304 1
-0.36617056 -3.2632973 1.1739959 6
-0.21335442 -2.1010494 -0.037484836 1
-0.52075869 -3.2666206 0.12643595 1
-0.34512529 -3.2220898 0.81805468 7
-0.3528997 -3.2167058 1.4035095 4
-0.36403835 -3.2944753 0.24375318 1
-0.35584423 -3.3091342 0.35957107 1
-0.44418427 -3.2925224 0.70824802 1
-0.4238368 -3.2790163 1.0588013 1
-0.51393229 -3.373636 0.59347373 1
-0.37157753 -3.3330741 0.47566789 1
-0.36424831 -3.2365711 1.2879492 6
-0.37628683 -3.2561643 1.1727704 4
-0.53487933 -3.2843807 0.12401624 1
-0.4823938 -3.2876027 0.94254428 1
-0.37333205 -3.297863 1.4260482 7
-0.37590358 -3.3010907 0.24303068 1
-0.25412601 -2.3836608 -0.023833504 1
-0.36758521 -3.3520288 -0.00028806253 2
-0.22065409 -2.1002192 -0.037524194 1
-0.31012052 -2.8655875 -0.028559415 1
-0.35866767 -3.2405741 0.81981921 1
-0.3692407 -3.3236711 0.35873809 1
-0.43420303 -3.2696292 1.0574576 1
-0.37568471 -3.2410893 1.2892655 5
-0.38406062 -3.343662 0.47544819 1
-0.52861464 -3.3935575 0.5938831 1
-0.49451426 -3.2937613 0.94349271 1
-0.38756999 -3.2587261 1.1734921 4
-0.37936887 -3.2563257 1.414956 5
-0.38418147 -3.2779946 0.24480246 1
-0.38055733 -3.3664131 -0.002785542 2
-0.26382354 -2.3982322 -0.027411124 1
-0.45710483 -3.296726 0.70852196 1
-0.32052866 -2.8722646 -0.030105127 1
-0.22691454 -2.0936427 -0.036032021 1
-0.54768479 -3.2902408 0.12301027 1
-0.38334742 -3.3481424 0.35742402 1
-0.37035775 -3.2472095 0.82049131 1
-0.27221838 -2.4011416 -0.028338006 1
-0.39004797 -3.3513191 -0.00070997799 2
-0.39037696 -3.2667398 1.2956146 5
-0.39867735 -3.3660414 0.47506499 1
-0.44561657 -3.2680273 1.0573982 1
-0.50975007 -3.3154562 0.94644761 1
-0.53916281 -3.3837314 0.59365046 1
-0.40591246 -3.3117766 1.1843376 5
-0.23405619 -2.0947163 -0.036580332 1
-0.32956681 -2.867214 -0.029407749 1
-0.3818537 -3.2518318 0.82098287 2
-0.39420673 -3.344795 0.35746279 1
-0.39025754 -3.2510922 1.4138457 6
-0.3971186 -3.2884116 0.2437437 1
-0.47181714 -3.3167615 0.70969814 1
-0.56671101 -3.3312585 0.11774965 2
-0.55303252 -3.3976228 0.59393042 1
-0.51501966 -3.2784283 0.94186574 1
-0.40327081 -3.2768867 1.2983006 3
-0.40370786 -3.3655441 -0.0032105572 2
-0.27816984 -2.3807359 -0.023962194 1
-0.48579609 -3.3348534 0.71076387 4
-0.41645238 -3.3024948 1.1827197 5
-0.41093275 -3.3685238 0.47494897 1
-0.24180983 -2.097647 -0.037639465 1
-0.40613171 -3.3453045 0.35730469 1
-0.39670035 -3.2780762 0.82347584 2
-0.3385897 -2.8581624 -0.027966266 1
-0.40185377 -3.2515624 1.4143118 7
-0.41038743 -3.3007667 0.24251978 1
-0.45816261 -3.2702079 1.0579759 3
-0.58241868 -3.3486125 0.11532129 2
-0.56692332 -3.4074099 0.59412175 1
-0.53036332 -3.3000298 0.94482052 1
-0.28694803 -2.3835447 -0.024890648 1
-0.41545385 -3.3640385 -0.0032714184 2
-0.41063324 -3.2445116 1.2909185 3
-0.42320898 -3.370961 0.47483414 1
-0.49804774 -3.3370099 0.71092707 1
-0.42955741 -3.3126156 1.1849952 7
-0.35004994 -2.8685787 -0.030260783 1
-0.40993884 -3.2904308 0.82469183 1
-0.25007516 -2.1043799 -0.039719388 1
-0.42348611 -3.3110857 0.2414609 1
-0.41498181 -3.2634699 1.4179281 8
-0.41780865 -3.343787 0.35724354 1
-0.47219792 -3.2860961 1.0608004 1
-0.5891062 -3.3191292 0.11856949 2
-0.54395902 -3.3138325 0.94677275 1
-0.57812685 -3.4013979 0.59397465 1
-0.50848985 -3.3313193 0.71064383 1
-0.29676592 -2.3940492 -0.027587712 1
-0.42248285 -3.2468481 1.2917736 3
-0.43604201 -3.3773122 0.47466457 1
-0.42797333 -3.3683517 -0.0042486419 3
-0.48160824 -3.2746873 1.059141 3
-0.44219995 -3.3188066 1.1864926 5
-0.43371961 -3.3739102 0.35563517 1
-0.35850894 -2.8555632 -0.028071206 1
-0.25713545 -2.1014998 -0.039248817 1
-0.42037106 -3.281003 0.82390249 1
-0.42689574 -3.2657669 1.41892 5
-0.60083658 -3.3209827 0.11803838 2
-0.43588993 -3.3113995 0.24123074 1
-0.55958736 -3.335305 0.94972658 1
-0.52457714 -3.3570528 0.71215624 1
-0.30457503 -2.3890517 -0.026748158 1
-0.49425662 -3.2807205 1.0603631 3
-0.44783103 -3.3756938 0.47460344 1
-0.43542731 -3.2568674 1.2944611 3
-0.44106004 -3.3765547 -0.0058343629 3
-0.58848077 -3.3873622 0.59365433 1
-0.432634 -3.2853711 0.82438976 2
-0.26340678 -2.0928421 -0.037248511 1
-0.44223326 -3.3485498 0.35673478 1
-0.43509224 -3.241266 1.4125577 6
-0.36898908 -2.8581061 -0.02887148 1
-0.45298308 -3.3073881 1.184482 7
-0.61390734 -3.3265746 0.11703034 2
-0.44633573 -3.3018878 0.24183628 1
-0.53310996 -3.3394554 0.71119869 2
-0.57019472 -3.3273942 0.94891208 1
-0.50948995 -3.3062835 1.0647914 6
-0.31369081 -2.3936875 -0.02811905 1
-0.60210079 -3.3950417 0.59380436 1
-0.45961514 -3.3740292 0.47454196 1
-0.4513371 -3.2740433 1.4219524 5
-0.45179218 -3.3630743 -0.0040691704 3
-0.44901863 -3.2667403 1.2971432 3
-0.2705119 -2.0879364 -0.036270522 1
-0.63155234 -3.3555195 0.11318586 2
-0.46169651 -3.2863064 1.1805285 7
-0.44467551 -3.2836833 0.82432616 2
-0.37917846 -2.8546934 -0.028553354 1
-0.45785603 -3.3705528 0.35550866 1
-0.45985004 -3.3140349 0.24061099 1
-0.54609412 -3.3453791 0.71158725 1
-0.52103174 -3.3044205 1.0647323 3
-0.61994368 -3.4283376 0.59450686 1
-0.58344764 -3.331064 0.94960159 1
-0.3207863 -2.3808451 -0.025512632 1
-0.46268183 -3.2805073 1.3007452 3
-0.46549112 -3.3750856 -0.0062655774 3
-0.4728781 -3.2826703 1.1800795 5
-0.47514474 -3.3940113 0.47417971 1
-0.6378845 -3.3259232 0.11643447 2
-0.46589938 -3.3431602 0.35670692 1
-0.27803856 -2.0888176 -0.03681894 1
-0.3877404 -2.8435454 -0.026735784 1
-0.45613748 -3.282038 0.82426667 2
-0.46951756 -3.3143048 1.4334443 5
-0.47549507 -3.3399253 0.23821865 1
-0.53361332 -3.3123381 1.0662763 3
-0.56319511 -3.3748581 0.71332163 1
-0.59723192 -3.3406348 0.95104605 1
-0.6259501 -3.3946376 0.59376782 1
-0.64812726 -3.319818 0.11685014 2
-0.32963493 -2.3834815 -0.026442118 1
-0.47755846 -3.3753083 -0.0066316207 3
-0.47066471 -3.2556951 1.2951943 3
-0.48610961 -3.3863118 0.47419921 1
-0.48671433 -3.2964449 1.183134 5
-0.48372582 -3.3829203 0.35461155 1
-0.47167853 -3.3079317 0.82675636 2
-0.39935619 -2.8537562 -0.029031223 1
-0.28585079 -2.0915828 -0.037878241 1
-0.48396605 -3.3316679 1.4386359 7
-0.4868539 -3.3361938 0.23832504 1
-0.54318798 -3.2987051 1.0642931 3
-0.57497621 -3.3727942 0.71326047 2
-0.60465252 -3.3190713 0.94847804 1
-0.64045566 -3.4060988 0.59400183 1
-0.66310441 -3.3370216 0.11442661 2
-0.49914649 -3.3964715 0.47397831 1
-0.50068223 -3.3141224 1.186969 5
-0.49031341 -3.2994654 1.4301757 5
-0.49257255 -3.3950331 -0.010049691 3
-0.33908078 -2.3899589 -0.028253937 1
-0.48676446 -3.2847576 1.3024559 8
-0.49523273 -3.3791578 0.35464814 1
-0.40755633 -2.8405948 -0.026840331 1
-0.48651057 -3.3278561 0.82869881 1
-0.29311875 -2.090482 -0.037917715 1
-0.49819261 -3.3324149 0.2384308 1
-0.5570699 -3.3103309 1.0664755 3
-0.62071127 -3.3402464 0.95142978 1
-0.65543753 -3.4194417 0.5942753 1
-0.6739406 -3.3307056 0.11483853 2
-0.5845142 -3.3548567 0.71229774 1
-0.50292796 -3.3874345 -0.0091924192 3
-0.34638992 -2.384886 -0.027411655 1
-0.49524024 -3.2676773 1.2987398 3
-0.51007742 -3.3887007 0.4739995 1
-0.5097692 -3.2967963 1.1837955 5
-0.49882728 -3.2785993 1.4248645 5
-0.50735849 -3.3833354 0.3542988 1
-0.50861669 -3.3267324 0.23870708 1
-0.29950646 -2.0836289 -0.036426287 1
-0.41626304 -2.8313019 -0.025395777 1
-0.49812636 -3.3260665 0.82863933 3
-0.57103974 -3.3219078 1.0686585 4
-0.63085335 -3.3301907 0.95036429 1
-0.52194494 -3.3908608 0.47388658 1
-0.60126388 -3.3802145 0.71380711 1
-0.67170089 -3.438627 0.59467804 1
-0.51943552 -3.2872787 1.1821823 7
-0.69460201 -3.37099 0.10957148 2
-0.51338506 -3.2997384 1.4311101 5
-0.50850224 -3.277385 1.3014241 3
-0.51352036 -3.3777637 -0.0080324495 3
-0.35619664 -2.3931992 -0.029668832 1
-0.52042246 -3.3893578 0.35385013 2
-0.30608523 -2.0806363 -0.035952967 1
-0.50697166 -3.3105564 0.8273086 2
-0.42654985 -2.8356493 -0.026567027 1
-0.5218209 -3.3346853 0.23781298 1
-0.61174083 -3.3741961 0.71352434 1
-0.68070537 -3.424535 0.59436506 1
-0.6486606 -3.3590262 0.95431912 1
-0.36318353 -2.3861544 -0.028382547 1
-0.5256809 -3.314045 1.3105154 4
-0.525033 -3.3779004 -0.0083962353 3
-0.53699732 -3.4086707 0.47355264 1
-0.58603197 -3.3352571 1.0711577 1
-0.70636654 -3.3684494 0.10950942 2
-0.53479415 -3.3085873 1.1867927 3
-0.53102213 -3.3835835 0.35398531 1
-0.52490628 -3.2978511 1.4310491 7
-0.53450221 -3.3426919 0.23692299 1
-0.43643272 -2.8340497 -0.026619365 1
-0.31453261 -2.0871034 -0.038033638 1
-0.52299511 -3.3362098 0.82979572 2
-0.6945014 -3.4339247 0.5945586 1
-0.6257602 -3.3837283 0.71413505 1
-0.55092752 -3.4225798 0.47327653 1
-0.54972839 -3.3299325 1.1914048 3
-0.65960002 -3.3527846 0.95375705 1
-0.53424436 -3.2865188 1.4283683 7
-0.53842658 -3.3857145 -0.0099830516 3
-0.53982866 -3.3274872 1.3141147 4
-0.37211546 -2.3886271 -0.02931205 1
-0.71302682 -3.3425856 0.1122883 2
-0.59767532 -3.3331158 1.0710968 1
-0.5389443 -3.3638604 0.83246785 1
-0.32328719 -2.0974224 -0.041131537 1
-0.54479426 -3.3934495 0.35334274 2
-0.44772312 -2.8441412 -0.02891217 1
-0.54683328 -3.3446443 0.23652884 1
-0.71020901 -3.4490023 0.59487444 1
-0.67951435 -3.3932607 0.95921993 1
-0.64137572 -3.4010487 0.71519458 1
-0.3787258 -2.3796077 -0.027583433 1
-0.55194247 -3.3974617 -0.012179043 3
-0.60726744 -3.3232841 1.0697595 1
-0.56086439 -3.4087257 0.47337934 1
-0.55020785 -3.3217735 1.3131436 4
-0.56202722 -3.3317862 1.1921225 3
-0.54637218 -3.2883677 1.4293587 5
-0.55504644 -3.3856347 0.35357547 2
-0.33057526 -2.0961924 -0.041170944 1
-0.72814125 -3.3554931 0.11033337 2
-0.54869223 -3.3500977 0.83131629 1
-0.45341396 -2.8172853 -0.02410005 1
-0.55850506 -3.3426352 0.23646905 1
-0.69158101 -3.3947968 0.95966327 1
-0.72140837 -3.4425139 0.59472913 1
-0.38700473 -2.3781826 -0.027627228 1
-0.65131187 -3.3889129 0.71457291 1
-0.56247675 -3.3235972 1.3139979 4
-0.5758428 -3.4243951 0.47307205 1
-0.56313264 -3.391537 -0.01162763 3
-0.61961448 -3.3249388 1.070339 3
-0.33554867 -2.083571 -0.038145494 1
-0.4624103 -2.813741 -0.023774927 1
-0.55844486 -3.3403385 0.83053172 1
-0.74189132 -3.3645997 0.10885571 2
-0.5625205 -3.3129859 1.4366502 3
-0.57572103 -3.4347715 0.35099092 2
-0.58043218 -3.3643982 1.1990619 5
-0.56809551 -3.3287973 0.23740983 1
-0.70095396 -3.3806293 0.95809591 1
-0.66176319 -3.3827472 0.71429127 1
-0.73428082 -3.4437912 0.59475029 1
-0.39460981 -2.3728893 -0.026786016 1
-0.59093803 -3.4399943 0.47276378 1
-0.62970394 -3.3149366 1.0689987 3
-0.76430321 -3.4083469 0.10311113 2
-0.57953143 -3.3413246 1.4449879 5
-0.57534498 -3.3252718 1.3148502 5
-0.57317001 -3.375715 -0.0095550856 3
-0.34314913 -2.0822287 -0.038186256 1
-0.58691865 -3.4246852 0.35131505 2
-0.58937192 -3.346833 1.1958898 3
-0.47439682 -2.8216047 -0.025699416 1
-1.3486475 -7.7434115 1.2388922 2
-0.58347279 -3.3442473 0.23584479 1
-0.67378157 -3.3843601 0.71445715 1
-0.7110768 -3.3703344 0.95703155 1
-0.75064206 -3.4606452 0.59510797 1
-0.64359105 -3.3242517 1.0708591 3
-0.603903 -3.4396908 0.47267276 1
-0.40259343 -2.3674951 -0.025946312 1
-0.58495104 -3.3736048 -0.0096152723 3
-0.58695418 -3.3231747 1.3147911 4
-0.77227539 -3.3860736 0.10541331 2
-0.60880995 -3.4775653 0.34853274 2
-0.48353904 -2.8159769 -0.025002038 1
-0.35105821 -2.0847461 -0.039245456 1
-0.58446038 -3.3478491 0.83149892 1
-0.58796066 -3.3182309 1.4391524 7
-0.59913504 -3.3310757 1.1931043 7
-0.59586382 -3.3460267 0.23545164 1
-0.68722534 -3.3897197 0.71484321 1
-0.76828492 -3.4853566 0.59563553 1
-0.72369444 -3.3716187 0.95747191 1
-0.65853828 -3.3413756 1.074003 1
-0.60778159 -3.3194702 1.1911054 3
-0.60673898 -3.3460205 0.23523106 1
-0.61554778 -3.4355056 0.47263834 1
-0.41326994 -2.3794191 -0.029087771 1
-0.78867662 -3.4025934 0.10298415 2
-0.60060805 -3.3217723 1.4406669 5
-0.59771043 -3.3132632 1.312899 5
-0.59979945 -3.3849542 -0.011816377 3
-0.62517715 -3.4948654 0.34749579 2
-0.35935301 -2.0871556 -0.040306967 1
-0.5952878 -3.337769 0.8307097 1
-0.49489984 -2.8198881 -0.026178114 1
-0.77150702 -3.443588 0.59473485 1
-0.70236945 -3.4028504 0.71567833 1
-0.66961914 -3.3391016 1.0739458 1
-0.73806638 -3.3806098 0.95891577 1
-0.61029655 -3.3227854 1.3155892 4
-0.61187899 -3.3907361 -0.013093019 3
-0.6276809 -3.4372971 0.47252557 1
-0.4193607 -2.3683553 -0.026916822 1
-0.79809791 -3.3921356 0.10387234 2
-0.62307799 -3.3365116 1.1949344 5
-0.36587816 -2.0859346 -0.040341958 1
-0.60724229 -3.343637 0.83138227 1
-0.66083598 -3.6243491 0.3409256 2
-0.50016057 -2.7989149 -0.022481659 1
-0.61878997 -3.3457456 0.23500396 1
-0.61162668 -3.3196943 1.4406109 5
-0.74708045 -3.3683865 0.95759219 1
-0.71509308 -3.4041836 0.71582627 1
-0.68127853 -3.3366556 1.0738724 3
-0.78594899 -3.4484198 0.59482253 1
-0.42868632 -2.3725283 -0.028299134 1
-0.62555492 -3.3981845 -0.01469701 3
-0.80427611 -3.3660681 0.10663836 2
-0.63321924 -3.3265398 1.1933048 5
-0.64043671 -3.4389122 0.4723925 1
-0.6285432 -3.3549671 1.3237417 2
-0.61816865 -3.3374979 0.8309449 1
-0.51064515 -2.8009143 -0.023293726 1
-0.67874742 -3.6493843 0.33948237 2
-0.62615412 -3.3326182 1.4447336 5
-0.37169623 -2.0769441 -0.03834885 1
-0.63275027 -3.355195 0.23392645 1
-0.766882 -3.400471 0.96202463 1
-0.72355443 -3.3859849 0.71485245 1
-0.70035017 -3.3689334 1.079554 1
-0.64176035 -3.3603234 1.3254919 4
-0.80228192 -3.460984 0.59507054 1
-0.63516319 -3.3842404 -0.012942108 3
-0.65474337 -3.4483421 0.47214735 1
-0.65328687 -3.3665574 1.201781 3
-0.43915144 -2.382412 -0.031012699 1
-0.63134134 -3.3430552 0.83159286 1
-0.52189213 -2.806736 -0.024857311 1
-0.82367891 -3.3939822 0.10276707 2
-0.6891976 -3.6351466 0.33998212 2
-0.37963906 -2.0793417 -0.0394198 1
-0.6400333 -3.3417039 1.4478047 5
-0.64523232 -3.3567896 0.23351492 1
-0.73608679 -3.389323 0.71511167 1
-0.72049379 -3.4049823 1.0858735 1
-0.78207231 -3.4091434 0.96344483 1
-0.81750566 -3.4737744 0.59532845 1
-0.64888358 -3.3915997 -0.014549462 3
-0.44668916 -2.3769467 -0.030183315 1
-0.64890498 -3.3350797 1.3199289 5
-0.66795176 -3.4518359 0.47198504 1
-0.66973573 -3.3872485 1.2063675 3
-0.53242922 -2.8086543 -0.025672613 1
-0.38760415 -2.0817022 -0.040491249 1
-0.65537083 -3.3466089 0.23410472 1
-0.64494878 -3.3505166 0.83242309 5
-0.68827754 -3.5640399 0.34330472 2
-0.65132177 -3.3374898 1.4472023 7
-0.83999914 -3.4062407 0.10078701 2
-0.75277042 -3.4080787 0.71626174 1
-0.73153102 -3.3985081 1.0851538 1
-0.8290273 -3.4709601 0.59525031 1
-0.65607828 -3.3137658 1.3152859 4
-0.68376791 -3.4710763 0.47160512 1
-0.79318613 -3.4003742 0.96260828 1
-0.67381752 -3.3503549 1.1992949 3
-0.66393942 -3.3428164 1.4492271 7
-0.66846824 -3.3540888 0.23319499 1
-0.45266557 -2.3638017 -0.027582852 1
-0.66149622 -3.3930898 -0.015239414 3
-0.39634591 -2.087827 -0.042583812 1
-0.54260141 -2.8086123 -0.026112452 1
-0.65940392 -3.3618309 0.83361572 1
-0.72328734 -3.673126 0.33767024 2
-0.85779601 -3.4262733 0.097861849 2
-0.76466781 -3.4053402 0.71618176 1
-0.74020982 -3.3844323 1.0831594 4
-0.83681184 -3.4504857 0.59479415 1
-0.69164693 -3.4510779 0.47177678 1
-0.66390812 -3.2962499 1.3115566 4
-0.80820346 -3.4130797 0.96453762 1
-0.68816066 -3.3633933 1.2023301 5
-0.67999554 -3.3537157 0.2329541 1
-0.67463547 -3.3386364 1.4486283 5
-0.46086517 -2.3641109 -0.028079053 1
-0.66879213 -3.3714118 -0.012257757 3
-0.4040041 -2.0902078 -0.043652013 1
-0.740704 -3.6960583 0.3363229 2
-0.67416018 -3.3771122 0.83517605 2
-0.54954636 -2.795156 -0.023928132 1
-0.87773871 -3.4539118 0.093987554 2
-0.75202554 -3.3817503 1.0830805 4
-0.81762779 -3.4025922 0.96345967 1
-0.68345493 -3.3319452 1.3206179 2
-0.46867782 -2.3624752 -0.028132807 1
-0.68479109 -3.3923068 -0.016001089 3
-0.70410532 -3.450501 0.47166878 1
-0.78124654 -3.4199278 0.71710366 1
-0.40855938 -2.0774016 -0.040635973 1
-0.69990504 -3.360899 1.2022526 5
-0.55879933 -2.7932215 -0.023990836 1
-0.68373108 -3.3669832 0.83437586 2
-0.7337454 -3.6015999 0.34082371 2
-0.69747853 -3.3890622 1.463239 5
-0.6937682 -3.3609743 0.23204005 1
-0.8460362 -3.4337258 0.59441793 1
-0.88110065 -3.4201531 0.097704329 2
-0.77498007 -3.4271009 1.0909948 3
-0.83479595 -3.4208107 0.96613437 1
-0.7182374 -3.4577153 0.47144994 1
-0.47769934 -2.3645475 -0.029074352 1
-0.6991756 -3.3485038 1.3251098 1
-0.6974448 -3.3936687 -0.01669077 3
-0.79364854 -3.4190273 0.7171343 1
-0.71497899 -3.3736963 1.2052834 5
-0.41418773 -2.0683076 -0.038641762 1
-0.56974614 -2.7969255 -0.025179451 1
-0.69879758 -3.3800743 0.83574808 2
-0.70768917 -3.3789921 1.4610626 5
-0.7176286 -3.4641049 0.34746945 2
-0.7092824 -3.3759658 0.23045717 1
-0.8689245 -3.4732752 0.59525168 1
-0.89303678 -3.4169564 0.097624123 2
-0.80873424 -3.4318187 0.71795052 1
-0.712529 -3.3535767 1.326859 2
-0.48551598 -2.3608673 -0.028687332 1
-0.71011931 -3.3949707 -0.017381631 3
-0.73099905 -3.3902602 1.2090901 6
-0.77757847 -3.3818812 1.0838784 3
-0.73200452 -3.4629099 0.47125909 1
-0.42298535 -2.0743129 -0.040734965 1
-0.58196199 -2.8063438 -0.027493035 1
-0.71101809 -3.3794787 0.83585161 1
-0.7381748 -3.5005248 0.34543681 2
-0.84440833 -3.4060984 0.96454841 1
-0.71371043 -3.3500276 1.45364 5
-0.72106409 -3.3733737 0.23037855 1
-0.88406307 -3.4817398 0.5954197 1
-0.91888994 -3.4675508 0.090904899 2
-0.82546836 -3.4482853 0.71898568 1
-0.49497312 -2.3647718 -0.030072587 1
-0.72365451 -3.400095 -0.018683556 3
-0.80087852 -3.4270604 1.0917904 1
-0.89866269 -3.4903033 0.59559155 1
-0.74840462 -3.4797723 0.4709003 1
-0.71917349 -3.3281808 1.3212996 4
-0.75403953 -3.4373748 1.2191132 6
-0.76242238 -3.5524626 0.34262389 2
-0.853827 -3.3934314 0.96321535 1
-0.73804897 -3.3940861 0.22829314 1
-0.72880465 -3.4041243 0.83831209 1
-0.59174168 -2.8041945 -0.02755909 1
-0.43101186 -2.0765083 -0.041806147 1
-0.72708571 -3.354984 1.4556605 5
-0.92738944 -3.448724 0.092717633 2
-0.8389535 -3.4511037 0.71923929 1
-0.81131387 -3.4204736 1.0910753 1
-0.76369351 -3.427129 1.2174835 4
-0.75906986 -3.4732797 0.47087941 1
-0.74076802 -3.3637817 1.4587333 5
-0.73336548 -3.3369775 1.3239635 2
-0.50362086 -2.3648386 -0.03057134 1
-0.90775472 -3.4754581 0.59526157 1
-0.73551977 -3.3974464 -0.018761795 3
-0.87269181 -3.4172354 0.96664196 1
-0.5955565 -2.7751606 -0.022379089 1
-0.74155861 -3.4053621 0.83859622 1
-0.43905732 -2.0786738 -0.042876605 1
-0.7472468 -3.3797278 0.22921824 1
-0.75475031 -3.4600053 0.34703261 2
-0.93350071 -3.4263966 0.095013805 2
-0.7461744 -3.3420489 1.3257169 4
-0.74678278 -3.3948853 -0.018837042 3
-0.82609427 -3.4290445 1.0929142 1
-0.51143503 -2.3630648 -0.030624069 1
-0.77208364 -3.4744108 0.47074357 1
-0.92345738 -3.4877779 0.59551579 1
-0.89621335 -3.4602647 0.97257227 1
-0.76799577 -3.4651878 0.34656623 2
-0.75640553 -3.3780265 1.4633739 3
-0.85307157 -3.4537215 0.71948934 1
-0.7691493 -3.3936505 1.2111856 6
-0.44458354 -2.0694821 -0.040883377 1
-0.60695338 -2.7806304 -0.023942713 1
-0.7543301 -3.4065473 0.83887988 1
-0.76217884 -3.3905859 0.22796763 1
-0.94761413 -3.4306617 0.093984872 2
-0.90726537 -3.4532025 0.97199219 1
-0.83279079 -3.4049869 1.0893193 3
-0.76049358 -3.3507149 1.3283787 2
-0.78511637 -3.4754972 0.47060704 1
-0.75863022 -3.3921514 -0.018915704 3
-0.52008927 -2.3630705 -0.031122863 1
-0.45012233 -2.0622501 -0.039397553 1
-0.77145082 -3.4291751 0.84116143 2
-0.76907855 -3.3790569 1.4643453 5
-0.86314356 -3.4428895 0.71896327 1
-0.94364899 -3.5112669 0.59600991 1
-0.78384745 -3.4758699 0.34579811 2
-0.61795771 -2.7841384 -0.025132412 1
-0.96613383 -3.4501381 0.091055483 2
-0.78384799 -3.4002728 1.2130451 8
-0.77687776 -3.3973696 0.22704834 1
-0.91455102 -3.4347703 0.96991402 1
-0.95208102 -3.4964674 0.59568393 1
-0.882604 -3.4708431 0.72066838 1
-0.76746434 -3.3738446 -0.0165493 3
-0.85306096 -3.4324372 1.0943481 7
-0.52695322 -2.3534455 -0.029408749 1
-0.77636689 -3.3629937 1.331951 4
-0.80106461 -3.4861236 0.47032771 1
-0.78675187 -3.43787 0.84216493 2
-0.46026379 -2.0717843 -0.04251501 1
-0.77879345 -3.3648658 1.461117 8
-0.80488163 -3.435585 1.2207329 8
-0.97817379 -3.4466403 0.090975091 2
-0.79247028 -3.4553726 0.3465941 2
-0.63126284 -2.7951446 -0.027823938 1
-0.79289162 -3.4119911 0.22546351 1
-0.93295062 -3.4523473 0.97258198 1
-0.89268386 -3.4599271 0.72014296 1
-0.97188103 -3.5199716 0.59618104 1
-0.86603248 -3.4331782 1.0949078 3
-3.4960392 -14.617039 4.04667 3
-0.8150959 -3.4909885 0.47013482 1
-0.98624742 -3.431839 0.092323378 2
-0.81813836 -3.4404397 1.2222097 8
-0.80326807 -3.4053707 0.22572349 1
-0.79868674 -3.3958249 1.4704752 13
-0.78347588 -3.3862906 -0.019078635 3
-0.53375435 -2.3438015 -0.027694281 1
-0.7956565 -3.4193735 0.84063321 5
-0.46648782 -2.0643392 -0.041033402 1
-0.80963778 -3.4738588 0.34543845 2
-0.63738018 -2.7775321 -0.024889635 1
-0.94226444 -3.4415002 0.97150427 1
-0.9026112 -3.4510715 0.71973324 1
-3.5466328 -14.612848 4.0481882 2
-0.87991798 -3.4397616 1.0964291 3
-0.83002162 -3.4395361 1.2225237 6
-0.83044893 -3.5037162 0.46983278 1
-0.98307043 -3.5126171 0.59601676 1
-0.81820905 -3.4268389 1.4798387 5
-0.54331869 -2.349504 -0.029520396 1
-0.79840463 -3.3989339 -0.021603106 3
-0.47374833 -2.0645685 -0.041590981 1
-0.64565474 -2.771486 -0.024201151 1
-0.81027865 -3.4301758 0.84182495 4
-0.82398164 -3.4827008 0.34477445 2
-1.0050098 -3.451107 0.089392655 2
-0.81657732 -3.4082499 0.22514202 1
-0.92197466 -3.4747882 0.72121036 1
-0.95914805 -3.455282 0.97367531 1
-0.80404091 -3.3731327 -0.018002918 3
-1.0008919 -3.5282693 0.59634781 1
-3.6007442 -14.611619 4.0506043 3
-0.8393293 -3.4871128 0.46994972 1
-0.88686395 -3.4174922 1.0931557 1
-0.5556944 -2.3665428 -0.034005642 1
-0.8221305 -3.4293208 0.84193128 2
-0.65343213 -2.7635031 -0.02313788 1
-0.47919267 -2.0572543 -0.040104825 1
-0.83362263 -3.4721024 0.34509084 2
-3.5811565 -14.49801 4.5786424 3
-0.83833069 -3.4192629 1.218946 8
-1.025062 -3.4740949 0.085986152 2
-0.82895565 -3.4072051 0.22489533 1
-0.93040013 -3.4579737 0.72035146 1
-1.0125937 -3.5248361 0.59626913 1
-0.90794456 -3.4506788 1.0991479 3
-0.97997844 -3.4823394 0.97759581 1
-0.85441607 -3.495698 0.46970028 1
-0.56018257 -2.3493435 -0.030514246 1
-1.0562494 -3.5351596 0.07782989 2
-0.83269477 -3.383456 1.4691975 5
-0.81354123 -3.3585451 -0.016246889 3
-3.6565034 -14.605776 4.0520897 2
-0.84828514 -3.47667 0.34461534 2
-0.85172349 -3.4219363 1.2200317 6
-0.8351832 -3.4281294 0.84203017 4
-0.66637385 -2.7724264 -0.025454827 1
-0.4871574 -2.0572565 -0.040667333 1
-0.84573358 -3.4235144 0.22314133 1
-0.94354397 -3.4584568 0.72049403 1
-0.91843379 -3.4416847 1.0981104 5
-1.0340039 -3.5518575 0.5968467 1
-1.0843455 -3.5846655 0.071096852 2
-0.98769915 -3.4635644 0.97551507 1
-0.86624372 -3.4885676 0.46967286 1
-0.56733835 -2.3414965 -0.029241944 1
-0.84461677 -3.3862643 1.3406912 4
-0.8281582 -3.3670678 -0.018162688 3
-0.8690747 -3.4397542 1.2242225 8
-0.49618024 -2.0629449 -0.042760622 1
-0.67890596 -2.7814102 -0.027770072 1
-0.8476398 -3.4270334 0.84213263 2
-0.86091202 -3.4755259 0.34443814 2
-0.85916805 -3.4262319 0.22255978 1
-0.8589853 -3.4345183 1.4843141 11
-1.0025526 -3.4716029 0.97693908 1
-0.94202805 -3.4802403 1.1050549 5
-0.95941657 -3.4684958 0.72119129 1
-1.0464039 -3.5481198 0.59676421 1
-1.100407 -3.5921211 0.069587305 2
-0.85741729 -3.3869848 1.341526 4
-0.84284508 -3.3755407 -0.020077221 3
-0.57307345 -2.329952 -0.027079828 1
-0.87992048 -3.4912367 0.46950862 1
-0.86955857 -3.4588475 0.34504339 2
-0.68568212 -2.7674987 -0.025584202 1
-0.50429827 -2.0648537 -0.043831367 1
-0.8875584 -3.461288 1.2291896 6
-0.87340683 -3.4407611 1.4868553 5
-0.86307621 -3.4374614 0.84332055 1
-0.87062329 -3.4211795 0.22264898 1
-1.015808 -3.4717977 0.97735935 1
-1.058791 -3.544343 0.59668213 1
-0.97207665 -3.4669502 0.7212224 1
-1.1165345 -3.5995116 0.068078145 2
-0.94671899 -3.450222 1.1005056 3
-0.89352161 -3.4959457 0.46931976 1
-0.90710914 -3.4885774 1.2353222 8
-0.88088799 -3.4228377 1.4825877 5
-0.58215284 -2.3316131 -0.028021839 1
-0.84965837 -3.3533354 -0.017091563 3
-0.87122393 -3.3914239 1.343274 3
-0.89172429 -3.4943492 0.34300277 2
-0.88256329 -3.4180133 0.22256966 1
-0.50905401 -2.0536115 -0.041324656 1
-0.69335294 -2.7573712 -0.024148213 1
-0.881109 -3.4574661 0.84541237 1
-1.0740798 -3.5521793 0.59685028 1
-0.99469513 -3.5019701 0.72336555 1
-1.0382667 -3.5023191 0.98177558 1
-0.96308243 -3.4620032 1.1029794 3
-0.86077374 -3.3503971 -0.017164638 3
-0.59084505 -2.3333435 -0.028960783 1
-0.89451224 -3.4335911 1.354151 3
-0.90572602 -3.4927032 0.46923897 1
-0.90433431 -3.4951396 0.34273115 2
-0.90651757 -3.4379492 1.2255419 8
-1.1285174 -3.5914836 0.068465479 2
-0.8868624 -3.3972869 1.4762217 9
-0.89595908 -3.422663 0.22182347 1
-0.51520646 -2.0479832 -0.04035069 1
-0.89114141 -3.4465811 0.84461004 1
-0.70195937 -2.75103 -0.023461686 1
-1.0930042 -3.5714111 0.59726357 1
-1.0035446 -3.4868889 0.72261965 1
-1.0464277 -3.4853039 0.97994691 1
-0.91886693 -3.4953716 0.46907789 1
-0.9111985 -3.4102407 1.2204238 8
-0.97680902 -3.4642243 1.103858 3
-1.1471523 -3.6083963 0.065770432 2
-0.91276056 -3.4482799 1.4913419 11
-0.60296923 -2.3462396 -0.03256369 1
-0.91056705 -3.4454048 1.3577226 4
-0.87450045 -3.3549032 -0.01846672 3
-0.90463614 -3.4512053 0.84525824 1
-0.91705292 -3.4937859 0.3425529 2
-0.9110375 -3.4309504 0.22073846 1
-0.52097124 -2.0424316 -0.039373893 1
-0.71359122 -2.758076 -0.025398113 1
-1.1066773 -3.571286 0.59726417 1
-1.0521157 -3.462765 0.97737211 1
-0.990511 -3.4684556 1.1050578 3
-1.0191333 -3.4947495 0.72320503 1
-0.91993833 -3.4347763 1.3558222 6
-0.88046122 -3.3328011 -0.015474841 3
-0.93001568 -3.4881859 0.46905452 1
-0.60666221 -2.3290625 -0.029067472 1
-1.1671648 -3.6269011 0.062832355 2
-0.92811507 -3.488694 0.34257481 2
-0.92327005 -3.4394062 1.4896907 5
-0.93837804 -3.4597206 1.2312032 4
-0.91929841 -3.4575388 0.84608197 2
-0.72371155 -2.7573631 -0.025837056 1
-0.53007311 -2.0479634 -0.041467857 1
-0.9283036 -3.4468584 0.21898127 1
-1.0677565 -3.472415 0.97904336 1
-1.0394027 -3.5178363 0.72467679 1
-1.0048583 -3.472456 1.1062531 7
-1.1246408 -3.5823264 0.59750426 1
-0.96046627 -3.4942963 1.2388872 6
-0.94965106 -3.5118029 0.46857703 1
-1.1798244 -3.6226873 0.0627487 2
-0.93476337 -3.4342215 1.4890882 7
-0.93357384 -3.4350469 1.3566525 3
-0.61516678 -2.3267152 -0.029124476 1
-0.8989464 -3.3523073 -0.019232797 3
-0.93348593 -3.461904 0.84672779 5
-0.53871137 -2.0516009 -0.043049574 1
-0.73435456 -2.7584968 -0.026652005 1
-0.93877518 -3.477457 0.34288439 2
-0.94247657 -3.4511623 0.21823025 1
-1.0834805 -3.4799211 0.98046219 1
-1.1291379 -3.5556533 0.59693539 1
-1.0534009 -3.5219176 0.725043 1
-1.0209455 -3.4820788 1.1084069 9
-0.90794015 -3.3415773 -0.018080359 3
-0.96029252 -3.5025814 0.46858135 1
-0.62181187 -2.320806 -0.028288687 1
-0.94285935 -3.4243519 1.3547541 3
-1.201941 -3.6466706 0.059095666 11
-0.96729547 -3.4719615 1.2349288 6
-0.95460868 -3.4896131 0.34202218 2
-0.95042259 -3.4438686 1.4926777 7
-0.95174927 -3.4402473 0.21882725 1
-0.74186087 -2.7482445 -0.025214037 1
-0.54635113 -2.0514612 -0.043610148 1
-0.95093423 -3.4777102 0.84845471 2
-1.0662602 -3.5221231 0.72518712 1
-1.1403064 -3.5477831 0.59677243 1
-1.108382 -3.5136087 0.98537159 1
-1.0365386 -3.489738 1.1102408 3
-1.215947 -3.6481977 0.058301944 2
-0.92603135 -3.3611062 -0.021835601 3
-0.63199168 -2.3260226 -0.030118166 1
-0.95802003 -3.4321847 1.3574121 4
-0.96924156 -3.4875655 0.46867305 1
-0.97289342 -3.4458513 1.2301953 6
-0.74989086 -2.7418768 -0.024523588 1
-0.54998755 -2.0383782 -0.040586058 1
-0.97223634 -3.5053771 0.34096003 2
-0.96759933 -3.4502075 0.21757297 1
-0.95595831 -3.4514477 0.84621203 2
-0.97571349 -3.4868419 1.5056932 11
-1.0785563 -3.5182717 0.72510648 1
-1.1249441 -3.5249162 0.98729187 1
-1.1564649 -3.5550642 0.59693521 1
-1.0515882 -3.4975262 1.1120796 1
-1.2325476 -3.655086 0.056790557 2
-0.64221656 -2.3312035 -0.031946544 1
-0.93558753 -3.3501403 -0.020684825 3
-0.98731059 -3.4885981 1.371927 11
-0.98694551 -3.5032761 0.4683086 1
-0.98822814 -3.4536407 1.2324436 6
-0.55706662 -2.0363386 -0.040635023 1
-0.98283881 -3.4996841 0.85100913 4
-0.98144549 -3.461077 1.4993281 7
-0.76051933 -2.7429175 -0.025337335 1
-0.98557508 -3.5056884 0.3406831 2
-0.98464251 -3.4639223 0.2159816 1
-1.0678718 -3.509011 1.1145542 1
-1.0980693 -3.5372367 0.7263549 1
-1.1409739 -3.5321794 0.98870832 1
-1.1764998 -3.5736475 0.59734243 1
-0.9996832 -3.5037158 0.46817398 1
-1.0074785 -3.4766028 1.2377965 4
-1.2518147 -3.669404 0.054325558 2
-0.99238479 -3.4558752 1.4987304 7
-0.64491898 -2.3101013 -0.027563313 1
-0.99511528 -3.4700904 1.368199 4
-0.94727606 -3.3467369 -0.020761918 3
-0.56520683 -2.0379879 -0.041706353 1
-1.0000441 -3.509799 0.34021041 2
-0.77007264 -2.7401407 -0.025400503 1
-0.98894191 -3.475095 0.84894311 2
-0.99391884 -3.4507968 0.21674341 1
-1.0824928 -3.5126975 1.1157486 3
-1.1092002 -3.5294697 0.72605181 1
-1.1482909 -3.5130122 0.98663116 1
-1.193487 -3.5847685 0.5975889 1
-1.0130448 -3.5039461 0.46803805 1
-0.65364432 -2.3115954 -0.028501812 1
-1.0021971 -3.451755 1.3644762 4
-0.95836908 -3.3434672 -0.020834714 3
-1.0320116 -3.5143192 1.2462465 6
-1.2652819 -3.6667566 0.054002233 2
-1.0099517 -3.4708054 1.5038875 7
-1.0173295 -3.5255201 0.3391501 2
-1.0116181 -3.4683807 0.21481875 1
-0.78292704 -2.7486367 -0.027716262 1
-0.57553065 -2.0470414 -0.044823468 1
-1.0061384 -3.4887159 0.85048896 1
-1.1239843 -3.5330751 0.7264148 1
-1.2053536 -3.5785856 0.59746724 1
-1.0929615 -3.5031648 1.1147133 3
-1.1618221 -3.5126476 0.98704994 1
-0.66610789 -2.3241508 -0.032106742 1
-1.0176114 -3.4593415 1.3671345 4
-0.97003227 -3.339993 -0.020909768 3
-0.58337826 -2.048727 -0.04589222 1
-1.0477036 -3.5218687 1.2484927 4
-1.0310075 -3.519434 0.46767113 1
-1.2833933 -3.6771708 0.052013058 3
-1.0276345 -3.4856503 1.5090451 9
-1.0245401 -3.5081742 0.85257971 1
-0.7909072 -2.7421436 -0.027026506 1
-1.0319208 -3.5294998 0.33867636 2
-1.0266011 -3.4742596 0.2138997 1
-1.1766721 -3.5180693 0.98822039 1
-1.1388086 -3.5366137 0.72677571 1
-1.1033773 -3.4935906 1.1136769 5
-1.2204678 -3.581799 0.59754729 1
-0.67642897 -2.3291759 -0.03393602 1
-0.98510039 -3.3478205 -0.022827134 3
-1.0353584 -3.4743078 1.3716143 6
-1.0496229 -3.4843409 1.2414358 6
-1.0386542 -3.5003989 0.46782163 1
-1.0407724 -3.5142853 0.33918682 2
-1.3002543 -3.6837599 0.050499219 3
-0.58495325 -2.0280476 -0.040824268 1
-1.0344837 -3.4968538 0.85177881 1
-1.0358143 -3.4610078 0.21466099 1
-0.79819936 -2.7317328 -0.025586843 1
-1.040933 -3.4856579 1.5100143 5
-1.2012361 -3.5494885 0.99287933 1
-1.1524143 -3.5363028 0.72691643 1
-1.1131283 -3.4821115 1.1123227 3
-1.2276782 -3.5623152 0.59714115 1
-1.0549058 -3.4968214 1.3779211 6
-1.0646794 -3.491991 1.243686 6
-1.0572954 -3.5197771 0.46740121 1
-1.0502207 -3.4747202 1.5078433 7
-1.0514101 -3.4707763 0.21340895 1
-0.99332482 -3.3329046 -0.021061715 3
-0.68226355 -2.3192217 -0.032215234 1
-1.0466924 -3.4931202 0.85169923 1
-0.80999798 -2.7363431 -0.027151041 1
-0.59872007 -2.0480907 -0.047012269 1
-1.3198845 -3.6977384 0.048032358 3
-1.0553788 -3.5181584 0.33871251 2
-1.1654146 -3.5361481 0.72706079 1
-1.2201576 -3.5639191 0.9952932 1
-1.2501382 -3.5861635 0.59766692 1
-1.0689681 -3.5161424 0.4673245 1
-1.1419821 -3.5287309 1.1208472 1
-1.0572393 -3.4634767 1.3705535 4
-1.0809753 -3.503325 1.2467115 6
-1.0571473 -3.456388 1.5035806 5
-0.68534368 -2.3019395 -0.028713619 1
-1.0043718 -3.3294785 -0.021133808 3
-1.0618107 -3.5009522 0.85270643 1
-0.60547584 -2.0459936 -0.047057718 1
-0.82251865 -2.7447968 -0.029465063 1
-1.064714 -3.4707761 0.21299405 1
-1.068228 -3.5183489 0.33844012 2
-1.3307421 -3.6873963 0.048662808 3
-1.1816112 -3.5432997 0.72764289 1
-1.2339199 -3.5632689 0.99570894 1
-1.2640074 -3.5854359 0.59766632 1
-1.0848374 -3.5237296 0.46707174 1
-0.69526273 -2.3069949 -0.030540796 1
-1.0154063 -3.3260212 -0.021205243 3
-1.156803 -3.5321219 1.1220422 1
-1.0716753 -3.4671006 1.3722985 3
-1.0876623 -3.5394654 0.33708215 2
-1.0769941 -3.508719 0.8537131 4
-0.82693094 -2.726938 -0.026520144 1
-1.0860833 -3.505971 1.5186822 8
-0.61222535 -2.0438731 -0.047102831 1
-1.1045479 -3.5328956 1.2536032 4
-1.0822456 -3.4840209 0.21140024 1
-1.3449956 -3.6863215 0.048101269 3
-1.1913873 -3.5314832 0.72711986 1
-1.1773555 -3.5543606 1.1264254 6
-1.2370362 -3.5326755 0.99213839 1
-1.0995613 -3.5274377 0.46687686 1
-0.70094299 -2.2970006 -0.028817983 1
-1.2806144 -3.5921676 0.5978272 1
-1.1024441 -3.5149379 1.5222673 4
-1.0287802 -3.3259208 -0.021898501 3
-1.1009794 -3.5149908 1.3849761 5
-1.1229097 -3.5475936 1.2573982 7
-1.1048663 -3.548661 0.33630702 2
-1.0940725 -3.5179307 0.85489172 3
-0.83572143 -2.7200241 -0.025833707 1
-0.61851794 -2.0378153 -0.046129197 1
-1.0944045 -3.4801152 0.21132192 1
-1.3634367 -3.6963634 0.046110693 3
-1.1853021 -3.5370557 1.1241158 4
-1.2174798 -3.5668116 0.72935766 1
-1.2668585 -3.5767646 0.99853808 1
-1.2897139 -3.5781705 0.5975433 1
-1.116775 -3.5386934 0.46656552 1
-1.1310275 -3.5325639 1.2549971 4
-1.1159087 -3.5146561 1.5232352 6
-1.0439943 -3.3334806 -0.023816146 3
-0.71525121 -2.3128867 -0.033314407 1
-1.115651 -3.5184445 1.386719 7
-1.3834287 -3.7121277 0.043407883 3
-1.1026996 -3.5026071 0.85373074 3
-0.6185587 -2.0134189 -0.04003511 1
-0.84997255 -2.7319422 -0.028902516 1
-1.1221431 -3.5598884 0.33543816 2
-1.1102428 -3.4875262 0.21023241 1
-1.2299315 -3.5624318 0.72927684 2
-1.1989406 -3.5365233 1.1246723 4
-1.2861397 -3.590863 1.0009489 1
-1.3126268 -3.6016617 0.59806681 1
-0.7222926 -2.3085389 -0.032921396 1
-1.1188481 -3.4887257 1.3802644 4
-1.1303667 -3.5384614 0.46642742 1
-1.0526086 -3.3223672 -0.022659246 3
-1.1445925 -3.5322216 1.2556913 7
-1.1413596 -3.5788264 0.33417591 2
-1.1280227 -3.5026505 0.20847337 1
-1.1155616 -3.4721234 1.512165 7
-0.85707152 -2.721374 -0.027460955 1
-1.4013546 -3.7201369 0.041654702 3
-1.1136976 -3.4948452 0.85329169 3
-0.63266087 -2.0332208 -0.046224911 1
-1.2423686 -3.5580053 0.72919571 1
-1.2086866 -3.52476 1.1233184 4
-1.2938774 -3.5732088 0.99912333 1
-1.0629683 -3.3148062 -0.022119453 3
-0.72608441 -2.2929134 -0.02986576 1
-1.1383723 -3.5068953 1.3856536 5
-1.1521084 -3.56288 0.46591306 1
-1.331512 -3.6137955 0.59834832 1
-0.63697195 -2.023658 -0.044222102 1
-1.1581708 -3.5318336 1.2563868 9
-1.1538528 -3.5747101 0.3340953 2
-1.1295075 -3.4736164 1.5136567 5
-1.1477883 -3.5212619 0.2063712 1
-0.86729664 -2.7221453 -0.028271668 1
-1.1327525 -3.5137432 0.85537863 6
-1.4186368 -3.7261982 0.040138144 3
-1.2492635 -3.6004755 1.1369309 6
-1.2635695 -3.5779645 0.73054838 1
-1.3491588 -3.6242182 0.59859335 1
-1.3021989 -3.5574074 0.99754721 1
-0.73527873 -2.2939594 -0.030806702 1
-1.164222 -3.5434272 1.3955966 3
-1.1730167 -3.5351083 1.2578568 4
-1.0782603 -3.3222094 -0.02403729 3
-1.1651794 -3.5606117 0.46580279 1
-1.1588267 -3.5207996 1.5282295 4
-0.64520741 -2.0249903 -0.045292549 1
-0.87677652 -2.7189803 -0.02833409 1
-1.1475325 -3.5172222 0.85602027 3
-1.1612831 -3.5553873 0.33480644 2
-1.1600779 -3.5171185 0.20629278 1
-1.4309229 -3.7192538 0.040292431 3
-1.2485557 -3.5588002 1.1304818 2
-1.2746966 -3.5696676 0.7302469 1
-1.177626 -3.5585139 0.46569744 1
-1.3603834 -3.6156301 0.59842968 1
-1.3174156 -3.5601568 0.99846262 1
-1.1885527 -3.5422416 1.2601048 4
-1.1736081 -3.5259886 1.5307704 8
-1.1665983 -3.509732 1.3882282 3
-0.74449193 -2.2949605 -0.031748332 1
-1.0911059 -3.3220472 -0.024726512 3
-0.88126051 -2.7008803 -0.025389461 1
-0.6546846 -2.0299456 -0.047388606 1
-1.1668009 -3.5338547 0.85792154 1
-1.1787952 -3.5663369 0.33393523 2
-1.1685024 -3.5016091 0.20722488 1
-1.446822 -3.7214899 0.039253164 3
-1.3341594 -3.5686586 1.0001303 1
-1.1952132 -3.5694153 0.46538502 1
-1.1820269 -3.5168052 1.3908863 7
-1.2857817 -3.5613375 0.72994691 1
-1.0983102 -3.3070636 -0.022954723 3
-1.2663469 -3.569176 1.132949 4
-0.7520721 -2.292367 -0.031799126 1
-1.3737262 -3.6126113 0.5983879 1
-1.1996391 -3.5342705 1.2592509 4
-1.2041428 -3.6020038 0.33178109 2
-1.1872399 -3.518333 0.20529543 1
-1.1815357 -3.5089936 1.5270293 6
-0.89066517 -2.69768 -0.025449937 1
-0.65678799 -2.0128849 -0.043339163 1
-1.1842734 -3.5447381 0.85928261 1
-1.4656982 -3.7310433 0.037259899 3
-1.359427 -3.5972188 1.0045317 1
-1.1904818 -3.5015268 1.3880746 5
-0.76130223 -2.2933075 -0.032739986 1
-1.2141962 -3.5840037 0.4650124 1
-1.1059998 -3.2918704 -0.021185989 3
-1.3037744 -3.5716896 0.7307471 1
-1.3907015 -3.6188502 0.59854692 1
-1.2760998 -3.5572135 1.1315948 4
-1.2180179 -3.6014409 0.33150306 2
-1.2216953 -3.5577369 1.2649782 9
-0.66217756 -2.0069275 -0.042359602 1
-0.90467888 -2.7094615 -0.028517475 1
-1.1973273 -3.5444505 0.85956699 1
-1.2146754 -3.5649352 1.5442139 8
-1.2060657 -3.5328665 0.20352967 1
-1.4868847 -3.7460332 0.0345507 4
-1.3212321 -3.5822022 0.73155195 1
-1.3734233 -3.5960371 1.0049474 1
-1.4150772 -3.6436205 0.59910756 1
-0.7654525 -2.2794638 -0.030127026 1
-1.118777 -3.2916045 -0.021874491 3
-1.2078611 -3.5119519 1.3916394 1
-1.2293441 -3.5871837 0.46481571 1
-1.2967241 -3.5748577 1.1353343 6
-1.2216893 -3.5181985 1.2575431 7
-1.2137003 -3.5223269 1.5331482 6
-1.218869 -3.5664842 0.86200744 1
-0.91154283 -2.6987488 -0.027073959 1
-0.67545062 -2.0227702 -0.047527242 1
-1.2292765 -3.5932734 0.33162022 2
-1.2210404 -3.5360429 0.2027764 1
-1.5044525 -3.7517273 0.033033546 4
-1.3422339 -3.5998578 0.73279005 1
-1.3975719 -3.6206644 1.0088499 1
-1.2214241 -3.5112894 1.3924724 5
-0.77595174 -2.2840314 -0.031956635 1
-1.1289508 -3.2838252 -0.021333331 3
-1.3181778 -3.594255 1.1393908 4
-0.68247277 -2.0202897 -0.04757398 1
-1.2405349 -3.5789871 0.4647944 1
-1.251152 -3.5618527 1.267529 5
-1.429278 -3.6422522 0.59910458 1
-0.92353803 -2.7028489 -0.028639402 1
-1.2363313 -3.5470829 1.5414387 6
-1.231321 -3.5620968 0.86192781 4
-1.2365092 -3.57377 0.33233213 2
-1.2373874 -3.5429001 0.20168447 1
-1.506982 -3.7206039 0.036290664 3
-1.3576593 -3.6024952 0.73314989 1
-1.4087517 -3.6119666 1.0082706 1
-1.3280116 -3.5842166 1.1383595 2
-0.78259087 -2.2775154 -0.031120116 1
-1.1443673 -3.2909207 -0.023250431 3
-1.4464753 -3.6482434 0.59926236 1
-1.2336848 -3.506906 1.3923937 5
-1.2563888 -3.5839305 0.46456742 1
-1.2583688 -3.59566 0.33086509 2
-1.2756003 -3.5905766 1.274416 7
-1.2437577 -3.5576625 0.86184788 4
-0.69206083 -2.0250671 -0.049670398 1
-0.93032801 -2.6920784 -0.027197026 1
-1.2531264 -3.5478103 0.20076106 2
-1.2526309 -3.553555 1.5444971 4
-1.5237749 -3.7243576 0.035012778 4
-1.3853801 -3.6367223 0.73537117 1
-1.341935 -3.5831337 1.1389073 2
-1.425054 -3.6161156 1.0094253 1
-1.2729768 -3.5906782 0.46430191 1
-1.4622272 -3.6504512 0.59933102 1
-0.79838979 -2.2966733 -0.036512662 1
-1.1571834 -3.2904813 -0.023948101 3
-1.261852 -3.5464058 1.4032325 3
-0.68999445 -1.9970282 -0.042550877 1
-1.283425 -3.5730956 1.2716192 10
-0.94102806 -2.6923795 -0.028018074 1
-1.2528079 -3.5438132 0.86086112 3
-1.2716391 -3.5601385 0.19915399 2
-1.2776941 -3.6098971 0.32978436 2
-1.2637268 -3.5454266 1.5433642 4
-1.526919 -3.6971765 0.037788469 3
-1.3594141 -3.5912282 1.1410333 4
-1.3951689 -3.6243021 0.73482734 1
-1.4332175 -3.5999768 1.0078294 1
-1.2836149 -3.5674856 1.4095058 5
-0.80504799 -2.2900906 -0.035689402 1
-1.4863726 -3.6729574 0.59982741 1
-1.2889379 -3.595484 0.46405396 1
-1.3013467 -3.5832069 1.2746121 10
-1.1673124 -3.2825863 -0.02342551 3
-0.69955075 -2.0017588 -0.044659197 1
-1.2774402 -3.5445242 1.5443091 6
-1.2909801 -3.6071739 0.32958379 2
-1.2706305 -3.5542817 0.86219829 3
-0.95040274 -2.6889563 -0.028094865 1
-1.2875029 -3.5649045 0.19820912 2
-1.5367281 -3.6843653 0.038637169 3
-1.4063554 -3.6155808 0.73450446 1
-1.3755347 -3.5955501 1.1425205 6
-1.4585478 -3.6260717 1.0119565 1
-1.2893138 -3.5446284 1.4048532 5
-0.81033075 -2.2798212 -0.033977631 1
-1.1801213 -3.2820706 -0.024133956 3
-1.4976636 -3.6639223 0.59964204 1
-1.313255 -3.6227398 0.46345136 1
-1.3241615 -3.6061211 1.2803152 7
-1.3001208 -3.5931466 0.32997739 2
-0.95976591 -2.6855018 -0.028171485 1
-1.2884789 -3.5363245 1.5431628 6
-1.2892307 -3.5665438 0.86371642 4
-0.70782286 -2.0028257 -0.045741569 1
-1.2964746 -3.5509186 0.19895267 2
-1.5480282 -3.6751862 0.039009683 3
-1.3917016 -3.5998132 1.1440092 4
-1.5175425 -3.6772637 0.59994161 1
-1.42046 -3.6142492 0.73462254 5
-1.4772666 -3.6355197 1.0138422 1
-0.81690413 -2.2732029 -0.033153724 1
-1.1929421 -3.281502 -0.024842756 3
-1.3203143 -3.6030197 0.46358502 1
-1.3071555 -3.554599 1.408394 5
-1.3353703 -3.5977063 1.2794398 5
-1.3058511 -3.5731149 0.8646946 4
-0.7161119 -2.0038478 -0.046825554 1
-0.96775347 -2.6783347 -0.027494656 1
-1.3161479 -3.5978277 0.32938039 2
-1.3387767 -3.6329427 1.5723413 4
-1.3109694 -3.5518501 0.19834603 2
-1.5498394 -3.6441069 0.04225067 3
-1.5194756 -3.6460443 0.59927952 1
-1.4108324 -3.6113448 1.1467688 2
-1.4435396 -3.6350703 0.73605496 1
-1.5021759 -3.6595414 1.0177175 1
-1.3435431 -3.6284511 0.46301556 1
-1.3529019 -3.6078253 1.2824378 5
-1.3392129 -3.5976975 1.5633571 8
-1.2016139 -3.2697875 -0.02370494 3
-0.82617044 -2.2738705 -0.034108631 1
-1.3388627 -3.6009207 1.4210366 5
-1.3287077 -3.5930879 0.32927892 2
-0.72441763 -2.0048475 -0.047908075 1
-0.97295076 -2.6637714 -0.025313769 1
-1.327611 -3.5582969 0.19723111 2
-1.3323466 -3.605716 0.86818701 4
-1.5657306 -3.6458149 0.04119027 3
-1.5127789 -3.6507733 1.0171213 1
-1.4532176 -3.6224897 0.73551357 1
-0.83643252 -2.2782948 -0.035950501 1
-1.2138468 -3.2693529 -0.024408594 3
-1.3519415 -3.6124067 0.46309137 1
-1.3494214 -3.592726 1.42003 5
-1.3556232 -3.5773456 1.2769213 10
-1.5369179 -3.6516218 0.59941351 1
-1.4322658 -3.6282787 1.1504809 2
-1.3303908 -3.5370176 1.5470514 6
-1.3477197 -3.6072083 0.32818833 2
-1.3408365 -3.5574727 0.19679713 2
-0.72864902 -1.9949511 -0.045916587 1
-1.3442283 -3.5990655 0.86790478 3
-0.98639131 -2.6712596 -0.027648771 1
-1.5880501 -3.6620011 0.038217258 3
-1.5232002 -3.6398771 1.0162724 8
-0.84018326 -2.2643061 -0.033347938 1
-1.4749881 -3.6394403 0.73672652 1
-1.5496672 -3.6461179 0.59931082 1
-1.2238373 -3.2612808 -0.023884561 3
-1.3638337 -3.6056757 0.4630194 1
-1.3549558 -3.5697286 1.4153788 5
-1.4404879 -3.6121745 1.1484714 2
-1.3696218 -3.6265988 0.32679439 2
-1.3773751 -3.5962565 1.2818477 10
-0.73385036 -1.9887995 -0.044946801 1
-1.3604527 -3.5712259 0.19500601 2
-0.99803019 -2.6751943 -0.029226817 1
-1.3692057 -3.600677 1.5668137 4
-1.3625913 -3.6112216 0.86942512 4
-1.6001934 -3.6565843 0.03811809 3
-1.4962566 -3.6565454 0.73794401 4
-1.5374752 -3.6380692 1.016665 1
-0.84945595 -2.2648818 -0.034302387 1
-1.2323618 -3.2494884 -0.022745498 3
-1.4605819 -3.625283 1.1515473 4
-1.3829429 -3.6175461 0.46265101 1
-1.3716717 -3.5757587 1.4180073 7
-1.5663884 -3.6497233 0.59940422 1
-1.0073434 -2.6715679 -0.029303622 1
-1.4129295 -3.6497529 1.2941202 11
-0.74353027 -1.9933149 -0.047055863 1
-1.3888103 -3.6137562 1.5719383 6
-1.3802434 -3.6193254 0.87057924 3
-1.3772759 -3.5774605 0.19389054 2
-1.3786678 -3.612366 0.32719076 2
-1.6202636 -3.6671453 0.035861541 3
-1.548602 -3.6289251 1.0160655 1
-1.5121152 -3.6585424 0.73827851 2
-1.4777699 -3.6310036 1.1533518 6
-1.4028838 -3.6311872 0.46225119 1
-1.5863742 -3.6605809 0.59965688 1
-0.85732669 -2.2617846 -0.034367524 1
-1.2494444 -3.2597575 -0.025300501 3
-1.4278525 -3.6501615 1.295177 8
-1.41273 -3.6433284 1.4361036 8
-1.6406034 -3.679709 0.033369374 4
-1.0123644 -2.6569328 -0.027119927 1
-1.3972429 -3.6254969 0.87155443 3
-1.3978416 -3.6241381 0.32619277 2
-0.75044692 -1.9905987 -0.047111992 1
-1.3851267 -3.5674896 1.5598174 8
-1.3934277 -3.5817676 0.19294368 2
-1.5233315 -3.6494467 0.73795581 1
-1.4867743 -3.6186919 1.1519837 6
-1.5968946 -3.6515231 0.59947896 1
-1.5652502 -3.6324739 1.0172049 7
-1.4254564 -3.6382759 1.436002 8
-0.86233306 -2.2513914 -0.032653514 1
-1.4273639 -3.6558788 0.46167174 1
-1.2593626 -3.2515659 -0.024776638 3
-1.7136309 -3.8056858 0.015799781 6
-1.0244936 -2.6605587 -0.028702686 1
-1.415769 -3.6353004 0.87288767 3
-1.4406034 -3.6450493 1.2950743 8
-1.4097564 -3.6172483 0.32619038 2
-0.75735527 -1.9878439 -0.047170121 1
-1.3997338 -3.5679183 1.5612843 6
-1.411106 -3.5897031 0.19165811 2
-1.6169994 -3.6622264 0.59973043 1
-1.5407873 -3.6550012 0.73850977 4
-1.734557 -3.8178849 0.013303594 6
-1.5040138 -3.6242852 1.1537869 6
-1.5843472 -3.6413915 1.019088 3
-1.4207178 -3.5898101 1.4249848 5
-0.87303931 -2.2554963 -0.034497831 1
-1.271433 -3.248852 -0.025176076 3
-1.4326851 -3.6321907 0.4618679 1
-1.4422659 -3.6126251 1.2891746 10
-0.76425362 -1.9850655 -0.047228344 1
-1.4225448 -3.6154215 0.87135029 3
-1.0323036 -2.6531971 -0.028024374 1
-1.4350046 -3.6437032 0.324395 2
-1.4251847 -3.5951378 1.5705888 6
-1.4273664 -3.5938554 0.1907097 2
-1.6332641 -3.6658275 0.59982902 1
-1.6028891 -3.650507 1.0209758 3
-1.5503813 -3.6421471 0.7379685 5
-1.525951 -3.6406963 1.1574948 6
-0.88233107 -2.2559276 -0.035452668 1
-1.2798097 -3.2369282 -0.024035955 3
-1.4498694 -3.6381607 0.46158665 1
-1.4690235 -3.641957 1.2964153 8
-1.4281232 -3.5720897 1.4216983 11
-1.4336756 -3.6066253 0.87089026 3
-1.7544112 -3.8239527 0.011514429 6
-1.4484726 -3.6403921 0.32419246 2
-1.0386089 -2.6421537 -0.02659405 1
-1.4391983 -3.5936236 1.5715337 6
-0.7697041 -1.9786752 -0.046260431 1
-1.4421657 -3.59426 0.19010115 2
-1.6659799 -3.7036455 0.60067058 2
-1.6188929 -3.6520152 1.0218657 3
-1.5646942 -3.6402521 0.73808503 6
-1.5410041 -3.6406868 1.1583456 4
-1.2910985 -3.2323053 -0.024127452 3
-1.4620488 -3.6192355 1.4347856 6
-1.4663572 -3.6422071 0.46133453 1
-0.88284111 -2.2346437 -0.031067275 1
-1.7593259 -3.799684 0.013799417 6
-0.77947259 -1.9830192 -0.04836981 1
-1.4892493 -3.6548321 1.3001779 8
-1.4545496 -3.6217656 0.87276018 4
-1.0492853 -2.6420319 -0.027421862 1
-1.4551377 -3.620389 0.32488811 2
-1.4623016 -3.6074984 0.18830626 2
-1.45836 -3.6045389 1.5761322 12
-1.6841172 -3.7106874 0.60084635 2
-1.6375694 -3.6609695 1.0237525 7
-1.5815986 -3.6458893 0.73864257 4
-1.5537192 -3.6351655 1.1582428 4
-0.89208615 -2.2350261 -0.03202242 1
-1.3023692 -3.2276506 -0.024218215 3
-1.4806588 -3.6283994 1.4383215 6
-1.4943475 -3.6739001 0.46063218 1
-1.7793882 -3.8077278 0.011775685 6
-1.498987 -3.6422594 1.2985297 5
-1.0614636 -2.6454918 -0.029004667 1
-0.79513848 -2.0016322 -0.054581657 1
-1.4755476 -3.6368132 0.87463063 3
-1.4670131 -3.6133125 0.32488686 2
-1.4939041 -3.6546052 1.5922254 8
-1.4840794 -3.6243188 0.18617143 2
-1.6635745 -3.6839809 1.0276198 2
-1.6008172 -3.654819 0.73941332 4
-1.6943496 -3.6971002 0.60057861 2
-1.5703756 -3.6386514 1.1597278 6
-1.5049926 -3.6651051 0.46059415 1
-1.5187029 -3.6552424 1.3022956 8
-1.5082713 -3.6548738 1.5936943 6
-0.90283525 -2.2389877 -0.03386648 1
-1.4903225 -3.615917 1.4364015 8
-1.3166547 -3.2302418 -0.025541885 3
-1.7755592 -3.7655077 0.016456943 5
-1.4857725 -3.6227868 0.32398671 2
-0.79913288 -1.9915761 -0.052588176 1
-1.4905449 -3.6370389 0.87506652 9
-1.0631547 -2.6234899 -0.025311844 1
-1.4890097 -3.6005995 0.18776383 2
-1.6882837 -3.7053511 1.0312428 2
-1.6145744 -3.6530142 0.73953319 7
-1.5856419 -3.640543 1.1609008 6
-1.713202 -3.703701 0.600748 2
-1.3258287 -3.2220831 -0.025012204 3
-0.91022754 -2.2358546 -0.033928484 1
-1.5139067 -3.6504905 0.46064186 1
-1.5253143 -3.6353714 1.2991028 11
-1.5053545 -3.6180272 1.438123 20
-1.5097491 -3.6228144 1.5857588 12
-1.5063068 -3.6379726 0.32279164 3
-1.5126201 -3.6230316 0.18512447 2
-0.80157495 -1.9779478 -0.049568187 1
-1.4986119 -3.6206708 0.87388986 13
-1.0753195 -2.6268873 -0.026893483 1
-1.7971239 -3.7749209 0.014189187 6
-1.7152952 -3.7277923 1.0351028 10
-1.6273297 -3.6472342 0.73943156 6
-1.5999649 -3.6384716 1.1614318 6
-1.7295536 -3.7048016 0.6008004 2
-1.5225779 -3.6233966 1.4407487 8
-1.3324437 -3.2063832 -0.023253897 3
-1.5341327 -3.6209009 1.2970701 13
-0.9255777 -2.2505057 -0.038444433 1
-1.5305651 -3.6542552 0.46038961 1
-1.5152913 -3.62657 0.87486678 8
-1.5268161 -3.6509452 0.32169077 3
-0.80209094 -1.96091 -0.04551838 1
-1.0870634 -2.6304214 -0.028471902 1
-1.5284036 -3.6249218 0.18434452 2
-1.5186089 -3.6085405 1.5830454 8
-1.8233341 -3.7952552 0.010487786 6
-1.6543617 -3.6743929 0.74129725 7
-1.6217663 -3.654644 1.165143 6
-1.719015 -3.701901 1.0322683 4
-1.7528311 -3.7202613 0.60116494 2
-0.92116851 -2.2184367 -0.031384386 1
-1.3451762 -3.2052104 -0.02396019 3
-1.5464786 -3.6561084 0.46016613 1
-1.5460271 -3.6429944 1.4470103 6
-1.5561626 -3.6370094 1.3016016 22
-0.81343603 -1.968643 -0.048653986 1
-1.09622 -2.6264713 -0.028548118 1
-1.529523 -3.6248031 0.87512404 11
-1.5537119 -3.6486974 0.1815289 2
-1.5442215 -3.6332479 1.5918213 8
-1.5332623 -3.6307681 0.32238817 6
-1.8654656 -3.8475335 0.0024721713 7
-1.6722085 -3.6793485 0.74184877 1
-1.6435186 -3.6686182 1.1685302 7
-1.7276841 -3.6867967 1.030924 2
-1.3594836 -3.2076108 -0.025283774 3
-0.93196046 -2.2222397 -0.033229604 1
-1.5540882 -3.6267505 1.4441823 8
-1.7760215 -3.7334793 0.60148466 2
-1.5491099 -3.6325901 0.32188615 3
-1.5751725 -3.6458182 1.3045895 23
-1.5584474 -3.6487138 0.46009335 1
-1.5545982 -3.6224258 1.5901535 8
-0.81873965 -1.9621211 -0.047684081 1
-1.1084701 -2.6297202 -0.030129809 1
-1.5493004 -3.6357758 0.87663376 17
-1.5648531 -3.6394603 0.1817663 2
-1.8729383 -3.8305109 0.0038067363 7
-1.6598059 -3.6720133 1.1700184 9
-1.6991818 -3.7020273 0.7434842 1
-1.7517127 -3.7038836 1.0340428 2
-1.5703824 -3.6412945 0.46002224 1
-0.94434392 -2.2295811 -0.035965316 1
-1.3706675 -3.2027133 -0.025373483 3
-1.8013027 -3.7522955 0.60192561 2
-1.5698897 -3.6283228 1.4458981 8
-1.5942622 -3.6545398 1.3075763 14
-1.5726939 -3.6292326 1.5937049 8
-1.5705934 -3.6471562 0.32068396 3
-1.5651873 -3.6375184 0.8772468 19
-1.1176237 -2.6256931 -0.030205458 1
-0.82554787 -1.9591225 -0.047740985 1
-1.5791639 -3.6374795 0.18132453 2
-1.8889726 -3.8291197 0.0029787819 7
-1.684243 -3.6911588 1.1743555 9
-1.7324882 -3.7393236 0.7459954 1
-1.5824587 -3.6359427 0.45992556 12
-1.7843142 -3.7366047 1.0393866 2
-1.6071899 -3.650913 1.307865 11
-1.586305 -3.6274335 1.5946548 12
-0.94895768 -2.2189958 -0.034247514 1
-1.3826301 -3.1995785 -0.025771711 3
-1.817928 -3.753036 0.60197687 2
-1.5873007 -3.6333961 1.4485223 8
-1.9088186 -3.8368821 0.00095828332 7
-1.5770847 -3.6300931 0.87696701 8
-1.1188664 -2.6036646 -0.026508236 1
-0.83079469 -1.9525591 -0.046771977 1
-1.5889721 -3.6543119 0.3198815 3
-1.5975313 -3.6445575 0.18003465 2
-1.7361343 -3.7132688 0.74469131 1
-1.7203528 -3.7331412 1.1828092 7
-1.6041312 -3.6386731 1.4511515 8
-0.96417618 -2.233547 -0.038762644 1
-1.3924288 -3.193028 -0.025549635 3
-1.6041147 -3.6503472 0.45948923 1
-1.851668 -3.7898703 0.60281157 2
-1.8043307 -3.7445018 1.0412643 4
-1.6215538 -3.6487465 1.3085349 11
-1.6067816 -3.6616566 0.31908271 3
-1.6005555 -3.6252885 1.595596 12
-1.6153315 -3.6518247 0.17874843 2
-1.1358874 -2.6175671 -0.030354006 1
-0.83600384 -1.9459857 -0.045801762 1
-1.9384059 -3.8619025 -0.0034676036 8
-1.5962436 -3.6389899 0.8782953 12
-1.7519236 -3.766288 1.1896812 5
-1.7525485 -3.7142622 0.74502289 1
-1.6260712 -3.6667597 0.45902696 1
-1.6442291 -3.6664605 1.3134557 12
-1.6165627 -3.6286554 1.5981098 14
-1.4059832 -3.1934211 -0.026564395 3
-0.96239066 -2.2086756 -0.033480693 1
-1.8631138 -3.7796619 0.60262549 2
-1.6160383 -3.6311669 1.4505967 10
-1.8217936 -3.7469473 1.0423971 2
-0.84084225 -1.9395593 -0.044828273 1
-1.9602689 -3.8729823 -0.005969693 8
-1.6181124 -3.6553686 0.88034421 14
-1.141337 -2.6064887 -0.028915426 1
-1.6187446 -3.6540711 0.3190814 3
-1.6363044 -3.6641762 0.17694758 2
-1.629702 -3.6292226 1.4514074 10
-1.4116782 -3.1778052 -0.024798026 3
-0.97128499 -2.208899 -0.034432139 1
-1.7523482 -3.7332799 1.1848191 5
-1.6413541 -3.6663859 0.45883337 1
-1.8474708 -3.7674303 1.0460137 2
-1.8900406 -3.8019133 0.60314721 2
-1.6840674 -3.7194281 1.3260872 9
-1.6388589 -3.6439509 1.6042709 10
-1.640766 -3.6703818 0.31778178 4
-1.65177 -3.6658406 0.17617024 2
-1.7826654 -3.7418454 0.74698102 6
-1.9819952 -3.8818295 -0.0082389163 8
-0.85392177 -1.9505832 -0.048991129 1
-1.1504074 -2.602349 -0.02898992 1
-1.6341672 -3.6568291 0.88095671 15
-1.6980608 -3.7172778 1.3267617 9
-1.6718481 -3.7007871 0.45806372 1
-1.6687182 -3.676981 1.6156554 6
-1.4375218 -3.2050707 -0.030441832 3
-0.9854207 -2.2195656 -0.038060039 1
-1.6497048 -3.6393235 1.4553936 8
-1.7628223 -3.7216768 1.1837637 7
-1.910562 -3.809406 0.6033504 3
-1.6512713 -3.6621392 0.88193232 8
-1.6860158 -3.7353225 0.31376731 6
-1.157384 -2.5948155 -0.028305447 1
-0.86035037 -1.9476235 -0.049044568 1
-1.8641852 -3.7679288 1.0468982 2
-1.661224 -3.6526735 0.17674816 2
-1.8027298 -3.7498345 0.74774647 4
-2.0047243 -3.8923385 -0.010748267 8
-0.98298419 -2.1948938 -0.03277288 1
-1.6765409 -3.6655262 1.4634706 6
-1.4431808 -3.1893835 -0.028674712 3
-1.6956836 -3.7183871 0.45756349 1
-1.9268444 -3.8100345 0.60340339 3
-1.702594 -3.7386394 0.31316647 7
-1.8713148 -3.7509766 1.0453119 2
-1.6783084 -3.6640208 1.6134653 17
-1.8169315 -3.7472882 0.74786389 1
-1.1664145 -2.5906274 -0.02837844 1
-0.86710727 -1.944476 -0.049100943 1
-1.7116939 -3.7109048 1.3266529 6
-1.6690702 -3.6670759 0.88290155 10
-1.6958519 -3.6936707 0.17222466 2
-1.7928375 -3.7488284 1.1896772 5
-2.0291605 -3.9041295 -0.013503999 9
-1.8961346 -3.7672737 1.0484242 2
-1.9419839 -3.8067045 0.60337412 3
-0.99427074 -2.1982193 -0.034620851 1
-1.7050818 -3.7029412 0.45760742 1
-1.8335656 -3.7479417 0.74819338 1
-1.4540231 -3.1821344 -0.028459737 3
-1.7330346 -3.7225254 1.3304057 6
-1.6899838 -3.659234 1.4633633 6
-1.6933863 -3.6612182 1.614401 4
-0.87222904 -1.9377977 -0.048130237 1
-1.1770836 -2.5899677 -0.029206263 1
-1.7526116 -3.8100603 0.30873901 9
-1.6944999 -3.6881869 0.88547939 7
-1.7019621 -3.6731603 0.17348264 2
-1.8154763 -3.7619336 1.1930574 5
-2.0427902 -3.8968658 -0.013613547 9
-1.927689 -3.797915 1.0535233 2
-1.847784 -3.7452888 0.7483111 1
-1.9645157 -3.817493 0.60365373 3
-1.4684738 -3.184052 -0.029783897 3
-1.7427353 -3.7377241 1.4850539 4
-0.99860245 -2.1875405 -0.032901235 1
-1.7248318 -3.7113008 0.45725927 1
-1.7460353 -3.7163453 1.3303035 9
-1.8244643 -3.748692 1.1916904 7
-1.7667656 -3.8055766 0.30853221 9
-1.7217953 -3.7127509 0.88841057 5
-1.1910965 -2.5963767 -0.031544849 1
-0.88222313 -1.9416251 -0.05023957 1
-1.707828 -3.6586699 1.6153435 8
-1.7410578 -3.7207534 0.1682712 2
-2.0507736 -3.8790445 -0.012283149 9
-1.9446061 -3.7980723 1.0544059 2
-1.8806471 -3.7779059 0.75059515 1
-1.8410751 -3.7492428 1.1928529 7
-1.7390124 -3.6963449 1.4758708 8
-1.9859556 -3.8242724 0.60384929 3
-1.0045376 -2.180378 -0.032072011 1
-1.4804202 -3.1805477 -0.030181659 3
-1.7566904 -3.7448459 0.4564797 1
-1.7526224 -3.7415111 0.31164256 7
-0.88565981 -1.9314054 -0.048241369 1
-1.1967751 -2.5849662 -0.03010782 1
-1.7407398 -3.7191882 0.88955647 3
-1.7439188 -3.701349 1.6298474 6
-1.7647693 -3.7203989 1.332508 6
-1.7609314 -3.7288797 0.16680609 2
-2.0586576 -3.8612249 -0.010951227 8
-1.9067593 -3.7982192 0.75212252 1
-1.9541917 -3.7840955 1.0533103 2
-1.8694596 -3.7747629 1.1984535 2
-1.0204988 -2.1943283 -0.036593016 1
-1.762841 -3.7241356 0.45662293 1
-2.0049303 -3.8277757 0.60397387 3
-1.7669114 -3.7160022 1.636004 8
-1.7694769 -3.7249165 1.4848412 4
-1.4954714 -3.182071 -0.031510949 3
-1.7966175 -3.7529366 1.3408881 6
-1.7715954 -3.7485766 0.89301652 3
-2.0800011 -3.8699265 -0.013215865 9
-0.89768034 -1.9384798 -0.05138218 1
-1.7663357 -3.7349124 0.31153384 7
-1.1994528 -2.5662315 -0.027164763 1
-1.7878225 -3.7512748 0.16397852 2
-1.9355204 -3.8216066 0.75386059 1
-1.9875181 -3.8136287 1.0583942 2
-1.8799679 -3.7628086 1.1973993 5
-2.0154657 -3.8153226 0.6037513 3
-2.0928352 -3.862854 -0.013319277 9
-1.0318832 -2.1974523 -0.038443308 1
-1.5031312 -3.169575 -0.03036329 3
-1.8010935 -3.7288992 1.3369282 6
-1.7893002 -3.7326167 1.4883682 6
-1.786957 -3.7390943 0.45614415 1
-1.2083824 -2.5618918 -0.02723706 1
-0.89938205 -1.924754 -0.048355147 1
-1.7974433 -3.7440898 1.6463258 6
-1.7916253 -3.7565806 0.89433956 3
-1.7828552 -3.7357683 0.3110278 7
-1.776461 -3.6947091 0.16864277 2
-1.9415222 -3.8005013 0.75288647 1
-1.8987379 -3.7687454 1.1995164 8
-2.0073638 -3.8187995 1.0600189 2
-2.0506203 -3.8485985 0.60452902 3
-2.1140032 -3.8692665 -0.015350273 9
-1.8092004 -3.7402139 1.4918946 8
-1.0386661 -2.1919544 -0.038059454 1
-1.8175812 -3.7686164 0.45542273 1
-1.5159103 -3.1677141 -0.031069713 3
-1.8228103 -3.7400584 1.3406792 6
-1.7925112 -3.7251139 0.89173883 7
-1.8169332 -3.7724538 0.30850828 9
-0.90437269 -1.9179837 -0.047384344 1
-1.8667709 -3.8456843 0.15355042 2
-1.2207298 -2.5645938 -0.028819636 1
-1.8139275 -3.7446177 1.6483094 8
-1.9227496 -3.7830296 1.2032105 5
-1.9640352 -3.8112614 0.75386405 1
-2.0225785 -3.8151352 1.0604074 2
-1.824775 -3.751672 0.45550904 1
-2.1313777 -3.8686364 -0.016420204 9
-1.8667299 -3.7971087 1.3544585 7
-2.0545044 -3.8237016 0.60403693 3
-1.8434944 -3.773078 1.6586397 6
-1.0419929 -2.179425 -0.035892066 1
-1.5217276 -3.1516142 -0.029304598 3
-1.8412699 -3.7721705 1.5017754 4
-1.2296548 -2.5601695 -0.028892526 1
-0.91611928 -1.9251032 -0.050522115 1
-1.845994 -3.7981977 0.3065916 10
-1.8134401 -3.7347806 0.89323997 1
-1.9523474 -3.8077152 1.2088032 2
-2.0768011 -3.8342686 0.60431945 3
-1.9798689 -3.8074219 0.75396907 1
-2.0377915 -3.8114021 1.0607944 2
-1.0474585 -2.1723344 -0.035058469 1
-1.8485613 -3.7666187 0.45503336 1
-1.8398733 -3.73804 1.4944153 6
-1.530413 -3.1428664 -0.028770799 3
-1.86589 -3.7624016 1.348187 10
-2.1312633 -3.8367758 -0.013163479 9
-1.8322777 -3.7114179 0.164932 2
-1.8454553 -3.7440491 1.6517556 8
-1.8390386 -3.7525597 0.30870789 9
-0.92108607 -1.9183005 -0.04954908 1
-1.8317963 -3.7390053 0.89420652 1
-1.2403052 -2.5592475 -0.029719451 1
-1.9555652 -3.7815046 1.2052155 5
-2.1165988 -3.8762248 0.60529178 3
-1.8610548 -3.7603245 0.45493335 1
-2.0006576 -3.8144634 0.75473076 1
-1.8925714 -3.7840788 1.3542534 7
-1.8882906 -3.7981462 1.6699055 6
-2.068218 -3.8354859 1.0651375 2
-1.0576135 -2.1737711 -0.036458425 1
-1.8651907 -3.7558291 1.500664 4
-1.548432 -3.151494 -0.031330865 3
-2.1466129 -3.8326049 -0.013752278 9
-0.92912847 -1.9185709 -0.050629351 1
-1.8789895 -3.799546 0.30558106 11
-1.2417529 -2.5409238 -0.026766209 1
-1.8531228 -3.7505894 0.89588994 1
-1.9063114 -3.8258018 0.15323626 2
-2.1418138 -3.8896265 0.60564286 3
-2.1096451 -3.8806407 1.0724511 2
-1.9814283 -3.7968729 1.2092203 8
-1.8811818 -3.7564607 1.5023798 4
-1.0656615 -2.171854 -0.036964193 1
-2.0271795 -3.8319561 0.75613892 1
-1.5588695 -3.1461992 -0.031414434 3
-1.8859234 -3.7768571 0.45442593 1
-1.8717699 -3.7539306 0.30769908 9
-1.9218717 -3.8087692 1.3610848 7
-1.8858107 -3.7604299 1.6604161 6
-1.8737929 -3.7305303 0.16166234 2
-1.8770007 -3.7652979 0.89792371 1
-1.2470628 -2.5294149 -0.02532671 1
-0.934048 -1.9117272 -0.049656864 1
-2.1567173 -3.8176389 -0.012903311 9
-2.1109719 -3.8526669 1.0693831 2
-1.9002684 -3.7740076 0.45426443 1
-2.1730249 -3.9133499 0.60622203 3
-1.9106197 -3.7781074 1.6676171 6
-1.9219199 -3.7778401 1.3555905 10
-1.074086 -2.1697288 -0.037471838 1
-1.5644658 -3.1300247 -0.029646881 3
-1.9014053 -3.7636163 1.5059043 6
-2.0491035 -3.8405275 0.75700647 1
-2.0188427 -3.8351092 1.2173411 3
-1.8876834 -3.7553775 0.8974691 1
-1.2607543 -2.5356359 -0.027661959 1
-1.924795 -3.8255222 0.30315658 12
-0.94034684 -1.9084911 -0.049708672 1
-1.9032018 -3.7557218 0.15848902 2
-2.2030718 -3.8688135 -0.021182477 10
-2.1341126 -3.8624582 1.0717458 2
-1.9550339 -3.8092859 1.3639617 7
-2.0675745 -3.8440924 0.75755322 1
-1.9280883 -3.7956491 0.45366117 1
-3.8654373 -7.5373626 2.4963408 1
-1.57303 -3.1211622 -0.029110961 3
-2.1985176 -3.9264686 0.60657138 3
-1.0803608 -2.1642928 -0.03708335 1
-1.9246989 -3.7941062 0.30446988 11
-1.9238178 -3.7712941 1.6675128 6
-2.028497 -3.8209474 1.2159692 5
-1.2758399 -2.5433171 -0.030378766 1
-0.9469645 -1.9050666 -0.049763288 1
-1.9071703 -3.7610333 0.89861184 3
-1.9456414 -3.8055232 0.15292558 2
-2.2185702 -3.8643599 -0.021773007 10
-2.0764823 -3.8300846 0.75702089 1
-2.1612477 -3.8790593 1.0750983 2
-1.0905571 -2.1655631 -0.038484678 1
-1.9252191 -3.7468922 1.5047947 4
-1.9450266 -3.7958508 0.45343244 1
-1.5857232 -3.1190121 -0.029816309 3
-1.9434612 -3.797852 0.30375931 11
-0.95324129 -1.9017832 -0.049815726 1
-1.2779427 -2.5267172 -0.027801022 5
-1.9503831 -3.7901082 1.6752255 9
-1.932479 -3.7793148 0.90100473 3
-2.0644314 -3.8553805 1.2234555 6
-2.2188656 -3.928648 0.60668647 4
-1.9781227 -3.8193359 1.367703 7
-2.2233627 -3.8431211 -0.019950021 9
-1.9589274 -3.7985461 0.15282029 2
-2.1767566 -3.8747985 1.0754834 2
-2.1014626 -3.8436317 0.75821078 1
-1.0953803 -2.1564207 -0.037207156 1
-2.0734367 -3.841449 1.2220885 3
-2.2338936 -3.9245899 0.60665774 4
-1.9675561 -3.8066046 0.45301485 1
-1.9699131 -3.7951262 1.6787691 4
-1.9534551 -3.7672768 1.5119413 4
-1.5953099 -3.109519 -0.029288447 3
-0.96194816 -1.9015633 -0.050901655 1
-1.2898933 -2.5270965 -0.029009609 1
-2.2347591 -3.8317444 -0.019577004 9
-1.9988072 -3.8261557 1.370679 7
-1.9638722 -3.8055973 0.90427643 1
-1.9666427 -3.8082342 0.30263793 12
-1.9833362 -3.8126814 0.15066652 2
-2.1343467 -3.871006 0.76026499 1
-2.0861838 -3.8344252 1.2219872 6
-2.2576363 -3.9339066 0.60692954 4
-2.2126822 -3.9045224 1.0808033 2
-1.6098268 -3.1107726 -0.030612769 3
-1.9848546 -3.794729 1.5209054 4
-1.1050553 -2.1556923 -0.038164258 1
-2.0029302 -3.8017211 1.3667232 3
-2.2542214 -3.8339906 -0.021128196 9
-2.0039327 -3.8416486 0.45215386 1
-1.9771619 -3.7985899 0.90417159 1
-1.3014246 -2.5276508 -0.030214787 1
-0.96136475 -1.8843607 -0.046842963 1
-2.006041 -3.850657 0.29970324 14
-1.9928836 -3.8048115 1.6838706 9
-1.9854228 -3.7844651 0.15261076 2
-2.1576583 -3.8807843 0.76123714 2
-2.284821 -3.950417 0.60735762 4
-2.1264253 -3.8753231 1.2307351 3
-2.2315958 -3.9073362 1.0821812 2
-1.1143658 -2.1551342 -0.039117474 1
-1.9999472 -3.7910879 1.5217084 4
-1.615114 -3.0945108 -0.028842814 3
-2.0292308 -3.8187673 1.372009 7
-2.0276923 -3.8538818 0.451702 2
-2.0232368 -3.8505318 0.2991927 14
-2.0016518 -3.8126283 0.90620166 1
-2.2655623 -3.8225183 -0.020754395 9
-2.0225744 -3.8283508 1.6931436 4
-0.97151119 -1.8876982 -0.04895322 1
-1.3065419 -2.5160079 -0.028773176 1
-2.1438198 -3.8746305 1.2318919 3
-2.1731808 -3.8765581 0.76134551 2
-2.3006485 -3.9457076 0.60732442 4
-2.2592266 -3.9233911 1.0855284 2
-1.6259007 -3.0886915 -0.028929835 3
-2.018733 -3.7942462 1.5243229 4
-2.0534542 -3.8695307 0.45118839 2
-1.1181791 -2.1442101 -0.037393346 1
-2.0519311 -3.8287792 1.375754 7
-2.295332 -3.8416181 -0.024713036 10
-0.98533016 -1.897806 -0.053120986 1
-2.0347919 -3.839766 0.29928905 14
-1.3189951 -2.5182173 -0.030356545 1
-2.0196731 -3.8142486 0.90698516 3
-2.0591958 -3.8578441 0.14385992 2
-2.0322802 -3.8143456 1.6909548 6
-2.2742536 -3.9191709 1.0859195 2
-2.2075398 -3.9051981 0.76350343 2
-2.1573524 -3.8669927 1.2317853 6
-2.3266873 -3.9581215 0.60767001 4
-1.1237786 -2.136713 -0.036562156 1
-2.0726819 -3.872735 0.45089301 2
-2.0338471 -3.7904682 1.5251251 4
-1.6385405 -3.0863311 -0.029633634 3
-2.3190682 -3.8503673 -0.027228288 10
-2.0879188 -3.8627768 1.3848877 7
-2.0622184 -3.8376305 1.7002275 6
-1.3333447 -2.5238321 -0.032695625 1
-2.0520003 -3.8395109 0.29877865 14
-0.9845897 -1.8805943 -0.049061675 1
-2.0443656 -3.8280611 0.90901351 3
-2.3000696 -3.9315588 1.0887718 2
-2.2361419 -3.9232707 0.76501316 2
-2.1767206 -3.8695948 1.2335747 3
-2.3343413 -3.939532 0.607333 4
-2.0576553 -3.8040793 1.5304646 4
-2.0931978 -3.8797348 0.45054087 2
-2.0912576 -3.8385186 1.380937 7
-2.0842421 -3.84759 1.7053374 6
-2.0374565 -3.756108 0.15220048 2
-1.6492971 -3.080441 -0.029719029 3
-1.1377084 -2.1446395 -0.039747749 1
-2.3428943 -3.8589914 -0.029745802 10
-2.0845447 -3.8672357 0.29664811 15
-0.99663562 -1.8872094 -0.052201077 1
-2.0758584 -3.8539886 0.9122858 1
-1.3364996 -2.508657 -0.030497838 1
-2.2591934 -3.9329569 0.76598829 2
-2.3178682 -3.9301791 1.0896494 2
-2.0853455 -3.8244083 1.5376171 4
-2.2275932 -3.9269192 1.2454767 3
-2.111856 -3.8831358 0.45025039 2
-2.3667066 -3.962003 0.60790384 4
-2.12307 -3.865747 1.3885354 3
-2.0885274 -3.8189068 0.14526311 2
-2.0904713 -3.8287082 1.7015903 6
-1.142912 -2.1372955 -0.038912248 1
-1.6632959 -3.081733 -0.031038804 3
-2.0858178 -3.8391497 0.29776314 15
-0.9954384 -1.8701932 -0.048137173 1
-1.3410176 -2.4971783 -0.029051904 1
-2.0924838 -3.8539319 0.91289622 1
-2.3647223 -3.8641229 -0.031782564 11
-2.2668738 -3.9145484 0.76521063 2
-2.3663681 -3.9797406 1.0979044 2
-1.1461982 -2.1265256 -0.037196595 1
-2.2353792 -3.9087112 1.2434484 6
-2.1293001 -3.8825712 0.44999474 2
-2.1043954 -3.8271699 1.5402071 6
-2.3909428 -3.9706297 0.60814738 4
-2.1480944 -3.8787105 1.393023 7
-1.6696781 -3.0691252 -0.029899925 3
-0.99880195 -1.861653 -0.046657417 1
-2.1110678 -3.8572743 0.91383791 1
-2.1358213 -3.8785992 1.7191707 6
-1.3530676 -2.4994497 -0.030646002 1
-2.1237395 -3.8774707 0.29500493 16
-2.1135185 -3.8322878 0.14308262 2
-2.3550966 -3.8186023 -0.026611377 10
-2.2825747 -3.909905 0.76529515 2
-2.2583005 -3.9182115 1.2464836 3
-2.3658702 -3.9475491 1.0943184 2
-1.1497921 -2.1155436 -0.035482883 1
-1.6784482 -3.05967 -0.029383594 3
-2.1584859 -3.9028752 0.44935879 2
-2.4299076 -4.0030069 0.60891962 4
-2.1501892 -3.8774338 1.5554852 6
-2.1693726 -3.8847303 1.3959731 8
-1.3694009 -2.5082846 -0.033758644 1
-1.009008 -1.8647724 -0.048779931 1
-2.1323433 -3.8406956 1.7096671 6
-2.1314278 -3.8594129 0.29548445 16
-2.1255114 -3.8514786 0.9138875 7
-2.3747606 -3.8202639 -0.028187566 10
-2.3146179 -3.9326482 0.76710135 2
-2.3080189 -3.9714553 1.2577231 3
-2.3941436 -3.9628379 1.0976372 2
-1.1628571 -2.1215754 -0.038236015 1
-2.1598983 -3.8629911 1.5535431 4
-1.6929818 -3.0605271 -0.030724954 3
-2.1507862 -3.8622212 0.29474661 16
-2.2043238 -3.9145131 1.4043072 8
-2.4670274 -4.0317535 0.60961372 4
-2.1839113 -3.9160552 0.44884861 2
-1.0201924 -1.8695325 -0.051416673 1
-1.3858129 -2.5170472 -0.036870837 1
-2.1497183 -3.8629868 0.9157117 2
-2.1800406 -3.8935812 1.7282841 4
-2.3668444 -3.7782345 -0.023494819 10
-2.3427382 -3.9483643 0.76847577 2
-2.29773 -3.9224629 1.250012 3
-2.4163103 -3.9678245 1.0994756 2
-1.1721418 -2.1207559 -0.039202008 1
-2.4789915 -4.019567 0.60940284 4
-1.7036452 -3.0544336 -0.030827992 3
-2.195606 -3.9047682 0.44878137 2
-2.1791887 -3.8654521 1.5561323 6
-1.3829628 -2.4915314 -0.03241457 1
-2.1710818 -3.8691678 0.91700262 6
-2.180063 -3.882313 0.29299387 17
-1.0247722 -1.8624547 -0.050451972 1
-2.1802342 -3.8623579 1.7208668 6
-2.2245526 -3.9164772 1.4064784 8
-2.2215633 -3.9266613 0.13105208 2
-2.3928483 -3.7898576 -0.026516443 10
-2.375133 -3.9707673 0.77027833 2
-2.4343581 -3.9659626 1.1003278 2
-2.3306754 -3.9464889 1.2558799 3
-2.237108 -3.9454908 0.44776109 2
-2.2355847 -3.9055512 1.4055858 4
-2.5057948 -4.0310459 0.60971826 4
-2.2014403 -3.86798 1.724902 4
-1.1837332 -2.1230645 -0.041065335 1
-1.7148197 -3.0480018 -0.030935518 3
-2.2069733 -3.8809476 1.5623387 4
-2.22211 -3.9226451 0.29001421 19
-2.2050765 -3.8955963 0.92041498 2
-1.3959541 -2.4931061 -0.034017529 1
-1.0296371 -1.8551788 -0.049489871 1
-2.403924 -3.7779574 -0.026162654 10
-2.3668733 -3.9754126 1.2626933 3
-2.3952377 -3.9725268 0.77078998 2
-2.4797835 -4.0077782 1.1075858 2
-2.2611063 -3.9179299 1.4100702 8
-2.2568924 -3.9478781 0.44743845 2
-2.526289 -4.0322533 0.60980839 5
-1.7209656 -3.0353029 -0.029792568 3
-1.1907363 -2.1189883 -0.041134942 1
-2.2276762 -3.8869593 1.565838 4
-2.2071979 -3.8467886 1.7206091 6
-2.2311251 -3.9081831 0.29029745 19
-2.2923539 -3.9869041 0.12325977 2
-1.0331789 -1.8464034 -0.048009887 1
-2.2366176 -3.9187829 0.92347872 2
-1.4105021 -2.4982734 -0.036374062 1
-2.4235873 -3.7793579 -0.02773913 10
-2.3684666 -3.9467208 1.258772 3
-2.5043662 -4.0157456 1.1099151 3
-2.2720022 -3.9436786 0.4472504 2
-2.4112041 -3.9673848 0.77087116 2
-2.2780933 -3.9170437 1.4114839 8
-2.2511795 -3.8926609 1.737144 4
-2.2609222 -3.9126723 1.5747663 4
-1.7315402 -3.0291121 -0.029894864 3
-1.199069 -2.1163597 -0.041654114 1
-2.5575805 -4.0502124 0.6102711 5
-2.2548234 -3.9174693 0.28915092 19
-1.4148167 -2.4866457 -0.034939636 1
-2.2780485 -3.9305813 0.12792636 2
-1.0431299 -1.8495231 -0.050129101 1
-2.2436073 -3.9008794 0.9222914 2
-2.438946 -3.7740304 -0.028348383 10
-2.4193554 -3.9989359 1.2700007 3
-1.2021194 -2.1054914 -0.039935105 1
-2.4418852 -3.985955 0.77245665 2
-1.7375766 -3.016376 -0.028751893 3
-2.2739117 -3.90502 1.5746416 4
-2.2959051 -3.9527962 0.44679955 2
-2.5269079 -4.0202246 1.1117504 3
-2.3198159 -3.9562001 1.4221193 8
-2.2608578 -3.8780036 1.7349335 4
-2.3021934 -3.9683771 0.28556758 21
-2.297168 -3.9331384 0.12677349 2
-2.5695624 -4.0377274 0.61005998 5
-1.0495384 -1.8457265 -0.050192859 1
-1.4234631 -2.4815383 -0.035023879 1
-2.267314 -3.9100573 0.92393422 2
-2.439014 -3.7454119 -0.025579823 10
-1.2104154 -2.1028223 -0.040454011 1
-2.5409508 -4.0112295 1.1116155 3
-2.468497 -3.9975741 0.77361059 2
-2.3178625 -3.9583635 0.44641215 2
-2.3094423 -3.9337747 1.5844712 4
-2.4229608 -3.9735181 1.2667131 3
-1.7561144 -3.0237467 -0.03133348 3
-2.345726 -3.9681489 1.4265997 8
-1.0575733 -1.8454294 -0.051283568 1
-1.4276755 -2.4698968 -0.033587884 1
-2.2944834 -3.926378 0.92629153 2
-2.309947 -3.9498317 0.28604656 21
-2.3000717 -3.9131157 1.7483346 4
-2.3088591 -3.9214947 0.126985 2
-2.5923631 -4.0419874 0.61022234 5
-2.4755685 -3.7735345 -0.031011809 10
-1.7666481 -3.0174382 -0.031434458 3
-2.4347568 -3.9615347 1.2659495 3
-1.2216932 -2.1051352 -0.042314943 1
-2.4824576 -3.9887741 0.77347714 2
-2.3231866 -3.9255605 1.5843407 4
-2.3460381 -3.9741206 0.44583181 2
-1.0560875 -1.8282821 -0.047227945 1
-2.3818796 -3.9967823 1.4349235 4
-2.3237374 -3.9415817 0.28591567 21
-2.5786362 -4.0388718 1.1168963 3
-2.3840938 -4.0157413 0.11656308 2
-2.320436 -3.938724 0.92828673 2
-1.4402757 -2.4714947 -0.035187218 1
-2.3177171 -3.9115572 1.7502859 4
-2.6152251 -4.0461507 0.61038607 5
-2.4887362 -3.7646878 -0.031139687 10
-1.7710676 -3.0009193 -0.029675167 3
-1.2270001 -2.0973687 -0.041491885 1
-2.3681645 -3.9794447 0.44544214 2
-2.5134997 -4.0069127 0.77505898 2
-2.4863362 -4.013123 1.2771723 3
-2.5992351 -4.0396838 1.1182381 3
-2.3610613 -3.9573147 1.5950723 2
-2.3444524 -3.9475288 0.92992657 2
-1.450886 -2.4696662 -0.036029145 1
-1.0653962 -1.8294127 -0.048836086 1
-2.3673103 -3.9413383 1.4240311 8
-2.3981142 -4.0072207 0.1164301 2
-2.3453681 -3.9264493 1.7574407 6
-2.3416162 -3.9401171 0.28537679 21
-2.6513393 -4.070241 0.61099488 5
-2.4930017 -3.7426214 -0.029334944 10
-2.5403979 -4.0181494 0.77621043 2
-1.2282417 -2.0829029 -0.038880479 1
-2.3647642 -3.9322765 1.5904168 4
-1.7753919 -2.9844105 -0.027914176 3
-2.6714728 -4.0712667 0.6110881 5
-2.3986583 -3.9983518 0.44479594 2
-2.4241304 -4.0032134 1.4400382 4
-2.6111715 -4.0271049 1.117609 3
-2.4855974 -3.980885 1.2726227 3
-1.4574454 -2.4610653 -0.035355151 1
-2.3872151 -3.9642963 1.7718768 4
-2.3574409 -3.9351747 0.28504327 21
-1.0737287 -1.8288492 -0.049929276 1
-2.3603029 -3.9425817 0.93015063 2
-2.4121044 -3.9986448 0.11629685 2
-2.5461848 -3.7928557 -0.038159359 11
-2.522826 -4.0087028 1.2794265 3
-2.4029436 -3.9637263 1.601146 4
-2.4209664 -4.0034332 0.44440529 2
-2.5911946 -4.0661879 0.77971679 2
-2.7034605 -4.0883455 0.61154431 5
-1.2435687 -2.0917835 -0.042529698 1
-1.7960634 -2.9949036 -0.031117374 3
-2.4381173 -3.9945836 1.4399048 9
-2.6449225 -4.0476336 1.1219032 3
-2.3795102 -3.9403789 0.28409559 22
-2.3948326 -3.9681745 0.93355876 2
-1.4700847 -2.4625194 -0.036954183 1
-1.080065 -1.8249485 -0.049992271 1
-2.4030917 -3.9590943 1.7727855 7
-2.3822281 -3.9187291 0.12337486 2
-2.5280485 -3.7378747 -0.031520668 10
-2.678138 -4.0684452 1.126202 3
-2.6053963 -4.0569491 0.77958125 2
-1.8044295 -2.9850791 -0.030597217 3
-1.2528653 -2.0906041 -0.043495838 1
-2.4167931 -3.9551728 1.6010137 4
-2.7378359 -4.1085734 0.61207449 5
-2.5432258 -4.0096946 1.2811842 3
-2.4541476 -3.9892397 1.4405408 4
-2.4412429 -4.0049977 0.44407848 2
-2.5352845 -3.7232018 -0.030667994 10
-2.4121156 -3.9624963 0.28212836 23
-2.4331825 -3.9768252 1.7809761 4
-1.0904216 -1.8276086 -0.052115705 1
-1.4806995 -2.4605684 -0.037795134 1
-2.4274833 -3.9901755 0.93661153 2
-2.4001048 -3.9169989 0.12255889 2
-2.6967695 -4.065505 1.1270486 3
-2.5636637 -4.0106044 1.2829423 3
-2.4531162 -3.9928918 0.44401091 2
-2.7544289 -4.1021304 0.61201078 5
-2.6195672 -4.0476627 0.77944475 2
-1.8210645 -2.9886882 -0.032558564 3
-2.4512122 -3.9796505 1.6099299 2
-1.2580734 -2.0827472 -0.0426731 1
-1.090668 -1.8137752 -0.049088031 1
-2.5663753 -3.7402554 -0.034661096 11
-2.4764268 -3.9938145 1.4434818 4
-2.4364815 -3.9708548 0.28097573 23
-2.4572992 -3.9845614 1.7860447 7
-2.44982 -3.9950631 0.93789357 2
-1.4809994 -2.4418635 -0.034845997 1
-2.4454474 -3.9591212 0.11727483 2
-2.6373909 -4.0454788 0.77974528 2
-2.737627 -4.0953898 1.1328123 3
-2.7868052 -4.1187334 0.61246437 5
-1.259124 -2.0682626 -0.04005897 1
-1.8147513 -2.9553175 -0.027692633 3
-2.4609747 -3.9643281 1.6079885 4
-2.490407 -4.0214171 0.44316489 2
-2.5970716 -4.0312643 1.2884812 3
-2.588522 -3.7441027 -0.036722939 11
-2.4840879 -3.9750464 1.4410446 4
-2.4650571 -3.9660139 1.7827928 4
-2.4588194 -3.9756987 0.2800265 24
-2.4658849 -3.9897063 0.93811488 2
-1.4957168 -2.4465265 -0.037202716 1
-1.0989921 -1.8130959 -0.05018032 1
-2.4677622 -3.9638627 0.11576807 2
-2.851887 -4.1855855 0.61403912 6
-2.6669829 -4.0593705 0.781106 2
-2.7764957 -4.1217508 1.1380833 3
-2.630657 -4.0517511 1.294018 3
-2.487325 -3.9753354 1.6132852 4
-2.5108526 -4.0226765 0.44283682 2
-1.8292491 -2.9554894 -0.029033773 3
-1.2725151 -2.0736151 -0.042814668 1
-2.5947275 -3.7251191 -0.035397682 11
-2.4815991 -3.955055 0.1156372 2
-2.5232794 -4.0059423 1.4501278 4
-1.1073246 -1.8123713 -0.051274113 1
-2.4726996 -3.9669166 0.2798948 24
-1.5083973 -2.4477837 -0.038803093 1
-2.5016501 -3.9931488 1.7941018 4
-2.4883158 -3.9944072 0.93939704 2
-2.8573921 -4.162282 0.61360377 6
-2.7796731 -4.0955062 1.1354876 3
-2.6637065 -4.0725203 1.2995622 4
-2.6967063 -4.0731087 0.78246623 2
-1.845885 -2.9589374 -0.030995255 3
-1.2713795 -2.0558255 -0.039305117 1
-2.5985339 -3.7029028 -0.033587843 11
-2.5074987 -3.9763362 1.6158662 4
-2.5334842 -4.0272164 0.44244403 2
-2.5521164 -4.020093 1.4553708 9
-2.5214841 -4.0158172 0.94244564 2
-1.5190089 -2.4456635 -0.039644361 1
-2.5079691 -3.9918108 0.27771813 25
-2.5156047 -3.984256 1.7939694 4
-1.1197926 -1.8181527 -0.05442838 1
-2.5147281 -3.9763999 0.11241028 2
-2.8241172 -4.1323457 1.142244 3
-2.8810883 -4.1652207 0.61375904 6
-2.7354865 -4.0999365 0.78467852 2
-2.6691759 -4.0498996 1.2969072 3
-1.2837492 -2.0594416 -0.04161315 1
-1.8625697 -2.9623039 -0.032957554 3
-2.549705 -4.0215402 0.44224522 2
-2.5593064 -4.0264311 1.6320125 4
-2.5981402 -4.0604582 1.4667534 4
-2.5483944 -4.0269685 0.94443285 2
-1.5127337 -2.4170048 -0.034416568 1
-1.1219416 -1.8075587 -0.052429624 1
-2.5294447 -3.9946299 0.27686974 26
-2.6229959 -3.7097704 -0.036133278 11
-2.5329247 -3.974113 0.11159031 2
-2.5483348 -4.0045533 1.8031954 4
-2.8408189 -4.1255627 1.1425968 3
-2.9002383 -4.1615071 0.61376643 6
-2.7031329 -4.0699167 1.3024395 4
-2.7565398 -4.1001091 0.7851823 2
-2.5649037 -4.0042429 1.628262 4
-1.2951072 -2.0613523 -0.043474607 1
-1.8707483 -2.9522917 -0.032435551 3
-2.6187572 -4.0610862 1.4689226 4
-2.574599 -4.0292349 0.44178557 2
-2.6312966 -3.6939631 -0.035289817 11
-1.1240312 -1.796984 -0.050429404 1
-2.5466397 -3.9906292 0.27643025 26
-2.5489693 -3.9684138 0.11111487 2
-1.5296265 -2.4247673 -0.03753335 1
-2.5732546 -4.034626 0.94606441 2
-2.5665309 -4.0019755 1.8051423 4
-2.8620648 -4.1252155 1.1439329 3
-2.9355874 -4.180541 0.61428744 6
-2.7731142 -4.0935907 0.78525943 2
-2.7416899 -4.0962934 1.3092313 4
-1.3043785 -2.0599411 -0.044440258 1
-2.601758 -4.0401683 0.44126067 2
-1.8767344 -2.9389389 -0.03129198 3
-2.5980592 -4.0244956 1.6362671 4
-2.635102 -4.055047 1.4695543 9
-2.6535075 -3.6974225 -0.037351038 11
-2.5801682 -4.0116806 0.27445418 27
-2.5938597 -4.0354853 0.94699085 2
-1.5295199 -2.406069 -0.034579426 1
-2.588964 -4.0057893 1.8091679 7
-1.1302562 -1.7929002 -0.050491538 1
-2.8177085 -4.1307511 0.78812099 2
-2.8810544 -4.1215215 1.1447775 3
-2.9618084 -4.1863604 0.61451411 6
-2.7693434 -4.1061349 1.3128734 4
-1.8869699 -2.9321983 -0.031390697 3
-1.2966247 -2.0323563 -0.038242325 1
-2.6246405 -4.0442629 0.44086489 2
-2.6335282 -4.0478148 1.6451741 4
-2.6796012 -4.0915122 1.4801651 10
-2.7015388 -3.7360306 -0.044740461 12
-2.6411922 -4.0546594 1.8277446 4
-2.5985534 -4.0091558 0.27391183 27
-1.1364661 -1.7887926 -0.050553706 1
-1.5593426 -2.4334421 -0.042250697 1
-2.6210501 -4.0462461 0.94897592 2
-2.6336825 -4.0366554 0.10189874 2
-2.8526342 -4.1502566 0.78990155 2
-2.9046521 -4.1242127 1.1466033 3
-2.9881082 -4.1920457 0.61474037 6
-2.6578994 -4.0654025 0.44014835 2
-2.8127522 -4.138617 1.3209214 4
-2.7040696 -4.0987906 1.4838723 10
-2.6717327 -4.0714955 1.8359329 7
-2.6605861 -4.0579429 1.6504643 4
-1.8950089 -2.9221241 -0.030867081 3
-1.3111662 -2.0390689 -0.041446161 1
-2.6301584 -4.026545 0.27213791 28
-2.6527362 -4.06352 0.95166576 2
-1.5721171 -2.4343901 -0.043850414 1
-2.658802 -4.0438495 0.10004348 2
-1.1447825 -1.7878904 -0.051646929 1
-2.8055544 -4.100378 1.3151331 4
-2.8671303 -4.1400986 0.78976333 2
-2.9583621 -4.1687474 1.1548103 3
-3.005096 -4.1846514 0.61467379 6
-2.6809607 -4.0692387 0.43975115 2
-1.9090441 -2.9222531 -0.032202676 3
-2.6978512 -4.0846124 1.6602788 4
-1.3157369 -2.0313127 -0.040616188 1
-2.7271476 -4.1022072 1.486805 10
-2.7434726 -3.7395198 -0.048375852 12
-2.6722717 -4.0608687 0.26934361 30
-2.6633482 -4.0215831 0.10129467 2
-2.6816695 -4.0555797 1.8337183 4
-2.686784 -4.0839229 0.95470512 2
-1.5719047 -2.4156241 -0.040896975 1
-1.1573688 -1.7934024 -0.054802064 1
-2.9845397 -4.1743217 1.1571254 3
-2.8424511 -4.122818 1.321291 4
-2.9091976 -4.1690707 0.79218107 2
-3.0244272 -4.1804109 0.61467874 6
-1.3292719 -2.0362821 -0.043373253 1
-2.756882 -4.1152749 1.4920399 10
-1.9236107 -2.9219761 -0.033543684 3
-2.7077751 -4.0685549 1.6583359 4
-2.7063112 -4.0762773 0.43928772 2
-2.6892505 -4.0582843 0.95281392 2
-2.7398908 -3.7074566 -0.045109693 12
-1.1589862 -1.7829765 -0.052797966 1
-1.5733441 -2.4004412 -0.038696434 1
-2.6953456 -4.0646124 0.26838869 30
-2.7023129 -4.0556641 1.8367026 7
-2.6840723 -4.0219936 0.1001277 2
-2.8976896 -4.1709151 1.33248 4
-2.9260712 -4.1619716 0.79225516 2
-3.0785761 -4.2249627 0.61578655 6
-3.0154638 -4.1861901 1.1604211 3
-1.3385109 -2.0347078 -0.044339087 1
-2.7504075 -4.1008639 1.6699487 4
-2.7384634 -4.0931406 0.43862641 2
-1.9293733 -2.9085102 -0.032397851 3
-2.7528236 -3.6976748 -0.045234837 12
-2.7602031 -4.0892525 1.4880692 5
-1.5816872 -2.3947785 -0.038776845 1
-1.1651613 -1.7787671 -0.052859847 1
-2.7496274 -4.088213 0.092064597 2
-2.7257121 -4.0817342 0.95620567 2
-2.7446775 -4.0876236 1.8500763 4
-2.7520099 -4.1178999 0.26435193 32
-2.9568725 -4.1743073 0.79360598 2
-3.1052353 -4.2300634 0.61600828 7
-2.8917432 -4.1315832 1.326679 4
-3.0488541 -4.2010884 1.1642056 3
-2.7866521 -3.7168295 -0.04971613 12
-2.7735248 -4.1039629 1.6734278 4
-1.93063 -2.8885012 -0.030007647 3
-1.3368286 -2.0169551 -0.040824141 1
-2.7842779 -4.1296511 0.43756697 2
-2.7900524 -4.1020889 1.4933016 5
-2.7713315 -4.1181583 0.96100491 2
-1.1756512 -1.7809361 -0.054984432 1
-2.7574005 -4.0948682 0.26503792 32
-1.594417 -2.3955779 -0.040377073 1
-2.7851191 -4.1161375 1.8624078 7
-2.8021748 -4.1342988 0.086066559 2
-3.0840065 -4.219543 1.1684861 3
-2.9784565 -4.1735058 0.79410523 2
-2.9336724 -4.1599169 1.3340912 4
-3.1630619 -4.2767124 0.6171757 7
-2.8342206 -4.1383657 1.5039153 5
-2.8061194 -4.1121888 0.087324724 2
-2.797209 -3.7037241 -0.049356457 12
-1.9429179 -2.8848398 -0.030725701 3
-2.8145399 -4.1428065 0.4369683 2
-1.3416283 -2.0088975 -0.039996218 1
-2.7834492 -4.0876832 1.6714853 4
-2.799227 -4.1280169 0.96298409 2
-1.181819 -1.7766724 -0.055044994 1
-1.604957 -2.393085 -0.041216683 1
-2.8010614 -4.1278634 0.26222947 33
-2.7907393 -4.0935254 1.8581175 7
-3.1129534 -4.2276964 1.1712875 3
-3.0141504 -4.1919971 0.79587895 2
-1.3567286 -2.0173807 -0.043643653 1
-2.8298359 -4.1370673 0.43677938 2
-1.9519594 -2.8785658 -0.030812597 3
-3.1900144 -4.281446 0.61739719 7
-2.9459031 -4.1462779 1.3333247 4
-2.8666379 -4.1540585 1.5099134 5
-2.8140547 -4.1044097 1.6785902 4
-2.8208408 -4.128747 0.26149035 34
-1.6057713 -2.3781643 -0.039011315 1
-2.8234248 -4.1131754 1.8673455 4
-2.821255 -4.1321645 0.96427011 2
-1.1829847 -1.7664347 -0.053037073 1
-2.8182037 -4.0988951 0.087533705 2
-2.8173871 -3.7031822 -0.050936125 12
-3.0445602 -4.2043791 0.79723263 2
-3.2356014 -4.3121104 0.61820281 7
-3.1443744 -4.2388883 1.1745791 3
-2.8717031 -4.1663737 0.43584791 2
-2.8328555 -4.100811 1.6802615 4
-1.9642338 -2.8748114 -0.031530887 3
-1.3592907 -2.0060613 -0.041919671 1
-2.8946898 -4.1631479 1.5143759 5
-2.9742718 -4.1550183 1.3369606 4
-1.6140374 -2.3723819 -0.03909136 1
-1.1891016 -1.7621449 -0.053097196 1
-2.8402357 -4.1286721 0.96483862 2
-2.8649054 -4.1613131 0.25867817 35
-2.8347991 -4.0921001 0.087052599 2
-2.8355868 -4.0999775 1.86617 4
-2.8260877 -3.6863544 -0.050096191 12
-3.0758245 -4.2160587 0.7985791 2
-3.2700608 -4.3260503 0.61863869 7
-3.1974254 -4.27842 1.1822798 3
-3.0004129 -4.1604104 1.3399663 4
-2.8763182 -4.1321864 1.6918679 4
-2.8908467 -4.1626778 0.43557692 2
-1.9629309 -2.8515627 -0.028515378 3
-1.3707086 -2.0075457 -0.043780185 1
-2.9137702 -4.1592684 1.5157717 5
-2.8817282 -4.1543646 0.25833523 36
-1.192995 -1.7546581 -0.052126169 1
-1.6267767 -2.3730054 -0.040691826 1
-2.8674545 -4.1080441 0.084156007 2
-2.8683681 -4.1381454 0.96681499 2
-2.8565834 -4.0993924 1.8691516 7
-2.8456285 -3.6861663 -0.051669516 12
-3.2092242 -4.2644739 1.1816556 3
-3.3022251 -4.3366165 0.61899996 7
-3.0772879 -4.2363009 1.3568094 4
-3.1095891 -4.2307816 0.80013704 2
-1.3709496 -1.9930209 -0.041159105 1
-1.9887767 -2.8671412 -0.032967519 3
-2.908777 -4.1474032 1.6989553 4
-2.9215391 -4.1752443 0.43497545 2
-2.9510903 -4.1808834 1.5232984 5
-1.6463157 -2.3832121 -0.044571225 1
-2.9011972 -4.1539822 0.96949387 2
-2.907752 -4.1604185 0.25716957 36
-2.9155967 -4.1522713 1.8897856 7
-1.2012897 -1.7534935 -0.053217985 1
-2.9002585 -4.123805 0.081257373 2
-2.8707478 -3.6916218 -0.054219879 13
-3.238595 -4.2719846 1.1844527 3
-3.1339295 -4.2325158 0.80084479 2
-3.0639253 -4.1872344 1.3491272 4
-1.3846173 -1.9976068 -0.043916911 1
-1.9919038 -2.8503313 -0.031195564 3
-2.9300594 -4.1465816 1.7015274 2
-2.959316 -4.1974154 0.43417141 2
-3.3181291 -4.3242774 0.61884856 7
-1.2118218 -1.7554349 -0.055343434 1
-2.9203217 -4.1501603 0.97006172 2
-2.870667 -3.6663232 -0.051910799 12
-2.9634087 -4.167201 1.5223931 5
-2.9458268 -4.1639228 1.8969175 5
-2.9500608 -4.1891174 0.25455892 38
-1.6477892 -2.3676779 -0.042370889 1
-2.9285707 -4.1329069 0.079048932 2
-3.1719916 -4.2538424 0.80283135 3
-3.2704778 -4.2824974 1.1877408 3
-3.1375084 -4.2555761 1.3646996 4
-3.3496857 -4.3351526 0.61921632 7
-1.3960724 -1.9989476 -0.04577852 1
-2.0087163 -2.8528302 -0.033158924 3
-2.9581971 -4.1551614 1.7068079 4
-2.980967 -4.1966195 0.43383366 2
-3.0446994 -4.24892 1.544477 5
-1.2134153 -1.7447542 -0.053338613 1
-2.9763215 -4.1948323 0.25338951 38
-2.8710859 -3.6405549 -0.049606685 12
-1.6560179 -2.3617396 -0.042450339 1
-2.9487364 -4.1592054 0.97203517 2
-2.9784307 -4.1785398 1.9050863 5
-2.9453294 -4.1256914 0.078566946 2
-3.196501 -4.2552872 0.80353785 3
-3.135792 -4.2222977 1.3601606 4
-3.372237 -4.332675 0.61928803 8
-3.2959235 -4.2828341 1.1895492 3
-2.9278624 -3.6865723 -0.058462624 13
-1.4030061 -1.9939002 -0.045847036 1
-3.0502968 -4.2254214 1.5412735 5
-2.9841442 -4.1604362 1.7111849 4
-3.0049918 -4.1989698 0.43342859 2
-2.0163417 -2.842417 -0.032631382 3
-2.9842415 -4.1777906 0.9750635 2
-1.664225 -2.3557773 -0.042530205 1
-2.9886301 -4.1809812 0.25345781 38
-1.2104456 -1.7277879 -0.04926936 1
-2.9839628 -4.1554546 1.9007958 5
-2.9737828 -4.134541 0.076357797 2
-3.3890924 -4.3244205 0.61922264 8
-3.1831241 -4.2558641 1.3688239 4
-3.235606 -4.2756701 0.80551511 3
-3.3370321 -4.306119 1.1948005 4
-2.940721 -3.676126 -0.058586825 13
-1.4133492 -1.9935682 -0.047260083 1
-3.045547 -4.2238269 0.43255445 2
-3.0124624 -4.1687274 1.7164639 4
-2.0285563 -2.8383827 -0.033349179 3
-3.0859723 -4.2430601 1.5480273 5
-3.0105455 -4.1832914 0.97668356 2
-1.6724114 -2.3497753 -0.042610489 1
-1.2232188 -1.7327889 -0.052426565 1
-3.0220242 -4.1961732 0.25166887 39
-3.0189927 -4.1729326 1.9100018 5
-3.0093958 -4.1528778 0.073109552 2
-3.2627151 -4.2799945 0.80643231 3
-3.2242923 -4.2791476 1.3755933 4
-3.4241247 -4.3374038 0.61965382 8
-3.3471634 -4.2880311 1.1936797 4
-2.9278507 -3.6353619 -0.053846229 13
-3.0571966 -4.2102952 0.43248981 2
-3.0860531 -4.2137113 1.5433007 5
-3.0809155 -4.2281098 1.9316692 7
-3.0616481 -4.2051263 1.7298642 4
-2.0337768 -2.8247311 -0.032197151 3
-1.4122261 -1.9774325 -0.044188168 1
-3.046118 -4.1982961 0.25070542 40
-1.2314907 -1.7314773 -0.053518221 1
-3.019166 -4.1357245 0.073664285 2
-1.6805769 -2.3437567 -0.042689543 1
-3.0369265 -4.1886516 0.97830343 2
-3.4460216 -4.3352017 0.61973262 8
-3.3959241 -4.3202825 1.2003964 4
-3.2392435 -4.2676964 1.3754519 4
-3.3143599 -4.315753 0.80946422 3
-2.0431187 -2.8177919 -0.03228724 3
-3.0686531 -4.1853986 1.7270252 2
-3.0980349 -4.2347927 0.43161345 2
-1.4187411 -1.9725829 -0.044252113 1
-3.1312623 -4.2436833 1.5531179 5
-3.0695314 -4.2008471 0.24974786 40
-3.0708861 -4.1767035 0.067999773 3
-3.102591 -4.2264824 1.9346439 7
-1.2420552 -1.7332437 -0.055642311 1
-3.0728412 -4.206708 0.98132777 2
-1.7050003 -2.3598635 -0.048091259 1
-2.9273193 -3.6049347 -0.051070798 12
-3.4209261 -4.320631 1.2022104 4
-3.4712114 -4.3353963 0.61987543 8
-3.3294349 -4.3039713 0.80932152 3
-3.2782843 -4.2874613 1.3815908 5
-1.422105 -1.9627566 -0.042973738 1
-3.1625829 -4.2545419 1.5583376 6
-2.0529287 -2.8104656 -0.032380756 3
-3.1019132 -4.1994958 1.7341077 2
-3.1223717 -4.2366014 0.4312059 2
-1.2546453 -1.7382878 -0.058797412 1
-1.694102 -2.3287821 -0.042081907 1
-3.1248105 -4.2475128 0.98681694 2
-3.1045592 -4.1912799 0.065093316 3
-3.1270897 -4.2476149 0.24588823 42
-3.145093 -4.2526231 1.9469582 7
-2.9449475 -3.6006062 -0.052164268 12
-3.4501917 -4.3276596 1.2050105 4
-3.5183947 -4.3640056 0.62066746 8
-3.3659298 -4.3209901 0.81108916 3
-3.3029606 -4.2882991 1.3839612 5
-1.4324043 -1.962307 -0.044385903 1
-3.1353111 -4.2134094 1.7411878 4
-2.0792553 -2.8252666 -0.036837403 3
-3.186918 -4.2558374 1.5612606 6
-1.6998467 -2.3195343 -0.041399293 1
-1.2491267 -1.7182356 -0.053693108 1
-3.1563568 -4.2510786 0.43052796 3
-3.1491022 -4.2460661 0.2451285 43
-3.1491959 -4.2491589 0.98808181 2
-3.1527576 -4.2247744 0.060109131 3
-3.1669183 -4.2507281 1.949932 7
-2.9498868 -3.5809412 -0.050827131 12
-3.4927936 -4.3493366 1.2102476 4
-3.3760638 -4.3027582 0.81052393 3
-3.3252461 -4.285902 1.3857025 5
-3.1945503 -4.2723298 0.42972177 3
-3.2224436 -4.2732058 1.5680178 6
-3.1856959 -4.246212 1.9518749 7
-3.1876535 -4.2519956 1.755483 4
-2.0772164 -2.8020282 -0.033814028 3
-1.4462271 -1.9664874 -0.047144488 1
-3.5993013 -4.4269466 0.62228525 8
-1.2504382 -1.707523 -0.051686041 1
-3.1626916 -4.2071934 0.060663216 3
-1.7126219 -2.3196993 -0.042998485 1
-3.2192481 -4.3082027 0.24022929 45
-3.17363 -4.2506928 0.98934776 2
-2.9362566 -3.5405085 -0.046079528 12
-3.5222814 -4.3560176 1.2130449 4
-3.4102569 -4.3163471 0.81207877 3
-3.3663714 -4.308815 1.3924727 5
-2.0817127 -2.7886484 -0.032655895 3
-1.4444799 -1.9506296 -0.044067767 1
-3.2301109 -4.2784476 1.7661755 4
-3.2264142 -4.2832384 0.42910936 3
-3.2708161 -4.3053865 1.5785937 6
-3.2142153 -4.2718663 0.24175259 44
-3.2192783 -4.2594748 1.9600348 5
-3.6376803 -4.4419074 0.62278074 9
-3.207752 -4.2647872 0.99201512 2
-1.7254196 -2.3197889 -0.044599343 1
-1.2633334 -1.7122396 -0.054843679 1
-3.2306187 -4.2655773 0.05290547 3
-2.915319 -3.4905939 -0.039876189 11
-3.4478371 -4.3322554 0.81383526 3
-3.4035318 -4.3246994 1.3979794 5
-1.4394374 -1.9299093 -0.039645042 1
-3.2498062 -4.2731743 1.7678394 4
-2.0938165 -2.7843237 -0.033372298 3
-3.2656877 -4.3035021 0.42829248 3
-3.2291639 -4.2634525 0.99293548 2
-1.2736419 -1.7140371 -0.056965902 1
-3.5675132 -4.3753629 1.2182591 4
-3.2482858 -4.2664404 1.9661207 7
-1.7497365 -2.3357589 -0.050000295 1
-3.2339861 -4.2667603 0.24119858 45
-3.3010113 -4.311831 1.5830381 6
-3.6813219 -4.4628105 0.62341666 9
-3.2430809 -4.2509089 0.053112399 3
-2.9480553 -3.5043905 -0.043884326 11
-3.4898322 -4.3547902 0.8160212 3
-3.4228196 -4.3193922 1.3990988 5
-1.4579885 -1.9401757 -0.044199429 1
-3.7012668 -4.4565105 0.62341815 9
-3.6233087 -4.4116173 1.225935 4
-3.2880452 -4.3013816 0.42794934 3
-3.2797451 -4.2762995 1.9732413 7
-3.2774053 -4.2764668 1.7722018 4
-2.1112132 -2.7858362 -0.035340879 3
-3.3305428 -4.3187051 1.5874877 6
-2.9648244 -3.5004334 -0.044969063 12
-3.2847853 -4.2739882 0.049159802 3
-1.2892712 -1.7214589 -0.061160013 1
-1.7630389 -2.3353794 -0.051604755 2
-3.2764099 -4.292439 0.99734896 2
-3.2666998 -4.2768054 0.23960076 45
-3.5327816 -4.3764601 0.81819731 3
-3.4379108 -4.3072429 1.398957 5
-3.7477682 -4.4800453 0.62412214 9
-3.3202431 -4.3117805 0.42733413 3
-3.3545656 -4.3198361 1.5904146 6
-2.9531004 -3.4633191 -0.040700905 11
-3.6717765 -4.4383955 1.2321438 4
-3.3231924 -4.3012218 1.9855484 5
-2.1233287 -2.7813971 -0.036056641 3
-3.3210869 -4.3017249 1.7828823 5
-1.460284 -1.928472 -0.042473156 1
-1.7519351 -2.3041859 -0.045592904 1
-1.2928689 -1.7137244 -0.060185935 1
-3.3134811 -4.3061929 0.23676579 47
-3.3634901 -4.3439388 0.040006779 3
-3.3133886 -4.3091154 1.0003633 2
-3.4845512 -4.3355341 1.4069649 5
-3.7222521 -4.4685693 1.2388301 4
-3.3401821 -4.2966557 1.7845352 5
-3.7815399 -4.48806 0.62445319 9
-2.1082366 -2.7429898 -0.029917439 3
-1.4690311 -1.9265239 -0.04344162 1
-3.3525581 -4.3220038 0.42670187 3
-3.3623669 -4.2986755 1.5879613 6
-3.5579641 -4.3712673 0.81864727 3
-2.9573705 -3.4437695 -0.0393718 11
-3.3902216 -4.3481975 0.038120538 3
-3.3549302 -4.3106999 1.9926505 5
-3.3203876 -4.2855339 0.23723847 47
-1.2964282 -1.705973 -0.059219901 1
-1.7551136 -2.2916784 -0.044157878 1
-3.3407116 -4.3130279 1.0019578 2
-3.5646589 -4.402729 1.4231032 5
-3.3693728 -4.313808 0.42647648 3
-3.4132774 -4.3334436 1.5992787 6
-3.7327397 -4.4492927 1.2376794 4
-3.3788314 -4.3115244 1.9966422 7
-3.3817749 -4.3184476 1.7942886 5
-2.134861 -2.7571802 -0.034391768 3
-1.4708979 -1.9150876 -0.041720901 1
-3.5986824 -4.3894138 0.82058525 3
-1.7650998 -2.2887623 -0.045004983 1
-1.292508 -1.6893427 -0.055149727 1
-3.8284118 -4.511097 0.62512898 9
-3.00333 -3.4720914 -0.045834471 12
-3.362535 -4.3082366 0.23479213 48
-3.3698103 -4.3205419 1.0039046 2
-3.4029288 -4.3330007 0.038301155 3
-3.3961158 -4.3070545 1.7941324 5
-3.6566908 -4.42946 0.82400393 3
-1.4772028 -1.9100423 -0.041792907 1
-3.8694773 -4.528482 0.6256687 9
-2.1513257 -2.7592146 -0.036365017 3
-3.4142752 -4.3394117 0.42549449 3
-3.7740273 -4.4662752 1.2423927 4
-3.4115729 -4.3406782 0.23172736 50
-3.445595 -4.3427901 1.6044658 13
-3.404732 -4.313139 2.0011427 7
-3.4247561 -4.3308377 0.037103157 3
-3.592392 -4.4003801 1.4254178 5
-3.0364113 -3.4852269 -0.049865372 12
-1.2983518 -1.6846615 -0.055217199 1
-3.3824296 -4.3054357 1.0033884 2
-1.7730485 -2.2824173 -0.045094062 1
-3.986675 -4.6332827 0.62825346 13
-3.4286728 -4.3278685 0.42533663 3
-3.4821858 -4.3586884 1.6111903 13
-3.4432232 -4.3318214 2.0113544 5
-1.4862462 -1.9077512 -0.042767111 1
-2.1584661 -2.7484059 -0.035848495 3
-3.6926928 -4.4409628 0.8255164 3
-3.8154817 -4.4830141 1.2471021 4
-3.4209168 -4.3071694 1.7975723 5
-1.3062905 -1.6832159 -0.056314655 1
-1.7708006 -2.2640619 -0.042132825 1
-3.4253025 -4.3298359 1.0072603 5
-3.4573467 -4.3403864 0.034508303 3
-3.4591358 -4.3691087 0.22886038 51
-2.9722042 -3.3882172 -0.035880007 10
-3.6052477 -4.384593 1.4246212 5
-3.4538169 -4.3281298 0.4248983 3
-1.4973989 -1.9087297 -0.044636659 1
-4.002862 -4.6191206 0.62807399 13
-3.4719236 -4.341145 1.8109349 5
-2.1799092 -2.756474 -0.039070461 3
-3.8511226 -4.4941945 1.2508434 4
-3.5394821 -4.3981614 1.624022 13
-3.4705026 -4.3346424 2.0163715 7
-3.5369098 -4.4092312 0.025321424 3
-3.4661222 -4.3480716 0.22932562 51
-3.7417061 -4.4675241 0.8280797 3
-3.6754997 -4.4391603 1.4382504 5
-1.3000456 -1.6633903 -0.051212735 1
-3.4491658 -4.3285384 1.0083207 2
-1.7884841 -2.2699456 -0.045268286 1
-2.9760809 -3.3687294 -0.034552258 10
-3.5009143 -4.3568459 0.42385063 3
-3.573961 -4.4105549 1.6299772 6
-3.8842766 -4.5021825 1.2540947 4
-3.5238974 -4.3709097 2.0327981 5
-3.5165873 -4.3651276 1.8215814 5
-1.5162449 -1.9185001 -0.049203787 1
-2.1696398 -2.7240682 -0.034181979 3
-4.0242791 -4.6109142 0.62803686 13
-1.7935073 -2.2607791 -0.044591103 1
-1.3127817 -1.6679372 -0.054377932 1
-3.478574 -4.3354721 1.0102626 2
-3.4938745 -4.3512511 0.22811963 52
-3.670614 -4.5418324 0.0088270111 3
-3.6986403 -4.4351964 1.4399607 5
-3.7728369 -4.4724889 0.82916874 3
-2.9957819 -3.366971 -0.036145568 10
-3.5730355 -4.4045553 1.8367388 5
-3.5540667 -4.3908639 0.42265561 3
-1.5078223 -1.8951422 -0.043883935 1
-2.1836295 -2.7228067 -0.035531931 3
-3.923547 -4.5152864 1.2583135 4
-3.520932 -4.3549194 0.22692159 52
-3.5709999 -4.3972788 2.0461059 5
-3.81106 -4.4870634 0.83089578 3
-4.0589466 -4.617578 0.62834847 14
-3.5239305 -4.360178 1.0142961 2
-1.8063103 -2.2604251 -0.046203118 1
-1.3161163 -1.6601726 -0.053410877 1
-3.7575395 -4.4733257 1.4504422 5
-3.0075147 -3.3562834 -0.036278054 10
-3.6066656 -4.4141493 1.6343689 6
-3.7158794 -4.5613256 0.0048134304 3
-3.8624618 -4.5165687 0.83367115 3
-3.9682095 -4.5341249 1.2635055 4
-4.0803995 -4.6091437 0.6283105 14
-3.8141885 -4.5080905 1.4602926 5
-1.5153714 -1.8888811 -0.043969795 1
-2.1995311 -2.7199159 -0.036902435 3
-3.6031353 -4.4050198 1.8410509 5
-3.609823 -4.4226332 0.42143151 3
-1.3224301 -1.6549283 -0.05348381 1
-3.6296148 -4.4104271 1.6364942 7
-3.0325813 -3.3602257 -0.038847353 11
-3.6329517 -4.436348 2.0645661 7
-3.5587108 -4.3651919 0.22506478 53
-3.5685093 -4.3802681 1.0179591 2
-1.817431 -2.2563097 -0.047062904 1
-3.7622883 -4.5849457 0.00046813054 3
-3.8913329 -4.5179372 0.83454645 3
-4.0288706 -4.5705142 1.2716219 4
-4.1045175 -4.6035752 0.62834197 15
-3.8240097 -4.4892445 1.4588772 5
-1.5293545 -1.8924197 -0.046742596 1
-2.2064779 -2.708988 -0.036382847 3
-3.6359668 -4.4132318 1.8471885 5
-3.6507924 -4.440589 0.42057478 3
-3.6274574 -4.4171276 0.22052211 56
-3.0308673 -3.3347859 -0.036541242 10
-3.6928694 -4.4547944 1.6508436 7
-3.6269999 -4.419775 1.0237358 2
-1.8202679 -2.2437131 -0.045626953 1
-3.6459911 -4.4205027 2.0633605 7
-3.796154 -4.5929885 -0.0021407728 3
-1.3306087 -1.6531131 -0.054584593 1
-3.8518333 -4.4912996 1.4618436 5
-3.9334066 -4.5341911 0.83647031 3
-4.0739565 -4.5887709 1.2768096 4
-4.1581602 -4.630518 0.62914222 16
-3.6809037 -4.446672 0.41999954 3
-3.7329428 -4.4723978 1.6583222 7
-3.0419066 -3.3245175 -0.036665983 10
-3.6656325 -4.4141588 2.0652735 7
-1.5396454 -1.8914025 -0.048165184 1
-3.6588938 -4.4093084 1.8497217 5
-2.2234805 -2.710187 -0.038363203 3
-3.6551964 -4.4221969 1.0253145 2
-3.6940544 -4.4655719 0.2161839 58
-1.8180197 -2.2250891 -0.042664815 1
-1.3412583 -1.6542484 -0.05671861 1
-3.8250015 -4.5947404 -0.0040548281 3
-3.9624438 -4.5352087 0.83734351 3
-3.9012496 -4.5163789 1.4698111 5
-4.1139054 -4.6008792 1.281021 4
-4.22012 -4.6660237 0.63014913 18
-2.2248268 -2.6935339 -0.036587764 3
-1.5408716 -1.8801355 -0.046438891 1
-3.7237561 -4.4566031 1.8675723 5
-3.7350373 -4.4794965 0.41879383 3
-3.061604 -3.3223832 -0.038260177 11
-3.7612684 -4.474134 1.661971 7
-3.7114389 -4.4561491 0.2158138 58
-3.7084625 -4.4336586 2.0765002 7
-3.8595326 -4.6046491 -0.0068303156 3
-3.6860163 -4.4275331 1.0272427 2
-1.8307847 -2.2245715 -0.044276938 1
-1.344502 -1.6464247 -0.055750098 1
-3.9587052 -4.5500779 1.4796549 5
-4.0259895 -4.5749464 0.84094238 3
-4.1433196 -4.6009822 1.2832793 4
-4.2445312 -4.6598816 0.63017744 18
-3.7765255 -4.4967461 0.41793182 3
-3.0650342 -3.3027766 -0.03692656 10
-1.5448745 -1.8715942 -0.045613375 1
-3.8125923 -4.5026073 1.6724936 7
-2.2316508 -2.6825373 -0.036067009 3
-3.7620275 -4.4701443 1.8755057 5
-3.749583 -4.4729195 1.0337187 2
-3.7708521 -4.4947906 0.2120955 60
-1.3499099 -1.6417944 -0.055812437 1
-1.8533012 -2.2363372 -0.048935462 1
-3.7639804 -4.4676337 2.092905 5
-3.8962719 -4.6151953 -0.0097896149 3
-3.9902964 -4.5538068 1.4832357 5
-4.0738997 -4.5964065 0.84327918 3
-4.2762771 -4.6631885 0.63042283 19
-4.1995659 -4.63026 1.2904127 4
-3.103214 -3.3212664 -0.041929517 11
-3.8207746 -4.5167961 0.41699868 3
-3.7903121 -4.471622 1.8798362 5
-1.5475775 -1.8615534 -0.044338878 1
-2.2512131 -2.6865847 -0.038672168 3
-1.3505906 -1.6310071 -0.053808779 1
-3.8176332 -4.517869 0.20941822 62
-1.853444 -2.2206872 -0.046735141 1
-3.955173 -4.6512508 -0.015711572 3
-3.8308887 -4.492065 1.6730846 7
-3.7626286 -4.4565721 1.033199 2
-3.7971792 -4.4748502 2.0999856 5
-4.0245876 -4.560328 1.4874419 5
-4.1246819 -4.6205473 0.84582245 3
-4.3552151 -4.7153721 0.63184011 22
-4.2264991 -4.6270566 1.2921828 4
-3.1224101 -3.3193862 -0.043518107 11
-3.8644197 -4.5372705 0.41607115 3
-3.8920572 -4.5326061 1.6866661 14
-3.8382063 -4.4972744 1.8913769 5
-3.9888265 -4.6590047 -0.018317532 3
-3.8347335 -4.4884114 2.109143 5
-1.561618 -1.8648649 -0.047110368 1
-2.2477148 -2.6635144 -0.03564924 3
-1.8534994 -2.2050626 -0.044533707 1
-1.3612455 -1.6319892 -0.055943709 1
-3.8300686 -4.5037184 1.0400101 2
-3.8334107 -4.5042887 0.20924626 62
-3.1279099 -3.3030772 -0.04266509 11
-4.2904229 -4.665256 1.3007817 4
-3.884707 -4.5302672 0.41576767 3
-4.1488681 -4.61479 0.84627283 3
-4.4345698 -4.7670507 0.63325256 24
-3.9200048 -4.5343046 1.6903193 7
-3.8761063 -4.5108628 1.8993149 5
-4.0721536 -4.5813675 1.4947752 5
-3.8876064 -4.5193052 2.1245146 7
-4.0330296 -4.6786261 -0.022317681 3
-1.5626733 -1.8535956 -0.045381628 1
-2.2694089 -2.67083 -0.038874894 3
-1.863333 -2.2017076 -0.045378532 1
-1.3640881 -1.624372 -0.054970618 1
-3.8718553 -4.5185399 0.20720172 63
-3.8606398 -4.508894 1.0419405 2
-3.1443489 -3.2981966 -0.043765333 11
-4.3283896 -4.6732655 1.3044966 4
-4.5006232 -4.8036723 0.63431323 26
-4.189218 -4.6266274 0.84797728 3
-2.2704692 -2.6541524 -0.037096445 3
-3.9320395 -4.55266 0.41476047 3
-3.9046831 -4.5118127 1.9036427 5
-1.5687732 -1.8482387 -0.045451004 1
-4.0961037 -4.5757322 1.4964762 5
-3.9798806 -4.5705757 1.7031238 13
-1.8757355 -2.2012761 -0.046986971 1
-1.3668959 -1.6167605 -0.053997319 1
-3.8912866 -4.5139279 1.0438707 2
-3.8868458 -4.5054579 0.20703796 63
-3.9211967 -4.5258999 2.1315894 7
-4.083477 -4.7032681 -0.027026018 3
-4.5661402 -4.8406997 0.63538033 28
-4.2396975 -4.6507506 0.85052449 3
-4.3854952 -4.7013206 1.3116193 4
-3.9564664 -4.5389671 1.916069 4
-4.1519389 -4.6050754 1.5056827 5
-1.5777346 -1.8455129 -0.046423845 1
-2.2796998 -2.6460104 -0.037199941 3
-3.90521 -4.4946423 0.20665778 63
-3.958487 -4.5507116 0.41430822 3
-4.0166583 -4.5800042 1.7090551 6
-3.9411719 -4.5390892 1.0482315 2
-4.1394157 -4.7335916 -0.03243468 3
-1.8807954 -2.1915743 -0.046309892 1
-3.1016979 -3.2288728 -0.034140002 10
-1.3724837 -1.6118032 -0.05406224 1
-3.9701891 -4.5497255 2.144877 5
-4.5822082 -4.8253102 0.635203 28
-4.2912021 -4.6738286 0.85306197 3
-3.1318002 -3.2382503 -0.037679881 10
-4.4428511 -4.7290444 1.318741 4
-4.2266984 -4.6544909 1.5192642 5
-1.5918416 -1.8486059 -0.049196284 1
-2.2993393 -2.649709 -0.039805379 3
-3.9826629 -4.5366244 1.9194951 4
-1.3755065 -1.6039356 -0.05309036 1
-1.8935845 -2.1907127 -0.047922332 1
-4.0378876 -4.5716333 1.7104076 6
-4.0220289 -4.5906067 0.41287729 3
-3.9675705 -4.5370569 1.0494535 2
-3.9420445 -4.5047283 0.20481262 63
-4.0065885 -4.5588121 2.1529858 5
-4.1744604 -4.7397318 -0.03505636 3
-4.5982242 -4.8098712 0.63502687 28
-4.5078382 -4.7658334 1.327327 4
-4.3293099 -4.681994 0.85455298 3
-4.2367997 -4.634449 1.5178455 5
-3.1820548 -3.2667007 -0.044647414 11
-1.5930792 -1.8370172 -0.047469921 1
-2.3033147 -2.6355629 -0.038655642 3
-4.0912151 -4.6360865 0.41130367 3
-4.0879374 -4.5953312 1.7201519 13
-4.0218568 -4.548708 1.9274206 4
-4.0257454 -4.5706549 1.0548575 2
-1.3938408 -1.6134249 -0.058331762 1
-1.8959843 -2.1780288 -0.046480663 1
-4.0611043 -4.5878768 2.168339 4
-4.2069459 -4.7427115 -0.037329834 3
-4.0426645 -4.5862722 0.19793695 59
-4.5648775 -4.7936463 1.3344514 4
-4.6381364 -4.8157077 0.635382 29
-4.2932949 -4.6628871 1.5270449 5
-4.3757267 -4.6986752 0.85666788 3
-4.0794058 -4.5808654 1.9416399 4
-1.5916646 -1.8225411 -0.044841915 1
-4.0860634 -4.5977092 0.41168779 3
-4.077323 -4.5927348 0.19629551 59
-4.1171527 -4.5954161 1.7237917 13
-2.3124812 -2.6273098 -0.038758703 3
-3.1828249 -3.2435162 -0.042826794 11
-4.0496802 -4.5652809 1.0557286 2
-1.9113803 -2.1800005 -0.048856664 1
-4.090054 -4.5878568 2.1733382 4
-4.2554955 -4.7632961 -0.041696973 3
-1.391712 -1.5997204 -0.055289797 1
-4.5945802 -4.7925615 1.3367081 4
-4.6820555 -4.828702 0.63589209 30
-4.4489131 -4.7449269 0.86087644 3
-4.3527389 -4.6938639 1.5368673 5
-1.6187936 -1.8400102 -0.052115161 1
-2.3110552 -2.6072664 -0.036356527 3
-4.1163239 -4.5895472 1.9486603 4
-4.1235499 -4.6069536 0.41095173 3
-3.1969256 -3.2349691 -0.043443654 11
-4.1701937 -4.6215038 1.7342966 6
-1.9005874 -2.1526723 -0.043597396 1
-1.3998182 -1.597563 -0.056388933 1
-4.0949578 -4.5834856 1.0593865 2
-4.1548591 -4.6464915 0.19129662 56
-4.3202987 -4.8013201 -0.048159875 3
-4.0957246 -4.5619183 2.1690252 7
-4.7521944 -4.8662777 0.63700891 32
-4.4729195 -4.7386136 0.86132842 3
-4.6287699 -4.7925458 1.3394332 4
-3.2470212 -3.2633564 -0.050409328 12
-4.4205751 -4.7331209 1.5485612 5
-2.3174694 -2.5960612 -0.035830799 3
-1.606879 -1.8139226 -0.045886461 1
-4.1853514 -4.6426272 0.40958136 3
-4.1848369 -4.6326208 1.9664737 6
-4.2075605 -4.6298928 1.7402219 12
-1.410516 -1.5982254 -0.058524199 1
-1.9264878 -2.1662352 -0.049026698 1
-4.3612447 -4.8124447 -0.051485278 3
-4.1737714 -4.6346874 0.1909117 56
-4.1311884 -4.5688353 2.1766117 14
-4.1618285 -4.6250377 1.0658264 2
-4.5190263 -4.7552915 0.86344784 3
-4.7030063 -4.8365455 1.3494692 4
-4.4390087 -4.7211027 1.5490135 5
-4.8572831 -4.9366698 0.63893437 35
-3.2583883 -3.2517872 -0.050536469 12
-4.2115631 -4.6292882 1.9698929 4
-1.6131588 -1.8081236 -0.045958575 1
-2.3371403 -2.5994394 -0.038436428 3
-4.2258625 -4.6543193 0.40877193 3
-4.2169466 -4.6529427 1.0706986 5
-4.2088194 -4.6404901 0.18926543 55
-4.2743168 -4.6698313 1.7545348 12
-4.3996277 -4.8204088 -0.054462425 3
-1.9287175 -2.1535027 -0.047583982 1
-1.4160383 -1.5931184 -0.058588404 1
-4.1732831 -4.5826802 2.1867852 14
-4.5708389 -4.7774596 0.86598122 3
-4.7310572 -4.8311892 1.3512275 4
-4.4737663 -4.7261858 1.5532153 5
-4.8951626 -4.938396 0.63921255 36
-4.2656908 -4.6665382 0.40797001 3
-3.2498832 -3.2206933 -0.047240932 11
-4.3192101 -4.6871085 1.7627531 12
-4.2186537 -4.6012902 2.1985183 11
-2.351522 -2.5968883 -0.039790332 3
-1.6220511 -1.8051786 -0.046929896 1
-4.2356772 -4.6229634 1.9724147 4
-4.257483 -4.6608014 0.18656875 54
-1.4241527 -1.5908388 -0.059688035 1
-1.9202712 -2.1292074 -0.043085046 1
-4.2615256 -4.6687746 1.074175 2
-4.4354124 -4.8252339 -0.057091601 3
-4.6412206 -4.8148928 0.86974335 3
-4.525022 -4.748188 1.5611646 5
-4.7907486 -4.8558431 1.3583235 4
-4.9824047 -4.9924574 0.64073867 39
-4.285521 -4.6458378 1.9839361 4
-1.6332738 -1.8053476 -0.048798848 1
-2.3654609 -2.5946949 -0.04113875 3
-4.3064651 -4.6777701 0.40715653 3
-3.2497272 -3.1980295 -0.045410339 11
-4.3731327 -4.7119594 1.7732484 11
-4.2650037 -4.6188836 2.2102392 14
-4.2946644 -4.6698794 0.18472075 53
-4.4867387 -4.8481545 -0.061808947 3
-1.416558 -1.5714782 -0.054571569 1
-1.9249952 -2.1194167 -0.042404275 1
-4.3428192 -4.7238302 1.0823457 2
-4.6011815 -4.7954755 1.5747323 5
-4.6692104 -4.8098679 0.87039167 3
-4.9989767 -4.9756699 0.64055532 39
-4.864727 -4.8941574 1.3678457 4
-3.2688653 -3.1953092 -0.046997361 11
-2.3610272 -2.5717537 -0.038107123 3
-1.6527851 -1.8137296 -0.053373635 1
-4.3555617 -4.6975503 0.40613016 3
-4.4057522 -4.7136297 1.7776431 11
-4.3656807 -4.6989546 2.0053332 6
-1.9453462 -2.127224 -0.046303701 1
-4.3075657 -4.631989 2.2204082 13
-4.2891741 -4.6312461 0.18622449 54
-4.3150234 -4.6625566 1.076611 2
-1.4190872 -1.563781 -0.053594366 1
-4.5282149 -4.8583589 -0.06513916 3
-4.7280459 -4.8360071 0.87332588 3
-4.6298027 -4.7896719 1.5770371 5
-5.0506001 -4.9915738 0.64118063 40
-4.9316907 -4.9281468 1.3764118 4
-3.2714074 -3.1754043 -0.045653939 11
-4.4302244 -4.7345529 2.0213327 4
-2.3618641 -2.5546558 -0.03632573 3
-1.6457545 -1.7935376 -0.048942149 1
-4.37745 -4.6879015 0.40580991 3
-4.4465418 -4.7236662 1.7843239 11
-4.3053465 -4.6160083 0.18604928 54
-4.3967748 -4.7169795 1.0847788 2
-1.952726 -2.1202312 -0.046386864 1
-4.3555794 -4.6504598 2.2326427 13
-1.429765 -1.564281 -0.055729497 1
-4.5383406 -4.8350267 -0.064449005 3
-4.6686654 -4.7958498 1.581849 4
-4.9480534 -4.9115539 1.3762323 4
-4.8132877 -4.8864746 0.87811875 3
-5.1052618 -5.0099659 0.64187169 41
-4.4513144 -4.7253113 2.0229595 4
-4.4809999 -4.766067 0.40337166 3
-4.5110297 -4.7598295 1.7978692 11
-3.299695 -3.1801867 -0.04871634 12
-4.4109392 -4.6778474 2.2479882 13
-4.6079473 -4.8759975 -0.071443565 3
-1.6439453 -1.7790921 -0.046310239 1
-2.3897245 -2.5663099 -0.040812422 3
-1.4431109 -1.5675514 -0.058900528 1
-1.9600813 -2.113214 -0.046469934 1
-4.4173622 -4.7057261 1.0851206 5
-4.4587407 -4.7457724 0.17535073 48
-5.121892 -4.9927673 0.64168739 41
-4.7464862 -4.8411708 1.5953987 4
-5.0077662 -4.9356947 1.3833281 4
-4.48316 -4.7272429 2.0281801 4
-4.8501191 -4.8891912 0.87938476 3
-4.5106139 -4.7654228 0.40284452 3
-4.5540419 -4.7729635 1.8053178 11
-4.4625258 -4.7007174 2.2617788 10
-4.6516914 -4.889214 -0.075118825 3
-2.3954806 -2.5553114 -0.040280212 3
-3.3251748 -3.182081 -0.051289581 12
-1.6632048 -1.7875973 -0.050881851 1
-4.5167804 -4.778873 1.0955476 2
-1.4482559 -1.5625908 -0.058959946 1
-4.5130587 -4.7712197 0.17223142 47
-1.9670465 -2.1065266 -0.0465477 1
-4.5312781 -4.7458878 2.0387926 4
-5.2286844 -5.0605583 0.64359546 45
-4.9144917 -4.9207559 0.88273692 3
-4.5568891 -4.7819543 0.40189087 3
-4.5917335 -4.7802277 1.8112417 10
-5.0790968 -4.9705462 1.392363 4
-4.5035954 -4.7121644 2.2714326 12
-4.6706796 -4.8763909 -0.075644344 3
-1.655627 -1.7678027 -0.046444025 1
-2.4175708 -2.561445 -0.043508995 3
-4.8004665 -4.859942 1.6033183 4
-4.5786562 -4.8078799 0.16826774 45
-4.5105877 -4.7406406 1.0925968 2
-1.4587175 -1.5631931 -0.061093062 1
-1.9712763 -2.0969677 -0.045862112 1
-3.3362563 -3.1702337 -0.051413786 12
-4.5958371 -4.7810645 2.0547941 3
-4.5977669 -4.7924776 0.40107819 3
-5.1355782 -4.9920878 1.3989792 4
-4.5515141 -4.7303228 2.2836702 12
-2.4041107 -2.5304546 -0.038586099 3
-1.6789936 -1.7803893 -0.052368291 1
-4.9970455 -4.9679012 0.88732159 3
-4.6445489 -4.8441591 0.16430146 43
-5.2723923 -5.0668941 0.64401102 46
-4.5609078 -4.7612934 1.0967664 5
-1.4558196 -1.5498267 -0.058041371 1
-1.9890752 -2.1015534 -0.048999123 1
-4.8733664 -4.8987775 1.6156131 4
-4.6668239 -4.8222146 1.8270478 10
-4.7163267 -4.8875399 -0.079339966 3
-3.3240933 -3.1366541 -0.047619067 11
-5.1759472 -4.9958873 1.4026694 4
-4.6711302 -4.8326554 0.39946052 3
-5.0258107 -4.9613719 0.88796037 3
-5.3075042 -5.064712 0.64422065 46
-4.8980484 -4.8907366 1.6173079 4
-4.7350864 -4.8597779 1.8413459 10
-4.6174607 -4.7631807 2.302089 12
-4.6387143 -4.7882695 2.0626781 3
-1.666487 -1.7544432 -0.046132255 1
-2.4133453 -2.5214071 -0.038689498 3
-1.4560683 -1.5387374 -0.056033812 1
-1.9912633 -2.0884118 -0.047555823 1
-4.626977 -4.7943153 1.1026517 2
-4.752903 -4.8907232 -0.081976362 3
-4.6205401 -4.7838845 0.16727179 45
-3.3670223 -3.1545091 -0.053132005 12
-5.0708914 -4.9723234 0.88985419 3
-5.2279053 -5.0104189 1.4083005 4
-1.6831357 -1.7598872 -0.049804304 1
-4.7216043 -4.8503451 0.39841992 3
-2.4327118 -2.5245063 -0.041291945 3
-5.4096289 -5.125421 0.64598066 49
-4.6846595 -4.8032656 2.0723865 3
-4.9320302 -4.8900242 1.6208639 4
-4.6783309 -4.8111048 0.1639349 43
-4.6639118 -4.777153 2.3132792 12
-1.9930218 -2.0756359 -0.046107449 1
-1.4721645 -1.5445374 -0.060242116 1
-4.7722435 -4.8617196 1.8464826 10
-4.6771746 -4.8120928 1.1066349 2
-4.76439 -4.8681626 -0.081460565 3
-3.354651 -3.1209936 -0.04933463 12
-5.1313267 -4.9960089 0.89277124 3
-5.2944531 -5.0382838 1.4163543 4
-5.0084352 -4.9305792 1.6337757 4
-4.7370815 -4.8227153 2.083879 3
-1.689226 -1.7538236 -0.049873073 1
-4.7469749 -4.8421264 0.398022 3
-2.4414864 -2.5157924 -0.041389849 3
-1.471823 -1.5339581 -0.058227025 1
-5.427537 -5.1062484 0.64578468 49
-4.7448883 -4.8488536 1.1128794 5
-4.7173128 -4.7977276 2.3270519 10
-4.7184119 -4.8164086 0.16205525 42
-3.3913298 -3.1337559 -0.053862922 12
-1.9864612 -2.0544767 -0.042363662 1
-4.8205605 -4.8745866 1.8546655 9
-4.7653971 -4.8334236 -0.079551511 3
-5.1919909 -5.0193391 0.89568663 3
-5.0673137 -4.9550285 1.6429513 4
-5.3815184 -5.0847859 1.4278021 4
-1.6928574 -1.7446539 -0.049044445 1
-2.4506657 -2.5066187 -0.041491494 3
-4.8042111 -4.8641315 0.39682603 3
-4.8153067 -4.8658524 2.1034441 3
-3.3904903 -3.11099 -0.052024353 12
-4.7663035 -4.8116622 2.3387461 14
-1.4773844 -1.5283698 -0.058290694 1
-4.8033819 -4.8721919 1.1177151 2
-4.85428 -4.8741651 1.8590486 9
-2.0105155 -2.0637238 -0.047038469 1
-4.772675 -4.8356485 0.15911849 41
-4.7963614 -4.8305802 -0.081487209 3
-5.1272836 -4.9782381 1.652114 4
-5.2355418 -5.0257549 0.89735878 3
-5.4544582 -5.1171842 1.4368207 4
-5.6836596 -5.2710562 0.65042603 57
-4.868207 -4.8845859 2.1149323 3
-4.8495011 -4.8753424 0.39592466 3
-3.3836379 -3.0829463 -0.049204554 11
-4.9178891 -4.9048238 1.8718152 9
-4.8228307 -4.834341 2.3535473 11
-4.82652 -4.8284411 -0.083413906 3
-1.6991956 -1.7382443 -0.049116895 1
-2.4486496 -2.486218 -0.039082855 3
-1.4802002 -1.5200142 -0.057318173 1
-2.0315299 -2.0703959 -0.050945468 1
-4.8347721 -4.8638778 0.15555468 39
-4.8578858 -4.8909407 1.1220278 2
-5.7748871 -5.3194585 0.65191019 60
-5.2188616 -5.0311589 1.6681345 4
-5.2821016 -5.034668 0.89923501 3
-5.5073023 -5.1302485 1.4424427 4
-4.9817562 -4.9351139 1.8845783 9
-4.9093585 -4.892909 2.1228371 3
-4.953701 -4.9463043 0.39352164 3
-4.8842196 -4.8629718 2.3704238 15
-4.8340321 -4.8037572 -0.08253514 3
-2.4792576 -2.5001862 -0.044195697 3
-1.7104284 -1.7379225 -0.050986115 1
-3.3825455 -3.0602884 -0.047363263 11
-4.9246197 -4.9207325 0.14988382 36
-2.0327892 -2.0579207 -0.049491547 1
-1.4824506 -1.5122006 -0.056337994 1
-4.9165282 -4.9167109 1.1270512 2
-5.2707977 -5.0453572 1.6754209 4
-5.3637018 -5.0761685 0.90359265 3
-5.7934737 -5.299006 0.65170723 60
-5.5924511 -5.1725636 1.4533952 4
-4.9880743 -4.9455619 0.39290252 3
-4.9625983 -4.9110565 2.134321 4
-2.4818935 -2.4861987 -0.043032285 3
-5.0495591 -4.9668832 1.8980899 8
-1.7106041 -1.7265856 -0.049246889 1
-2.0367792 -2.0482171 -0.04880299 1
-1.4928972 -1.5125411 -0.058470733 1
-4.9768152 -4.9435511 1.1322463 5
-4.8707237 -4.806118 -0.085172467 3
-4.910872 -4.8551664 2.3738551 7
-4.9409485 -4.9041295 0.14970776 36
-3.4228549 -3.0746291 -0.05238786 12
-5.7005091 -5.2367721 1.4682299 4
-5.4398236 -5.111701 0.90753269 3
-5.3056679 -5.0429783 1.6789684 4
-2.4933522 -2.4800794 -0.043756425 3
-5.028223 -4.9502282 0.39213869 3
-5.0188146 -4.9316187 2.1467023 4
-1.7235217 -1.727249 -0.051570196 1
-2.0242803 -2.0216398 -0.043524284 1
-5.10074 -4.9818258 1.9070334 8
-1.500873 -1.5098463 -0.059568524 1
-5.0182829 -4.9496207 1.1350034 2
-4.9306107 -4.8404927 2.3747053 7
-4.9103498 -4.8110399 -0.088162675 3
-5.0008879 -4.9284987 0.14634784 34
-3.4549177 -3.0802155 -0.055948853 12
-5.7688084 -5.2619386 1.4762669 4
-5.1163616 -5.0029597 0.39015752 3
-5.5250473 -5.1548982 0.91208816 3
-5.1653452 -5.0110159 1.9197898 8
-5.4039817 -5.0998979 1.6962243 4
-4.8911777 -4.7701511 2.3538718 7
-5.0584445 -4.9355636 2.1536961 6
-1.7239212 -1.7155876 -0.049834114 1
-2.5076265 -2.4766777 -0.045107886 3
-2.0453372 -2.028084 -0.047430728 1
-5.0669932 -4.9624019 1.1386266 2
-1.4977963 -1.4963236 -0.056515124 1
-5.0811081 -4.9720039 0.14150403 32
-4.9271498 -4.7936049 -0.088343315 3
-3.4716094 -3.0731392 -0.057051335 12
-5.5832906 -5.1742001 0.91479284 3
-5.8373561 -5.2866974 1.4843007 4
-5.1057234 -4.9483123 2.1633911 6
-5.5114341 -5.1642594 1.7153435 3
-1.7393491 -1.7191834 -0.053055596 1
-5.1568632 -5.0070248 0.38939071 3
-2.4987757 -2.4516606 -0.041430075 3
-5.0976067 -4.9548736 0.14132659 32
-5.2169042 -5.0253205 1.9287302 7
-4.9189906 -4.7635694 2.3578234 7
-4.9689221 -4.8018155 -0.091675997 3
-3.4991961 -3.0776572 -0.060104243 13
-5.137351 -4.9956732 1.1448427 5
-2.046731 -2.0152714 -0.04597903 1
-1.5085055 -1.4962804 -0.058651 1
-5.6750531 -5.2218308 0.9197551 3
-5.8795104 -5.2872176 1.4879732 4
-5.2090096 -5.0219274 0.38833317 3
-1.7368762 -1.7047985 -0.050417271 1
-5.5903997 -5.2010899 1.7282277 3
-2.5129898 -2.4481862 -0.042781886 3
-5.1723247 -4.9773903 2.1789069 6
-5.2686262 -5.0393205 1.9376671 11
-1.5161924 -1.4937834 -0.059744235 1
-2.0646813 -2.0191751 -0.049116585 1
-5.186986 -5.0059037 0.13584267 29
-10.025588 -9.6082134 4.238842 10
-5.1984987 -5.021152 1.1500285 2
-4.9741507 -4.7731743 -0.090452053 3
-6.1676803 -5.4803324 0.65754128 59
-3.4498682 -3.013242 -0.050405554 12
-5.6367698 -5.2090249 1.734268 3
-5.7672224 -5.2688794 0.92471415 3
-5.9722152 -5.3323169 1.499877 4
-1.7301 -1.6864201 -0.046423573 1
-5.2540803 -5.0296307 0.38745531 3
-2.515779 -2.4337397 -0.041618958 3
-5.3405013 -5.0718937 1.9519272 7
-5.2250605 -4.9926419 2.1899338 5
-10.007389 -9.5236731 4.2193789 21
-2.0631669 -2.0036187 -0.046897955 1
-5.2492194 -5.034349 1.1538178 5
-1.5157678 -1.4829459 -0.057729553 1
-4.9676676 -4.7335944 -0.087821402 3
-3.5115445 -3.044924 -0.058871161 12
-6.3547173 -5.5701933 0.6604597 56
-5.6695714 -5.2024012 1.7371856 3
-5.8093638 -5.2698531 0.92616355 3
-1.7500591 -1.6936005 -0.051002383 1
-5.2907276 -5.0196276 2.2049966 5
-5.4155364 -5.1067057 1.9669459 6
-2.5185015 -2.4192967 -0.040456351 3
-5.3021765 -5.0398355 0.38650429 2
-6.0513577 -5.362639 1.5093457 4
-3.4853768 -3.0021136 -0.053091172 12
-9.919795 -9.3744812 4.1746244 22
-5.3058844 -5.0527248 1.1582972 2
-5.010324 -4.7405138 -0.09116298 3
-1.532084 -1.4881141 -0.061939798 1
-2.0615704 -1.988096 -0.044678994 1
-5.7346096 -5.224782 1.7469496 3
-5.9140716 -5.3265662 0.93193877 4
-6.4286075 -5.5948133 0.66143948 55
-5.4014559 -5.0976367 0.38427922 2
-6.1477871 -5.409215 1.5217257 4
-1.7644211 -1.6953115 -0.053776704 1
-5.4621339 -5.1143026 1.9743568 6
-3.4837077 -2.9794369 -0.051242869 12
-2.5441632 -2.4265273 -0.044321358 3
-5.3637648 -5.0528574 2.2222984 6
-1.523174 -1.4693128 -0.056808818 1
-5.3874278 -5.0939651 1.1657144 2
-2.0798883 -1.9914688 -0.047819525 1
-5.0239615 -4.7199988 -0.090990283 3
-9.8242245 -9.2194099 4.1272984 35
-6.2457047 -5.4599762 1.5345974 4
-6.4906135 -5.6085434 0.66214097 54
-5.986414 -5.3533931 0.93543309 3
-5.9261971 -5.3603768 1.7834675 3
-2.526619 -2.3931289 -0.038766805 3
-1.7560598 -1.6756171 -0.049339481 1
-5.4313884 -5.0803308 2.2377937 5
-5.4865737 -5.1411562 0.38240093 2
-5.5838408 -5.1909118 2.0015211 2
-1.5366964 -1.4717194 -0.059990086 1
-3.533566 -3.0002303 -0.057756793 12
-2.0867894 -1.9839803 -0.047906827 1
-5.0579729 -4.7183957 -0.093290098 3
-5.4401908 -5.1074967 1.1696599 2
-9.9103289 -9.2347412 4.146554 23
-6.5639811 -5.6334648 0.66309905 53
-6.2828226 -5.4534507 1.5372641 4
-5.9419909 -5.3367906 1.7826171 3
-1.7704138 -1.6772516 -0.052121714 1
-5.5050073 -5.1126766 2.2550638 5
-2.5465105 -2.3948324 -0.041386008 3
-5.5368304 -5.1515775 0.38138211 2
-6.1018896 -5.41573 0.94178051 3
-1.5304629 -1.4556283 -0.055903144 1
-3.5013511 -2.9520106 -0.051009521 12
-2.09654 -1.9791553 -0.048760254 1
-5.5077329 -5.1342702 1.1753178 2
-5.6222444 -5.1897516 2.0066216 5
-10.027919 -9.2784052 4.1771345 30
-5.08324 -4.7085323 -0.094545394 3
-6.3983483 -5.5139337 1.5525091 3
-6.0227304 -5.3708267 1.7954561 3
-5.6629004 -5.2330327 0.37847289 2
-5.7033362 -5.2290592 2.0231328 5
-10.04029 -9.2278795 4.1700549 5
-6.1658759 -5.4336257 0.94463426 3
-1.7647595 -1.6602941 -0.048584368 1
-2.5577314 -2.3884006 -0.042118017 3
-5.5602427 -5.1274595 2.2665038 5
-3.6032887 -3.0155618 -0.06588544 13
-5.5931258 -5.176826 1.1830465 2
-1.555341 -1.4684507 -0.0632364 1
-2.091855 -1.9609787 -0.045781348 1
-5.1055603 -4.6958547 -0.095449604 3
-6.5103784 -5.5722394 1.5672746 3
-6.2522559 -5.4743218 0.94915438 3
-5.634923 -5.1612825 2.2842298 5
-2.5656106 -2.3797038 -0.042216923 3
-1.7759552 -1.6595179 -0.050460156 1
-5.7461853 -5.2722497 0.37664264 2
-5.782763 -5.264236 2.0388694 2
-9.9868612 -9.1144953 4.1387062 12
-5.1240811 -4.6813097 -0.095991388 3
-6.0839658 -5.3850179 1.8039261 3
-1.5461757 -1.4497653 -0.058109552 1
-2.1102288 -1.9640718 -0.048933089 1
-5.6671171 -5.2080865 1.1893879 2
-3.5530066 -2.9516213 -0.056193478 12
-6.5571475 -5.5722885 1.571386 3
-6.3257751 -5.4992237 0.95261955 3
-2.4678462 -2.0905499 0.57341802 1
-2.573873 -2.3705227 -0.042319987 3
-1.7874528 -1.6583683 -0.05234031 1
-5.84167 -5.321692 0.37451541 2
-5.8186941 -5.2595415 2.0432055 2
-5.7079129 -5.1910248 2.3010426 5
-1.5480698 -1.4418546 -0.057132762 1
-5.7434316 -5.2425809 1.1960826 2
-10.00446 -9.0663481 4.133163 33
-2.1079824 -1.9489487 -0.046715252 1
-5.1315436 -4.6551127 -0.095134445 3
-3.6247499 -2.9892039 -0.066158541 13
-6.4137321 -5.5378108 0.95711952 3
-6.6587362 -5.6180339 1.5841979 3
-2.4612479 -2.070245 0.57303029 8
-2.6083601 -2.2944741 1.0714475 1
-5.7956824 -5.2333574 2.3223362 4
-1.79752 -1.6558418 -0.053768694 1
-2.5879698 -2.366605 -0.043681607 3
-5.8899975 -5.3277202 0.3735562 2
-5.829843 -5.283608 1.2037998 2
-5.8606296 -5.3066564 0.096801542 10
-5.9308476 -5.3226352 2.0672927 2
-2.129297 -1.9545418 -0.050634179 1
-10.030477 -9.0259361 4.1307192 3
-1.5644981 -1.4466158 -0.061352246 1
-3.6346312 -2.9769416 -0.066284247 13
-5.166419 -4.6519189 -0.097455278 3
-6.5181894 -5.5876951 0.96263182 3
-6.7027764 -5.6148381 1.5878236 3
-2.5175862 -2.2000146 1.050826 4
-5.9772177 -5.3681183 0.37164119 2
-1.790195 -1.6376466 -0.049777035 1
-3.6444695 -2.9646459 -0.066408902 13
-2.5961869 -2.357337 -0.043784734 3
-2.4595277 -2.0533776 0.57273656 11
-5.8692713 -5.2621603 2.3391426 5
-1.5579934 -1.4306314 -0.057261866 1
-2.1243794 -1.9364052 -0.047652528 1
-5.928494 -5.3347135 1.2128907 2
-10.002938 -8.9379072 4.109189 17
-5.994483 -5.339684 2.0784495 4
-5.194571 -4.6441603 -0.099062271 3
-2.5068407 -2.1760604 1.0470031 7
-6.9059472 -5.7430258 1.6165705 3
-1.7958528 -1.6311897 -0.049850374 1
-6.0917268 -5.4318371 0.36905932 2
-2.4666491 -2.0445898 0.5726456 11
-3.6299899 -2.9318206 -0.062603213 13
-2.6077297 -2.3502104 -0.044521146 3
-5.9455199 -5.2907472 2.3563826 7
-6.0898256 -5.3859172 2.0979679 4
-5.9808469 -5.3417797 1.2164471 2
-1.5747027 -1.4350023 -0.061484486 1
-2.1372848 -1.933617 -0.049275592 1
-5.2384872 -4.6485085 -0.10244142 3
-2.4903178 -2.1466367 1.0419344 9
-2.467531 -2.0307302 0.57242316 11
-3.665051 -2.9386425 -0.066670612 13
-1.8046881 -1.6269834 -0.050829113 1
-5.9903789 -5.2928905 2.3642225 3
-6.1626863 -5.454093 0.36756557 2
-2.6158893 -2.3408778 -0.044623487 3
-1.5796494 -1.4293091 -0.061548904 1
-6.0891838 -5.3996849 1.2265652 2
-2.1322184 -1.9155407 -0.04629229 1
-6.2042689 -5.445961 2.1220293 4
-5.2637043 -4.6377826 -0.10369737 3
-2.4766395 -2.1199069 1.0374886 8
-2.4917843 -2.1082964 0.68886995 13
-2.5681849 -2.1218407 0.92881876 2
-2.4711084 -2.0198457 0.57227206 12
-6.2501216 -5.4530706 2.129426 2
-5.2654428 -4.6114388 -0.10245451 3
-3.6565719 -2.9108336 -0.063847244 13
-6.2479901 -5.4901524 0.36571115 2
-1.8044555 -1.6153313 -0.049093876 1
-8.3980055 -7.3484445 3.5062172 13
-5.920198 -5.1925139 2.3366628 4
-2.6303611 -2.3362606 -0.045989484 3
-2.1480353 -1.9152662 -0.048682645 1
-1.590623 -1.4284149 -0.063693553 1
-6.1315985 -5.3919525 0.082020275 8
-6.1509795 -5.4137979 1.2311504 2
-2.4777634 -2.0114601 0.57218593 10
-2.4821854 -2.0853772 0.6876502 15
-2.4749165 -2.1034567 1.0355313 8
-5.9606738 -5.1964369 2.3440888 3
-2.6283228 -2.3204749 -0.044186715 3
-1.8168168 -1.6158856 -0.05141845 1
-6.2984748 -5.4990673 0.36468852 2
-1.5860852 -1.4158962 -0.060630944 1
-2.5585775 -2.0989344 0.9260686 20
-3.6536922 -2.88867 -0.062000234 13
-6.2422285 -5.46069 1.2395692 2
-8.4883642 -7.3799872 3.529659 31
-6.2018738 -5.4206409 0.077984169 8
-2.1566329 -1.9112936 -0.049520776 1
-5.2694774 -4.5823298 -0.10123899 3
-2.5469329 -2.0753253 0.92308199 37
-2.41237 -2.0364823 1.0211481 8
-2.490999 -2.0075829 0.57222635 10
-1.8120933 -1.6004058 -0.048326235 1
-2.6333907 -2.3084848 -0.043657731 3
-6.4388404 -5.5812206 0.3614966 2
-2.4836109 -2.0709927 0.6871438 14
-2.5638647 -2.2225602 1.1816497 18
-10.755098 -9.2863483 3.7917931 5
-3.6950715 -2.9000356 -0.067051835 13
-8.5098104 -7.3462777 3.5278008 39
-1.5880487 -1.4076365 -0.059654813 1
-6.3186121 -5.488101 1.2458832 2
-2.1869884 -1.9241081 -0.055744372 2
-6.2722125 -5.4430218 0.074124888 8
-5.2340589 -4.5195203 -0.095435373 3
-2.54757 -2.0617445 0.92202973 42
-2.3707054 -1.9875931 1.011119 15
-6.5393829 -5.6297922 0.35927147 2
-2.5042374 -2.0036371 0.57226604 10
-8.5504141 -7.3315797 3.5331786 24
-10.85283 -9.304162 3.8111062 11
-1.822051 -1.5976962 -0.049752362 1
-2.638407 -2.2964919 -0.043127604 3
-2.4877024 -2.0595915 0.68684697 19
-6.3624992 -5.4818702 0.068874739 65
-2.8175569 -2.2015219 0.0719762 2
-2.1668663 -1.8932191 -0.048921324 1
-1.5928991 -1.4018916 -0.059717949 1
-6.39224 -5.5124445 1.2518504 2
-5.2210145 -4.4763846 -0.092275999 3
-2.5485015 -2.0477207 0.92097306 41
-2.5108376 -1.995133 0.57218051 6
-1.8287741 -1.5927173 -0.050272815 1
-2.6579986 -2.2977784 -0.045743112 3
-14.439882 -12.286454 4.8822136 1
-6.619987 -5.658442 0.35754943 2
-2.4944906 -2.0511522 0.68676108 18
-2.5548794 -2.1844532 1.1753893 54
-10.19732 -8.6762266 4.0999269 12
-6.4856281 -5.5497704 0.061280385 7
-5.2312913 -4.4549203 -0.091926657 3
-2.3687797 -1.9711846 1.0091636 15
-6.4964561 -5.562171 1.2612561 2
-1.6065344 -1.4036676 -0.062899061 1
-2.1734214 -1.8854414 -0.049004663 1
-2.8271492 -2.1921577 0.071626 28
-2.5177548 -1.9861642 0.57209092 6
-2.4981389 -2.040185 0.68647069 16
-2.5540471 -2.03739 0.92063957 45
-2.5745089 -2.1854348 1.1783291 65
-2.5621996 -2.1883748 1.3009719 4
-1.8313038 -1.5836135 -0.049438279 1
-2.659946 -2.2831602 -0.044582933 3
-6.5636077 -5.5815191 1.2665389 2
-6.5660276 -5.5783558 0.056769028 7
-1.5964139 -1.3856394 -0.05776101 1
-2.1706424 -1.8704097 -0.046780463 1
-8.7494755 -7.3956523 3.5841076 28
-5.2956481 -4.4773469 -0.097767465 3
-2.3602982 -1.9502505 1.0059714 17
-2.8075225 -2.1621296 0.075721234 23
-2.554507 -2.0238447 0.91958916 45
-2.4974177 -2.0250244 0.68586963 13
-2.5309691 -1.9820632 0.57213199 6
-2.4667449 -2.0966833 0.45888349 1
-1.8472017 -1.585795 -0.052674368 1
-2.6708918 -2.2761827 -0.045313139 3
-2.3851578 -1.9571508 1.0096143 27
-2.1801193 -1.8651463 -0.04763028 1
-2.5836103 -2.17751 1.1786132 41
-1.6070908 -1.3848504 -0.059902839 1
-6.6472011 -5.6121264 1.2735289 2
-6.6681275 -5.624404 0.050756302 7
-8.7872305 -7.3747177 3.5879195 30
-2.8150201 -2.1521053 0.07562533 23
-5.3181696 -4.4627156 -0.098673411 3
-2.5348644 -1.9940417 0.91540021 43
-2.501312 -2.0136113 0.68557543 13
-2.4239516 -1.9750468 1.0160497 51
-1.8437128 -1.571642 -0.050031595 1
-2.5953643 -2.1850441 1.3061534 39
-2.6909163 -2.276758 -0.047933765 3
-2.5556386 -1.9859467 0.57239246 1
-2.4632609 -2.078902 0.45905286 12
-2.1865757 -1.8573242 -0.0477116 1
-1.6148244 -1.3815202 -0.061004415 1
-6.8443289 -5.7366433 1.2932392 2
-6.7491508 -5.6519132 0.046237368 7
-8.8353567 -7.3622537 3.5953398 19
-2.5809498 -2.1590922 1.1758583 49
-2.7939007 -2.1206086 0.079965241 15
-5.3521557 -4.4590778 -0.10098361 3
-2.5079465 -2.0051246 0.68549085 13
-2.5370629 -1.9813582 0.91458821 46
-2.3921881 -1.9355937 1.0082046 31
-2.5733156 -1.9857575 0.57253331 1
-1.8461421 -1.5625093 -0.049196921 1
-2.4704711 -2.0700963 0.45896247 16
-8.9133272 -7.3741155 3.6130641 22
-2.5672414 -2.1455705 1.2953125 56
-2.5854108 -2.1473963 1.1750052 31
-2.6900885 -2.2590868 -0.046145614 3
-2.6380463 -2.212132 0.81953436 1
-1.625761 -1.3803321 -0.06314934 1
-6.9237847 -5.7540774 0.035278935 6
-2.190304 -1.8465698 -0.047029618 1
-5.3369312 -4.4147773 -0.097639233 3
-2.6073654 -1.965564 0.10994498 1
-2.5180445 -1.9986246 0.68560523 14
-2.4035461 -1.9307334 1.0090497 21
-2.5411224 -1.9694363 0.91401279 62
-2.5849864 -1.9801804 0.57254052 1
-2.576201 -2.1376538 1.295666 55
-1.8683386 -1.569158 -0.05424495 1
-2.6979268 -2.2494588 -0.046244536 3
-2.4563625 -2.0430675 0.45939094 16
-2.577637 -2.1257856 1.17112 29
-2.1936667 -1.8362005 -0.046343397 1
-2.5579796 -2.1305974 0.80964142 20
-5.3708544 -4.4109435 -0.099948719 3
-12.88046 -10.563882 4.9698982 20
-1.6245584 -1.3695334 -0.061131015 1
-2.6014018 -1.9468095 0.11182958 1
-2.4487326 -1.9531145 1.0167241 15
-2.5218213 -1.9871815 0.68531328 13
-2.5412853 -1.9560193 0.91296631 42
-2.5934477 -1.9721503 0.57248467 1
-1.8526529 -1.5451504 -0.047981665 1
-2.5745494 -2.121093 1.2928869 45
-2.7026742 -2.2373116 -0.045711298 3
-2.4618981 -2.0330169 0.45933849 18
-2.5483589 -2.0869799 1.1619289 31
-12.827473 -10.445436 4.9385443 10
-2.6190109 -1.9461856 0.11001972 1
-2.200022 -1.8283265 -0.046423849 1
-1.6233011 -1.3587699 -0.059112251 1
-2.5406728 -2.1013179 0.80679995 45
-2.6171808 -2.1616473 0.33577451 1
-5.3862429 -4.3918772 -0.10013609 3
-2.5754147 -2.0380132 1.0405239 67
-2.5223863 -1.973291 0.68481696 12
-2.5290444 -1.9326049 0.90998781 33
-2.5926051 -1.9564509 0.57223147 1
-2.5815477 -2.1123669 1.2927982 42
-2.467041 -2.0233958 0.45929202 16
-2.5292065 -2.0574486 1.1553967 37
-2.6189981 -1.9326135 0.11092301 7
-5.4070077 -4.3787079 -0.10102171 3
-12.877296 -10.414662 4.9432797 11
-2.7165685 -2.2326217 -0.047070004 3
-1.882174 -1.5581332 -0.05528874 1
-1.6219877 -1.3480184 -0.05709324 1
-2.5169983 -2.0671573 0.8032732 23
-2.2124422 -1.825379 -0.048041232 1
-2.5718987 -2.1095746 0.33932641 1
-2.5450096 -1.9997692 1.0329901 48
-2.5323985 -1.9667091 0.68493301 12
-2.5230284 -1.9140601 0.9079749 45
-2.5405965 -2.0525477 1.1564481 29
-2.4861782 -2.0250373 0.45890731 15
-2.588517 -2.103631 1.292711 41
-5.4184084 -4.3579926 -0.10084436 3
-9.3841848 -7.5454731 3.7380447 12
-2.717778 -2.2184279 -0.045900799 3
-1.8660631 -1.534561 -0.049020246 1
-2.6353395 -1.9302197 0.10935537 8
-2.212332 -1.8129078 -0.046580262 1
-2.562403 -1.9198446 0.57140899 1
-1.6233938 -1.3400248 -0.056109361 1
-2.5176024 -2.0536251 0.80250102 38
-2.5679541 -2.0920808 0.33998987 1
-2.5280859 -1.949201 0.68413347 8
-2.5441182 -1.9846578 1.0313507 52
-2.57447 -2.0774121 1.2863576 33
-2.4900718 -2.0136516 0.45889437 14
-2.7281723 -2.211663 -0.046623535 3
-2.5236166 -1.8998702 0.90692157 48
-1.8741339 -1.5306163 -0.049989738 1
-5.4773054 -4.3734264 -0.10598601 3
-2.5701654 -2.079622 0.34022549 1
-2.5574379 -1.9028661 0.57110465 3
-2.2336092 -1.8176389 -0.050497636 1
-1.6338011 -1.3392888 -0.058247503 1
-2.5492609 -2.0447121 1.1567379 11
-2.5243723 -2.0450773 0.80241495 37
-9.4605131 -7.552103 3.7547243 31
-2.6226742 -1.9069136 0.11223056 7
-2.5459261 -1.8812276 0.57067245 10
-2.5539715 -1.9546083 0.68526781 9
-2.5447209 -1.9707861 1.0300231 49
-1.897706 -1.5384235 -0.055488203 1
-2.5679176 -2.0573528 1.2822415 31
-2.7482135 -2.2117329 -0.049244028 3
-2.4970539 -2.0047479 0.4588058 11
-2.5365946 -1.8955693 0.90779907 47
-2.455981 -1.9567628 1.132019 1
-1.6474737 -1.3405989 -0.061429486 1
-2.218395 -1.7925135 -0.045198061 1
-2.5283449 -2.0335898 0.80198205 38
-9.4262857 -7.4708424 3.7338061 45
-2.5773776 -2.0704324 0.34013483 1
-2.6276608 -1.8963736 0.11239093 1
-2.5068004 -1.9987291 0.45864668 11
-2.5492034 -1.8697803 0.57052439 10
-2.5559523 -1.941888 0.68487602 11
-2.5389614 -1.9521624 1.0274568 52
-2.552448 -1.8940076 0.90916336 46
-2.3788211 -1.8831992 1.1114775 1
-9.408556 -7.4058867 3.719089 6
-1.8877317 -1.5195084 -0.051030628 1
-2.5719924 -2.0457926 1.2812577 32
-2.7434812 -2.1921239 -0.046815004 3
-2.5213091 -2.0134606 0.80034947 42
-2.5939732 -2.0686202 0.33939865 1
-1.6339159 -1.320269 -0.05524566 1
-2.2307575 -1.7894092 -0.046814591 1
-2.7442634 -2.1733825 0.20551297 1
-2.627743 -1.8823925 0.11329327 1
-2.5651083 -1.8900255 0.91004574 47
-2.5457315 -1.9430928 1.0273691 53
-1.8957775 -1.5154546 -0.051999722 1
-2.750705 -2.1828046 -0.046904992 3
-2.5725889 -2.0322943 1.2793844 33
-2.5556786 -1.8606777 0.57044208 13
-2.52161 -1.9959174 0.45837089 9
-2.3853495 -1.8747137 1.111396 1
-2.6133764 -2.0696468 0.33845374 1
-9.4222822 -7.3632269 3.714659 39
-2.5469909 -1.9203846 0.68376935 10
-1.6506089 -1.323902 -0.059468035 1
-2.2493038 -1.7910923 -0.04996831 1
-2.5188746 -1.9970974 0.7992326 45
-2.7344937 -2.1501338 0.20736614 1
-2.678452 -1.9033043 0.10653702 1
-2.5684376 -1.8785437 0.90948063 55
-2.555634 -1.9363731 1.0279027 55
-2.5765586 -2.0207355 1.2784008 33
-2.7613933 -2.1753817 -0.047632035 3
-1.9133004 -1.5181956 -0.05568954 1
-2.6016173 -2.0456145 0.33965352 1
-2.5380123 -1.9942538 0.45805731 7
-2.5653789 -1.8538603 0.57042038 15
-2.5286033 -1.990992 0.79949301 40
-2.2582865 -1.7858378 -0.050811019 1
-9.3746605 -7.2732825 3.6896355 27
-1.6549385 -1.3182412 -0.059523772 1
-2.5391836 -1.9006116 0.68277037 8
-2.3983998 -1.8705572 1.112824 2
-2.7498403 -2.1464446 0.20638724 1
-3.8409681 -2.6996365 -0.068909578 13
-2.5483327 -1.8948075 0.68289709 8
-2.5862465 -1.8774729 0.91108042 52
-1.896966 -1.4946254 -0.049417678 1
-2.5717983 -1.8447006 0.57033855 15
-2.5544331 -1.992499 0.45774356 3
-2.7755666 -2.1698411 -0.048994005 3
-2.580828 -2.0087111 1.2774134 36
-2.570617 -1.9326944 1.0293642 57
-2.4002006 -1.8584183 1.1116054 10
-2.5263808 -1.9742113 0.79837364 45
-2.2616675 -1.774917 -0.05012561 1
-1.6658099 -1.3166884 -0.06166736 1
-2.6122291 -2.038286 0.33934525 1
-2.7557025 -2.1354101 0.20647109 1
-2.5484388 -1.8810048 0.6824069 9
-2.6024601 -1.8751496 0.91244006 50
-2.3922336 -1.8395991 1.1081191 20
-2.5549829 -1.9785088 0.4578073 1
-2.6257639 -2.0271087 1.4122554 5
-1.9023795 -1.4874402 -0.049488541 1
-2.5598159 -1.9106328 1.0258707 53
-2.7705507 -2.1503074 -0.046561837 3
-2.5877979 -1.9995149 1.2773256 36
-2.2646914 -1.7644123 -0.0494342 1
-1.6764659 -1.3153685 -0.063809268 1
-2.5686855 -1.8281497 0.57006168 15
-2.5174007 -1.9530791 0.79657274 28
-2.6415088 -2.0459206 0.33774891 1
-2.7535892 -2.1183243 0.20744126 1
-2.5468612 -1.8660465 0.68181658 11
-2.5593991 -1.8977447 1.0245554 53
-2.6122017 -1.8681494 0.91283739 58
-2.5881722 -1.9860418 1.2754549 36
-2.7682052 -2.1337128 -0.04475572 3
-1.9134505 -1.4856588 -0.0513625 1
-2.5812604 -1.8240032 0.57010937 15
-2.664155 -2.0490217 0.33658701 1
-2.384486 -1.8204319 1.1046311 25
-2.6112177 -2.0014327 1.4049616 22
-1.6656393 -1.2975979 -0.058662489 1
-2.7625258 -2.1096895 0.20717193 1
-2.5003691 -1.9260088 0.79391801 52
-2.2676704 -1.7539051 -0.048742685 1
-2.5387185 -1.8464687 0.68082088 14
-2.5755699 -1.8955795 1.0263301 55
-1.9154669 -1.4764171 -0.050522171 1
-2.6022749 -1.9928536 -0.0101002 2
-2.5941522 -1.819338 0.57015479 13
-2.5981789 -1.9791566 1.2762623 36
-2.2828255 -1.7532763 -0.051123988 1
-2.6222498 -1.8606378 0.91323048 62
-1.6668025 -1.2895441 -0.057677321 1
-2.4939857 -1.9079194 0.79246765 67
-2.6088898 -1.9851693 1.4017856 21
-2.6872077 -2.0515175 0.3354198 1
-3.8777409 -2.6454191 -0.069378436 13
-2.4005499 -1.8185441 1.1068186 30
-2.7172132 -2.0604162 0.2129339 1
-2.5532868 -1.8655918 1.0206717 46
-2.5516214 -1.8420389 0.68114471 17
-2.6185927 -1.8449475 0.91170919 62
-1.9112134 -1.4624951 -0.047870126 1
-2.6103411 -1.8168547 0.57026142 10
-2.5850685 -1.958215 0.45732102 1
-2.629724 -1.9862622 1.4063305 35
-2.5991354 -1.964774 1.2743844 37
-2.4305162 -1.8275152 1.1124177 18
-2.5305181 -1.9238354 0.0056057819 2
-3.8869307 -2.6316113 -0.069496021 13
-1.6745461 -1.2855465 -0.058778331 1
-2.29233 -1.747032 -0.051973961 1
-2.5104976 -1.9057297 0.79340786 70
-2.6274998 -1.9912068 0.33985379 1
-2.6079688 -1.9635001 0.22579363 1
-2.5629654 -1.8587821 1.0212086 48
-2.5612624 -1.8352277 0.68126547 15
-2.6282527 -1.837858 0.91210747 52
-2.6364589 -1.8210495 0.57055748 6
-2.5664926 -1.9294515 0.45784056 2
-1.9227552 -1.4599279 -0.049750116 1
-2.59655 -1.9485493 1.2716172 38
-2.5292578 -1.9088761 0.0071016331 30
-3.8960719 -2.61777 -0.069612011 13
-1.6758727 -1.2771877 -0.057794359 1
-2.2826321 -1.7270769 -0.048203435 1
-2.5894992 -1.9484818 0.34278673 1
-2.5235002 -1.9015176 0.79400873 72
-2.6245279 -1.9672345 1.4021232 56
-2.4783001 -1.8486545 1.1221731 15
-2.5939283 -1.9388014 0.22801551 1
-2.5758495 -1.8542116 1.0223647 45
-2.5774276 -1.8329569 0.68179172 15
-2.6411693 -1.83297 0.91298711 56
-2.6441045 -1.8132242 0.57051182 1
-2.5522542 -1.8905079 1.1383719 24
-2.5903299 -1.9233853 0.22900403 1
-1.9418813 -1.4634266 -0.053892568 1
-2.5538533 -1.9060444 0.45821333 7
-3.9051645 -2.6038949 -0.069728769 13
-2.6297953 -1.9567362 1.4015226 45
-2.5361967 -1.8993633 0.0070142751 17
-2.6036448 -1.9388231 1.2715287 37
-2.5400412 -1.8991455 0.7949487 70
-2.5885463 -1.9328327 0.34323668 1
-1.6928993 -1.2800117 -0.062021449 1
-2.2857442 -1.7161477 -0.047512874 1
-2.6636605 -1.8126967 0.57068032 1
-2.5772178 -1.8191816 0.68130517 15
-2.545269 -1.8872123 0.45848295 9
-2.5775559 -1.895699 1.1428344 58
-2.6475186 -1.8235452 0.91290498 56
-2.4433792 -1.7471263 0.99566621 12
-2.6359046 -1.9483101 1.4014467 45
-1.9623725 -1.4683211 -0.05848477 1
-2.6096981 -1.9304706 1.2714521 38
-2.5389307 -1.8888544 0.0075717526 25
-2.2879214 -1.706437 -0.046811521 1
-1.6906403 -1.2699331 -0.059989471 1
-2.5331051 -1.8815604 0.79350561 61
-2.5832922 -1.9162514 0.34391624 1
-2.5905468 -1.9094379 0.22963111 1
-3.9142084 -2.5899863 -0.069844402 13
-2.6535182 -1.8145679 0.91282773 41
-2.5802305 -1.8077085 0.68102258 15
-1.9483008 -1.44783 -0.053109165 1
-2.5339708 -1.8720767 0.0097066956 32
-13.259438 -8.8618803 0.7696957 2
-2.6129005 -1.9193498 1.2704793 38
-2.5453327 -1.8734082 0.45855287 10
-2.566597 -1.8738755 1.1385881 46
-2.5060952 -1.7780374 1.0064191 11
-2.6457934 -1.9411829 1.4023889 45
-2.5831356 -1.9027764 0.34426892 1
-2.5903695 -1.8959587 0.23026109 1
-1.6950061 -1.2638216 -0.060046554 1
-3.9227536 -2.5767541 -0.069952138 13
-2.2969906 -1.7005429 -0.047655862 1
-2.5428462 -1.8748572 0.79376489 64
-2.6614528 -1.806203 0.91298711 33
-2.5560732 -1.7995204 1.0146943 27
-2.6195555 -1.9100353 1.270395 37
-1.9501367 -1.4385238 -0.052267164 1
-2.5914299 -1.8018764 0.68124574 13
-2.5452507 -1.866467 0.0086758994 27
-2.3025742 -1.6927152 -0.047726352 1
-3.9312572 -2.5634813 -0.070061445 13
-2.5388415 -1.8549556 0.45877686 10
-2.570287 -1.8795239 0.34548181 9
-13.894202 -9.2144699 0.78062648 2
-2.5810797 -1.8704267 1.1403973 51
-1.7085155 -1.2648072 -0.063225493 1
-2.5587115 -1.8732278 0.79471266 61
-2.6493871 -1.9294916 1.4012755 42
-2.5936956 -1.8843749 0.23053388 1
-2.6991229 -1.817593 0.91746807 40
-2.6122155 -1.8032001 0.68207979 11
-2.616658 -1.8938993 1.2676324 37
-1.9519315 -1.4292306 -0.051424641 1
-2.5712879 -1.864486 0.45808259 21
-2.5517101 -1.8573557 0.0085949507 27
-3.9401577 -2.549495 -0.070173509 13
-1.7191325 -1.2631472 -0.065366186 1
-2.3147995 -1.689027 -0.049341414 1
-2.5907652 -1.8634969 1.1410724 51
-2.5749199 -1.8710508 0.7956568 61
-2.6765337 -1.9346503 1.4078783 36
-2.5751719 -1.869167 0.3455078 10
-2.6037924 -1.8769369 0.2300918 1
-2.6267309 -1.7994611 0.68250501 10
-2.718677 -1.8167086 0.91930765 30
-2.5726137 -1.8585255 0.0056664995 17
-1.9727119 -1.4335206 -0.056019939 1
-2.6370029 -1.8281032 1.0275271 49
-2.6200416 -1.8823135 1.2666562 37
-2.5516541 -1.8367726 0.45861584 15
-38.063358 -24.819281 1.227892 55
-3.9490104 -2.53546 -0.07028681 13
-2.6879749 -1.9284631 1.4093361 28
-1.707764 -1.2457051 -0.060213324 1
-2.3078547 -1.671599 -0.046335422 1
-2.5814016 -1.8618563 0.79557538 61
-2.5865273 -1.8634186 0.34510168 4
-2.5975447 -1.8537905 1.1409868 51
-2.6102893 -1.8676282 0.23001049 1
-2.6299419 -1.810285 1.0249764 19
-2.6478899 -1.8000932 0.68333399 9
-38.102318 -24.663651 1.2260851 55
-2.7365968 -1.8146234 0.9209069 2
-3.9578118 -2.5214064 -0.070398495 13
-2.5743592 -1.8391591 0.45814994 14
-1.9744748 -1.4241564 -0.055178139 1
-9.7679939 -6.8896184 3.7094409 21
-2.626893 -1.8725039 1.2665701 43
-2.6148427 -1.8739352 -0.0013773541 2
-1.7091095 -1.2369943 -0.059229828 1
-2.6249118 -1.8640037 0.22903903 1
-2.3171217 -1.6651717 -0.047182668 1
-2.6071877 -1.8467737 1.1416622 49
-2.6063581 -1.8629124 0.34415108 6
-2.5784037 -1.8452754 0.79446495 64
-38.137299 -24.505873 1.2242218 55
-2.6640961 -1.7972798 0.68385988 10
-35.155476 -22.859777 5.5918579 11
-2.6181877 -1.7887501 1.0214949 12
-2.6020286 -1.8448545 0.45757005 18
-3.9665658 -2.5073116 -0.070510715 13
-2.6132667 -1.8379391 1.1415854 51
-9.6890621 -6.7833157 3.6757295 45
-2.8023827 -1.9916091 -0.036893841 3
-2.631783 -1.862023 1.2660414 46
-1.9764394 -1.4144511 -0.054337297 1
-1.7133596 -1.2308221 -0.059284661 1
-2.3325109 -1.6636205 -0.049566373 1
-2.6428139 -1.8625685 0.2277126 1
-2.6144431 -1.8547349 0.34396106 10
-2.5880587 -1.8383521 0.79472548 64
-38.196178 -24.354301 1.222687 55
-35.111458 -22.664755 5.5736661 10
-2.6786494 -1.7932744 0.68428546 1
-2.6128845 -1.7717268 1.0192518 17
-2.8640285 -2.0204728 -0.04773394 3
-2.6379147 -1.8531071 1.2659636 53
-1.9778749 -1.4054666 -0.053490095 1
-2.6067734 -1.8344114 0.45752835 16
-3.9752703 -2.4931834 -0.070622273 13
-2.6261048 -1.8330791 1.143018 49
-2.627104 -1.8504078 0.34345111 11
-9.8335657 -6.8327718 3.7145205 22
-2.6686127 -1.8671646 0.22549944 1
-2.6009693 -1.8336662 0.79532903 58
-2.3350389 -1.6530097 -0.048868939 1
-1.7207563 -1.2268425 -0.060381904 1
-35.2304 -22.575184 5.5789928 11
-38.244301 -24.196224 1.2209741 55
-2.612433 -1.7580305 1.0179369 22
-2.6411231 -1.8414954 1.264991 50
-2.627944 -1.8353003 0.45710117 9
-1.9827162 -1.398347 -0.053551935 1
-2.8775249 -2.0147154 -0.049088184 3
-2.6421831 -1.8303555 1.145205 53
-1.7279344 -1.2231339 -0.061477214 1
-2.3436911 -1.6472827 -0.049708236 1
-9.796936 -6.7565265 3.6946979 27
-2.6135612 -1.8293607 0.7959345 55
-3.9839244 -2.4790366 -0.070731744 13
-2.6417301 -1.8466816 0.34282935 4
-5.8532696 -4.0352526 -0.11878044 3
-38.281635 -24.031733 1.2190843 55
-38.081474 -24.808378 2.8153315 31
-2.6168678 -1.7476172 1.0175502 21
-2.654104 -1.8394536 0.45655826 1
-2.8747346 -1.997726 -0.047276039 3
-1.9907438 -1.3934096 -0.054521371 1
-2.6442831 -1.8298808 1.2640183 53
-2.6517751 -1.8231362 1.1458799 55
-11.839109 -8.1279078 -0.26161009 1
-9.8588972 -6.7481241 3.7067523 30
-2.6297593 -1.8267916 0.79687887 47
-2.3429103 -1.6344264 -0.048239503 1
-1.7321357 -1.2168975 -0.061530896 1
-5.8640394 -4.0122437 -0.11859573 3
-3.9929578 -2.4641447 -0.070846565 13
-38.100319 -24.639771 2.8105152 31
-38.314888 -23.865158 1.2171408 54
-2.6295326 -1.7426039 1.0187094 24
-11.848866 -8.068182 0.24181433 3
-2.6528873 -1.8108643 1.1446713 66
-9.8701229 -6.7075224 3.7028854 42
-1.9874974 -1.3807549 -0.052315306 1
-2.8914471 -1.9941113 -0.049262386 3
-2.6716051 -1.8346643 1.269739 60
-4.0010834 -2.4506421 -0.070949636 13
-11.869181 -8.087184 -0.26205772 1
-1.7267504 -1.2041059 -0.05845831 1
-2.3420696 -1.6215971 -0.046770018 1
-2.6245513 -1.8095524 0.79560453 43
-5.8483019 -3.9713809 -0.11556043 3
-38.1362 -24.473248 2.8064604 31
-2.6485229 -1.7422942 1.021109 24
-38.371262 -23.713345 1.2156367 54
-1.9887908 -1.3717695 -0.051466025 1
-2.8849208 -1.9754473 -0.046811018 3
-12.334788 -8.3346853 0.23079659 3
-2.677644 -1.8256202 1.2696625 62
-2.6820207 -1.8166761 1.1498832 63
-11.997043 -8.1154442 -0.26899385 1
-9.9032116 -6.6792035 3.7056882 25
-5.8614516 -3.9516671 -0.11572001 3
-2.6341183 -1.8024088 0.79586726 42
-4.0095882 -2.4363868 -0.071059711 13
-2.360673 -1.6219865 -0.049924295 1
-1.730885 -1.1978655 -0.058512077 1
-38.21859 -24.336761 2.8051612 31
-2.6642151 -1.7397186 1.0228716 23
-32.068657 -19.920891 5.0813808 6
-2.6839647 -1.816057 1.2695662 65
-2.8983154 -1.9695168 -0.048181392 3
-1.9935083 -1.3645905 -0.051543549 1
-2.6850345 -1.8049268 1.1490299 63
-12.065238 -8.0996914 -0.27197137 1
-38.434586 -23.556761 1.2140718 54
-13.151852 -8.8179188 0.21204787 3
-2.6599078 -1.8067664 0.79782069 43
-5.9216638 -3.9617386 -0.12089947 3
-1.7411953 -1.1962194 -0.060664475 1
-2.3659894 -1.6139219 -0.050008968 1
-12.566996 -8.405179 4.5492377 9
-4.0180364 -2.4220994 -0.071187064 13
-2.6868849 -1.7408556 1.0258777 23
-31.969372 -19.703913 5.0565033 6
-38.249809 -24.168036 2.8008349 31
-38.475388 -23.405279 1.2123657 54
-13.835832 -9.2048597 0.19644257 3
-1.9917251 -1.3530849 -0.049794268 1
-2.9084206 -1.9613459 -0.048906781 3
-2.680506 -1.8000267 1.2668035 67
-2.6880047 -1.793189 1.1481889 56
-2.6694813 -1.7994779 0.79807657 42
-1.7453022 -1.1899319 -0.06072212 1
-2.3617632 -1.5989045 -0.047772449 1
-5.9288154 -3.9363372 -0.12036855 3
-12.081908 -8.0493116 -0.27157697 1
-12.549678 -8.3299847 4.5339556 11
-4.0264397 -2.4078004 -0.071303152 13
-2.6862357 -1.7270406 1.0245603 24
-38.287075 -24.003639 2.7969196 30
-38.509415 -23.240829 1.2104318 54
-31.855436 -19.471933 5.0292006 6
-2.9185052 -1.9531204 -0.049633048 3
-2.6932559 -1.7947601 1.2685038 60
-2.0191185 -1.3609706 -0.056210674 1
-14.181996 -9.3627539 0.18872532 3
-4.0343752 -2.3941798 -0.071413182 13
-2.690927 -1.781456 1.1473494 58
-1.7461673 -1.1814922 -0.059736628 1
-2.3672817 -1.5904363 -0.047847588 1
-5.9225326 -3.9022131 -0.11840919 3
-12.111713 -8.0077143 -0.27204901 1
-2.6940067 -1.8020195 0.79986656 25
-12.590151 -8.2932215 4.5371766 14
-38.33725 -23.847715 2.7938187 30
-2.6955574 -1.7195655 1.0250947 24
-31.903278 -19.355127 5.0259566 6
-38.546196 -23.078461 1.2085646 54
-2.7060044 -1.7894245 1.2702032 62
-2.9153581 -1.9361871 -0.047823444 3
-2.0107791 -1.3451513 -0.052645274 1
-12.223265 -8.0195665 -0.27784395 1
-15.701184 -10.284005 0.15376487 3
-2.6839106 -1.7633164 1.1442441 52
-2.721915 -1.806599 0.80199581 10
-4.0426798 -2.3798213 -0.071527705 13
-1.7502232 -1.1751784 -0.059793834 1
-5.9428096 -3.8855388 -0.11930153 3
-12.742249 -8.3290997 4.5758491 3
-2.3727715 -1.5819358 -0.047923282 1
-2.7182667 -1.7204208 1.0281018 23
-38.390194 -23.693821 2.790925 30
-31.926846 -19.21623 5.0188417 6
-2.711894 -1.7802569 1.2701229 60
-38.097271 -24.737663 -0.36575189 40
-35.734367 -21.226152 1.1560415 48
-5.9489741 -3.8611994 -0.11875666 3
-2.6913645 -1.7552866 1.1445421 53
-13.587849 -8.8156958 4.8344131 14
-2.9286809 -1.9300671 -0.049182314 3
-2.0121441 -1.3357793 -0.051802114 1
-4.0509334 -2.3654289 -0.071642511 13
-15.914581 -10.367034 2.1458895 2
-12.271398 -7.9894271 -0.27950913 1
-1.7574892 -1.1709689 -0.06089421 1
-2.3848073 -1.5777071 -0.049540505 1
-2.7128313 -1.76791 1.2687045 56
-38.142612 -24.586298 -0.36594686 40
-35.832561 -21.122799 1.1556022 48
-17.679611 -10.566224 3.0079739 1
-38.415276 -23.523174 2.7864332 30
-2.7410169 -1.7211254 1.0311055 19
-2.7070696 -1.7525105 1.1467284 50
-13.604167 -8.7618933 4.829926 9
-5.9684639 -3.8454456 -0.11963848 3
-2.9350271 -1.9201281 -0.049267162 3
-2.0197823 -1.3310111 -0.052771136 1
-1.7613065 -1.1649404 -0.060947336 1
-12.344934 -7.9785137 -0.28289744 1
-2.3866835 -1.5674495 -0.048840337 1
-32.958397 -21.287891 3.8748477 10
-4.0591364 -2.3510106 -0.071755446 13
-2.9479895 -1.9144166 -0.050621171 3
-38.473774 -23.373379 2.7839565 30
-2.7189541 -1.758242 1.2686212 45
-2.0421593 -1.3356826 -0.057825129 1
-16.785891 -10.342961 3.6053629 6
-17.689247 -10.487761 3.0036573 5
-38.218628 -24.445393 -0.36681354 40
-2.3951256 -1.5614341 -0.049682409 1
-1.7586092 -1.1547134 -0.058915276 1
-2.7297254 -1.7533751 1.1504213 43
-38.70039 -22.62862 1.2039869 54
-13.62343 -8.7067337 4.8259354 11
-32.878242 -21.080917 3.8586235 10
-12.423582 -7.9704313 -0.28661218 1
-5.988584 -3.8285472 -0.12052863 3
-4.066884 -2.3372791 -0.071863666 13
-17.696726 -10.412462 2.9993675 15
-2.7250409 -1.7485487 1.2685381 41
-16.692202 -10.204597 3.5811281 7
-2.0237598 -1.313679 -0.051532827 1
-2.9546139 -1.9038801 -0.050710633 3
-38.511158 -23.2111 2.7802856 30
-38.713886 -22.454195 1.2017879 54
-38.243458 -24.272152 -0.36650091 39
-2.7524211 -1.7540962 1.1541135 34
-12.566092 -7.9993076 -0.29437301 1
-1.7755897 -1.1566751 -0.063143551 1
-2.3872721 -1.5444057 -0.046670385 1
-5.9816995 -3.7945485 -0.11856228 3
-32.878109 -20.918121 3.8501933 9
-13.652279 -8.6577387 4.8250284 6
-4.0749879 -2.322809 -0.071975283 13
-17.619923 -10.28415 2.9830937 7
-2.0447388 -1.3167992 -0.056136534 1
-2.9612014 -1.8933185 -0.05079937 3
-38.274311 -24.103291 -0.36633596 39
-38.764778 -22.301865 1.2002674 54
-2.7327471 -1.739875 1.2689021 18
-38.561604 -23.057026 2.7774246 29
-2.7434964 -1.7349288 1.1506338 30
-33.136555 -20.076202 6.575747 5
-31.282654 -19.750044 3.6808484 8
-2.3892806 -1.5337415 -0.045972124 1
-14.417715 -9.071002 5.0552216 5
-1.7828192 -1.1523252 -0.064242885 1
-12.654885 -7.9932122 -0.29865468 1
-6.0118041 -3.7838893 -0.12052231 3
-4.0830412 -2.3082974 -0.072087415 13
-38.821617 -22.162231 1.1989882 54
-35.665798 -21.165785 2.6029909 17
-17.68858 -10.240933 2.9871659 1
-33.142525 -19.920958 6.5631108 5
-2.0459683 -1.3073729 -0.055291113 1
-2.9610586 -1.8785385 -0.049619842 3
-2.792918 -1.7520286 1.1603639 26
-13.34299 -8.3400698 4.1255379 20
-38.304451 -23.934502 -0.36616209 39
-1.7835019 -1.1438363 -0.063254759 1
-33.250645 -20.827965 3.8711123 10
-2.4012206 -1.5293381 -0.047587987 1
-17.278315 -10.781693 5.940094 8
-12.706532 -7.9633136 -0.30054072 1
-6.0080571 -3.7520638 -0.11890931 3
-4.0910435 -2.2937672 -0.072197914 13
-35.62973 -20.975367 2.5956142 17
-38.867889 -22.00774 1.1974214 54
-17.460827 -10.027548 2.9500906 14
-2.0355842 -1.2907391 -0.051266845 1
-2.9709113 -1.8700379 -0.050341967 3
-38.381474 -23.795296 -0.36707738 39
-33.090092 -19.731543 6.5399957 5
-13.337356 -8.2715359 4.1158013 16
-1.7808703 -1.1333061 -0.061222866 1
-4.0985985 -2.2799323 -0.072303094 13
-2.4098263 -1.5228029 -0.048431583 1
-2.7805743 -1.7307602 1.1561307 43
-17.348965 -10.74122 5.9498777 4
-12.761518 -7.9352565 -0.30264363 1
-6.0652227 -3.7579095 -0.12372616 3
-33.428593 -20.776045 3.8807204 10
-17.499342 -9.9720497 2.9503686 10
-38.920532 -21.857124 1.1959831 54
-33.223831 -19.661167 6.5514841 5
-38.75708 -22.631451 2.7719429 29
-2.0433352 -1.2854556 -0.052237451 1
-13.356331 -8.2184353 4.1127539 11
-2.9639344 -1.8511252 -0.047892429 3
-38.430748 -23.639069 -0.36735889 38
-2.4384539 -1.5285844 -0.053907711 1
-4.1065025 -2.2653351 -0.072413698 13
-1.7847559 -1.1268673 -0.061278492 1
-15.277134 -9.3871384 5.2922239 10
-12.814765 -7.9058604 -0.30463767 1
-33.637119 -20.741945 3.8933861 10
-13.890734 -8.4852095 3.6538069 6
-6.0483637 -3.7166207 -0.120691 3
-17.610332 -9.9533176 2.9604311 1
-38.742996 -22.44092 2.765506 29
-34.230259 -20.09404 6.720211 6
-38.951633 -21.694731 1.1941911 53
-4.1139617 -2.2514558 -0.072516903 13
-15.713964 -9.5241098 4.0563574 9
-13.932601 -8.4956951 4.8636498 3
-2.0413322 -1.2736604 -0.05048465 1
-2.9908693 -1.8523613 -0.05179093 3
-13.381529 -8.1659956 4.1110277 13
-2.4071708 -1.4968499 -0.045492847 1
-1.7921038 -1.1221176 -0.062379796 1
-33.791626 -20.665373 3.9002273 10
-12.87957 -7.8801551 -0.30730355 1
-6.0544891 -3.6910429 -0.12014596 3
-30.291342 -16.743376 1.042647 24
-35.751644 -20.550724 2.587409 16
-33.174026 -18.578184 5.1025085 6
-4.1217632 -2.236814 -0.072624959 13
-2.0554755 -1.2727498 -0.053268578 1
-38.544518 -23.336849 -0.36829004 38
-13.490457 -8.1706104 4.1325078 14
-2.9902046 -1.8381029 -0.05060453 3
-15.718667 -9.4515839 4.0495143 18
-13.980543 -8.4576321 4.8689137 6
-12.946733 -7.8617535 -0.31026089 1
-6.0974278 -3.6891167 -0.12352524 3
-1.7860535 -1.1096321 -0.059301421 1
-2.4291027 -1.4984041 -0.049423877 1
-65.787323 -39.894058 7.0813494 61
-33.325909 -18.509592 5.1136079 6
-30.283293 -16.600132 1.0407282 24
-35.781956 -20.401081 2.5840726 16
-36.253422 -20.939287 7.0575337 7
-4.1295142 -2.2221386 -0.072732821 13
-13.338418 -8.0148706 4.0840254 14
-2.0698566 -1.2713851 -0.056055989 1
-35.766296 -21.484808 -0.30359787 21
-2.9830287 -1.8192627 -0.048151746 3
-15.775377 -9.4102859 4.0543675 3
-13.001595 -7.8324609 -0.31236231 1
-36.917385 -22.228624 4.1952863 17
-6.1239581 -3.675652 -0.12512465 3
-1.796277 -1.1074886 -0.061441436 1
-2.4340098 -1.4901298 -0.049490757 1
-14.000194 -8.4024534 4.8654513 12
-30.391209 -16.527397 1.0409038 24
-31.265257 -17.229996 4.8212085 5
-17.761 -10.190304 3.7199461 4
-35.912537 -20.308456 2.5865417 16
-4.1372142 -2.2074373 -0.072840713 13
-13.133498 -7.8293929 4.0217433 10
-2.9859283 -1.8065765 -0.047602277 3
-35.710945 -21.281015 -0.30156147 20
-2.0474861 -1.2479355 -0.048846424 1
-1.8000716 -1.1010058 -0.061494667 1
-13.599388 -8.0506353 3.5614142 2
-37.053448 -22.133371 4.2000637 17
-15.507184 -9.2305927 5.3213382 5
-13.042688 -7.7947011 -0.3135902 1
-2.4458823 -1.4854308 -0.051105548 1
-6.1504698 -3.6620479 -0.12672465 3
-31.311657 -17.112331 4.8185048 5
-39.139507 -21.101181 1.1885235 53
-17.793222 -10.125786 3.7188647 10
-36.053352 -20.221041 2.5896151 17
-4.1448612 -2.1927171 -0.072946474 13
-35.860939 -21.208225 -0.30428612 21
-13.490571 -7.9256887 3.5309019 22
-15.654462 -9.2474489 5.3568664 6
-2.9955719 -1.7979102 -0.048322532 3
-2.0752189 -1.254483 -0.055267964 1
-13.070198 -7.72965 3.9973376 11
-2.4510021 -1.4766474 -0.051176731 1
-1.8071626 -1.0964787 -0.062591612 1
-66.026001 -39.108219 7.059145 61
-13.083677 -7.7567511 -0.31481615 1
-6.1529121 -3.6341801 -0.12581936 3
-31.592087 -17.128664 4.8483396 6
-39.171051 -20.940702 1.1868311 53
-36.218403 -20.154768 2.5943327 17
-18.300425 -10.328842 3.8028431 9
-38.754124 -22.733894 -0.3698549 37
-13.24061 -7.770606 4.0353074 12
-2.0759573 -1.2454114 -0.054416426 1
-3.0150924 -1.7957467 -0.050942585 3
-6.1787014 -3.6214695 -0.1274092 3
-13.508108 -7.8722348 3.5282817 10
-4.1524572 -2.1779633 -0.073052034 13
-13.13699 -7.7290015 -0.31689829 1
-15.658463 -9.175766 5.347724 7
-1.8208963 -1.0958277 -0.065778263 1
-35.847099 -21.072969 4.0636902 14
-2.4357972 -1.4559131 -0.046612188 1
-31.449142 -16.908495 4.8198433 5
-39.014343 -21.529774 2.7489836 28
-39.205482 -20.782127 1.1852056 53
-16.356071 -9.1579962 3.4486341 7
-3.0144775 -1.7809846 -0.049756959 3
-13.436417 -7.8218594 4.0794892 12
-2.0903251 -1.2438385 -0.057202809 1
-38.709274 -22.524937 -0.36802423 37
-13.562869 -7.8403249 3.5339565 2
-4.1600008 -2.1631758 -0.073157847 13
-1.8177975 -1.0856843 -0.063740112 1
-2.4405632 -1.4476151 -0.046678178 1
-14.016679 -8.1499548 4.8336916 3
-13.201966 -7.704689 -0.31965306 1
-6.1947579 -3.6015444 -0.12793341 3
-35.824261 -20.898895 4.0536327 13
-39.047424 -21.37817 2.7458563 28
-31.455765 -16.769794 4.8119001 5
-39.249893 -20.62915 1.1837684 53
-16.431452 -9.1281643 3.4562478 3
-2.0861726 -1.2314222 -0.054990865 1
-13.428297 -7.7540984 4.0697846 8
-3.0137978 -1.7662569 -0.048569802 3
-13.522087 -7.7535386 3.5185232 1
-38.753502 -22.368534 -0.36824119 36
-14.604858 -8.4225454 5.0046868 1
-35.94577 -20.800697 4.057445 14
-13.263473 -7.6780195 -0.32218891 1
-2.4557376 -1.4447621 -0.049063899 1
-1.8114978 -1.0732993 -0.060659762 1
-6.2211204 -3.5874939 -0.12953143 3
-4.1678658 -2.1476321 -0.073267058 13
-39.094181 -21.22542 2.7432861 28
-31.489902 -16.646101 4.8077865 5
-39.297276 -20.477959 1.1823992 53
-16.044298 -8.8399067 3.3812833 12
-14.473767 -8.2336435 3.7224753 15
-38.803616 -22.224895 -0.36863765 36
-14.530455 -8.3152533 4.9730315 11
-2.0802717 -1.2180859 -0.052322403 1
-3.0301762 -1.7613796 -0.050558556 3
-13.404631 -7.6777873 4.0560775 13
-2.4607141 -1.4359471 -0.049132969 1
-1.8319027 -1.0763954 -0.065933794 1
-66.216881 -37.989456 7.0183864 61
-13.283367 -7.6271882 -0.32209826 1
-6.2647767 -3.583154 -0.13291928 3
-39.143883 -21.074503 2.7409236 28
-16.233288 -8.8732605 3.4092374 10
-39.358299 -20.334026 1.1812762 53
-38.860558 -22.076315 -0.36915633 36
-13.430148 -7.6329265 4.055747 13
-2.0791707 -1.2080737 -0.051014096 1
-3.0359585 -1.7510924 -0.050637048 3
-14.488874 -8.1749468 3.7190874 15
-13.329519 -7.5944519 -0.3237386 1
-6.2696867 -3.5581336 -0.13235889 3
-14.581421 -8.2764797 4.9793239 3
-4.1823211 -2.1186795 -0.073468536 13
-40.504818 -23.057568 4.4875131 24
-2.4758885 -1.4329482 -0.051519778 1
-1.8221765 -1.0621235 -0.061807141 1
-16.034876 -8.6919775 3.3681798 12
-39.171852 -20.912218 2.7373717 28
-2.0867069 -1.2025163 -0.051980779 1
-3.0420089 -1.7402304 -0.050720282 3
-13.448344 -7.5808492 4.0531764 17
-38.899509 -21.917776 -0.36927104 36
-39.40097 -20.17206 1.1797554 53
-4.1892905 -2.1045334 -0.07356593 13
-16.433249 -9.1932039 4.1396298 7
-13.369969 -7.555203 -0.32495788 1
-14.568241 -8.201498 4.9661279 11
-1.8222713 -1.0539606 -0.060812339 1
-2.4634981 -1.4148448 -0.047720879 1
-40.595444 -22.929955 4.4878879 24
-6.2716398 -3.5300601 -0.13144688 3
-16.058311 -8.6317501 3.3665521 6
-34.184925 -17.610455 5.1463256 6
-39.230942 -20.766809 2.7356234 28
-3.0583563 -1.7351515 -0.052708019 3
-30.344286 -16.961634 -0.17342748 9
-13.376083 -7.4784088 4.0270171 16
-39.443043 -20.018797 1.178349 53
-2.0976281 -1.1988152 -0.053857416 1
-16.467133 -9.1362829 4.1395903 5
-66.555077 -37.271568 7.0083232 60
-4.1965766 -2.0896306 -0.073667131 13
-13.424253 -7.5235581 -0.32705253 1
-2.4717922 -1.4079303 -0.048560891 1
-1.8292435 -1.0492805 -0.061907399 1
-6.3152766 -3.5252125 -0.13483556 3
-14.541206 -8.1191721 4.9488311 5
-39.261192 -20.606394 2.7322862 27
-16.310089 -8.6930094 3.4052594 2
-30.397188 -16.85808 -0.17407084 9
-16.597359 -9.1360369 4.1610508 8
-14.497129 -8.0312891 4.9269438 9
-34.207199 -17.46246 5.1397495 6
-13.291323 -7.3699675 3.9977491 11
-2.1085484 -1.1950525 -0.055733994 1
-3.0574455 -1.7203872 -0.051518086 3
-1.8227152 -1.0370278 -0.05882442 1
-39.491665 -19.869068 1.177068 53
-4.2038093 -2.0746942 -0.073768102 13
-2.4766386 -1.3990691 -0.048627533 1
-13.481976 -7.4935541 -0.32936546 1
-6.3624463 -3.5220244 -0.13858189 3
-66.619469 -37.000607 7.0002203 60
-39.29789 -20.449724 2.7293568 27
-16.524044 -8.7323246 3.4371858 11
-39.52552 -19.720877 1.1756631 53
-39.050877 -21.472166 -0.37047446 36
-2.0885789 -1.174652 -0.049423169 1
-13.319229 -7.3273635 3.9983227 6
-33.747322 -17.078701 5.0688033 6
-16.969139 -9.2626686 4.2348475 10
-3.0561762 -1.7061925 -0.050323661 3
-13.503345 -7.4463887 -0.32946736 1
-14.508277 -7.9709549 4.9214506 14
-6.3391237 -3.481504 -0.13514924 3
-1.8363998 -1.0360438 -0.062009972 1
-2.4814548 -1.390183 -0.048694003 1
-66.693268 -36.735435 6.9931483 60
-4.2113481 -2.0589776 -0.073873915 13
-39.35527 -20.304024 2.7276299 27
-39.57317 -19.579762 1.1745034 53
-39.094204 -21.326126 -0.37074906 35
-16.472267 -8.6310892 3.4223206 5
-17.105343 -9.2628584 4.2574253 6
-14.529675 -7.9196672 4.9195714 10
-17.503557 -9.542881 5.0784383 4
-3.0655332 -1.6971561 -0.051039949 3
-2.1028559 -1.1727589 -0.052206967 1
-33.274525 -16.693039 4.9964557 6
-1.832996 -1.0260358 -0.059967488 1
-2.4997706 -1.3892661 -0.051848888 1
-6.4002852 -3.485575 -0.14033045 3
-66.710625 -36.4552 6.9814334 60
-13.557405 -7.4139786 -0.33155909 1
-4.2181187 -2.0447428 -0.073967718 13
-13.255788 -7.1746769 3.968313 2
-3.0745733 -1.6886302 -0.051751301 3
-39.161827 -21.184549 -0.37154433 35
-39.60218 -19.421001 1.1729487 53
-2.1135223 -1.1692805 -0.054080218 1
-16.483152 -8.5630493 3.4185414 8
-17.021748 -9.1404667 4.2317739 16
-33.248249 -16.541142 4.9847541 6
-13.599573 -7.3779874 -0.33297446 1
-14.591414 -7.886869 4.9294691 10
-6.3345947 -3.4225404 -0.13259016 3
-39.401432 -20.143969 2.7250686 27
-2.5045519 -1.3802937 -0.05191556 1
-1.8466809 -1.0249519 -0.063152261 1
-66.768257 -36.182522 6.9730334 60
-4.2108612 -2.0228953 -0.07207492 13
-33.321079 -16.438761 4.9864182 6
-16.442785 -8.468853 3.4058423 12
-13.280874 -7.1279788 3.9679873 13
-3.0699704 -1.6720327 -0.049922835 3
-2.1175327 -1.1616746 -0.054136422 1
-17.558498 -9.3487091 4.3409443 6
-13.653497 -7.3450546 -0.33506334 1
-34.531628 -18.574041 3.8524268 10
-2.5228865 -1.379209 -0.055070095 1
-6.3605671 -3.4075685 -0.13418178 3
-1.8296217 -1.0076152 -0.056928709 1
-14.555921 -7.8017774 4.9101419 9
-39.450565 -19.994387 2.7229581 27
-39.651943 -19.26404 1.171654 53
-4.2322164 -2.0146866 -0.074165002 13
-33.321522 -16.293594 4.9780312 6
-2.123234 -1.1549697 -0.054647442 1
-3.0827105 -1.6647726 -0.051273853 3
-39.470657 -19.839123 2.7195091 27
-13.286849 -7.0711403 3.9627714 16
-16.757036 -8.8474445 4.1597862 8
-1.8466833 -1.0082922 -0.061158575 1
-39.70158 -19.12442 1.1705732 52
-13.682673 -7.2987003 -0.33561468 1
-14.598579 -7.7586875 4.9144044 6
-2.4964762 -1.3535199 -0.048175834 1
-34.589626 -18.448713 3.850919 10
-6.3688979 -3.3831491 -0.13397899 3
-16.509096 -8.4259577 3.4115894 8
-4.2391863 -1.9996194 -0.074262716 13
-39.53664 -19.707083 2.7186515 27
-2.1203098 -1.1436801 -0.05288282 1
-3.0849662 -1.6519101 -0.050715923 3
-39.750446 -18.975977 1.1693966 52
-13.175249 -6.9526072 3.9273109 15
-33.266998 -16.115099 4.9619894 6
-16.857622 -8.8248119 4.1744466 8
-34.618977 -18.308306 3.8467095 10
-14.682187 -7.7369752 4.9309692 9
-13.697563 -7.2447767 -0.33528474 1
-1.85013 -1.0016199 -0.061208121 1
-2.5115376 -1.3500768 -0.050560161 1
-6.3983116 -3.3698008 -0.13592988 3
-4.2457581 -1.9852883 -0.074355058 13
-16.573837 -8.3856163 3.4173584 12
-39.566208 -19.548414 2.71557 27
-33.120068 -15.907674 4.9345908 6
-13.230669 -6.9224348 3.935003 12
-39.292469 -20.545782 -0.37160814 34
-13.737018 -7.2038031 -0.33649015 1
-17.413506 -9.0373392 4.2873607 12
-3.0871699 -1.6390519 -0.050157089 3
-16.902105 -8.4805441 3.4692862 7
-39.805992 -18.830835 1.1683452 52
-2.1173351 -1.1324184 -0.051118515 1
-34.520664 -18.101372 3.8303347 9
-2.5057566 -1.3355963 -0.048303403 1
-1.8603855 -0.99853408 -0.063347191 1
-14.664675 -7.6620708 4.9172955 7
-4.252624 -1.9701841 -0.074449979 13
-6.3893986 -3.3349676 -0.1339374 3
-39.623863 -19.403835 2.7140839 27
-16.912582 -8.4151888 3.4658434 11
-33.433987 -15.913898 4.9681773 6
-39.328865 -20.388929 -0.37172288 34
-13.154413 -6.823863 3.908896 12
-2.1212151 -1.1248046 -0.051172551 1
-3.0963304 -1.6298349 -0.050870709 3
-1.8672209 -0.99360031 -0.064440779 1
-2.5033875 -1.3229764 -0.046821147 1
-34.700764 -18.040451 3.8406813 10
-14.710362 -7.6202049 4.9225869 11
-13.762176 -7.1552668 -0.33681628 1
-4.259438 -1.9550461 -0.074545622 13
-17.387278 -8.9424582 4.2741351 10
-6.4576793 -3.3414626 -0.13983801 3
-39.673801 -19.255589 2.7122085 26
-33.425011 -15.765768 4.958868 6
-16.90831 -8.3390427 3.4596171 5
-2.1319909 -1.1207416 -0.053047054 1
-39.375324 -20.237551 -0.37207237 34
-14.805836 -7.6036811 4.9427433 11
-3.1057453 -1.620019 -0.05158769 3
-13.200276 -6.7858791 3.9139075 15
-34.58987 -17.820969 3.822932 9
-17.457069 -8.9008236 4.2820106 17
-4.2661977 -1.9398818 -0.074640304 13
-1.8502043 -0.97588247 -0.058218945 1
-2.5221128 -1.3207481 -0.049980909 1
-13.79906 -7.1097026 -0.33781388 1
-6.4947252 -3.3300774 -0.14251369 3
-39.701584 -19.096846 2.7091501 26
-35.010471 -17.094336 6.5878277 5
-13.161412 -6.7075772 3.8975937 12
-13.845236 -7.0718327 -0.33945554 2
-2.1412234 -1.1153488 -0.054468594 1
-3.1148508 -1.6107141 -0.052299824 3
-39.446114 -20.09004 -0.37294158 34
-15.506055 -7.8902254 5.1422381 7
-38.422684 -19.622879 4.1810293 17
-2.5301478 -1.3134806 -0.050818272 1
-1.8569721 -0.97096002 -0.059311669 1
-6.4743028 -3.2908792 -0.13943145 3
-17.651115 -8.917634 4.3162122 14
-35.756042 -16.565386 5.2513914 7
-17.217278 -8.3410845 3.5022085 1
-39.954178 -18.225901 1.1631967 52
-39.725132 -18.936438 2.7059026 26
-39.480705 -19.933035 -0.37303379 34
-2.1311491 -1.1005932 -0.050880983 1
-17.633308 -8.8348808 4.3056703 8
-6.4709301 -3.2619305 -0.13813768 3
-15.514654 -7.8260827 5.1362462 5
-13.173827 -6.6527572 3.8941627 16
-3.0995445 -1.5883244 -0.048560638 3
-2.5348876 -1.3039529 -0.05088355 1
-1.8638954 -0.9656707 -0.060406391 1
-67.409492 -34.09901 6.9265456 60
-13.860461 -7.0150809 -0.33912966 1
-35.633507 -16.356791 5.2268147 7
-17.264256 -8.2889833 3.5049031 3
-39.780556 -18.791451 2.7044456 26
-40.007 -18.080235 1.1621811 52
-39.518368 -19.786556 -0.373236 34
-13.172083 -6.5996542 3.8881128 15
-17.205099 -8.5490427 4.2074661 6
-6.5173812 -3.2578628 -0.14187434 3
-36.104935 -18.036219 11.227002 16
-3.1153371 -1.5831128 -0.050540864 3
-2.1401379 -1.0955391 -0.05230055 1
-2.5356402 -1.2935518 -0.050168734 1
-4.2861567 -1.8942549 -0.074919887 13
-1.8739235 -0.96274781 -0.062542386 1
-38.335144 -19.239576 4.1580024 16
-13.876588 -6.9650006 -0.33898905 1
-35.274918 -16.042494 5.171298 7
-39.846657 -18.660084 2.7038326 26
-39.566238 -19.645378 -0.37367177 34
-40.048336 -17.929527 1.1609968 52
-13.192248 -6.5547109 3.8873854 15
-17.037836 -8.3952875 4.1653399 14
-17.268238 -8.2162971 3.5002222 2
-17.99575 -8.9244099 5.8538742 3
-3.1134541 -1.5690199 -0.049338561 3
-2.1437023 -1.0882212 -0.052349988 1
-35.972263 -17.904745 3.9275458 11
-2.5398629 -1.2849144 -0.050226979 1
-1.8839543 -0.95976382 -0.064679332 1
-13.903269 -6.9202094 -0.33950794 1
-6.4929705 -3.2171471 -0.1384277 3
-4.2927027 -1.8790089 -0.075011507 13
-39.875706 -18.502974 2.701004 26
-35.403488 -15.95094 5.1800842 7
-13.195897 -6.4987936 3.8822002 13
-35.325932 -16.637434 6.5982866 5
-2.1489878 -1.0817602 -0.052854605 1
-3.1327593 -1.5654312 -0.051955797 3
-39.606274 -19.491848 -0.3739019 33
-13.954889 -6.8876619 -0.34156775 2
-35.992493 -17.765047 3.9230714 11
-1.8697661 -0.94474131 -0.059493754 1
-2.5370207 -1.2727804 -0.048737273 1
-17.950598 -8.8236294 5.8309317 10
-16.734882 -8.1697283 4.0938458 22
-40.084923 -17.76844 1.1596622 52
-6.5256338 -3.2046123 -0.14073247 3
-4.2991948 -1.8637214 -0.075103119 13
-39.907776 -18.347563 2.6983819 26
-35.563953 -16.604576 6.6289134 5
-35.441162 -15.81827 5.1769719 7
-2.1579366 -1.0765961 -0.054272626 1
-40.129322 -17.627903 1.1586527 52
-39.649307 -19.340021 -0.37420577 33
-18.02145 -8.7799072 5.8423162 6
-13.246037 -6.4627738 3.8885605 16
-3.1313295 -1.5502061 -0.050759297 3
-1.8766159 -0.93935549 -0.060587458 1
-16.786442 -8.1218901 4.0983663 9
-2.5486596 -1.2666782 -0.050348777 1
-36.004055 -17.605747 3.9171762 11
-13.976537 -6.834157 -0.34167266 2
-6.5009122 -3.1641238 -0.13728197 3
-4.305634 -1.8484229 -0.075192846 13
-39.953781 -18.198776 2.6965578 26
-35.467785 -16.408176 6.6017399 5
-40.18364 -17.48337 1.157724 52
-35.506527 -15.690523 5.1771617 7
-39.724178 -19.203777 -0.37523276 33
-17.304214 -8.3006458 4.202199 4
-17.959848 -8.6720304 5.8147745 3
-2.1460371 -1.0607855 -0.050228592 1
-3.1331191 -1.5372927 -0.050195064 3
-13.23173 -6.3983297 3.8789356 7
-4.3117008 -1.8338622 -0.075278498 13
-13.964431 -6.767415 -0.33977407 1
-1.8902366 -0.93763071 -0.063772149 1
-2.5530107 -1.2575341 -0.050409049 1
-35.861191 -17.380005 3.8971543 10
-6.5406456 -3.1548467 -0.14030583 3
-39.995605 -18.048235 2.6945446 26
-35.719273 -16.372263 6.6341758 5
-35.769726 -15.664154 5.2040839 7
-16.300085 -7.8107386 4.6483688 4
-3.1452732 -1.5300745 -0.051537566 3
-2.1459768 -1.051751 -0.049366973 1
-40.222744 -17.332352 1.1565704 52
-39.740864 -19.039637 -0.3749536 33
-67.975426 -32.260284 14.932425 56
-14.022891 -6.7378163 -0.3422699 2
-37.686859 -18.014189 11.596959 9
-6.5582604 -3.1362336 -0.14116284 3
-4.3180346 -1.8185191 -0.075367071 13
-35.39735 -17.002039 3.8471203 10
-1.9003907 -0.93416268 -0.065909401 1
-2.5644021 -1.2517705 -0.052018534 1
-35.852165 -16.280897 6.6463366 5
-40.058746 -17.907406 2.6937239 26
-2.1653926 -1.0515749 -0.053516112 1
-3.1469803 -1.5171332 -0.050972957 3
-68.17733 -32.063164 14.949787 57
-40.257603 -17.179695 1.1553652 52
-39.785797 -18.889315 -0.37531656 33
-16.337965 -7.7583585 4.6506844 7
-38.602741 -18.285328 11.846087 9
-35.601456 -16.953856 3.860229 10
-14.075268 -6.7019901 -0.34433892 2
-1.9103838 -0.93097675 -0.068044767 1
-2.5436895 -1.2312236 -0.046652563 1
-6.515101 -3.0875092 -0.13590702 3
-4.3243146 -1.8031574 -0.075454451 13
-40.106777 -17.759899 2.692121 26
-35.858665 -16.132097 6.6370001 5
-8.3600912 -3.5472755 0.65169895 47
-39.862728 -18.754232 -0.37640256 33
-2.1795535 -1.048777 -0.056299444 1
-68.2006 -31.782084 14.929555 56
-3.1557791 -1.5075722 -0.05168071 3
-37.522556 -17.633419 9.9760723 9
-1.8856428 -0.9108538 -0.059720702 1
-2.5550117 -1.225448 -0.048260435 1
-35.938396 -16.959381 3.8854406 10
-14.109497 -6.6573811 -0.34530205 2
-6.5583167 -3.0795739 -0.13928837 3
-4.3308501 -1.7869897 -0.075546734 13
-40.135971 -17.604256 2.6895363 26
-8.3465996 -3.5068979 0.65112674 47
-27.672598 -12.911842 -0.10236018 7
-35.918732 -16.007549 6.6368852 5
-68.306389 -31.554386 14.928208 56
-38.171303 -17.774595 10.122789 10
-2.1707947 -1.0351458 -0.053161468 1
-3.1573963 -1.4946179 -0.05111469 3
-1.8992321 -0.90896595 -0.062903687 1
-2.576988 -1.2246023 -0.052191578 1
-14.129112 -6.6058507 -0.34538081 2
-6.5400901 -3.0429461 -0.13654779 3
-4.3370194 -1.7715755 -0.0756336 13
-38.085224 -17.580154 10.085587 20
-8.3089046 -3.4567118 0.65016705 48
-40.186546 -17.458145 2.6881204 25
-68.556168 -30.249098 12.168857 55
-2.1741524 -1.0277019 -0.053222626 1
-3.1694477 -1.4872105 -0.052468553 3
-39.87764 -18.428143 -0.37552667 32
-68.416908 -31.314299 14.926768 56
-14.169133 -6.5668092 -0.34678364 2
-6.5790992 -3.0341723 -0.13957711 3
-1.9093243 -0.90534961 -0.065053567 1
-2.5705056 -1.2103809 -0.049939919 1
-35.756413 -16.567175 3.8559337 10
-4.3425198 -1.7576655 -0.075724952 13
-69.142746 -28.840878 9.4955254 63
-8.349947 -3.605598 0.97111237 3
-40.018463 -18.322578 -0.37808639 33
-38.05455 -17.404156 10.061674 9
-3.1673923 -1.472578 -0.051266734 3
-68.662071 -30.008102 12.167445 55
-2.1847401 -1.0231365 -0.055095296 1
-68.526596 -31.073864 14.925325 56
-4.3482828 -1.7429948 -0.075808011 13
-14.170257 -6.5067921 -0.34576297 2
-35.84409 -16.462566 3.8582413 10
-2.5744505 -1.2016274 -0.049996145 1
-1.9262805 -0.9052605 -0.069282725 1
-6.6114001 -3.0207334 -0.14188154 3
-8.2993174 -3.4167488 0.64964348 48
-8.2589483 -3.5337169 0.96541953 3
-68.676453 -29.72748 12.150695 55
-2.1634285 -1.0039688 -0.048767231 1
-3.1724615 -1.4612662 -0.051337194 3
-16.928562 -7.6801777 4.7635441 3
-4.3542948 -1.7275177 -0.075895891 13
-1.9293628 -0.89830571 -0.069328785 1
-2.5821428 -1.1940172 -0.050829787 1
-68.567337 -30.802464 14.909608 56
-14.196591 -6.4583969 -0.34628654 2
-35.91983 -16.344635 3.8591673 10
-8.2833986 -3.3761172 0.6490438 49
-6.6078811 -2.9895809 -0.14059053 3
-8.2531433 -3.3333404 0.64826208 49
-8.186574 -3.4688075 0.96071166 10
-2.1881547 -1.0057966 -0.054285079 1
-68.766006 -29.47983 12.146851 55
-3.1918914 -1.4564185 -0.053957786 3
-14.215478 -6.4066243 -0.34636566 2
-69.256859 -28.304504 9.4808483 63
-4.3787446 -1.719221 -0.078481071 13
-1.9183508 -0.88497853 -0.065186374 1
-2.5790837 -1.1815326 -0.049338453 1
-68.395073 -30.816315 6.8632836 59
-68.615974 -30.520735 14.894588 56
-6.6728454 -2.9904764 -0.14613764 3
-8.2883053 -3.3152254 0.64848107 49
-68.845894 -29.242456 12.142471 55
-8.1802063 -3.4321613 0.9595592 10
-2.1809242 -0.99314898 -0.051601294 1
-4.3809705 -1.7022099 -0.078068525 13
-3.1863365 -1.4396036 -0.052120406 3
-68.71209 -30.27483 14.890926 56
-2.5905004 -1.1750183 -0.050949652 1
-1.9003706 -0.86823976 -0.058953442 1
-14.242585 -6.355535 -0.34689906 2
-68.446434 -30.536076 6.856071 59
-6.6431384 -2.9491253 -0.14231384 3
-8.3016872 -3.286649 0.64834976 49
-69.444328 -27.841488 9.4783049 63
-8.1681433 -3.3933153 0.95811331 3
-68.926399 -28.991259 12.137423 55
-4.3717165 -1.6817485 -0.076150343 13
-68.740799 -30.014027 14.874568 56
-3.1876781 -1.4266254 -0.05155246 3
-2.2058494 -0.99437439 -0.057121307 1
-1.9139105 -0.86607277 -0.062137496 1
-2.612469 -1.1736733 -0.054881539 1
-14.272061 -6.3084636 -0.34763658 2
-68.487701 -30.266294 6.8486071 59
-6.6606779 -2.9287655 -0.14317413 3
-8.3019314 -3.2529206 0.64801556 49
-69.020599 -28.745901 12.134841 55
-4.3775139 -1.6661896 -0.076235622 13
-3.1959591 -1.4173868 -0.0522561 3
-2.1841111 -0.97587985 -0.05078746 1
-40.187275 -17.551409 -0.37897155 32
-8.1343079 -3.3440793 0.95547873 7
-14.311266 -6.2685742 -0.34902254 2
-68.759369 -29.735029 14.855148 56
-6.6410956 -2.893662 -0.14042108 3
-68.568085 -30.014193 6.8448572 59
-1.9168564 -0.85916346 -0.062180627 1
-2.6021163 -1.1580009 -0.051839508 1
-8.3150969 -3.2242854 0.64788562 49
-69.121223 -28.503263 12.133497 55
-4.3832564 -1.6506045 -0.07632041 13
-3.1899674 -1.4012518 -0.050411157 3
-2.1838691 -0.9664585 -0.049924888 1
-8.1422319 -3.3138094 0.95512056 7
-68.756905 -29.696878 17.581884 39
-40.248646 -17.409807 -0.37978175 32
-68.87072 -29.496485 14.85528 56
-1.9125522 -0.84950125 -0.060128149 1
-14.344122 -6.222795 -0.349978 2
-2.6094844 -1.1507014 -0.052668452 1
-68.667908 -29.785038 6.8435459 59
-6.6657829 -2.8763959 -0.14200088 3
-68.811348 -29.684908 20.368484 38
-8.3462896 -3.2041943 0.64805102 49
-8.1928101 -3.3057172 0.95715111 7
-69.45533 -27.013624 9.4392776 63
-4.3889451 -1.6350083 -0.076403774 13
-3.2056708 -1.394523 -0.052393217 3
-69.127144 -28.207834 12.115533 54
-2.2050517 -0.96629786 -0.054531589 1
-68.90889 -29.226875 14.840396 56
-40.235989 -17.23653 -0.3789461 32
-2.6098228 -1.1397846 -0.051950287 1
-14.391521 -6.1831417 -0.35181895 2
-1.9154396 -0.84259617 -0.060170762 1
-68.680595 -29.504169 6.8337646 59
-6.6647682 -2.8480928 -0.14105479 3
-8.4135351 -3.1959002 0.64875323 48
-8.2934017 -3.3121653 0.96171898 28
-69.006134 -28.996832 14.839113 56
-4.394578 -1.6193935 -0.076485455 13
-2.2101383 -0.95913428 -0.05503457 1
-3.1995654 -1.378435 -0.050546598 3
-69.203888 -27.955929 12.110533 54
-1.9112011 -0.83264625 -0.058119413 1
-14.438816 -6.1432519 -0.35365653 2
-2.6173356 -1.1319641 -0.052781459 1
-68.783867 -29.262556 6.832408 59
-6.6819954 -2.8275456 -0.14191234 3
-8.3142071 -3.2865028 0.96205235 38
-40.823826 -15.287793 1.1429099 52
-69.257774 -27.737415 12.104511 54
-3.2186224 -1.3737034 -0.053162917 3
-2.2132468 -0.95157456 -0.055080317 1
-4.4001565 -1.6037525 -0.076567605 13
-69.107658 -28.754324 14.837774 56
-14.433396 -6.0839729 -0.35237715 2
-72.321983 -30.314255 21.284491 42
-68.886261 -29.020597 6.8310609 59
-1.9282527 -0.83175683 -0.062349971 1
-2.6284428 -1.1256309 -0.054387823 1
-6.6476779 -2.7854841 -0.1377138 3
-40.854733 -15.135708 1.1418347 52
-69.428329 -27.523085 12.11548 54
-8.3312159 -3.259279 0.96218932 3
-4.4054055 -1.5888749 -0.076645531 13
-2.2057118 -0.9391008 -0.052392472 1
-40.486176 -16.848471 -0.38291594 32
-3.2051253 -1.3545934 -0.050039586 3
-14.55416 -6.0744529 -0.35864606 2
-68.982758 -28.790394 6.8297935 59
-2.6502066 -1.124243 -0.058317505 1
-1.9344969 -0.8266421 -0.063436016 1
-69.213341 -28.499313 14.836379 56
-6.7199483 -2.7877326 -0.14398317 3
-8.3606138 -3.2384832 0.96302366 31
-40.88884 -14.984946 1.1408225 52
-69.44738 -27.248716 12.101315 54
-4.4108763 -1.5732044 -0.07672555 13
-2.219707 -0.935633 -0.0551751 1
-8.4455414 -3.4925394 0.33040643 2
-3.2355587 -1.3531225 -0.054574791 3
-69.313118 -28.256086 14.835063 56
-1.9374435 -0.8193031 -0.063480295 1
-2.6107347 -1.0962673 -0.049069896 1
-8.06042 -3.3363712 0.032401789 7
-6.685842 -2.7446551 -0.13978904 3
-8.3476048 -3.1996653 0.96159029 35
-40.929909 -14.836874 1.139933 52
-69.48378 -26.98171 12.090228 54
-4.4162922 -1.5575076 -0.076805554 13
-2.2158461 -0.92428792 -0.053400207 1
-3.2292438 -1.3370758 -0.052726671 3
-8.2916203 -3.3932693 0.33393925 2
-8.2691402 -3.3954761 1.277005 2
-8.0590696 -3.3025603 0.033021994 15
-1.9330823 -0.80937654 -0.061426893 1
-2.6362717 -1.0958322 -0.05377648 1
-69.34771 -27.972431 14.819425 55
-6.7175231 -2.7299054 -0.14208597 3
-69.573494 -26.749678 12.089029 54
-40.967854 -14.6959 1.1390855 52
-8.3306894 -3.159564 0.95996046 31
-4.4216528 -1.5417923 -0.076884352 13
-69.394508 -27.750723 14.810819 55
-6.7033877 -2.7007723 -0.14002907 3
-2.2262127 -0.91924888 -0.055269692 1
-8.179162 -3.3138328 0.33654118 24
-3.2267451 -1.3219947 -0.05151809 3
-2.6256607 -1.0800064 -0.050731 1
-1.9431176 -0.80494982 -0.063565277 1
-8.2408886 -3.3483388 1.27314 6
-8.0748177 -3.2740993 0.032637242 7
-8.3566332 -3.1356997 0.96059477 28
-69.718819 -26.524794 12.09636 54
-41.026737 -14.554302 1.1384927 52
-8.1926708 -3.2907214 0.33632612 24
-69.501427 -27.524855 14.812604 55
-69.471764 -27.725344 20.320194 38
-2.2145779 -0.90621978 -0.051663298 1
-3.2416003 -1.3166122 -0.053487245 3
-69.439384 -27.732666 17.542988 38
-2.6470077 -1.0793152 -0.054654811 1
-1.9346975 -0.79466468 -0.060456537 1
-4.4269595 -1.5260507 -0.076963149 13
-8.2600403 -3.3272886 1.2738463 4
-8.0881996 -3.2512853 0.03228401 7
-6.7127542 -2.6770124 -0.14015682 3
-40.845367 -15.107232 2.662945 25
-41.066246 -14.405876 1.1376241 52
-69.759842 -26.26021 12.086536 54
-69.531639 -27.500937 17.541771 38
-8.2152596 -3.2661455 0.3359237 24
-2.221127 -0.90008962 -0.052618466 1
-3.2348888 -1.3012252 -0.051634207 3
-69.597763 -27.280617 14.811331 55
-8.5909138 -3.4189961 0.0027166998 6
-6.7475309 -2.6645947 -0.14280644 3
-2.6579914 -1.072729 -0.056259401 1
-1.9481485 -0.79197037 -0.063639075 1
-4.4322085 -1.5102979 -0.077040479 13
-8.2827196 -3.3025079 1.2746983 8
-75.756493 -26.767471 10.123875 63
-41.108997 -14.258638 1.1368176 51
-40.905663 -14.966175 2.6626244 25
-69.851723 -26.014988 12.085308 54
-69.627914 -27.25668 17.540504 38
-3.252218 -1.2947204 -0.053932086 3
-2.2314365 -0.89494747 -0.054488327 1
-8.2303305 -3.2385292 0.3356865 24
-1.9542913 -0.78669626 -0.0647256 1
-2.6395695 -1.055043 -0.051654819 1
-8.5934963 -3.384944 0.003110942 6
-69.583351 -26.993431 14.787552 55
-6.7159238 -2.6247964 -0.13895792 3
-8.3362894 -3.291461 1.2784134 2
-4.4374032 -1.4945266 -0.07711757 13
-40.940323 -14.823947 2.6611683 24
-70.259293 -24.548721 9.4151993 63
-41.143661 -14.108699 1.1359057 51
-69.86853 -25.742138 12.071832 54
-2.234482 -0.88692343 -0.054532461 1
-3.2456217 -1.2788105 -0.052078992 3
-8.2881918 -3.2274711 0.33450088 2
-1.9461702 -0.7754311 -0.061621483 1
-69.696159 -26.755947 14.790057 55
-8.592227 -3.3494723 0.0037291101 51
-2.6431749 -1.0455709 -0.051707346 1
-8.3625908 -3.2677727 1.2796025 2
-6.7398953 -2.6067047 -0.14052837 3
-4.442543 -1.4787368 -0.077193454 13
-40.977066 -14.674442 2.6596828 24
-70.032867 -25.523598 12.082882 54
-41.192932 -13.963809 1.1352272 51
-69.715347 -26.496782 14.774623 55
-3.2610648 -1.2714597 -0.054057494 3
-2.2447648 -0.88168752 -0.056401432 1
-2.6723747 -1.0459824 -0.057190046 1
-69.569336 -26.792248 6.8028479 59
-8.6206388 -3.3255134 0.002571672 25
-1.9451965 -0.76700515 -0.060614087 1
-6.7675471 -2.5898898 -0.14246023 3
-4.4476266 -1.4629281 -0.0772686 13
-70.117714 -25.289742 12.081747 54
-41.032104 -14.531514 2.6591859 24
-2.2385204 -0.87053615 -0.054162085 1
-3.2615206 -1.2589815 -0.053477474 3
-41.239796 -13.818121 1.1345277 51
-69.767616 -26.236582 14.765143 55
-14.477691 -5.5191398 -0.34572467 1
-6.7798033 -2.5685034 -0.14293827 3
-69.569923 -26.512074 6.7932243 59
-2.6502862 -1.0265976 -0.051810376 1
-1.9586098 -0.76412439 -0.063796006 1
-4.4526553 -1.4471009 -0.077343032 13
-70.113098 -25.010078 12.065246 54
-41.064011 -14.380471 2.6575186 24
-3.262145 -1.2459377 -0.052900434 3
-2.2269084 -0.85696352 -0.050556798 1
-69.877831 -25.998291 14.767683 55
-41.27095 -13.667248 1.1336085 51
-14.493176 -5.4666123 -0.34575924 1
-40.763569 -15.329253 -0.38407052 30
-69.710251 -26.299282 6.7967634 59
-2.6609585 -1.0203459 -0.053410217 1
-6.7663069 -2.536123 -0.14088978 3
-1.9682895 -0.76013702 -0.06592866 1
-4.4573798 -1.4320461 -0.077413335 13
-41.114239 -14.235929 2.6568403 24
-70.222931 -24.771515 12.067748 54
-40.862106 -15.202381 -0.38577285 31
-41.307259 -13.518202 1.1327827 51
-2.2517049 -0.85713726 -0.056074422 1
-3.2775159 -1.2384213 -0.054876696 3
-69.90242 -25.728319 14.752976 55
-14.500989 -5.4112482 -0.34534687 1
-69.776093 -26.044313 6.7932038 59
-1.9672462 -0.75167608 -0.064918913 1
-2.6754687 -1.0149281 -0.055788659 1
-6.7451921 -2.5011125 -0.13811648 3
-4.4622998 -1.4161893 -0.077486098 13
-41.156403 -14.088605 2.6557758 24
-70.231194 -24.497335 12.053723 54
-18.616014 -6.0265899 0.79556304 2
-2.2491391 -0.84700745 -0.054748487 1
-3.2817626 -1.2267077 -0.054938126 3
-4.4669223 -1.4010979 -0.077555522 13
-1.9589304 -0.7405529 -0.061812852 1
-2.6458101 -0.99308354 -0.048853554 1
-70.018295 -25.492071 14.757042 55
-69.796143 -25.772638 6.7856345 59
-6.7837954 -2.4881148 -0.14112979 3
-14.452374 -5.3352056 -0.3415927 1
-41.190472 -13.938603 2.6543262 24
-70.346764 -24.260769 12.057479 54
-18.546425 -5.9356365 0.79396307 2
-3.278549 -1.2122747 -0.053719308 3
-2.2538435 -0.83958322 -0.055247057 1
-14.474705 -5.2855434 -0.34206355 1
-1.9578097 -0.7321564 -0.060801435 1
-70.055725 -25.227415 14.74536 55
-6.7924137 -2.4640574 -0.14124885 3
-2.6749938 -0.99303347 -0.054335721 1
-69.837585 -25.509373 6.7800879 59
-4.471972 -1.3844122 -0.077630103 13
-70.457779 -24.022438 12.060631 54
-41.254303 -13.79867 2.6544516 24
-18.55184 -5.8654203 0.79345 2
-70.176598 -25.006737 14.751757 55
-3.27899 -1.1992123 -0.053140592 3
-2.2420466 -0.82616836 -0.051638059 1
-1.9675437 -0.72770411 -0.062936135 1
-2.6783812 -0.98343325 -0.054385576 1
-69.998016 -25.289431 6.7852864 59
-14.470564 -5.2263031 -0.34097427 1
-6.7634263 -2.4266009 -0.13774566 3
-4.4767237 -1.3684918 -0.077701829 13
-18.555975 -5.7985129 0.7929548 4
-41.268345 -13.642175 2.6520376 24
-40.982265 -14.601854 -0.38659132 30
-70.500565 -23.760887 12.052767 54
-2.2410445 -0.81719297 -0.050764523 1
-3.2940483 -1.1920688 -0.055112354 3
-70.252953 -24.756226 14.748351 55
-73.828651 -26.236549 21.245398 42
-14.450236 -5.1643462 -0.33897892 1
-6.778923 -2.4064729 -0.13857919 3
-70.041405 -25.027119 6.7801013 59
-2.6928172 -0.9777962 -0.056763388 1
-1.9627349 -0.71799654 -0.060876615 1
-4.4814196 -1.3525679 -0.077770926 13
-3.2832413 -1.1750318 -0.052614499 3
-2.2511592 -0.81171685 -0.052632101 1
-70.606163 -23.520569 12.055328 54
-41.319782 -13.498141 2.6515892 24
-18.621126 -5.7433381 0.7933042 2
-70.26162 -24.482225 14.731457 55
-14.460682 -5.1106668 -0.33877343 1
-1.9686775 -0.71255684 -0.06195901 1
-70.135841 -24.79706 6.7800155 59
-2.6996849 -0.96993726 -0.057585225 1
-6.8060594 -2.3890054 -0.14050275 3
-4.4858298 -1.3374101 -0.077837333 13
-41.372169 -13.362416 2.6513739 24
-2.2575862 -0.80490398 -0.053585697 1
-70.282303 -24.455217 17.445864 38
-70.617058 -23.248909 12.042592 54
-18.713831 -5.699789 0.79409146 2
-3.290992 -1.1646028 -0.053311169 3
-70.399254 -24.253256 14.740827 55
-14.455841 -5.0517225 -0.33767438 1
-70.310722 -24.432535 20.207474 38
-70.184891 -24.537224 6.7755237 59
-1.9674398 -0.7041688 -0.060947031 1
-2.6881773 -0.95506358 -0.054528076 1
-6.8030314 -2.3609741 -0.13953054 3
-4.490417 -1.321449 -0.077905945 13
-41.39217 -13.208294 2.6493735 24
-70.93145 -21.76012 9.3755388 63
-40.574062 -13.975635 -0.37625381 27
-41.599731 -12.496469 1.1280379 51
-70.747185 -23.016573 12.049462 54
-3.2763202 -1.1463901 -0.050172765 3
-2.2787147 -0.80315876 -0.058190137 1
-70.458038 -23.997025 14.73446 55
-70.233002 -24.277325 6.7710443 59
-2.6877222 -0.94413787 -0.053798921 1
-1.9661684 -0.69580173 -0.059933923 1
-14.401682 -4.9759479 -0.33367479 1
-6.8074322 -2.3355696 -0.13928092 3
-4.56359 -1.3252357 -0.086996712 14
-41.443607 -13.072274 2.6491714 24
-41.648834 -12.359586 1.1275775 51
-70.774734 -22.76462 12.040483 54
-2.2630153 -0.78864765 -0.053665251 1
-3.2989235 -1.1410726 -0.053424064 3
-70.568024 -23.758194 14.7386 55
-1.9685166 -0.68869579 -0.059969891 1
-2.713213 -0.94211888 -0.058505245 1
-6.8570356 -2.3254402 -0.14337566 3
-14.373634 -4.9096384 -0.33123153 1
-70.355591 -24.043152 6.7732806 59
-4.4994211 -1.2894785 -0.07803975 13
-41.496868 -12.928764 2.6489456 24
-41.693863 -12.213494 1.1270095 51
-70.81662 -22.503876 12.033294 54
-3.3103099 -1.1318057 -0.054758783 3
-2.2583091 -0.77800453 -0.051878948 1
-41.228363 -13.876967 -0.38980648 30
-14.364222 -4.8499684 -0.32989779 1
-70.628746 -23.502802 14.733006 55
-1.9854604 -0.68654871 -0.064197958 1
-6.8499651 -2.2960875 -0.14203754 3
-2.7052701 -0.92862308 -0.056221399 1
-70.439629 -23.795696 6.7721763 59
-4.5036211 -1.2742622 -0.078103386 13
-70.929077 -22.279251 12.038415 54
-41.532776 -12.771857 2.647717 24
-41.721096 -12.062238 1.1261972 51
-2.2683296 -0.7723462 -0.053744473 1
-3.3141816 -1.1199774 -0.054813374 3
-70.677322 -23.243576 14.725174 55
-4.5079856 -1.2582419 -0.078168601 13
-2.6898243 -0.9127022 -0.052383482 1
-1.9987553 -0.68305463 -0.067379586 1
-70.469879 -23.530258 6.7663951 59
-14.384886 -4.800499 -0.33034718 1
-6.8579082 -2.2718055 -0.1421458 3
-71.00695 -22.029934 12.03737 54
-41.581173 -12.626822 2.6473093 24
-41.770859 -11.917519 1.1257266 51
-2.2820354 -0.76784801 -0.056523595 1
-29.692789 -9.7657328 -0.13514219 85
-3.3161366 -1.1075087 -0.054549046 3
-70.758591 -22.995226 14.724101 55
-4.5122938 -1.2421952 -0.078233786 13
-70.60511 -23.299864 6.7700024 59
-1.9900638 -0.67219317 -0.064268596 1
-14.401587 -4.7496958 -0.33057082 1
-2.6966553 -0.9042809 -0.053206123 1
-6.9036446 -2.2598202 -0.14587772 3
-41.596252 -12.479745 2.6453745 24
-41.810356 -11.777797 1.1251793 51
-70.974342 -21.733175 12.01793 53
-3.2936454 -1.0870851 -0.05012776 3
-70.820274 -22.740616 14.719296 55
-2.2698276 -0.75480008 -0.052908342 1
-70.633469 -23.034245 6.7642469 59
-6.8735371 -2.2231495 -0.14236128 3
-14.402915 -4.6939063 -0.32989827 1
-1.9996651 -0.66741812 -0.066399217 1
-2.7183812 -0.90070313 -0.057134997 1
-71.149033 -23.056364 20.294916 38
-41.632137 -12.331057 2.6443946 24
-41.864906 -11.634336 1.124807 51
-18.542719 -5.9625535 0.11054962 3
-70.899559 -22.505398 14.71905 55
-71.163818 -21.517996 12.035272 54
-3.3161509 -1.0813705 -0.053378236 3
-2.2612624 -0.74304026 -0.05020646 1
-2.7177091 -0.88974911 -0.056402538 1
-2.005584 -0.66137844 -0.067482799 1
-70.767082 -22.802895 6.7678776 59
-14.377412 -4.6296144 -0.32766145 1
-6.9609485 -2.2241127 -0.15007883 3
-41.694328 -12.190119 2.6447885 24
-71.18222 -21.264578 12.02575 54
-41.901615 -11.485877 1.1241903 51
-3.3234231 -1.0713121 -0.05406801 3
-18.61685 -5.9140649 0.10910093 3
-71.049469 -22.278595 14.732251 55
-2.2747788 -0.73885316 -0.052982394 1
-70.973587 -22.463966 20.200901 38
-14.358452 -4.5705109 -0.32585597 1
-6.9378519 -2.1911259 -0.14727864 3
-2.0078099 -0.65414226 -0.067515671 1
-2.7394252 -0.88596356 -0.060331382 1
-70.846756 -22.553982 6.7668328 59
-41.729176 -12.041146 2.6438234 24
-71.233765 -21.00766 12.021082 54
-71.074669 -22.026329 14.721537 55
-41.932003 -11.33573 1.1234963 51
-18.640234 -5.85287 0.10875565 3
-71.040833 -22.224932 20.197878 38
-2.2884166 -0.73418194 -0.055759564 1
-3.3346152 -1.0618107 -0.055398867 3
-70.987129 -22.225935 17.429121 38
-2.7235744 -0.87073243 -0.056488454 1
-2.0025401 -0.64492917 -0.065450042 1
-70.868416 -22.300507 6.7611656 59
-6.9073768 -2.1547325 -0.14375597 3
-14.374343 -4.519805 -0.32606846 1
-4.5291662 -1.1770661 -0.078488246 13
-41.780617 -11.904881 2.6438675 24
-71.314743 -20.759493 12.021326 54
-18.620493 -5.7747126 0.10936624 3
-41.973442 -11.188611 1.122978 51
-71.060959 -21.989056 17.428152 38
-3.3342898 -1.0493168 -0.054808713 3
-2.275903 -0.72171468 -0.052141227 1
-14.412165 -4.4786754 -0.3276087 1
-71.05204 -21.954931 20.178467 38
-2.719039 -0.85863596 -0.054976847 1
-6.8881607 -2.1220748 -0.14132033 3
-1.9936534 -0.63424796 -0.062336415 1
-71.099121 -21.746853 14.70923 55
-70.999619 -22.067814 6.7648287 59
-4.5331888 -1.1609486 -0.078548491 13
-41.822136 -11.757818 2.6433058 24
-71.771889 -19.313763 9.3813934 63
-71.360649 -20.501196 12.016072 54
-2.2859044 -0.71541041 -0.054006062 1
-3.3305001 -1.0344813 -0.053583588 3
-18.677931 -5.716835 0.1082883 3
-71.223991 -21.511795 14.717971 55
-42.01825 -11.034434 1.1224656 51
-2.714453 -0.84657496 -0.053465795 1
-1.9957827 -0.62704456 -0.062368773 1
-70.886162 -21.759632 6.7470918 59
-14.405592 -4.418231 -0.32648572 1
-76.304253 -23.269279 21.605648 88
-6.948873 -2.1137996 -0.14649889 3
-4.5369587 -1.1456223 -0.078605771 13
-71.839302 -19.061417 9.3804712 63
-71.462929 -20.272627 12.020666 54
-41.863148 -11.610594 2.64275 24
-2.2808657 -0.70491636 -0.052215081 1
-42.064442 -10.888504 1.1220444 51
-41.632233 -12.567809 -0.39503005 30
-3.3415875 -1.024874 -0.054913253 3
-71.246452 -21.245817 14.706491 55
-2.724834 -0.83911622 -0.055062696 1
-71.152901 -21.568092 6.7628202 59
-1.9923493 -0.61814886 -0.060827818 1
-76.398552 -23.005264 21.608156 10
-14.371245 -4.3523445 -0.32378596 1
-6.9676242 -2.0925894 -0.14768717 3
-4.5408721 -1.1294754 -0.078665294 13
-71.518501 -20.017204 12.017273 54
-41.903629 -11.463245 2.6422021 24
-71.332085 -21.012449 14.708562 55
-76.47126 -22.749336 21.606131 23
-3.3261688 -1.0072694 -0.051764879 3
-2.2869732 -0.69782346 -0.053164344 1
-42.110134 -10.742369 1.1216296 51
-71.132767 -21.289288 6.7534714 59
-4.5445352 -1.1141272 -0.078720704 13
-2.7276802 -0.82935315 -0.055103287 1
-2.0073614 -0.61484212 -0.064530581 1
-14.367235 -4.2958913 -0.32287031 1
-6.9710298 -2.066757 -0.14742437 3
-41.939739 -11.314709 2.6414669 24
-71.569336 -19.760565 12.01328 54
-42.157337 -10.604441 1.1213027 51
-2.2892079 -0.69000447 -0.053197406 1
-3.3332191 -0.99709022 -0.0524517 3
-71.443207 -20.772778 14.715087 55
-14.396744 -4.2522087 -0.32395408 1
-6.989285 -2.0466301 -0.14860484 3
-4.5483375 -1.0979506 -0.078778535 13
-2.0057232 -0.60649168 -0.063513443 1
-2.7229679 -0.81733841 -0.053590398 1
-71.233879 -21.046978 6.7548389 59
-41.986904 -11.16914 2.6413226 24
-71.615463 -19.502771 12.008688 53
-71.462891 -20.506596 14.703642 55
-38.349667 -11.144685 -0.32199958 12
-3.3479877 -0.98850179 -0.054419667 3
-42.194275 -10.456008 1.1207906 51
-2.2952712 -0.68285519 -0.054146297 1
-71.372604 -20.829063 6.7599435 59
-2.7293663 -0.80915987 -0.054406416 1
-2.0076547 -0.59961414 -0.063542515 1
-14.361662 -4.1868773 -0.32124376 1
-76.616348 -22.2083 21.600487 78
-7.0040078 -2.0240459 -0.14942855 3
-4.552083 -1.0817629 -0.078835383 13
-42.232769 -10.315825 1.1203666 51
-71.725533 -19.262346 12.014503 54
-42.027771 -11.013954 2.6407695 24
-2.3031824 -0.67620951 -0.055551529 1
-41.76395 -11.976653 -0.39642715 30
-3.35515 -0.97762322 -0.055108409 3
-71.54966 -20.259769 14.705702 55
-2.7358778 -0.80045849 -0.055223778 1
-2.002248 -0.59022403 -0.061474524 1
-76.701385 -21.94142 21.601511 40
-71.349571 -20.550463 6.7506361 59
-14.376204 -4.1361675 -0.32143691 1
-7.0033274 -1.9970508 -0.14879772 3
-4.5557699 -1.0655642 -0.078891702 13
-41.803623 -11.836916 -0.39694798 30
-71.792778 -19.010254 12.013606 54
-42.292027 -10.17275 1.1201986 51
-71.643394 -20.028362 14.71006 55
-2.2960901 -0.66523921 -0.053313669 1
-3.3432817 -0.96130711 -0.052608225 3
-42.077759 -10.869007 2.6408241 24
-2.0116427 -0.58508486 -0.063615985 1
-2.7234862 -0.78633165 -0.052166615 1
-4.559217 -1.0501429 -0.078956604 13
-7.0485754 -1.9829346 -0.15253563 3
-14.371352 -4.0799341 -0.32052305 1
-71.517166 -20.326723 6.7580423 59
-2.2982173 -0.65738302 -0.053344365 1
-3.361598 -0.95422077 -0.055211198 3
-42.319664 -10.021988 1.119604 51
-42.121494 -10.730287 2.6407447 24
-40.962803 -11.443471 -0.37818119 25
-71.70575 -19.774515 14.707666 55
-7.0550756 -1.9592035 -0.15262108 3
-14.350198 -4.0220504 -0.31868145 1
-71.938919 -18.765263 12.024926 54
-71.519035 -20.055847 6.7511358 59
-2.7525918 -0.78398943 -0.057646673 1
-2.0247459 -0.58095741 -0.066792563 1
-3.3686497 -0.94325864 -0.05589655 3
-42.174381 -10.585938 2.6410398 24
-71.717468 -19.745804 17.419613 38
-2.3210659 -0.65484405 -0.058402121 1
-42.366234 -9.8757229 1.1193045 51
-2.0191541 -0.57195526 -0.064720534 1
-40.8022 -11.244008 -0.37429789 24
-71.721703 -19.508162 14.69631 55
-14.352608 -3.9682059 -0.31818876 1
-71.585556 -19.81691 6.7503033 59
-71.774727 -19.731182 20.18832 38
-2.736207 -0.76937115 -0.053794403 1
-6.9964938 -1.9163965 -0.14653812 3
-72.004387 -18.512402 12.024086 54
-72.440193 -17.06999 9.3854761 63
-42.205544 -10.443967 2.6403892 24
-42.402798 -9.7349319 1.118925 51
-2.321388 -0.64598024 -0.057976689 1
-30.260923 -8.2273664 -0.14347807 7
-72.065781 -18.272003 12.023299 54
-3.3566225 -0.92706227 -0.053380389 3
-14.300869 -3.8997149 -0.31455836 1
-71.79361 -19.257183 14.696202 55
-2.0173428 -0.56364042 -0.063699283 1
-71.627808 -19.557808 6.7470984 59
-2.7539465 -0.76369935 -0.05694117 1
-7.0688319 -1.9079175 -0.15280244 3
-42.241924 -10.295429 2.6399169 24
-42.440578 -9.5865374 1.1185272 51
-3.3635857 -0.9160949 -0.054064117 3
-2.3197982 -0.63660902 -0.057094079 1
-30.305021 -8.1248856 -0.14417718 67
-71.80928 -19.229673 17.40727 38
-72.179382 -18.031168 12.030427 54
-2.0266776 -0.55836588 -0.065826349 1
-14.306685 -3.8471487 -0.31428349 1
-2.7678916 -0.75688916 -0.05931063 1
-71.722992 -19.313154 6.7485828 59
-71.82946 -19.204933 20.164137 38
-71.932533 -19.010384 14.708795 55
-7.0561538 -1.8777717 -0.15107256 3
-42.483986 -9.4472075 1.1182697 52
-72.516685 -16.56436 9.3792353 63
-42.281666 -10.14769 2.6396451 24
-72.239143 -17.790182 12.029662 54
-41.231434 -10.895173 -0.38260192 26
-2.3106456 -0.62525171 -0.05438368 1
-3.3668537 -0.90347832 -0.054108925 3
-71.998894 -18.757645 14.707957 55
-2.7629919 -0.74444854 -0.057793591 1
-2.0211742 -0.5486936 -0.063755959 1
-7.0317879 -1.8447167 -0.14825232 3
-14.301391 -3.7890065 -0.31334338 1
-71.766762 -19.041147 6.745358 59
-42.320881 -9.9998112 2.6393819 24
-72.301193 -17.536312 12.028864 54
-42.529881 -9.2848196 1.1179247 52
-3.3546419 -0.8874476 -0.051590722 3
-2.3147299 -0.61701518 -0.054871995 1
-72.064354 -18.504683 14.707134 55
-14.30294 -3.735487 -0.31283954 1
-71.852478 -18.793791 6.7461958 59
-15.033445 -3.9117365 4.6335721 23
-2.7692997 -0.73554295 -0.05860604 1
-2.0342033 -0.54433906 -0.066931181 1
-7.0882955 -1.8326921 -0.15305859 3
-42.361752 -9.8601217 2.6393402 24
-42.562523 -9.1430101 1.1175431 52
-72.377739 -17.285889 12.030526 54
-3.3614783 -0.87644196 -0.052272782 3
-38.58923 -9.900342 -0.32421583 12
-17.662605 -4.4766984 4.000834 1
-2.3149128 -0.60819679 -0.054445025 1
-71.941185 -18.547091 6.7473803 59
-14.315896 -3.6849897 -0.31300512 1
-14.762274 -3.7859781 4.5558023 16
-2.7717822 -0.72561234 -0.058641098 1
-2.0360181 -0.53699398 -0.066957943 1
-7.1911435 -1.8320268 -0.16222575 3
-42.407761 -9.713707 2.6394777 24
-42.609978 -8.9964657 1.1173375 52
-72.464951 -17.037848 12.034031 54
-38.614243 -9.7692595 -0.32445917 12
-17.664043 -4.4142957 3.9980247 14
-14.744766 -3.7290397 4.5474739 5
-2.320724 -0.60081756 -0.055389546 1
-3.3874133 -0.87026483 -0.056155618 3
-2.0303266 -0.52774036 -0.064885408 1
-2.7666235 -0.71373206 -0.057120856 1
-72.059975 -18.307823 6.7512465 59
-14.328674 -3.6344357 -0.31316885 1
-7.1974516 -1.8065419 -0.16230917 3
-42.447681 -9.5736847 2.6394503 24
-72.544518 -16.801258 12.036972 54
-42.649094 -8.8480864 1.1170294 52
-42.179611 -10.512593 -0.40191001 30
-3.3710673 -0.85397118 -0.052992817 3
-17.700369 -4.3572602 4.0019479 1
-2.3226359 -0.5928871 -0.055416927 1
-14.313523 -3.5796127 -0.31175277 1
-7.1066608 -1.7585145 -0.153301 3
-2.0245955 -0.5185228 -0.062812611 1
-2.757611 -0.70095545 -0.054821283 1
-72.046478 -18.035032 6.7437696 59
-42.4888 -9.4260187 2.6394062 24
-72.533699 -16.530527 12.025225 54
-42.218281 -10.372437 -0.40243149 30
-18.253231 -4.4284248 4.1073184 1
-42.70293 -8.694829 1.1168982 52
-3.3739614 -0.84192342 -0.053032935 3
-2.335959 -0.58733737 -0.058188472 1
-72.129471 -17.800089 6.7450275 59
-2.0299802 -0.51250482 -0.063886203 1
-2.763664 -0.69249529 -0.055631209 1
-14.310418 -3.5252628 -0.31101429 1
-7.066256 -1.7220626 -0.14901988 3
-72.634743 -16.298748 12.031857 54
-42.534935 -9.2715597 2.6395426 24
-42.26606 -10.226573 -0.40313944 30
-2.3302584 -0.57750225 -0.056386758 1
-3.3843455 -0.83233559 -0.054351605 3
-72.429558 -17.275606 14.714498 55
-14.267686 -3.4641035 -0.30802381 1
-7.1454992 -1.7158568 -0.15600024 3
-42.75668 -8.5491991 1.1168247 52
-72.245766 -17.559599 6.7489243 59
-2.7659945 -0.68258637 -0.055664312 1
-2.0466814 -0.50883108 -0.06811031 1
-72.788055 -16.06477 12.046401 54
-42.575001 -9.1235323 2.6395111 25
-3.398684 -0.82299984 -0.056312066 3
-2.3321874 -0.56912005 -0.056414764 1
-42.313332 -10.080502 -0.40383995 30
-72.30394 -17.318239 6.7481985 59
-2.0445342 -0.50091076 -0.067084506 1
-72.489815 -17.021122 14.71374 55
-2.7681768 -0.6731599 -0.055695828 1
-7.093235 -1.6768539 -0.15062489 3
-14.229184 -3.4016843 -0.30526125 1
-72.473434 -17.225788 20.194521 38
-42.780499 -8.3975286 1.1163446 52
-42.622368 -8.9769983 2.6398771 25
-72.819771 -15.79029 12.041373 54
-73.092262 -14.533731 9.389987 63
-3.3860965 -0.80723071 -0.053788465 3
-2.3530352 -0.5652011 -0.061014313 1
-2.7780755 -0.66504276 -0.057282709 1
-42.825901 -8.257865 1.1162194 52
-7.0795946 -1.6472189 -0.14888339 3
-72.549156 -16.766453 14.712996 55
-2.0311718 -0.48996913 -0.062910683 1
-42.35231 -9.9323893 -0.40436596 30
-14.213751 -3.3450561 -0.30384144 1
-15.513183 -3.6367881 4.7380748 5
-72.364311 -17.063969 6.7474475 59
-42.369576 -9.7871218 -0.40443823 30
-72.90184 -15.540161 12.044943 54
-42.657497 -8.8278027 2.6396656 25
-42.884605 -8.1205921 1.1162913 52
-18.255199 -4.1612096 4.0953336 16
-15.528942 -3.5857813 4.7389436 5
-72.673286 -16.764395 17.45429 38
-3.3888266 -0.79512727 -0.053827371 3
-2.3700919 -0.56026167 -0.064700179 1
-2.0403132 -0.48438364 -0.065033846 1
-14.233119 -3.2966611 -0.30443859 1
-72.42379 -16.809484 6.7467055 59
-2.7917755 -0.65774214 -0.059649132 1
-7.1357474 -1.6336228 -0.15368539 3
-3.3836825 -0.78186888 -0.052581038 3
-2.3528888 -0.54781026 -0.060153909 1
-72.607101 -16.494274 17.425274 38
-73.190063 -14.032522 9.3886995 63
-72.955971 -15.283957 12.044253 54
-42.924591 -7.9718332 1.1160774 52
-18.524633 -4.1540136 4.1449203 16
-7.1410799 -1.6095996 -0.15375526 3
-14.228388 -3.2453773 -0.30367973 1
-15.513091 -3.5247076 4.7311296 10
-42.701458 -8.6725607 2.6398296 25
-72.451271 -16.547714 6.7433066 59
-2.0419176 -0.47701079 -0.065058812 1
-2.8016343 -0.64947695 -0.061237052 1
-38.259548 -8.5624161 -0.31440428 12
-18.444317 -4.0713477 4.12641 3
-73.334045 -13.806468 9.3998976 63
-17.648003 -3.9466524 5.3051119 10
-17.013269 -3.8086519 4.4865179 10
-2.3623114 -0.54105693 -0.062009513 1
-3.4055851 -0.77409941 -0.055821583 3
-73.078888 -15.041913 12.054564 54
-42.968014 -7.8235908 1.1159257 52
-72.537178 -16.312666 6.7452931 59
-2.803705 -0.63993627 -0.061266094 1
-14.212341 -3.1890349 -0.3022517 1
-2.0547104 -0.47256532 -0.068229489 1
-7.1699471 -1.5894394 -0.15600991 3
-42.759033 -8.5277472 2.6407976 25
-17.060114 -3.7593017 4.4943237 3
-3.3965039 -0.75997597 -0.05393469 3
-2.3336101 -0.52623498 -0.054717965 1
-42.499779 -9.3534737 -0.40635669 30
-14.203329 -3.1370656 -0.30126318 1
-73.479721 -13.566682 9.4110718 63
-17.744808 -3.9027958 5.3273926 3
-42.783276 -8.3840218 2.6402385 25
-42.987293 -7.6709328 1.1154523 52
-2.0525053 -0.46430388 -0.067203648 1
-2.7905273 -0.62648296 -0.05818497 1
-72.594009 -16.057587 6.7445869 59
-73.118362 -14.769119 12.051419 54
-72.873596 -15.766453 14.728845 55
-7.1328497 -1.5534821 -0.15208462 3
-42.846275 -8.2477884 2.6416266 25
-73.562088 -13.314762 9.4147005 63
-43.037548 -7.5237446 1.1154224 52
-42.537823 -9.197176 -0.40686947 30
-72.883522 -15.514255 14.719957 55
-17.834633 -3.8535442 5.3476238 2
-17.124012 -3.7039433 4.5056477 7
-2.3469472 -0.51947337 -0.057490278 1
-3.4070389 -0.74830151 -0.055255067 3
-73.115486 -14.501392 12.042212 54
-72.652718 -15.789532 6.7438579 59
-2.0503433 -0.4556995 -0.066177413 1
-2.785063 -0.61431569 -0.056659382 1
-14.226968 -3.0844276 -0.30208889 1
-7.1771407 -1.5364904 -0.15579319 3
-42.855293 -8.0932951 2.6402836 25
-73.651398 -13.063801 9.4192858 63
-17.307928 -3.6831362 4.5453148 11
-2.3752389 -0.51716501 -0.063916296 1
-3.4132981 -0.73756087 -0.055929121 3
-73.260468 -14.276199 12.056868 54
-43.087303 -7.3762808 1.115399 52
-72.937569 -15.258189 14.719286 55
-14.205854 -3.0300627 -0.30042163 1
-17.689085 -3.7571118 5.3045902 8
-2.051846 -0.44828987 -0.066201039 1
-72.77787 -15.549032 6.7491765 59
-2.7947927 -0.6059584 -0.058246277 1
-7.1356239 -1.5012619 -0.15149711 3
-42.934475 -7.9519296 2.6424422 25
-73.210625 -14.013049 12.040998 54
-73.696808 -12.804899 9.4186869 63
-17.1985 -3.5967264 4.5168376 11
-3.3925984 -0.72049236 -0.052119233 3
-2.346473 -0.50219345 -0.056624521 1
-2.0570254 -0.44204479 -0.067272283 1
-43.128662 -7.2272477 1.1152742 52
-30.614223 -6.3961034 -0.14719599 7
-2.8043964 -0.59806174 -0.059829727 1
-14.220241 -2.9807184 -0.30078009 1
-72.856636 -15.311638 6.7508721 59
-15.812713 -3.3013422 4.7951798 3
-73.06263 -15.003366 14.732057 55
-7.1680822 -1.4815903 -0.15411147 3
-73.438095 -13.789329 12.068462 54
-42.958153 -7.8001266 2.6418903 25
-73.756973 -12.548521 9.4199896 63
-2.3405116 -0.49216634 -0.054820012 1
-43.181351 -7.0799637 1.1153187 52
-30.675604 -6.296289 -0.14832513 7
-15.852566 -3.2515132 4.8026896 4
-17.36062 -3.563683 4.5511818 7
-3.406745 -0.71015507 -0.054077234 3
-2.06989 -0.43659812 -0.07044439 1
-14.16846 -2.9151583 -0.29732352 1
-2.8026519 -0.58669841 -0.059081912 1
-7.1731601 -1.4561781 -0.15417923 3
-73.528824 -13.539121 12.074567 55
-43.004894 -7.6524425 2.6425076 25
-73.820152 -12.292495 9.4217758 63
-43.205891 -6.9279671 1.1149884 52
-3.4091346 -0.69797754 -0.054110497 3
-2.3803825 -0.49106666 -0.063992992 1
-17.560358 -3.5402718 4.5943837 9
-42.722908 -8.6016417 -0.40972215 31
-2.0826731 -0.43143073 -0.073616818 1
-19.070419 -3.7821062 4.2308536 4
-2.7969196 -0.57509863 -0.057552774 1
-14.131554 -2.8556597 -0.29475597 1
-15.72977 -3.1658888 4.7663131 7
-73.062622 -14.806003 6.7578645 59
-7.162518 -1.4276642 -0.15278903 3
-73.610924 -13.287051 12.079462 55
-43.252407 -6.7872038 1.1150086 52
-43.043259 -7.5031624 2.6427467 25
-73.913811 -12.041303 9.4273491 63
-17.878777 -3.5389464 4.6650152 12
-3.4192252 -0.68733591 -0.055424877 3
-2.3629127 -0.47869906 -0.059442136 1
-42.788101 -8.4581594 -0.41086069 31
-2.0878754 -0.42467272 -0.074688241 1
-14.098322 -2.7972324 -0.29240981 1
-2.8065329 -0.56659615 -0.05913711 1
-18.911871 -3.681622 4.1973939 14
-7.1674056 -1.4022713 -0.15285388 3
-4.6267462 -0.67577946 -0.079967961 13
-73.114143 -14.54908 6.7572279 59
-15.604122 -3.0835917 4.7294378 4
-43.0811 -7.3537059 2.6429906 25
-73.668808 -13.030429 12.080707 55
-73.98307 -11.78587 9.4301023 63
-43.303596 -6.6391854 1.115073 52
-42.83173 -8.3180771 -0.41154996 31
-18.058922 -3.5118699 4.7038002 10
-18.922058 -3.61801 4.196866 4
-16.233189 -3.1512964 4.8956356 3
-7.1719666 -1.3781409 -0.15291415 3
-2.3683164 -0.47094238 -0.060380172 1
-3.4370346 -0.67813927 -0.058021497 3
-2.0703304 -0.41341138 -0.069458932 1
-2.8045719 -0.55577266 -0.058386389 1
-14.057018 -2.7375484 -0.28961188 1
-73.164764 -14.291974 6.7566018 59
-74.05336 -11.543719 9.4333677 63
-43.350319 -6.4903131 1.1150899 52
-43.126312 -7.2053933 2.6436298 25
-42.953472 -8.1927652 -0.41393536 31
-17.721771 -3.385021 4.6231403 3
-73.725792 -12.77357 12.081959 55
-73.491508 -13.777937 14.764137 55
-16.273949 -3.1027989 4.9036665 1
-7.1490421 -1.348847 -0.15042497 3
-3.4120538 -0.6612674 -0.053565193 3
-2.3583217 -0.46064022 -0.057657689 1
-2.8063288 -0.54622108 -0.058411602 1
-2.0640378 -0.40485117 -0.067377903 1
-14.038538 -2.6851525 -0.2881529 1
-73.282494 -14.061072 6.7620168 59
-4.6312094 -0.64283997 -0.080037311 13
-74.140556 -11.290581 9.4385042 63
-3.4529636 -0.65698534 -0.060004879 3
-2.3635914 -0.4532901 -0.058594268 1
-16.97426 -3.1806884 4.447814 9
-42.942608 -8.0341549 -0.41343668 31
-43.171013 -7.0568352 2.6442757 25
-73.820847 -12.523082 12.089328 55
-43.388615 -6.3400235 1.1150047 52
-2.8119116 -0.53737986 -0.059215181 1
-73.60128 -13.531107 14.77551 56
-2.072881 -0.39920196 -0.06949763 1
-16.355021 -3.0586584 4.9224081 11
-13.976686 -2.6248331 -0.28421792 1
-73.368156 -13.823649 6.7647767 59
-7.2163343 -1.3350418 -0.15631095 3
-4.731678 -0.63956529 -0.092642628 15
-43.21793 -6.9163156 2.6451385 25
-74.179718 -11.029972 9.4379892 63
-73.879944 -12.266278 12.091219 55
-17.180946 -3.156816 4.4927955 7
-2.3574259 -0.44336596 -0.056786474 1
-3.4357522 -0.64106238 -0.056830414 3
-43.422428 -6.1889858 1.1148726 52
-13.977884 -2.574034 -0.28388351 1
-42.978367 -7.8843646 -0.41395307 31
-2.0741854 -0.39171901 -0.069517218 1
-19.026012 -3.4335878 4.2094984 16
-4.6352358 -0.61151701 -0.080099739 13
-73.420143 -13.566397 6.7645173 59
-7.2208958 -1.3094682 -0.15637025 3
-73.629417 -13.478855 20.27944 38
-2.8098397 -0.52658814 -0.058462333 1
-74.335892 -10.786343 9.4516449 63
-43.273479 -6.7691622 2.646379 25
-3.4378974 -0.62878585 -0.056860205 3
-2.3703775 -0.43696517 -0.059553575 1
-73.94986 -12.011091 12.094949 55
-43.499294 -6.0438523 1.1153436 52
-43.01754 -7.7351637 -0.41454679 31
-4.6687603 -0.59903556 -0.084155582 14
-17.132353 -3.0856452 4.4789457 6
-19.043694 -3.3676383 4.2104697 4
-73.710571 -13.226504 20.288046 38
-13.927803 -2.5140641 -0.28062347 1
-73.502609 -13.314611 6.7669363 59
-2.8000047 -0.5144074 -0.056152042 1
-2.0602739 -0.38146618 -0.065335333 1
-7.2253685 -1.2838818 -0.15642911 3
-74.005135 -11.766703 12.096888 55
-43.289032 -6.6156788 2.6456881 25
-25.459738 -3.6059198 3.5809577 3
-2.3871477 -0.43115664 -0.063234895 1
-16.623577 -2.2526722 0.7472083 2
-43.032562 -7.5815992 -0.41462326 31
-3.4438887 -0.61718506 -0.057531621 3
-17.221773 -3.0392125 4.4969463 3
-4.7101331 -0.5872975 -0.089217335 14
-19.12697 -3.312994 4.2241607 12
-73.56852 -13.05963 6.7680349 59
-2.8210244 -0.50779384 -0.060069688 1
-13.924668 -2.4628069 -0.28005791 1
-16.601368 -2.9236975 4.9796586 1
-2.0767143 -0.37673298 -0.069555335 1
-7.170876 -1.2480701 -0.15102543 3
-16.475906 -2.1794903 0.74499857 2
-74.081139 -11.512114 12.101865 55
-43.3396 -6.4674616 2.6467476 26
-25.436762 -3.5114207 3.5765424 2
-17.313004 -2.9925137 4.5153913 4
-2.3617096 -0.41788423 -0.056851264 1
-3.4303896 -0.6021753 -0.05499579 3
-19.124859 -3.2433724 4.2213974 22
-43.09827 -7.4368539 -0.41580296 31
-13.897735 -2.4075117 -0.27814183 1
-73.661026 -12.809147 6.7714758 59
-7.1869144 -1.2246488 -0.15217446 3
-2.0817416 -0.36989552 -0.070624679 1
-17.461468 -3.0115764 5.2070408 15
-2.838167 -0.50037467 -0.063207753 1
-4.6412597 -0.56118512 -0.080194443 13
-16.201719 -2.0852048 0.74104959 2
-25.724684 -3.7483025 1.7822353 4
-74.132812 -11.253565 12.103189 55
-25.023708 -3.3647969 3.5254095 2
-43.155602 -7.2904296 -0.41680443 32
-17.384882 -2.9419715 4.5294156 4
-3.4323993 -0.58991379 -0.055024073 3
-2.3861089 -0.41331354 -0.062361673 1
-19.116684 -3.1728349 4.2175169 4
-2.8668957 -0.49480912 -0.068681434 2
-2.0715301 -0.36041737 -0.067493059 1
-73.717323 -12.552124 6.7719297 59
-17.469965 -2.9498107 5.2063994 13
-13.862711 -2.3511119 -0.27577242 1
-7.1792989 -1.197227 -0.15113686 3
-4.6432085 -0.54383892 -0.080225572 13
-25.467379 -3.3423164 3.5771811 2
-16.052097 -2.0084808 0.73881227 2
-43.443161 -6.1707888 2.6490817 26
-74.222694 -11.000595 12.110628 55
-3.4616284 -0.5821842 -0.059540335 3
-17.520126 -2.9014535 4.5580359 6
-2.3682561 -0.40152192 -0.057806257 1
-43.169044 -7.1365023 -0.416859 32
-2.0765052 -0.35357672 -0.068561248 1
-2.860791 -0.48324093 -0.067147732 2
-74.005745 -11.999331 14.798364 56
-73.753059 -12.291595 6.77073 59
-7.1991043 -1.1743277 -0.15264767 3
-15.808663 -2.6127076 4.7594399 23
-13.723052 -2.2776971 -0.26743841 1
-25.358713 -3.2373555 3.5626349 2
-15.944164 -1.9350747 0.7371431 2
-26.336485 -3.8118899 4.6352324 2
-43.484303 -6.0206451 2.6497755 26
-17.470449 -2.8301339 4.5442004 11
-3.4479792 -0.56727308 -0.057003099 3
-2.3849392 -0.39550859 -0.061485834 1
-74.070694 -11.743064 14.802342 56
-43.213516 -6.9876771 -0.41759115 32
-13.760454 -2.234026 -0.2692253 1
-15.655392 -2.5308957 4.715971 14
-73.827217 -12.03741 6.7728739 59
-2.870131 -0.47423869 -0.068728901 2
-2.0738392 -0.34544903 -0.067528822 1
-7.1834316 -1.1456926 -0.15087862 3
-25.050564 -3.1085277 3.5242634 2
-43.493237 -5.8660383 2.6489275 26
-26.345732 -3.7186868 4.6344547 2
-43.276028 -6.8493733 -0.41872728 32
-74.148277 -11.501886 14.809342 56
-15.64267 -2.4752264 4.7102556 20
-2.4131448 -0.39122245 -0.067911044 1
-16.008711 -1.8827955 0.73783118 2
-3.4420681 -0.55370814 -0.055747099 3
-17.445538 -2.7631695 4.536119 10
-2.8678186 -0.4633328 -0.067972623 2
-73.912292 -11.78471 6.7760296 59
-2.0749547 -0.33796248 -0.067545719 1
-13.807582 -2.1916795 -0.27157199 1
-7.2463722 -1.1293885 -0.15639412 3
-25.08742 -3.0190334 3.5271795 2
-2.4143555 -0.382974 -0.067929596 1
-3.4594212 -0.54445356 -0.058336824 3
-26.338982 -3.6233001 4.6312385 2
-74.300858 -11.258474 14.83054 56
-17.462303 -2.7060218 4.5377741 9
-43.291847 -6.6957674 -0.41884676 32
-13.791061 -2.1416886 -0.27031195 1
-15.67031 -2.4231186 4.7152495 16
-7.2657752 -1.1073786 -0.15789916 3
-2.0798573 -0.33105621 -0.068613879 1
-2.8654678 -0.45244768 -0.067216098 2
-74.051659 -11.54015 6.7838564 59
-16.582952 -2.1262352 1.3318862 2
-15.887896 -1.7579619 0.73584813 100
-2.4002032 -0.37192896 -0.064288169 1
-3.4378076 -0.52852046 -0.054514695 3
-74.312714 -10.993448 14.82483 56
-24.470715 -3.2789328 4.3381939 6
-17.722349 -2.682441 4.5951486 4
-2.0846841 -0.3245061 -0.069679633 1
-74.089714 -11.292789 6.7833939 59
-25.0194 -2.9171164 3.5175965 2
-2.8552444 -0.44090399 -0.064900741 2
-13.782623 -2.0905988 -0.26950476 1
-15.693954 -2.3702676 4.7192264 5
-7.1395035 -1.0623722 -0.14592643 3
-24.57889 -3.2142429 4.3533173 6
-24.906572 -2.8196239 3.5028431 2
-17.874386 -2.6411288 4.6277571 3
-3.4903271 -0.52378237 -0.062876113 3
-74.424736 -10.743072 14.838573 56
-15.889917 -1.7014983 0.73571092 48
-30.637737 -4.5194588 -0.14472027 7
-2.4360709 -0.36846042 -0.072542839 1
-74.172249 -11.038749 6.7865834 59
-7.2258987 -1.0490205 -0.1536255 3
-2.0895431 -0.31754345 -0.070746474 1
-2.8799741 -0.43413419 -0.069594182 2
-13.807579 -2.0445495 -0.27060723 1
-15.853261 -2.3372557 4.7594147 1
-4.7517262 -0.45567411 -0.092962265 15
-24.44878 -3.1098111 4.331212 6
-25.232128 -2.7665589 3.5404558 2
-3.5076909 -0.51357669 -0.06546627 3
-2.456532 -0.36249962 -0.077136211 1
-18.398954 -2.6523933 4.7457132 6
-2.8775144 -0.42323503 -0.068837427 2
-2.0791025 -0.30832028 -0.067611352 1
-74.438637 -10.478322 14.833632 56
-15.901682 -1.6460648 0.73571134 25
-74.261803 -10.785367 6.7904477 59
-7.2255106 -1.0228623 -0.15330693 3
-13.682177 -1.9767069 -0.26315463 1
-16.602121 -2.3878059 4.9566879 6
-4.7057939 -0.4344117 -0.086948253 14
-24.418287 -3.0186894 4.3246679 9
-15.924919 -1.5945765 0.7358802 21
-16.027168 -1.880221 1.3034412 2
-25.395666 -2.6940808 3.5587287 2
-2.4191523 -0.34818137 -0.06800247 1
-3.4507475 -0.49274129 -0.055870786 3
-18.257423 -2.5665019 4.7111092 7
-19.604078 -2.692651 4.2946448 14
-2.8594747 -0.41016099 -0.064963363 2
-2.0953712 -0.30298579 -0.071828485 1
-74.267616 -10.519784 6.7873354 59
-7.1776729 -0.99020696 -0.14861549 3
-74.513123 -10.433456 20.37533 39
-13.762116 -1.9386758 -0.26740396 1
-4.7072058 -0.41766298 -0.086972363 14
-24.45273 -2.9313004 4.3281903 4
-15.926361 -1.5380247 0.73575038 2
-26.068739 -2.6726904 3.6378596 3
-16.01573 -1.8216767 1.3024853 2
-2.4588468 -0.34481436 -0.077172078 1
-18.461439 -2.5289435 4.7556601 11
-3.4523716 -0.48041072 -0.055893552 3
-13.745022 -1.8868238 -0.26613659 1
-19.506231 -2.6093524 4.2739677 6
-74.434364 -10.276648 6.7978821 60
-4.6570911 -0.39737606 -0.080452614 13
-15.930445 -2.1771076 4.7734008 2
-2.0886922 -0.29435658 -0.069742873 1
-7.2284021 -0.971093 -0.15303272 3
-2.8957922 -0.40474576 -0.071991377 2
-25.852137 -2.5632153 3.6108527 3
-7.2274103 -0.94752407 -0.1527067 3
-19.424696 -2.5358739 4.2566714 8
-24.429424 -2.841372 4.3228765 15
-15.945522 -1.4831414 0.73586613 2
-2.4753933 -0.33804071 -0.080850318 1
-4.7097893 -0.3849954 -0.087015651 14
-3.4696069 -0.47016662 -0.058481544 3
-2.1049261 -0.28888184 -0.073959455 1
-39.613808 -5.3294072 3.860965 10
-15.911081 -2.1174786 4.7661705 3
-2.8971105 -0.39436218 -0.072011523 2
-13.737627 -1.8364336 -0.26542979 1
-2.4609303 -0.32799801 -0.077203885 1
-3.4709988 -0.459012 -0.058500927 3
-14.24055 -1.8524029 0.210242 3
-24.026203 -2.2969918 3.3918571 2
-2.8710358 -0.38143355 -0.0665766 2
-39.709446 -5.2143407 3.8674214 11
-2.1019268 -0.28152499 -0.072923005 1
-13.72745 -1.7907133 -0.26459834 1
-15.936809 -2.0695634 4.7711887 2
-7.2187557 -0.92039365 -0.1516563 3
-15.988241 -1.7044903 1.3003893 23
-15.950554 -1.4269081 0.73579615 2
-24.702387 -2.7850499 4.363626 6
-4.6872897 -0.36637861 -0.084017985 14
-2.4581203 -0.31864634 -0.076305017 1
-15.999727 -1.6515458 1.3006059 10
-3.5234206 -0.45308617 -0.066862166 3
-15.965109 -1.3743095 0.73586553 2
-2.0989883 -0.27345008 -0.071885891 1
-14.234987 -1.8006338 0.21042085 3
-2.8839481 -0.37263522 -0.06893108 2
-13.72565 -1.7412404 -0.26422411 1
-15.909372 -2.0091188 4.7619214 1
-23.668173 -2.1787825 3.3481216 2
-24.708014 -2.6976957 4.3628941 6
-19.440357 -2.3954515 4.2560806 12
-7.1943388 -0.8901282 -0.1491469 3
-4.6607609 -0.34763336 -0.080516048 13
-2.4552739 -0.3093155 -0.075405456 1
-3.4622126 -0.43273991 -0.056619238 3
-15.985703 -1.3193222 0.73601598 12
-18.275301 -2.2485192 4.7052965 15
-16.005352 -1.5951322 1.3005332 6
-23.578667 -2.0868855 3.3364637 2
-2.1075106 -0.26682222 -0.074001029 1
-24.360817 -3.0261967 2.5728891 3
-24.322163 -2.5690665 4.3014712 4
-13.753693 -1.6930192 -0.26554051 1
-2.8618515 -0.35886785 -0.06427709 1
-4.7014518 -0.33385116 -0.085566863 14
-19.462637 -2.3252344 4.2585912 2
-7.2212162 -0.8661806 -0.15137553 3
-23.557722 -2.0056875 3.3330724 2
-15.994144 -1.2632512 0.7360062 21
-16.036623 -1.541176 1.3017188 2
-24.422949 -2.4971991 4.315701 6
-18.211731 -2.1724613 4.6888399 8
-3.4911361 -0.4230347 -0.061130896 3
-2.4253833 -0.29631114 -0.068098329 1
-2.1160533 -0.25975049 -0.076117083 1
-16.487873 -1.9613465 4.9116712 1
-24.326221 -2.9306555 2.5689313 7
-19.275436 -2.2341447 4.2211137 8
-4.6629167 -0.3144567 -0.080552749 13
-13.700274 -1.6349386 -0.26223662 1
-2.9020207 -0.35277531 -0.072084047 2
-7.216217 -0.83966529 -0.15068485 3
-24.106916 -1.9669583 3.3976054 5
-24.329199 -2.4011607 4.2997451 2
-16.026312 -1.2089295 0.7363261 17
-16.07766 -1.4879189 1.303393 2
-19.298326 -2.1714249 4.2240238 4
-15.941271 -1.83957 4.7647347 13
-17.96376 -2.0756364 4.6303926 10
-3.465127 -0.40671656 -0.056669727 3
-2.4418349 -0.28893396 -0.071784414 1
-2.9226365 -0.34463394 -0.076003477 2
-2.1015699 -0.24990982 -0.071938045 1
-24.572361 -2.8681579 2.5886159 3
-12.942145 -1.4983271 -0.21893649 1
-7.1477809 -0.80607617 -0.1441637 3
-16.102356 -1.4358454 1.3043207 2
-23.796789 -1.8574033 3.3598197 2
-24.101274 -2.2931085 4.2630801 2
-16.036362 -1.1528391 0.73637384 2
-3.4938469 -0.398058 -0.061173294 3
-18.193426 -2.0405357 4.68118 13
-2.5084779 -0.28805229 -0.087355733 1
-12.943317 -1.4499497 0.23854163 3
-12.861666 -1.4453387 -0.21413313 1
-19.299892 -2.102859 4.2228413 10
-15.982148 -1.7873226 4.7738619 5
-7.2137113 -0.78890353 -0.15001975 3
-24.61389 -2.7852306 2.5911982 3
-2.1100199 -0.24319288 -0.074048154 1
-2.8964553 -0.33105394 -0.070564352 2
-23.822889 -1.7751157 3.3621283 2
-16.127123 -1.3807672 1.3052477 2
-24.0343 -2.2014406 4.2514262 2
-16.046217 -1.0966913 0.73642278 19
-3.5186884 -0.38814619 -0.065035135 3
-2.4668143 -0.27434948 -0.077296637 1
-19.436041 -2.0485013 4.2474508 10
-18.17907 -1.974188 4.6762609 10
-4.6656675 -0.26547238 -0.080597207 13
-12.876682 -1.3965039 0.24004497 3
-12.868567 -1.4001294 -0.21428688 1
-24.591272 -2.6994216 2.5884631 3
-2.0953941 -0.23425597 -0.069854364 1
-16.170904 -1.7508023 4.8222537 4
-2.8506634 -0.31605032 -0.06122791 1
-7.2005081 -0.76166409 -0.14858539 3
-16.081638 -1.0449997 0.73682618 17
-16.111879 -1.3222744 1.3042443 25
-24.141909 -1.713456 3.3993402 2
-25.313396 -2.2332206 4.4483871 7
-12.953019 -1.3585343 0.23846172 3
-3.4689038 -0.37017253 -0.056707297 3
-4.6664872 -0.24886428 -0.080605909 13
-24.140139 -2.4577992 5.1455593 5
-18.042259 -1.8951535 4.6434913 11
-2.4599338 -0.26464349 -0.075475939 1
-27.200842 -2.8887088 2.8066351 4
-2.1153078 -0.22874062 -0.07511612 1
-2.8984883 -0.31080243 -0.070584834 2
-7.2268324 -0.73856521 -0.1507944 3
-12.893184 -1.356753 -0.21545327 9
-20.341913 -1.7228768 3.6773589 1
-16.138248 -1.2671878 1.3052729 27
-16.097101 -0.98901677 0.73696095 10
-26.25211 -1.7703257 3.6497316 3
-15.893702 -1.6124954 0.17510091 3
-24.27718 -2.3898149 5.1701674 5
-15.99572 -1.6209185 4.7727008 1
-17.941988 -1.8208419 4.6191239 13
-3.4740264 -0.35817403 -0.057360783 3
-2.4685099 -0.25658822 -0.077315651 1
-13.525561 -1.3749132 -0.25109017 1
-2.1160138 -0.2210913 -0.075124748 1
-2.9267986 -0.30321577 -0.076047912 2
-4.6672473 -0.23225264 -0.080614313 13
-7.264977 -0.71645677 -0.15409677 3
-25.569088 -2.6246095 2.6688302 3
-26.372746 -1.689921 3.6633685 3
-16.166426 -1.2120744 1.3063998 27
-20.395041 -1.6550978 3.6846342 1
-16.120358 -0.93340808 0.73720551 12
-3.4869087 -0.34754607 -0.059296507 3
-17.841122 -1.7503941 4.5947652 10
-2.4537735 -0.24661331 -0.073661692 1
-15.799685 -1.5466988 0.17720422 3
-4.7194471 -0.21886687 -0.087163799 14
-24.300993 -2.3058851 5.1730957 5
-13.502175 -1.3268064 -0.24954757 1
-15.743314 -1.5394362 4.7043319 3
-7.2355242 -0.68898576 -0.15119907 3
-2.124373 -0.21421544 -0.077233575 1
-24.63398 -2.4411371 2.5895877 3
-2.8887169 -0.28885341 -0.068267949 2
-24.138296 -1.4615177 3.3968654 2
-16.180462 -1.1557864 1.3068545 25
-16.127447 -0.87676322 0.73723644 10
-25.232801 -1.957993 4.4323668 2
-17.94611 -1.6969455 4.6172667 12
-3.5253623 -0.33863768 -0.065402567 3
-2.4312835 -0.2355468 -0.068178087 1
-2.117312 -0.20619255 -0.075138688 1
-24.207115 -2.2111158 5.1536026 5
-4.6685624 -0.19985379 -0.080627359 13
-15.667673 -1.4764171 4.6828766 9
-2.88568 -0.27863327 -0.067498244 2
-24.864124 -2.3799853 2.6081579 3
-13.286007 -1.2582736 -0.23707516 1
-7.2338495 -0.66297275 -0.15085374 3
-16.204077 -1.1029426 1.3077947 23
-24.480282 -1.3957697 3.4369211 2
-25.357712 -1.877964 4.4506183 2
-16.150316 -0.82090878 0.73748738 10
-18.348154 -1.6698016 4.7074108 6
-2.4513979 -0.22859015 -0.072762728 1
-3.5264452 -0.32604414 -0.065412447 3
-2.1333103 -0.19995905 -0.079350032 1
-19.466352 -1.7094537 4.2468319 8
-4.7405233 -0.18605112 -0.08969225 14
-23.923573 -2.2050917 2.5285966 3
-15.630305 -1.4174308 4.6716223 5
-2.9099977 -0.27044147 -0.072181106 2
-13.387703 -1.2202116 -0.24262914 1
-7.2281132 -0.63664275 -0.15014176 3
-16.215746 -1.0463336 1.3081571 23
-16.172865 -0.76774508 0.73774046 10
-26.271828 -1.4051782 3.6493504 3
-20.627989 -1.4549304 3.7180665 7
-19.419008 -1.6399096 4.2367029 10
-15.57707 -1.360122 4.6562929 3
-3.5078197 -0.31170228 -0.062214345 3
-2.4598577 -0.22045125 -0.074601352 1
-17.450268 -1.5262945 4.5017996 11
-13.407739 -1.1743281 -0.24356048 1
-4.6696815 -0.166622 -0.080638014 13
-2.1185379 -0.19088288 -0.075153537 1
-7.2024355 -0.60868865 -0.14760599 3
-2.8873961 -0.25792554 -0.067515977 2
-23.954912 -2.1229668 2.5305407 3
-16.231199 -0.98988807 1.3087146 23
-16.187363 -0.71123654 0.73788732 10
-28.095459 -1.4035958 3.8655541 3
-23.764467 -1.5961882 4.2023063 4
-2.4178233 -0.20839219 -0.064538822 1
-3.5205615 -0.30079728 -0.064147353 3
-17.589294 -1.4792215 4.5322709 6
-15.958775 -1.3380702 0.17405601 3
-19.348188 -1.5653827 4.2220888 4
-15.581669 -1.3052876 4.6562605 1
-13.359769 -1.1249999 -0.240657 1
-7.113029 -0.5770362 -0.13923591 3
-24.859772 -2.114918 2.6056669 3
-2.1268017 -0.1838939 -0.077261522 1
-2.8842909 -0.2472408 -0.066745073 2
-4.7217355 -0.15082495 -0.087185144 14
-28.175295 -1.3131901 3.8744917 3
-16.201668 -0.65463215 0.73803651 17
-16.252443 -0.93369091 1.3095644 19
-23.76195 -1.5120548 4.2010531 6
-2.4844289 -0.20509782 -0.080107056 1
-15.967281 -1.2820895 0.17394134 3
-19.343691 -1.496524 4.2201853 12
-17.697346 -1.4255908 4.5556674 7
-3.4900305 -0.28565034 -0.059023302 3
-17.641039 -1.4151019 5.1997657 2
-13.005288 -1.0489646 -0.22039953 1
-25.279802 -2.0654995 2.6402156 3
-2.8928397 -0.23805276 -0.068309695 2
-2.1196306 -0.17595664 -0.075165741 1
-7.2181869 -0.55981046 -0.14873001 3
-4.6983314 -0.13418017 -0.084168576 14
-23.644705 -1.4210922 4.1821184 6
-16.263515 -0.87681627 1.3099332 19
-17.783838 -1.3695805 4.5742035 1
-15.981571 -1.2265189 0.17369834 3
-2.4539938 -0.19371888 -0.072790667 1
-19.789618 -1.4609545 4.304244 4
-3.5066733 -0.2743957 -0.06159842 3
-2.123997 -0.16860361 -0.076222852 1
-2.8779271 -0.22645316 -0.06520097 2
-25.274897 -1.9755579 2.6391733 3
-7.21208 -0.53364271 -0.14801382 3
-13.33134 -1.0278703 -0.23867762 1
-17.742231 -1.3604094 5.2252288 3
-4.7224908 -0.11805516 -0.087191641 14
-27.215218 -1.0765603 3.7593868 3
-16.286364 -0.82048786 1.3108858 19
-23.68104 -1.3396678 4.1869721 2
-3.5154057 -0.26245227 -0.062888384 3
-2.4662235 -0.18575487 -0.075543068 1
-18.060799 -1.3269891 4.6360664 10
-15.99567 -1.1708602 0.17345832 3
-19.79846 -1.3915744 4.3049631 4
-2.8981826 -0.21759062 -0.06910219 2
-2.1206429 -0.16064186 -0.075177111 1
-7.1979313 -0.50696874 -0.14656641 3
-24.979488 -1.8640378 2.6138551 3
-13.342752 -0.98137254 -0.23915049 1
-4.671217 -0.1001243 -0.080650426 13
-16.292921 -0.76612353 1.3110676 19
-25.2409 -1.3388343 4.4272499 7
-18.065262 -1.2634188 4.6360402 3
-2.4823127 -0.17798638 -0.079210423 1
-3.5004675 -0.24876897 -0.060329601 3
-16.01157 -1.1152563 0.17317763 3
-19.807066 -1.3221571 4.3056846 21
-13.310179 -0.9317506 -0.23714179 1
-2.090312 -0.15077133 -0.066776544 1
-2.8714497 -0.20524435 -0.063656054 1
-24.194548 -1.7198937 2.5476303 3
-16.273369 -1.1327623 4.8346133 5
-7.2274055 -0.48331124 -0.14912988 3
-16.319376 -0.70971805 1.3122164 19
-16.055029 -1.0642453 0.17229998 3
-25.292744 -1.2523644 4.4345484 4
-19.889719 -1.2608969 4.3206124 8
-17.998262 -1.1922944 5.2893987 10
-4.6716189 -0.068523332 -0.080652915 13
-18.147354 -1.205001 4.6536994 5
-3.5288103 -0.23811516 -0.064826675 3
-2.409023 -0.16405615 -0.061821487 1
-24.94805 -1.6851758 2.6101291 3
-2.8720684 -0.19494908 -0.063660793 1
-2.1099968 -0.14452843 -0.07203459 1
-13.27543 -0.88222909 -0.23501782 1
-7.2011466 -0.45592904 -0.14658721 3
-16.359612 -0.65369785 1.3140454 21
-25.351988 -1.1703705 4.4430737 4
-17.4426 -1.0996877 4.4927688 2
-3.5295055 -0.22612807 -0.064832434 3
-2.4716496 -0.1598146 -0.076473407 1
-16.106478 -1.0105993 0.17125086 3
-13.2563 -0.83631122 -0.23379229 1
-7.202548 -0.43168655 -0.14659558 3
-24.161654 -1.4462557 5.1338224 5
-18.598663 -1.1663588 5.4469295 7
-4.7034893 -0.052266024 -0.084678806 14
-2.9274664 -0.18814667 -0.074572578 2
-24.96567 -1.5980988 2.6111 3
-2.1181102 -0.13740011 -0.074141249 1
-24.411999 -0.62158787 3.4250085 2
-25.877209 -1.1034153 4.5235672 2
-16.381683 -0.59675533 1.315008 21
-3.5341341 -0.21374713 -0.065479733 3
-17.504681 -1.0417708 4.5060139 4
-2.5187507 -0.15374932 -0.087463908 1
-24.244965 -1.3656827 5.1487522 8
-2.1223285 -0.13036826 -0.075195469 1
-16.388222 -0.9699316 4.862092 2
-2.8888352 -0.1758012 -0.066786647 2
-28.615406 -1.7355731 2.9157357 4
-13.308905 -0.79246402 -0.23662315 1
-7.1601882 -0.40368259 -0.14259267 3
-4.6718154 -0.034438338 -0.080651037 13
-16.393578 -0.53932691 1.3154883 19
-25.339659 -0.99119282 4.4400063 2
-25.557638 -0.56082195 3.5608327 2
-2.4764285 -0.14224111 -0.077397086 1
-24.265221 -1.281227 5.1517243 5
-3.5150685 -0.19999324 -0.062276334 3
-16.308664 -0.90782279 0.16701272 3
-17.642523 -0.98767292 4.5365024 6
-13.30953 -0.74534571 -0.23652244 1
-26.22946 -1.4982775 2.7158244 3
-16.385647 -0.91192776 4.860549 10
-2.1188347 -0.12247501 -0.074148446 1
-2.8736818 -0.16454045 -0.063675508 1
-7.153522 -0.37788844 -0.14186925 3
-4.711503 -0.017141733 -0.085682169 14
-10.773824 -0.13424468 0.66481549 21
-16.419247 -0.48222995 1.3166478 17
-23.533464 -0.83757049 4.1606736 6
-25.130451 -0.46294171 3.5099092 2
-17.375042 -0.9113723 4.4750438 3
-11.22774 -0.58531314 0.27634299 3
-3.4801815 -0.1855375 -0.056505941 3
-2.4923806 -0.13415752 -0.081063397 1
-19.769716 -0.97413605 4.294764 10
-28.606817 -1.5330582 2.9140325 4
-13.333917 -0.69949198 -0.23777105 1
-2.1114595 -0.11440279 -0.072049931 1
-2.8937459 -0.15528271 -0.067573979 2
-18.211809 -0.94927973 5.3418522 13
-7.1865492 -0.35409546 -0.14479178 3
-4.699544 -0.0003681505 -0.084169254 14
-26.267662 -0.39613107 3.6447999 3
-16.436731 -0.4247539 1.3174236 19
-19.189854 -0.61519563 3.4897971 3
-24.532333 -1.1266522 5.2010341 5
-7.1358824 -0.3275193 -0.14005552 3
-10.772157 -0.094257981 0.66479546 21
-3.5083303 -0.17448065 -0.060999993 3
-2.4538617 -0.12324066 -0.07191059 1
-17.284536 -0.84563947 4.4538159 3
-2.8824339 -0.14431101 -0.065240405 2
-2.1310365 -0.1077391 -0.077307723 1
-12.791727 -0.62577206 -0.20700955 1
-25.813185 -1.2922544 2.6802077 3
-18.043028 -0.87684661 5.2964649 1
-4.6994376 0.015527358 -0.08416646 14
-16.45401 -0.36716571 1.3182032 19
-11.045552 -0.49955326 0.28032658 99
-2.4386208 -0.11411866 -0.068251878 1
-3.5088127 -0.16255771 -0.061003506 3
-24.545868 -1.0407733 5.2028975 11
-19.176001 -0.54717797 3.4873593 10
-19.194771 -0.87480044 4.8865886 7
-2.8788986 -0.13430683 -0.064463452 1
-28.377575 -1.3255318 2.8940539 4
-2.1274483 -0.10024701 -0.076259039 1
-12.843534 -0.58511686 -0.2098323 1
-7.1289444 -0.3018856 -0.13932942 3
-17.949171 -0.81216443 5.2709661 8
-10.718346 -0.054018274 0.66407728 22
-4.6992798 0.031418338 -0.08416228 14
-16.471043 -0.31236479 1.3189839 19
-28.485979 -0.22928141 3.9079964 3
-2.5050552 -0.10819662 -0.083817743 1
-19.158661 -0.80562848 4.8777442 7
-3.513222 -0.1501867 -0.061647262 3
-19.120415 -0.47822234 3.4785228 2
-24.343138 -0.9464044 5.1636562 8
-2.127702 -0.092555448 -0.076261789 1
-2.8831887 -0.12413721 -0.065245815 2
-28.521355 -1.2316718 2.9056904 4
-17.926702 -0.74796921 5.2643352 12
-12.841435 -0.53958631 -0.20960979 1
-7.1697249 -0.27688521 -0.14297849 3
-10.574396 -0.01590576 0.66214854 24
-4.6911192 0.04806944 -0.083151355 13
-16.50387 -0.25769669 1.3205401 17
-19.096195 -0.4103502 3.4745669 1
-2.5014443 -0.099027246 -0.082904354 1
-3.5116704 -0.13753946 -0.061329331 3
-19.206112 -0.73993391 4.8879113 2
-2.1086476 -0.08409024 -0.071009628 1
-2.8796017 -0.11363874 -0.064468801 1
-12.687531 -0.48823485 -0.20082018 1
-18.139772 -0.6929459 5.3199091 6
-28.287931 -0.12315623 3.8844452 3
-24.334587 -0.8560791 5.1614156 8
-7.1427016 -0.25049388 -0.14042637 3
-10.540304 0.021399789 0.66170096 24
-4.7186103 0.065128423 -0.086668693 14
-16.508579 -0.19956104 1.3207468 17
-19.012394 -0.34492704 3.4614656 2
-2.4549968 -0.088328652 -0.07192006 1
-16.456642 -0.57060266 4.8753095 5
-23.922762 -0.019557821 3.3661716 2
-3.5160103 -0.12450415 -0.061971728 3
-27.549349 -0.99061197 2.8238766 4
-24.137047 -0.76412475 5.123301 5
-2.1165681 -0.076367036 -0.073113374 1
-2.8720706 -0.10250732 -0.062912174 1
-12.489595 -0.43422484 -0.18954845 0
-7.159379 -0.2256728 -0.14188491 3
-4.698411 0.082438312 -0.084145881 14
-23.661842 -0.35058787 4.178721 4
-10.47777 0.091629542 0.66089177 7
-16.529091 -0.13861883 1.3217287 19
-24.182587 -0.68468428 5.1315322 5
-18.147879 -0.56541812 5.3209372 2
-27.251205 0.073232435 3.7614222 3
-17.569216 -0.54990715 4.5157027 2
-3.520287 -0.11206385 -0.062613718 3
-2.4552159 -0.079046063 -0.071921505 1
-2.1283109 -0.069095545 -0.076267086 1
-2.8958554 -0.092963502 -0.067587204 2
-12.480982 -0.38979474 -0.18898191 0
-7.1122613 -0.19895321 -0.13750741 3
-4.6702566 0.097765245 -0.080616221 13
-19.490469 -0.21981716 3.5349905 6
-10.39331 0.12764457 0.65977705 100
-19.130682 -0.53486526 4.86936 8
-3.5284536 -0.10033245 -0.063896976 3
-2.4592779 -0.070756324 -0.072837763 1
-24.275101 -0.60186189 5.1487374 2
-12.502094 -0.34846696 -0.19010529 0
-16.564455 -0.45765594 4.9028535 2
-7.1327157 -0.17549136 -0.13932773 3
-16.557365 -0.077569917 1.3231013 19
-2.8764699 -0.082012154 -0.063692659 1
-2.1400287 -0.061745804 -0.079420418 1
-4.6697984 0.1143955 -0.080609076 13
-23.722862 0.22279808 3.3426898 2
-24.191309 -0.18396293 4.2601938 2
-17.092703 -0.41755965 4.4069724 1
-2.4594264 -0.061906982 -0.072837405 1
-3.5208061 -0.087515928 -0.062614024 3
-24.218044 -0.51521122 5.1375427 5
-2.8766482 -0.072197482 -0.063693449 1
-2.1247087 -0.053995796 -0.075217977 1
-15.761593 -0.37990913 4.6907587 4
-7.1252389 -0.15003295 -0.13859548 3
-12.501161 -0.30424973 -0.1899859 0
-16.595404 -0.019246796 1.324959 21
-10.406675 0.16642429 0.65998363 26
-4.6692829 0.13102157 -0.08060047 13
-14.094252 0.18339358 2.1994724 3
-16.60528 0.036351725 1.3254647 19
-10.417976 0.20158359 0.66016436 26
-17.093973 -0.35739222 4.4069839 1
-3.5210066 -0.074931346 -0.062612481 3
-2.479008 -0.053483248 -0.077414848 1
-2.8689537 -0.061708733 -0.062133964 1
-2.1402342 -0.046667024 -0.07942079 1
-24.937845 -0.54954791 2.6050811 3
-12.516043 -0.26038536 -0.19076595 0
-13.960713 -0.28715944 4.2155714 5
-23.843847 -0.093182772 4.2065535 2
-24.270689 -0.43092304 5.1472802 5
-7.117672 -0.12463056 -0.13786161 3
-4.6687083 0.14764343 -0.080591813 13
-16.630953 0.092101492 1.3267474 21
-18.206617 -0.31987137 4.6589789 3
-14.071541 0.23520438 2.1969051 31
-10.469098 0.2395644 0.66088516 25
-18.327126 -0.26366818 4.0163913 5
-7.110002 -0.10054232 -0.13712685 3
-2.4907744 -0.04477777 -0.080160506 1
-3.5172155 -0.062276609 -0.0619688 3
-29.411222 -0.54485488 2.9782858 4
-2.880836 -0.051628232 -0.064470194 1
-2.1325831 -0.038785681 -0.077319071 1
-19.127731 -0.0069097751 3.4789531 1
-12.528774 -0.21639268 -0.19143046 0
-4.6680751 0.16426879 -0.080581926 13
-17.013891 -0.24188973 4.3884482 2
-16.650414 0.15091845 1.3277422 2
-14.064638 0.28221926 2.1962237 16
-14.031759 -0.19471757 4.2339511 32
-2.4986167 -0.036371924 -0.081991427 1
-19.127562 0.057073381 3.4789798 3
-3.5094273 -0.050204005 -0.060684532 3
-10.404133 0.27488473 0.66004503 26
-2.8966033 -0.042046674 -0.067584932 2
-18.382858 -0.19976135 4.0268779 7
-2.124902 -0.031340148 -0.0752175 1
-29.341051 -0.44541928 2.9723277 4
-12.529346 -0.1743457 -0.19141848 0
-7.1142092 -0.075382978 -0.13748404 3
-4.6674199 0.18005116 -0.080571383 13
-14.122484 0.090185903 2.7068362 19
-14.081113 -0.15025297 3.7235918 2
-3.5331824 -0.038561851 -0.064531349 3
-14.081339 0.3322176 2.1983774 11
-2.4402401 -0.027130663 -0.06825795 1
-16.681652 0.21001019 1.3293192 2
-2.1287725 -0.024088079 -0.07626754 1
-14.05547 -0.14555149 4.2400861 32
-24.316111 -0.28747547 2.5529366 3
-10.427004 0.31235668 0.66039252 26
-12.543773 -0.13023171 -0.19219318 0
-2.8966472 -0.031648308 -0.067583814 2
-4.6904631 0.19765487 -0.083579935 13
-18.410881 -0.13200779 4.0321345 3
-7.1024003 -0.04881626 -0.1363818 3
-14.080484 0.13956068 2.7004573 19
-16.704693 0.26919788 1.3305142 2
-14.107791 0.38261116 2.2017114 12
-14.026861 -0.09778697 3.7112334 7
-3.5134714 -0.025138155 -0.061320771 3
-10.429752 0.34933233 0.66047186 26
-2.4713833 -0.018156584 -0.075580202 1
-14.048079 -0.093537211 4.2380662 23
-24.958658 -0.20286086 2.606523 3
-2.1210382 -0.015948456 -0.074164331 1
-14.112249 -0.050923582 3.2144175 19
-12.558057 -0.083798714 -0.19296513 0
-2.8652689 -0.020484993 -0.061349295 1
-7.1143923 -0.023679551 -0.13746586 3
-4.6856475 0.21500883 -0.083064087 13
-10.432443 0.38448459 0.66055208 26
-16.72353 0.32847416 1.3315172 2
-14.142001 0.43342489 2.2059913 1
-14.073887 0.18910986 2.6995702 27
-2.4596622 -0.0087570138 -0.072831474 1
-13.98607 -0.045767486 3.7019722 14
-3.5331914 -0.012033869 -0.064524159 3
-10.477854 -0.029184446 0.29281282 3
-2.1132755 -0.0078532463 -0.072061256 1
-4.6927505 0.23123531 -0.084057949 14
-14.051342 -0.0011808909 3.2028539 16
-2.8887784 -0.010303079 -0.066021025 2
-12.582151 -0.039517231 -0.19429888 9
-14.077241 -0.041681048 4.2457366 20
-23.910797 -0.10584314 2.5190823 3
-7.0864644 0.001544974 -0.13490352 3
-14.097946 0.32726395 1.2044793 2
-10.450922 0.42213851 0.66084999 26
-14.061188 0.23851399 2.6977701 19
-20.877087 0.71129578 3.0065019 9
-2.4557002 0.00011079579 -0.071914226 1
-3.5331268 0.00060475024 -0.064520337 3
-13.997756 0.0035047496 3.7046463 14
-10.317843 0.0077743079 0.29626417 2
-4.691823 0.24793962 -0.084043719 14
-12.578135 0.0049297959 -0.19405276 0
-14.047238 0.048322845 3.2021298 34
-7.1062465 0.02674308 -0.13671562 3
-24.030516 -0.02177972 2.5291018 3
-2.8926349 6.1293649e-05 -0.06679669 2
-2.1325021 -0.0002398186 -0.07731314 1
-20.816956 0.77898961 2.9997175 3
-14.087839 0.28863376 2.7020714 12
-14.046698 0.37567991 1.2020967 6
-14.04049 0.050483104 3.7143972 26
-10.319678 0.042436808 0.29623812 2
-10.48117 0.46230835 0.66131419 25
-4.7305107 0.26599416 -0.089062095 14
-14.039054 0.095284685 3.2006619 22
-13.220296 0.051816627 4.0199022 6
-7.0701871 0.050437212 -0.1334223 3
-2.4400239 0.008913314 -0.068249375 1
-3.5132775 0.01317706 -0.061307129 3
-24.580439 0.064201318 2.5750492 3
-12.142648 0.047747087 -0.1694662 0
-2.919996 0.010513945 -0.072245501 2
-2.1401241 0.0074934247 -0.07941325 1
-20.415131 0.83604509 2.9523721 1
-14.05576 0.097580642 3.7179589 2
-10.317399 0.077070683 0.29629952 20
-14.041209 0.42511028 1.2019396 14
-14.132096 0.3393608 2.709121 13
-14.091617 0.1428076 3.2107799 16
-13.204492 0.095939428 4.0158486 2
-2.4204307 0.017154854 -0.063669115 1
-3.5210283 0.025163408 -0.062585302 3
-4.7017317 0.28121233 -0.085524656 14
-26.549128 0.15789546 2.7394242 4
-12.090425 0.088139467 -0.1665145 0
-2.8963244 0.020330014 -0.0675679 2
-2.1515849 0.01490451 -0.082563214 1
-7.0937805 0.0757479 -0.1355961 3
-14.191978 0.39083534 2.7186127 1
-2.4241731 0.025471233 -0.064581446 1
-3.5247924 0.037158251 -0.063220963 3
-14.782745 0.15453039 3.8828893 2
-14.03954 0.47463614 1.2019789 14
-10.292986 0.11329114 0.2968359 20
-2.1591616 0.022356579 -0.084661275 1
-12.066021 0.12846817 -0.1651381 0
-13.242656 0.14286003 4.0260744 2
-4.6888032 0.29638538 -0.084000774 14
-24.368034 0.22669484 2.5575142 3
-20.764982 0.92721373 2.9944229 1
-2.8843889 0.030087627 -0.065225899 2
-14.136084 0.19555148 3.2194092 16
-7.0774531 0.10067826 -0.13412261 3
-24.08452 1.1552941 3.3895767 2
-14.07772 0.52315217 1.203953 8
-2.4278772 0.034265786 -0.065493435 1
-10.292439 0.1496705 0.2968592 20
-19.378548 0.60039836 3.5195813 1
-4.6599288 0.3112638 -0.080462568 13
-16.308861 0.23258616 4.8348103 1
-3.5284901 0.050446585 -0.063855819 3
-15.355378 0.21717723 4.0129018 1
-14.200046 0.2464678 3.2317772 12
-2.1126645 0.029971838 -0.072048955 1
-2.8802462 0.040910736 -0.064442419 1
-24.418755 0.3174389 2.5618978 3
-10.519986 0.15149274 -0.077906489 3
-7.0570569 0.12543455 -0.13228463 3
-14.105647 0.57402378 1.205447 2
-24.169474 1.2446462 3.4002743 2
-10.301759 0.1862306 0.29666963 51
-14.328703 0.29664963 3.2564793 11
-19.755514 0.68162054 3.5782003 9
-16.338783 0.29052696 4.8430085 9
-2.4198582 0.043317966 -0.063657492 1
-17.881924 0.31529266 4.5859056 1
-3.5163624 0.062863439 -0.061923526 3
-2.1201785 0.037734646 -0.074146464 1
-2.8760762 0.051182885 -0.063657537 1
-14.178361 0.23577347 1.7073109 1
-12.09256 0.21635774 -0.16665821 0
-7.052505 0.15036736 -0.13190255 3
-24.305891 1.3331366 3.4171057 2
-14.211225 0.62851274 1.2107166 2
-4.6852255 0.34562433 -0.083949804 14
-19.994017 0.75675446 3.6154699 4
-3.5278947 0.075053073 -0.06384141 3
-15.205137 0.3195357 3.979377 1
-18.723364 0.45238301 4.0930262 7
-2.4079404 0.051370528 -0.060906909 1
-7.0717945 0.17461221 -0.13370891 3
-12.115646 0.25744435 -0.16798063 0
-16.341431 0.34811836 4.8440695 7
-2.8875632 0.06174738 -0.065989263 2
-2.1353829 0.045704182 -0.078345865 1
-14.085692 0.28394452 1.6996953 11
-24.269241 1.4168488 3.4134219 2
-19.752171 0.81731147 3.5786271 5
-4.6759825 0.36170262 -0.082925029 13
-15.180429 0.37250665 3.9741132 1
-3.5275242 0.087671518 -0.063833408 3
-2.4193385 0.060320549 -0.063647389 1
-18.725492 0.51840824 4.0938263 7
-7.0710516 0.19968064 -0.13368967 3
-12.122566 0.30044007 -0.16839844 0
-2.1428545 0.053216178 -0.080443226 1
-2.8951035 0.07177835 -0.067540243 2
-14.060671 0.33058915 1.6977351 16
-16.324543 0.40524 4.8400359 14
-28.331963 1.7480689 3.8975854 3
-19.595062 0.8799634 3.5549026 5
-4.6864648 0.37929004 -0.084414437 14
-2.415134 0.06893412 -0.06272693 1
-3.5271089 0.10027736 -0.063823879 3
-15.167232 0.42564029 3.9715047 1
-2.1387107 0.060864061 -0.079387717 1
-18.860929 0.58857191 4.120049 5
-31.269981 0.88244975 8.7828178 4
-2.8672938 0.08142525 -0.062080603 1
-14.045386 0.37980053 1.696611 19
-12.193209 0.34528223 -0.17241868 0
-7.0423517 0.22389169 -0.13111803 3
-4.7009106 0.39645353 -0.086407229 14
-19.668753 0.95265847 3.5668697 6
-3.5266495 0.11289344 -0.063814484 3
-2.4147918 0.077643663 -0.062721267 1
-15.157749 0.47880989 3.9697828 1
-14.051844 0.4295685 1.6973184 19
-18.709415 0.64981866 4.0917006 16
-2.1306846 0.068368472 -0.077281877 1
-30.879993 0.98011357 8.6809282 4
-2.8865135 0.092322089 -0.065968193 2
-12.571043 0.40029201 -0.19378236 0
-7.0374546 0.24871455 -0.13073133 3
-19.815395 1.026166 3.590122 2
-4.6994028 0.4131923 -0.086385936 14
-18.72472 0.71305114 4.0951228 11
-15.159777 0.53231871 3.9707153 3
-10.426193 0.36967352 -0.072777823 3
-2.4377689 0.087135285 -0.068207026 1
-3.5222001 0.12537226 -0.06316334 3
-2.8939285 0.10294387 -0.067517623 2
-14.091989 0.48054266 1.7008566 13
-2.1226301 0.075813249 -0.075174756 1
-7.0284915 0.2733708 -0.12998083 3
-8.3516312 0.51671493 0.92720914 3
-19.704994 1.090057 3.5737257 4
-4.7096939 0.43099064 -0.087873198 14
-3.5098453 0.13688911 -0.061228961 3
-2.4801862 0.097076066 -0.078269131 1
-15.231892 0.58586812 3.9875643 1
-25.044561 0.93430507 2.6159594 3
-2.1415696 0.083819866 -0.080422893 1
-2.8934884 0.1128183 -0.067510605 2
-10.360969 0.40224421 -0.069140859 3
-18.806273 0.78575766 4.1112647 3
-7.0632215 0.29978126 -0.13323699 3
-8.2740173 0.53991091 0.92355293 3
-27.116333 2.0520718 3.7564995 3
-19.677473 1.1546019 3.5701354 12
-2.4369426 0.10428549 -0.068204485 1
-4.6684675 0.44491813 -0.082829654 13
-29.951986 1.2617503 8.4395285 4
-15.221724 0.64187235 3.9858506 0
-3.5131669 0.15025257 -0.061869111 3
-2.8890381 0.12358198 -0.066733144 2
-18.665903 0.8457917 4.085166 7
-2.1103005 0.090720676 -0.072022662 1
-25.100586 1.0293429 2.621048 3
-10.379272 0.44157362 -0.070235871 3
-7.0381594 0.32376888 -0.13103428 3
-8.2719803 0.56917936 0.92360157 3
-26.811869 2.1240416 3.7212799 3
-19.6653 1.2233839 3.5690312 1
-4.6787252 0.46185943 -0.084308997 14
-18.656988 0.90793628 4.0841417 15
-14.866846 0.68131208 4.4589295 1
-2.4636829 0.11470848 -0.074598432 1
-3.5361986 0.16388041 -0.065699257 3
-32.336403 1.4386241 3.2261908 6
-2.1445878 0.099880196 -0.081467956 1
-10.385549 0.47862944 -0.070629753 3
-2.8728244 0.13324828 -0.063602723 1
-7.0050645 0.34717408 -0.12808035 3
-26.6066 2.1973774 3.697849 3
-19.976597 1.309752 3.617955 2
-8.22999 0.59559518 0.92171592 3
-4.6769881 0.47852039 -0.084277667 14
-2.4204233 0.12109895 -0.064518705 1
-3.5158343 0.17494093 -0.062474485 3
-18.408314 0.96088666 4.0375171 7
-10.395781 0.51410574 -0.071250886 3
-14.800515 0.73053795 4.4421825 12
-6.987875 0.36993831 -0.12658557 3
-2.1248639 0.10671981 -0.076204211 1
-2.884011 0.14413056 -0.065924406 2
-25.239853 1.2131097 2.6336372 3
-26.400736 2.2740185 3.6744268 3
-19.900782 1.3751973 3.6070957 13
-8.1401062 0.61813331 0.91750687 3
-4.6673908 0.49353039 -0.08324191 13
-18.758024 1.0419568 4.1049113 7
-2.4160101 0.12962559 -0.063590623 1
-3.5032842 0.18689986 -0.060531098 3
-14.925666 0.78493786 3.920656 6
-2.1244156 0.11401595 -0.076193631 1
-25.183819 1.2948786 2.6294467 3
-2.8795147 0.1537624 -0.065130994 2
-10.38186 0.5502252 -0.070516169 3
-7.022243 0.39670911 -0.1298254 3
-26.14323 2.3446388 3.6448717 3
-8.1657944 0.64767289 0.91891283 3
-20.260437 1.4716268 3.6636643 2
-4.6615977 0.50972271 -0.082705423 13
-2.4038191 0.13725723 -0.06083275 1
-3.4986181 0.19859375 -0.059871998 3
-14.619054 0.81800574 3.8517573 15
-18.818867 1.1117914 4.1173601 9
-7.0168238 0.42012855 -0.1294222 3
-10.399821 0.5862149 -0.071584843 3
-2.11621 0.12127819 -0.074080646 1
-2.8827901 0.16431533 -0.065893777 2
-25.123293 1.3804939 2.624933 3
-8.0877209 0.67036861 0.91528475 3
-20.215624 1.5399636 3.6576929 2
-25.88909 2.4184089 3.615797 3
-4.6399722 0.52413207 -0.080157354 13
-18.691412 1.1670626 4.0939131 16
-14.617935 0.86961043 3.8522868 17
-2.4090686 0.14627273 -0.062193338 1
-3.5175226 0.21226135 -0.06305898 3
-2.1234186 0.12899806 -0.076170899 1
-2.8782294 0.17392029 -0.065099545 2
-32.257545 1.8790352 3.2222581 6
-10.427514 0.62476343 -0.073212206 26
-6.9993162 0.44401702 -0.127923 3
-7.9618225 0.68843043 0.90933341 3
-20.318645 1.6161591 3.6746008 3
-25.635641 2.4813142 3.5867045 3
-14.62264 0.91901237 3.8541391 3
-3.5167136 0.22420798 -0.063038394 3
-2.398771 0.15392008 -0.05989204 1
-10.433261 0.66028458 -0.073602185 26
-6.997716 0.46760213 -0.12788323 3
-18.710619 1.2344007 4.098516 7
-4.6380172 0.54066008 -0.080123529 13
-2.1344256 0.13738833 -0.079310514 1
-25.232414 1.5602956 2.6352158 3
-2.8735991 0.18401293 -0.064304791 1
-7.8995714 0.71129102 0.90648055 4
-7.7776618 0.83483022 0.62600273 60
-25.429043 2.5517731 3.5632849 2
-26.655687 2.212332 4.6572971 2
-19.082632 1.3229319 4.1704178 18
-16.605083 1.1034064 4.9235682 1
-3.5118809 0.23653357 -0.062376939 3
-2.419503 0.16395476 -0.064910598 1
-4.6478276 0.55857974 -0.081597835 13
-10.442746 0.69796234 -0.074211903 3
-32.160183 2.0949166 3.2156563 6
-2.8650599 0.19330867 -0.062731393 1
-2.1030636 0.14273769 -0.070896134 1
-6.9879971 0.49185929 -0.12710994 3
-25.19903 2.6139102 3.5370255 2
-7.7745919 0.86236352 0.62606019 60
-7.8849993 0.73814183 0.90595418 3
-2.4052651 0.17131877 -0.061694812 1
-18.42379 1.2832915 4.7197819 1
-3.5149307 0.24874024 -0.062997974 3
-18.938627 1.3800153 4.1439939 16
-10.498047 0.73705834 -0.077412829 3
-6.9663715 0.51395696 -0.12524647 3
-4.6575689 0.57656503 -0.083069779 13
-2.8955922 0.20574631 -0.068943493 2
-32.128662 2.2064481 3.2138643 6
-2.1024647 0.1503422 -0.070883155 1
-25.023706 2.6848609 3.5173848 2
-7.8544283 0.76336449 0.90465385 3
-26.245531 2.3645 4.5966311 2
-7.7714252 0.88988715 0.62611842 60
-2.3890278 0.17886543 -0.058018815 1
-3.506074 0.26073882 -0.061693277 3
-18.382099 1.3454568 4.7114978 7
-10.507257 0.77505165 -0.078019969 3
-19.115751 1.4605417 4.1788936 8
-32.140896 2.3152771 3.2157283 6
-6.9763536 0.53957486 -0.12629442 3
-2.8830688 0.21477164 -0.066590108 2
-27.285685 2.0017064 7.7505054 3
-2.1095719 0.15812179 -0.072972298 1
-4.6475549 0.59216785 -0.082028218 13
-24.761339 2.7450042 3.4873574 2
-7.8278971 0.78740263 0.90354395 3
-7.7443261 0.91461343 0.62585276 60
-18.449106 1.4156345 4.7279849 2
-2.3999493 0.18836604 -0.0607499 1
-3.5089896 0.27358291 -0.062312145 3
-19.196569 1.5346833 4.1954761 4
-19.611782 1.5100946 5.7226596 4
-10.524293 0.81372184 -0.079074331 3
-2.116616 0.16633508 -0.075059846 1
-2.9056864 0.2269031 -0.071243964 2
-32.136436 2.4286692 3.2162759 6
-6.9187403 0.55986995 -0.12114824 3
-4.64536 0.60872543 -0.081991747 13
-7.8329411 0.81592005 0.90399009 3
-24.593582 2.8141372 3.4686625 2
-7.6933255 0.9362945 0.6252597 58
-19.631586 1.5776464 5.7294168 12
-18.432243 1.4796356 4.7254567 2
-3.5039864 0.2858189 -0.061647825 3
-2.4108341 0.19793802 -0.063479267 1
-32.028259 2.5338998 3.2081687 6
-2.1082389 0.1733848 -0.072945498 1
-10.497399 0.84901077 -0.077653483 3
-2.8774078 0.23516583 -0.065774925 2
-6.9087071 0.58375412 -0.12037328 3
-4.6352401 0.62421948 -0.080948174 13
-7.8458271 0.84533769 0.90482438 3
-25.436535 2.558337 4.4757204 2
-24.299402 2.8673034 3.4348574 2
-7.658145 0.9595927 0.62488449 57
-3.5147364 0.29870048 -0.063548461 3
-2.4256034 0.20748171 -0.067125231 1
-12.189824 1.0258991 -0.17340666 0
-19.621954 1.6463858 5.7285337 5
-2.8764801 0.24549966 -0.065755576 2
-2.107533 0.18101859 -0.072932303 1
-6.9184337 0.60928738 -0.12141775 3
-4.6643906 0.64500678 -0.084930748 14
-25.230677 2.6274278 4.4453907 2
-7.7791786 0.86611056 0.90178043 3
-24.099804 2.9298909 3.4123845 2
-18.413687 1.6054448 4.7239413 1
-7.642735 0.98518902 0.62478322 57
-2.4092557 0.21488908 -0.063448131 1
-3.4978466 0.30992106 -0.060960401 3
-2.0914538 0.18694104 -0.068717487 1
-2.8833826 0.25598344 -0.067294195 2
-12.15423 1.0661979 -0.1715219 0
-19.521532 1.7071892 5.7036786 4
-4.6503396 0.65914941 -0.083386622 14
-6.904264 0.63274074 -0.12027568 3
-7.774013 0.89341933 0.90174425 7
-25.024654 2.6951008 4.4150605 2
-23.931597 2.9950433 3.3936901 2
-2.4006455 0.22287902 -0.061601702 1
-7.6351724 1.0117357 0.62479138 57
-26.148327 2.3767426 7.4606776 3
-3.5005224 0.32340887 -0.061575718 3
-18.446373 1.6770077 4.7329264 2
-12.146148 1.1109266 -0.17120512 0
-4.6596961 0.67740303 -0.084855296 14
-2.113728 0.196951 -0.075003788 1
-2.8784218 0.26651019 -0.066495329 2
-6.9019132 0.65723783 -0.12022627 3
-7.7449422 0.91790396 0.90054506 3
-24.889187 2.7692089 4.39572 2
-23.62534 3.0413644 3.3584666 2
-7.6235533 1.0377001 0.62474674 57
-25.654888 2.4988189 5.4371057 3
-25.804684 2.437114 7.3721085 2
-4.6179385 0.68823951 -0.079789191 13
-18.397535 1.7379153 4.7233305 3
-3.49928 0.3359338 -0.061551023 3
-2.3880863 0.23089316 -0.058840465 1
-9.430439 0.89799833 -0.017769748 5
-2.8734767 0.27648339 -0.065696582 2
-2.101409 0.2035307 -0.071838796 1
-6.9034414 0.68209672 -0.12053902 3
-24.490372 2.8122733 4.335475 2
-7.6060953 1.0614325 0.62461716 56
-23.515955 3.1115339 3.3468578 2
-3.4980593 0.34782803 -0.061526567 3
-2.4221053 0.24244043 -0.067057572 1
-18.383762 1.798673 4.721693 3
-25.419071 2.5662425 5.3939152 3
-9.2921658 0.9164834 -0.010058814 6
-6.8851924 0.70375693 -0.11903365 3
-25.622612 2.5109115 7.3263898 2
-4.6154065 0.70468664 -0.07974866 13
-2.8489721 0.28453007 -0.061004899 1
-2.1351736 0.21447155 -0.081275627 1
-7.6002507 1.0880741 0.6246565 56
-7.7301903 0.97173256 0.90028405 3
-24.334969 2.8813064 4.3130817 2
-23.445728 3.1863074 3.3399742 2
-25.199203 2.629226 5.3537073 3
-14.735412 1.4973955 4.4421053 2
-18.373339 1.8629737 4.7209496 1
-3.5124445 0.36191955 -0.064064331 3
-2.4075937 0.24981308 -0.063837528 1
-9.2570152 0.94614679 -0.0081904391 6
-2.8635414 0.29581073 -0.064097732 1
-2.1113219 0.21951644 -0.074960209 1
-6.8667459 0.72652656 -0.1175252 3
-23.364046 3.2548747 3.3316655 2
-2.400856 0.25746679 -0.062448591 1
-3.4797206 0.37059557 -0.058911577 3
-18.44257 1.9322931 4.7383394 6
-7.7266383 0.99910247 0.90034646 3
-7.6081657 1.1167113 0.624888 57
-24.199011 2.9516671 4.2937446 2
-9.24578 0.97642481 -0.0076716151 6
-14.74726 1.5510942 4.4468117 12
-6.880043 0.75137293 -0.11892974 3
-2.0989356 0.225962 -0.071793966 1
-2.8663037 0.30650914 -0.064855441 2
-4.6101704 0.73756039 -0.079665385 13
-19.429865 2.7784615 2.8606091 1
-7.6635723 1.0186261 0.89750069 3
-3.4940143 0.3847385 -0.061449066 3
-7.6100397 1.1445411 0.62503815 57
-2.3921092 0.26529592 -0.060600977 1
-18.491791 2.0032682 4.7513142 5
-9.2064724 1.0052768 -0.0055771335 6
-2.8651836 0.31628633 -0.064834453 2
-2.1249542 0.23605447 -0.079130046 1
-14.783907 1.6075954 4.4581528 10
-6.8812351 0.77621341 -0.11923886 3
-4.6113834 0.75461751 -0.080125421 13
-7.6917195 1.0486796 0.89911801 3
-23.273567 3.4095592 3.3240514 2
-23.785374 3.0714624 4.2330871 2
-18.343019 2.052592 4.7191668 13
-7.617744 1.1732906 0.62527269 57
-2.3833368 0.27306527 -0.058752123 1
-3.5004051 0.39811116 -0.062703453 3
-6.884316 0.80130303 -0.1197292 3
-9.242486 1.0422841 -0.0077489386 6
-2.1125195 0.24247216 -0.075963669 1
-2.8717699 0.32744896 -0.066369466 2
-24.470955 2.8149314 5.2203922 2
-16.482769 1.8500298 4.9108295 4
-4.5890398 0.76781821 -0.077570066 13
-7.7037263 1.0780956 0.89996201 3
-23.26919 3.4926457 3.3252089 5
-3.4714415 0.40748313 -0.058188852 3
-17.680641 2.0418532 4.5697799 12
-2.3900166 0.28254619 -0.060563214 1
-7.6134849 1.2002649 0.62534279 57
-2.8588226 0.33641502 -0.064010866 1
-2.1115699 0.25012046 -0.07594683 1
-6.8912625 0.82689339 -0.1205819 3
-9.2426491 1.075451 -0.0078991801 6
-24.44483 2.8262773 7.0273838 2
-4.5746307 0.78138334 -0.076022178 13
-23.272377 3.5769627 3.3273163 5
-7.7116666 1.1070547 0.90061337 3
-3.5051935 0.42407626 -0.063927963 3
-2.3850577 0.29071367 -0.059629496 1
-17.630636 2.0990453 4.5601931 6
-7.599257 1.2256498 0.62527668 57
-2.0875931 0.25505766 -0.069629632 1
-9.2645044 1.1112076 -0.0092807682 6
-16.426889 1.9610209 4.8998761 13
-2.8575385 0.34669319 -0.063987888 1
-6.8882298 0.8513388 -0.12052417 3
-4.5756831 0.79835021 -0.076479949 13
-7.7274065 1.1372315 0.90165567 3
-23.259556 3.658879 3.3275359 5
-2.4303241 0.3049486 -0.070586346 1
-3.4722421 0.43279657 -0.058771759 3
-17.725651 2.1736264 4.5837927 9
-9.4328966 1.165116 -0.018973827 5
-7.6215224 0.94547886 0.3542639 2
-4.5572762 0.8110978 -0.074428134 13
-7.6303406 1.2583658 0.62584317 58
-2.8640094 0.3579087 -0.065521844 2
-16.500404 2.0286953 4.9214478 7
-2.0904322 0.26308525 -0.0706627 1
-6.9127765 0.87924343 -0.12301167 3
-19.454865 2.7898138 3.5650773 3
-7.7193208 1.1639959 0.9015317 3
-23.242529 3.7401061 3.3272879 5
-7.6181221 1.2827076 0.62580514 58
-2.4175622 0.31226867 -0.067822017 1
-3.4941213 0.44817382 -0.062587924 3
-7.6656766 0.97848815 0.35330814 2
-4.5621252 0.82873297 -0.075387098 13
-17.870678 2.2552276 4.6189017 6
-2.0970705 0.27160659 -0.072745495 1
-2.8548617 0.36721757 -0.063940786 1
-9.3969593 1.1944884 -0.017095458 5
-16.374102 2.0717907 4.8899536 2
-6.8542519 0.89661384 -0.11785951 3
-7.7308898 1.1937371 0.9023813 3
-7.6568503 1.3170768 0.62648362 59
-23.244812 3.8244915 3.3294039 5
-19.456566 2.8600309 3.56709 1
-2.3738799 0.31552145 -0.057740401 1
-3.5081043 0.46269605 -0.065120891 3
-7.6462398 1.0035762 0.35371572 2
-17.636209 2.2888896 4.567286 3
-2.0921907 0.27871504 -0.071678452 1
-4.5473886 0.84285498 -0.073834576 13
-2.8651447 0.37898248 -0.066251583 2
-9.4441032 1.2344081 -0.019931678 5
-16.458662 2.1413517 4.9145908 1
-6.8628216 0.92249984 -0.11888994 3
-23.231815 3.9022193 3.329622 5
-7.738399 1.2229524 0.90303886 3
-18.486408 2.4649427 4.7639174 11
-2.3649521 0.3230696 -0.055891108 1
-3.4985442 0.47420663 -0.063808598 3
-2.0949411 0.28679395 -0.072710335 1
-2.8481519 0.38721341 -0.06311325 1
-9.4277468 1.2662426 -0.019174287 5
-7.6108675 1.0264306 0.35446298 2
-4.520905 0.8547014 -0.070775017 12
-6.8673458 0.9479264 -0.11955613 3
-16.418337 2.1949403 4.9060621 4
-4.8474498 0.87324107 0.5875119 5
-23.237429 3.9873388 3.3322182 5
-22.413101 3.4542699 4.0329862 1
-7.5993915 1.0509546 0.35469893 2
-7.7300181 1.2497112 0.90291893 3
-19.704588 2.7585261 4.3200545 8
-16.416555 2.2506213 4.9077358 3
-2.3868704 0.33475089 -0.061357614 1
-3.4811225 0.48459902 -0.0612147 3
-18.508438 2.534215 4.7711668 5
-4.5645752 0.87968308 -0.076752894 13
-2.0785375 0.2923058 -0.0684916 1
-2.8428023 0.39691889 -0.062309917 1
-9.3994122 1.2963508 -0.017742606 5
-6.8717775 0.97338915 -0.12022109 3
-21.952209 3.8431756 3.1787887 2
-7.7138882 1.2737681 0.90240788 3
-4.8127775 0.88477957 0.58712202 5
-2.3740878 0.34131989 -0.05859353 1
-3.4833152 0.49697936 -0.061825469 3
-7.5876441 1.0767611 0.3549386 2
-18.611805 2.6117508 4.7969966 1
-22.857054 3.2801433 4.9287167 2
-6.8684096 0.9965418 -0.12016062 3
-16.450567 2.3143029 4.9191146 3
-9.3316708 1.3190699 -0.014069128 5
-4.5340977 0.89068097 -0.07319089 12
-2.8490765 0.40821525 -0.063840553 1
-2.0965271 0.30249551 -0.073722854 1
-21.797684 3.8953748 3.1619937 4
-4.7859511 0.8975448 0.58684075 5
-7.6974516 1.2991096 0.90190011 3
-3.4814627 0.50944841 -0.061793391 3
-18.60626 2.6778018 4.7980552 1
-2.3689346 0.3493377 -0.057657637 1
-21.997759 3.5492251 3.9723241 1
-7.5995584 1.1059169 0.35467044 2
-22.783066 3.3514385 4.9169583 2
-16.426905 2.3700097 4.915185 1
-2.8437345 0.41739058 -0.063037924 1
-2.0877826 0.30861518 -0.071604863 1
-9.320962 1.3512349 -0.013646275 5
-6.8568983 1.0197461 -0.11936888 3
-4.5425353 0.90913504 -0.074647769 13
-7.7756925 1.3390969 0.90605927 3
-21.637209 3.9454818 3.1444888 2
-21.786739 3.5901108 3.9413681 1
-4.7944713 0.91679597 0.58705556 5
-18.592762 2.7427223 4.7973466 5
-2.3676078 0.35789114 -0.057636004 1
-3.4951928 0.5242005 -0.064323395 3
-19.398188 2.9250324 4.2674689 4
-7.6074066 1.1345956 0.35448739 2
-9.3338509 1.3868352 -0.014567627 5
-2.0751445 0.3145076 -0.068436213 1
-6.8650041 1.0458515 -0.12039387 3
-2.8693407 0.4315865 -0.068457641 2
-4.5742459 0.93235278 -0.079116203 13
-21.560616 4.0100751 3.1371508 14
-21.621838 3.6412604 3.9177568 1
-4.7832747 0.93234116 0.58699685 5
-7.5993314 1.1609406 0.35464543 2
-3.4776266 0.53436351 -0.061728019 3
-18.451742 2.7884192 4.7674294 8
-19.554676 3.0189965 4.2998452 6
-2.3739529 0.36759156 -0.05944261 1
-2.8677223 0.44189981 -0.068431251 2
-2.0930283 0.32488775 -0.073666908 1
-9.3485785 1.4228479 -0.015599628 5
-15.679163 2.3754911 4.7205267 1
-6.8139601 1.0629178 -0.11596552 3
-4.5475283 0.94388306 -0.076054059 13
-4.8275208 0.87171638 0.76083654 2
-21.438017 3.6842039 3.8910775 1
-21.593119 4.0948229 3.1430581 12
-4.8034329 0.9539625 0.58737957 5
-7.5990691 1.188473 0.35463473 19
-3.4795454 0.54740494 -0.062335264 3
-2.3802602 0.37733266 -0.061247986 1
-18.426294 2.8509765 4.7640676 10
-2.0841587 0.33129892 -0.07154686 1
-2.8350415 0.44742969 -0.062179938 1
-19.446793 3.0725625 4.281322 6
-6.8258371 1.0895756 -0.11735256 3
-7.8498282 1.2141064 1.1890345 2
-15.555935 2.4129922 4.6900549 3
-9.3631687 1.4589684 -0.016629539 5
-4.5596399 0.96331972 -0.078010798 13
-21.288538 3.7358212 3.8699105 1
-4.785028 0.88175702 0.75893927 2
-21.617493 4.178359 3.1480222 12
-4.8274193 0.97651774 0.58782011 5
-18.207975 2.8830144 4.7164474 12
-2.3865297 0.38714495 -0.063054487 1
-3.4736159 0.55925053 -0.061661121 3
-4.5640821 0.98039562 -0.07896582 13
-2.8527486 0.46066603 -0.066041827 2
-22.027197 3.5581486 4.7815995 2
-2.0676451 0.33645636 -0.067328602 1
-7.5987082 1.2160263 0.35462391 13
-11.633986 1.8520354 -0.14591554 0
-6.8376117 1.1163241 -0.1187375 3
-7.8532968 1.2431198 1.1897789 2
-16.773527 2.6614296 5.017911 9
-4.7700233 0.89658904 0.75840712 2
-21.127287 3.7843666 3.8469086 1
-21.629852 4.2598057 3.1515734 14
-3.4637485 0.57042629 -0.060345557 3
-18.332405 2.9688373 4.7476158 17
-7.5982485 1.2435857 0.35461533 2
-2.3620012 0.39203843 -0.057544447 1
-4.5450053 0.99332875 -0.07690639 13
-21.83609 3.6062965 4.7473855 2
-2.0739882 0.34517184 -0.06940721 1
-16.286701 2.6433687 4.8904648 7
-11.619436 1.8918754 -0.14535005 1
-7.8566589 1.2721703 1.1905257 2
-2.8471529 0.47030163 -0.065236069 2
-6.8217707 1.1386404 -0.11757908 3
-4.7589035 0.91207284 0.75806916 2
-20.930965 3.8254335 3.8184061 1
-21.661383 4.3453016 3.1574893 14
-7.6176434 1.2730656 0.35418239 2
-21.664946 3.6525965 4.7169018 5
-16.964548 2.8111377 5.0743947 5
-2.3662896 0.40151784 -0.058892984 1
-18.366005 3.0406537 4.7579842 6
-3.4811172 0.58603501 -0.063512504 3
-11.640212 1.9374982 -0.14680061 0
-7.8756495 1.3038443 1.1926074 2
-2.8376546 0.47925514 -0.063651428 1
-2.0802948 0.35393548 -0.07148578 1
-6.8254991 1.1641679 -0.11823607 3
-4.5450969 1.0111817 -0.077352531 13
-20.761822 3.87024 3.7941809 1
-4.7712722 0.93202519 0.75889957 2
-21.688683 4.4302711 3.1629398 14
-2.3629344 0.40931138 -0.058412593 1
-3.4634862 0.59524995 -0.060917415 3
-7.7195005 1.3180569 0.35197532 2
-18.240242 3.0826323 4.7316036 6
-21.500824 3.7029047 4.6879287 2
-16.519684 2.7975535 4.958178 3
-7.8748579 1.3323686 1.193023 2
-2.0903747 0.36339402 -0.074614078 1
-2.8165216 0.48620376 -0.059733927 1
-4.5218792 1.0238737 -0.074788824 13
-20.623693 3.9197795 3.7748456 1
-4.7874813 0.95283926 0.7599256 2
-21.325676 3.74632 4.6566949 2
-21.715654 4.5154901 3.1683931 13
-16.925598 2.9242506 5.0696335 1
-2.3690734 0.41916209 -0.06021785 1
-18.184971 3.1392331 4.721612 3
-3.4924197 0.6129986 -0.066003636 3
-7.8702774 1.3588403 1.1931007 2
-4.7809753 0.85353863 0.070445783 2
-2.8264048 0.49781588 -0.062039889 1
-2.0662432 0.36667469 -0.068295784 1
-4.5220385 1.0408628 -0.07523597 13
-21.764484 4.6016226 3.1764405 4
-2.3675809 0.42728788 -0.060194127 1
-4.8153563 0.97612268 0.76153892 2
-3.459161 0.61942643 -0.060847167 3
-20.469954 3.9654007 3.7530653 1
-21.149805 3.7923269 4.6254735 2
-18.454756 3.2492087 4.7864361 8
-4.8586497 0.86913615 0.41331902 2
-4.7466488 0.86408937 0.073400192 2
-2.0610545 0.37350211 -0.067225166 1
-2.8245533 0.50796658 -0.062009409 1
-7.9007015 1.3928603 1.1961898 2
-4.5144005 1.0560898 -0.07468006 13
-21.814096 4.6924 3.1847413 2
-4.7767572 0.87227917 0.41506037 2
-7.7286153 1.5861706 0.90681446 3
-20.985476 3.8392773 4.5964971 2
-18.613977 3.3447368 4.8260407 7
-2.3544807 0.43378356 -0.057426926 1
-20.331661 4.0130463 3.7337317 1
-3.4529908 0.63110983 -0.060169782 3
-7.9155402 1.4229258 1.1979393 2
-4.9021573 0.89346194 0.23601884 35
-2.8343494 0.51969129 -0.064314641 2
-2.0787165 0.38398004 -0.072451264 1
-4.7670083 0.88529408 0.071271636 2
-4.5146341 1.0722837 -0.07512942 13
-7.7231898 1.6121702 0.90689898 3
-2.3643503 0.44437531 -0.060143638 1
-4.742106 0.88350689 0.41578719 2
-20.166161 4.0543437 3.7101157 1
-3.4584367 0.64489919 -0.061414257 3
-20.805628 3.8822367 4.5645247 2
-2.8208406 0.52776176 -0.061950583 1
-4.8006897 0.89291561 0.24167064 32
-4.7304983 0.89606613 0.074410684 2
-7.91432 1.4516443 1.1983591 2
-2.0658777 0.38944679 -0.069281019 1
-4.4721417 1.0792103 -0.070059575 12
-3.4599462 0.65799576 -0.062015213 3
-20.008368 4.0960979 3.6877227 1
-2.3512032 0.45077404 -0.057375185 1
-20.683643 3.934957 4.5437856 2
-4.742816 0.90111715 0.41575593 2
-2.068207 0.3976427 -0.070308797 1
-7.9953012 1.4956257 1.205797 2
-2.8150268 0.53719532 -0.061143089 1
-4.7306967 0.89754522 0.24552988 29
-4.7135377 0.9103114 0.075733796 2
-4.4684339 1.0943531 -0.070006371 12
-19.886101 4.1405296 3.6708214 1
-2.3610003 0.46144679 -0.060091849 1
-3.4575272 0.67038316 -0.061977036 3
-18.010155 3.4334517 4.6955824 6
-20.499825 3.9749529 4.5110636 2
-2.7976172 0.54439151 -0.058001962 1
-4.7277465 0.91575527 0.41606107 2
-2.0553346 0.40298104 -0.067137018 1
-4.7666593 0.92185831 0.24334383 31
-4.7415094 0.93315428 0.072882958 2
-4.5300045 1.126318 -0.078472227 13
-19.716608 4.1778722 3.646594 1
-2.3631022 0.47070539 -0.060978971 1
-3.4550657 0.68276542 -0.061939031 3
-4.7597437 0.93944818 0.4153558 2
-20.354536 4.0212851 4.4858317 2
-18.218067 3.5394483 4.7467132 3
-2.7994552 0.55519092 -0.058747631 1
-2.072772 0.41408628 -0.072361201 1
-4.7654719 0.95545101 0.07039465 2
-4.4991789 1.1349645 -0.074908525 13
-19.593479 4.2240434 3.6297042 1
-3.4486864 0.69436914 -0.06125899 3
-20.205322 4.0658789 4.4598503 2
-4.866168 0.97813904 0.41305178 2
-18.004478 3.5639517 4.7004228 6
-2.346066 0.47623435 -0.057297099 1
-17.487043 3.46661 5.2430344 5
-2.0939455 0.42606536 -0.078632846 1
-2.8128021 0.56829417 -0.061826233 1
-4.8088632 0.98183477 0.066095009 2
-7.8938036 1.7673919 0.91703457 3
-4.487381 1.1490687 -0.073847979 13
-4.8822136 0.99940753 0.41268697 2
-19.454067 4.2694449 3.6103795 1
-20.090696 4.1165538 4.4406095 2
-3.4693677 0.71138352 -0.065059461 3
-2.3366561 0.4831816 -0.055442933 1
-2.8183973 0.57994568 -0.063347593 1
-2.0734258 0.42986616 -0.073363252 1
-17.495485 3.5323327 5.2488556 2
-6.385839 1.3225191 -0.080835499 3
-4.4447827 1.1552262 -0.068776578 12
-20.625395 4.9725914 3.0559161 2
-2.3539369 0.49551851 -0.059991691 1
-3.4551566 0.7214368 -0.063104659 3
-7.710886 1.5981915 0.35190117 2
-7.8229079 1.8084823 0.91429383 3
-18.439251 3.7847984 4.8075948 3
-19.906715 4.1521006 4.4078946 2
-2.0604718 0.43508565 -0.070199996 1
-2.8008785 0.58694804 -0.060212787 1
-6.3342695 1.3354403 -0.076408878 3
-17.486624 3.5946867 5.250093 3
-19.29143 4.3087468 3.587395 1
-4.4442415 1.1728704 -0.069221802 12
-7.8143477 1.9761574 0.63248438 62
-7.7445722 1.6323136 0.35115558 2
-19.800358 4.1991658 4.3901629 2
-20.526648 5.0254378 3.0462592 2
-17.478191 3.6539454 5.2513318 10
-18.017096 3.7646673 4.7130475 1
-2.3826008 0.5103519 -0.067270219 1
-3.4409187 0.7313928 -0.061139848 3
-7.820303 1.837086 0.91459483 3
-2.7948737 0.59622437 -0.059399605 1
-6.302176 1.3521397 -0.073784448 3
-7.7029371 1.6229535 0.074678943 10
-2.0437291 0.43941262 -0.065976024 1
-19.202799 4.3600993 3.5760324 1
-4.4822216 1.1998374 -0.074670009 13
-18.393559 3.9072754 4.803637 8
-2.3922355 0.52094239 -0.069982462 1
-3.4461048 0.74472982 -0.062376287 3
-7.7347875 1.6589143 0.35134163 2
-7.8140383 1.8633819 0.91469806 3
-7.8925414 2.0255084 0.63382888 60
-19.064739 4.3960109 3.5567021 1
-19.630949 4.2392902 4.360467 2
-2.0458658 0.44762787 -0.066999152 1
-2.7926769 0.606273 -0.059362356 1
-6.2661486 1.367797 -0.070798814 3
-4.443387 1.2065966 -0.070094891 12
-18.366241 3.9691451 4.8007817 15
-7.8034644 1.8901104 0.91461098 3
-3.4472423 0.75790232 -0.062970713 3
-2.3331957 0.51730406 -0.056245685 1
-7.7561851 1.6922259 0.35085762 2
-2.0442801 0.45466933 -0.066972598 1
-7.9546261 2.0728526 0.63495684 59
-18.914328 4.431695 3.5355489 1
-2.8134625 0.6212694 -0.063988388 2
-19.47687 4.2815905 4.3337674 2
-4.4584069 1.2268316 -0.072537422 13
-6.1987185 1.3774885 -0.064907253 3
-7.9212413 1.9466013 0.92097086 3
-18.780075 4.4667206 3.5168273 1
-18.387535 4.04495 4.8094583 11
-7.9472013 2.1010132 0.63507116 59
-2.3311825 0.5261519 -0.056212351 1
-3.4289067 0.76748192 -0.060362447 3
-2.0500422 0.46410272 -0.06904152 1
-2.8110633 0.63188279 -0.063947648 2
-4.4348507 1.2374715 -0.069966465 12
-19.388712 4.3339133 4.3197942 2
-7.7140908 1.7125596 0.073316738 9
-6.1859784 1.3977571 -0.064097345 3
-7.8715954 1.9640915 0.9189325 3
-18.629635 4.5004792 3.4956713 1
-7.9396777 2.1291492 0.63518864 59
-2.3443425 0.53838605 -0.05983372 1
-3.437525 0.78295439 -0.062232982 3
-7.7315922 1.7472721 0.35133046 2
-19.269768 4.3787456 4.2998238 2
-18.421844 4.1239424 4.8212409 1
-4.4533291 1.2596614 -0.072905153 13
-11.379413 2.5607629 -0.13702412 1
-2.793421 0.63858646 -0.060801476 1
-2.0482287 0.47190988 -0.06901291 1
-6.122674 1.4065059 -0.058573939 3
-7.8761778 1.9948781 0.91963142 3
-18.503031 4.5356116 3.4781721 1
-7.9324393 2.1558557 0.63530046 59
-2.3385549 0.54599649 -0.058888469 1
-3.4462209 0.79788494 -0.064104892 3
-18.304401 4.1654916 4.7975693 3
-7.762362 1.783089 0.35064042 2
-19.028219 4.3945961 4.2558708 2
-4.448791 1.2755446 -0.072837844 13
-2.0389442 0.47763956 -0.066887006 1
-7.9665141 1.8273909 0.058340047 8
-2.7834229 0.64689434 -0.059208434 1
-6.0826745 1.4201874 -0.055225797 3
-7.8574109 2.0197983 0.91915894 3
-18.375597 4.5731812 3.4606857 1
-7.9247236 2.1839337 0.63541824 59
-7.9413638 1.8519709 0.34676373 2
-18.944458 4.4421496 4.24263 4
-15.251465 3.5312881 4.6713715 13
-18.977514 4.3884034 4.95822 2
-4.4480124 1.2924976 -0.073270969 13
-2.3517187 0.55793869 -0.062509611 1
-3.4086819 0.80224329 -0.05830045 3
-2.0296459 0.48330098 -0.06476073 1
-7.8821311 1.8376387 0.062916033 8
-2.7886961 0.65867251 -0.06072459 1
-6.0542917 1.436337 -0.052965779 3
-18.240461 4.6079903 3.4419739 1
-7.9169097 2.2119946 0.63553751 59
-7.8923545 2.0600028 0.9214316 3
-7.923038 1.8773583 0.34712484 2
-3.4097495 0.81474435 -0.058895383 3
-2.3459721 0.56511694 -0.061564237 1
-18.882732 4.4979482 4.2339015 2
-18.871483 4.4305353 4.9372034 1
-7.7203393 1.8276892 0.071951069 9
-17.690155 4.1588855 5.3367934 10
-5.9912515 1.4429361 -0.047447748 3
-2.7824595 0.66780907 -0.059908979 1
-4.4281111 1.3039371 -0.071199752 12
-2.0353694 0.49242187 -0.066830076 1
-18.13595 4.6497359 3.4281566 1
-7.9158883 2.0960495 0.9231149 3
-18.699417 4.5206275 4.2011704 2
-7.8388381 1.8854752 0.34890565 2
-7.9089971 2.2400231 0.63565785 59
-15.061114 3.5966206 4.6268272 14
-2.3325198 0.57089674 -0.058791544 1
-18.204832 4.3423371 4.7854714 6
-3.4144645 0.82878482 -0.060126185 3
-2.7877705 0.6791321 -0.061425697 1
-2.0298781 0.49854586 -0.06575413 1
-5.9473386 1.4548606 -0.04373844 3
-7.7526336 1.8643036 0.069828108 9
-4.4272261 1.3208503 -0.07163199 12
-7.9087586 2.1226728 0.92322576 3
-19.262863 5.3662086 2.913326 1
-7.8165293 1.9094751 0.34935158 2
-17.992275 4.6840529 3.4082308 1
-2.3229489 0.57707846 -0.056933206 1
-18.650831 4.5142822 4.8934073 1
-18.595509 4.5649891 4.1841965 2
-3.4384696 0.84688216 -0.064555801 3
-7.8083968 1.9054127 0.066363573 8
-15.025702 3.6442199 4.6209102 3
-5.9191551 1.4692479 -0.041484106 3
-2.0355368 0.50771672 -0.067822129 1
-4.4265156 1.3369778 -0.072066806 13
-2.7738397 0.68639874 -0.059055295 1
-7.9358726 2.1600266 0.92510742 3
-7.8177938 1.9376892 0.34929144 2
-18.438946 4.5921841 4.1567097 2
-19.140543 5.4049997 2.9008162 1
-18.435286 4.5324469 5.5521393 1
-18.543797 4.5576639 4.8724027 1
-17.872374 4.7202625 3.3919652 1
-3.4162114 0.85449344 -0.061308876 3
-2.3246067 0.586402 -0.057813346 1
-7.9334393 1.9654539 0.058890037 8
-5.8790789 1.4816134 -0.038137782 3
-2.0225017 0.51199001 -0.064648978 1
-2.7714524 0.6958828 -0.059017628 1
-4.4217048 1.3527621 -0.071996748 13
-7.9039779 1.9885967 0.34739965 2
-3.3864357 0.85946131 -0.056787256 3
-7.9127245 2.183902 0.92444336 3
-2.341455 0.59906489 -0.062346548 1
-18.433718 4.5961637 4.8504958 1
-17.837309 4.7749653 3.3891568 1
-18.277786 4.620645 4.1284857 1
-18.340296 4.5777268 5.5309439 1
-2.0168588 0.51839179 -0.063570164 1
-2.7612894 0.70395482 -0.057423092 1
-5.8235431 1.4898185 -0.033342786 3
-4.4358211 1.3743095 -0.074428096 13
-17.80504 4.8336554 3.3869753 1
-7.8270674 1.9989374 0.34901711 2
-7.9203081 2.2161911 0.92534757 3
-2.3279219 0.60467291 -0.059573166 1
-18.360588 4.646749 4.8374672 1
-3.4024537 0.87641722 -0.059933178 3
-2.0337546 0.53005904 -0.068785287 1
-18.218971 4.6157694 5.502593 1
-2.7740657 0.71723044 -0.060491811 1
-18.172932 4.665822 4.1115198 1
-5.7873168 1.5025934 -0.030359639 3
-17.78211 4.8948011 3.3863256 5
-2.3030598 0.60729867 -0.054059893 1
-7.9623775 2.2582748 0.9280178 3
-18.086367 4.6501427 5.4711742 1
-3.4067593 0.89117283 -0.061159134 3
-18.1278 4.6594558 4.7872176 1
-11.087961 2.8648958 -0.12377177 1
-18.065027 4.7061229 4.0937905 1
-5.7395082 1.5121304 -0.026290292 3
-2.7637095 0.72576672 -0.05889564 1
-2.0279574 0.53685373 -0.067705154 1
-17.730406 4.9478951 3.3810847 5
-8.0042496 2.3006849 0.93069106 3
-2.3195639 0.62093383 -0.058589391 1
-18.017859 4.7617164 4.0880609 1
-3.4035232 0.90337873 -0.061108608 3
-18.04323 4.7056212 4.7715273 1
-11.046823 2.8960361 -0.12182341 1
-2.025975 0.54421037 -0.06767419 1
-2.7496634 0.73274857 -0.056523941 1
-16.205055 4.2323604 4.9624 2
-5.6917038 1.5213522 -0.022221453 3
-7.9576373 2.3179407 0.92885399 3
-17.710886 5.0097985 3.3810534 3
-17.811083 4.774478 4.0508308 1
-3.3964245 0.91456473 -0.060418114 3
-2.3022187 0.62535286 -0.054902624 1
-2.0202341 0.55058706 -0.066596493 1
-2.7583714 0.74564344 -0.058812857 1
-5.6708465 1.537456 -0.020687545 3
-11.036491 2.9350863 -0.12165829 1
-7.8944077 2.1355565 0.34740543 2
-17.694956 5.0727172 3.3816347 2
-2.3262615 0.64071095 -0.061257768 1
-3.4007356 0.92876738 -0.061644047 3
-11.014449 2.9709895 -0.12082211 1
-2.0256619 0.5599097 -0.068662353 1
-5.6422563 1.5513533 -0.018428998 3
-2.7518597 0.75455827 -0.057994548 1
-2.3089931 0.64463401 -0.057573281 1
-3.3861024 0.9372496 -0.059678689 3
-7.886766 2.163523 0.34752551 2
-17.705381 5.143271 3.3865075 1
-17.603409 4.8489122 4.0168529 1
-10.96199 2.9964721 -0.11821328 1
-17.544659 4.7758684 5.342422 1
-5.5985551 1.5598489 -0.014727874 3
-2.0161452 0.5652386 -0.066534191 1
-2.7718315 0.77061623 -0.062610261 1
-3.3979347 0.95356554 -0.062181383 3
-17.698463 5.2089567 3.3886268 1
-2.295362 0.64987952 -0.054797929 1
-17.449867 4.8729935 3.9901175 1
-7.8867354 2.1935794 0.347482 2
-2.7653797 0.77905917 -0.061793763 1
-2.0104451 0.57117534 -0.065456614 1
-10.978262 3.0426393 -0.11960229 1
-5.569931 1.5733335 -0.012470594 3
-17.665705 5.2636762 3.3864436 1
-3.3868699 0.96361494 -0.060850617 3
-2.3042371 0.66132104 -0.057501417 1
-2.0120611 0.57950592 -0.066473164 1
-7.8865924 2.2236652 0.3474378 2
-17.296371 4.8960657 3.9633791 1
-2.7398584 0.78269857 -0.05709289 1
-10.94049 3.0739388 -0.11787474 1
-5.4952803 1.5736331 -0.0058707129 3
-17.643194 5.3247581 3.3861141 1
-18.049639 5.788588 2.7922602 1
-2.31306 0.6728195 -0.060203005 1
-3.3871791 0.97682118 -0.061436195 3
-7.9094234 2.2603192 0.34689739 2
-17.226046 4.9418535 3.9531469 1
-10.841145 3.087604 -0.11258632 2
-5.4743128 1.5887914 -0.0043379324 3
-1.9969244 0.58315283 -0.062773742 1
-2.7332306 0.79148978 -0.056273401 1
-17.860033 5.7940378 2.7711766 1
-17.628988 5.3849416 3.3869979 1
-7.889812 2.2850227 0.34727111 2
-3.376049 0.98679757 -0.060106054 3
-2.3068526 0.68011701 -0.059253477 1
-10.887731 3.1424398 -0.11575188 1
-2.74544 0.80564344 -0.059334654 1
-1.992923 0.58987808 -0.062218055 1
-5.4915657 1.6149249 -0.0064214491 3
-17.63628 5.4551663 3.3915782 1
-8.1681919 2.753376 0.64314628 53
-4.4017429 1.5528008 -0.076628901 13
-7.9430852 2.3308342 0.34607029 2
-2.3006241 0.6873697 -0.05830371 1
-3.3648911 0.99669129 -0.058774423 3
-2.0018785 0.60033238 -0.065329924 1
-2.742507 0.81552064 -0.059290357 1
-5.4055123 1.6108472 0.0012608067 3
-10.868864 3.1787057 -0.11513368 1
-17.620657 5.5184507 3.3924809 1
-16.42539 5.4587789 2.5962682 1
-4.3624735 1.5566684 -0.072054416 13
-5.3656611 1.6188848 0.0045979205 3
-2.3317444 0.70556045 -0.066479422 1
-3.3764377 1.0132006 -0.061274476 3
-7.9424291 2.361227 0.34603295 2
-2.7621319 0.83202899 -0.063902698 2
-2.0181947 0.61303204 -0.07053683 1
-10.80007 3.2002118 -0.11162404 2
-17.584074 5.5751696 3.3900123 2
-16.332554 5.4920626 2.5872846 3
-3.3653877 1.0224507 -0.05994587 3
-2.3292952 0.71356654 -0.06644316 1
-7.9727407 2.3993871 0.34532717 2
-8.1484547 2.8111687 0.64342642 53
-16.749443 4.9994473 4.5090246 1
-2.7254071 0.83141172 -0.056876555 1
-2.0382617 0.62658155 -0.076791644 1
-4.326972 1.5616128 -0.067980707 12
-16.782816 5.0690761 3.8799284 1
-10.835176 3.2501748 -0.11412533 1
-5.3636675 1.6391243 0.0043226155 3
-8.0784569 2.8176725 0.64264089 54
-17.588726 5.6449213 3.3942926 3
-16.245329 5.5266757 2.5790126 2
-2.2819364 0.70852137 -0.055456933 1
-3.357908 1.0333675 -0.059252053 3
-7.9182305 2.4137425 0.34645006 2
-2.7186267 0.84009671 -0.056056347 1
-16.655779 5.0949855 3.8584342 1
-2.0174794 0.62842518 -0.071519755 1
-5.2930193 1.638427 0.010554956 3
-10.796836 3.2804024 -0.11239404 2
-4.3285618 1.5805008 -0.068898968 12
-8.1066742 2.8580298 0.64335036 54
-17.559258 5.7038136 3.3930566 5
-16.567223 5.128715 3.8444331 1
-16.131763 5.5517402 2.5674136 2
-2.2942512 0.72131997 -0.059068158 1
-3.3503954 1.0442556 -0.058558777 3
-1.9930165 0.62900794 -0.065200917 1
-10.861546 3.3419166 -0.11665931 1
-2.7230792 0.85217685 -0.057563327 1
-5.2871442 1.6572608 0.010642077 3
-4.3117051 1.5918777 -0.067322314 12
-8.1191149 2.8947253 0.64383954 53
-16.094269 5.5992432 2.5653048 10
-16.50407 5.4268384 3.224375 1
-2.2731419 0.72346467 -0.05447055 1
-3.3486967 1.0562425 -0.058824819 3
-10.804461 3.3642359 -0.11382325 1
-16.421459 5.1472712 3.8191819 3
-2.0165341 0.64420801 -0.072500624 1
-2.7312336 0.86545008 -0.059845049 1
-4.3246279 1.6141098 -0.069742478 12
-16.118486 5.6682224 2.571038 12
-2.2742202 0.73284554 -0.055344332 1
-3.3467646 1.0688342 -0.059087656 3
-8.1042633 2.7673628 0.94413036 3
-16.435999 5.468811 3.2166834 6
-16.398703 5.144803 4.443553 1
-2.720758 0.87245804 -0.058250282 1
-10.86109 3.423914 -0.11763901 1
-2.0437744 0.66036701 -0.080849223 1
-16.334793 5.1866746 3.8059559 1
-4.2853589 1.6171099 -0.065169312 12
-16.13954 5.7395916 2.5765533 12
-8.2120676 2.8347089 0.95037234 3
-2.3086812 0.75282127 -0.064427398 1
-16.322866 5.4953141 3.2016304 12
-15.755616 5.0089769 4.9094148 4
-3.3577678 1.0861971 -0.061581269 3
-16.286507 5.176012 4.4216537 1
-2.7286551 0.88629156 -0.060528528 1
-16.215307 5.2118778 3.7859578 3
-4.2944274 1.6379784 -0.067088261 12
-8.2024679 2.8623152 0.95051044 3
-16.163004 5.8153796 2.5825608 8
-16.209753 5.5210791 3.1865735 9
-16.111729 5.2383084 3.7689469 3
-15.772767 5.0756583 4.9194007 9
-2.3614368 0.77940166 -0.078067034 1
-16.182657 5.2059951 4.401516 2
-3.3425639 1.0946212 -0.05960951 3
-4.3445225 1.6736349 -0.074502051 13
-2.7179661 0.89372665 -0.058931176 1
-16.123817 5.5522575 3.1757984 10
-16.183434 5.8872156 2.5880816 6
-15.992286 5.2620425 3.7489455 3
-15.690329 5.1103177 4.901763 4
-2.7109914 0.90230805 -0.058109235 1
-16.120022 5.6114092 3.1785223 12
-16.197962 5.9572096 2.5928922 2
-15.891528 5.2911749 3.7326987 4
-2.7227991 0.91647011 -0.061165757 1
-15.633561 5.1529059 4.8912873 7
-16.137388 5.6812668 3.1849465 11
-16.225233 6.0321913 2.5993724 1
-15.801941 5.3234148 3.7187026 4
-8.1088057 2.7230041 0.34183967 2
-10.529744 3.5259819 -0.10097518 2
-2.6859577 0.91516107 -0.054140244 1
-16.154457 5.7513261 3.1913729 9
-16.26334 6.1116505 2.6072795 1
-8.0801477 2.7453344 0.34239253 2
-15.704882 5.3525634 3.7032049 4
-10.573981 3.5823154 -0.10411477 2
-5.0495071 1.7420881 0.029402001 3
-16.17021 5.8244114 3.1978183 6
-8.1006441 2.7842681 0.341878 2
-15.589231 5.3747268 3.6839488 3
-4.9867635 1.7406316 0.034902345 3
-10.527212 3.6081326 -0.10193548 2
-8.0912189 2.8115265 0.34201452 2
-15.504272 5.4037189 3.6706879 3
-16.194113 5.8975511 3.2054777 3
-4.9695549 1.7535716 0.036068715 3
-15.423 5.4335113 3.6581774 3
-8.0930338 2.8426976 0.34190607 2
-15.362865 5.3598285 4.8424735 2
-16.23255 5.9763699 3.2155974 2
-10.536019 3.6924851 -0.10356315 2
-4.9444861 1.7646657 0.037961148 3
-8.0979919 2.8766646 0.3417249 2
-10.46704 3.7079985 -0.10006329 2
-16.233564 6.0417767 3.2195823 1
-15.343477 5.4695382 3.6464462 2
-4.8781147 1.7609059 0.043821208 3
-16.279823 6.1210527 3.2309227 1
-8.0990477 2.9093699 0.34162593 2
-4.8605657 1.7742422 0.044990599 3
-10.415569 3.733474 -0.097652189 2
-3.3238928 1.2206433 -0.062850177 3
-10.214405 3.7026675 -0.086399779 2
-8.1069756 2.9462659 0.34137246 2
-4.820519 1.7793049 0.048324171 3
-8.126544 2.9859228 0.34086925 2
-3.2935174 1.2231209 -0.058326542 3
-4.7842379 1.7854884 0.051296141 2
-2.736114 1.019891 -0.07002876 2
-3.2965283 1.2376536 -0.059539929 3
-8.1496868 3.027137 0.34028548 2
-2.6882222 1.013518 -0.06067957 1
-4.7741132 1.8011419 0.05174591 2
-10.071758 3.7321312 -0.079169974 3
-16.487381 6.4620795 3.281287 1
-3.2957764 1.2508612 -0.060115557 3
-10.080956 3.7761087 -0.080308869 3
-8.1539011 3.0615857 0.34011069 2
-2.6661642 1.0163761 -0.056755267 1
-4.7527504 1.8125542 0.053276733 2
-16.537992 6.5491576 3.2938874 1
-8.1660128 3.0974538 0.33976224 2
-3.2727926 1.2557355 -0.056874409 3
-2.6588197 1.0246025 -0.055937566 1
-4.7276468 1.8224061 0.055161636 2
-16.547796 6.620584 3.2997406 1
-3.2832725 1.2724923 -0.059362851 3
-4.6991377 1.8298575 0.057408296 2
-14.738441 5.6655035 3.5529203 1
-2.6441109 1.0300189 -0.053562399 1
-16.604973 6.7113276 3.3135889 1
-14.762992 5.6797724 4.7251735 1
-14.605718 5.6709576 3.5298779 1
-3.2897601 1.2885054 -0.06121017 3
-2.6570697 1.0453833 -0.056998115 1
-3.292726 1.3025651 -0.062422819 3
-14.608226 5.6760349 4.1042361 1
-16.617777 6.7847099 3.3200631 1
-14.652645 5.6968894 4.6998525 1
-14.526011 5.7021284 3.5181425 2
-2.669765 1.0613313 -0.06043097 1
-6.0965624 2.5331354 1.5553666 5
-14.58558 5.730196 4.6868215 1
-14.422715 5.7176104 3.5011127 2
-14.525292 5.7059455 4.0894256 1
-2.665936 1.0709544 -0.060378101 1
-14.433482 5.7259259 4.0719185 2
-14.347667 5.746614 3.490113 2
-6.0765672 2.5502186 1.5536439 5
-14.460922 5.740376 4.6573987 1
-6.0314641 2.5554247 1.5476124 5
-14.258014 5.7693076 3.4761028 3
-14.322575 5.7406683 4.0499802 1
-6.1806636 2.4954147 2.3014174 4
-6.007781 2.5706615 1.5452759 5
-14.240685 5.7663484 4.0351524 0
-6.1179528 2.4956372 2.2861719 14
-6.2276325 2.562253 1.8204374 5
-6.002243 2.5935283 1.5460129 5
-6.1575255 2.5355108 2.051105 5
-6.1072445 2.5165958 2.2857823 19
-6.1126485 2.5421312 1.7987473 10
-5.9748416 2.606997 1.5430608 5
-6.0803728 2.5308852 2.2807822 12
-6.0921087 2.5354421 2.0374544 9
-6.074544 2.5517554 1.7928512 21
-5.9727893 2.6313536 1.5444138 5
-6.0564933 2.5447445 2.0309029 15
-6.0695143 2.5737376 1.7937212 21
-6.0534768 2.5450225 2.2757816 21
-4.1976609 2.0423973 -0.073947661 13
-6.0406675 2.5621281 2.0292408 18
-5.9561663 2.6493654 1.5433078 5
-6.034143 2.5609148 2.2728238 21
-6.0264139 2.5796542 1.786689 33
-14.482018 6.7531137 2.4466765 1
-5.9683924 2.6801071 1.5471244 5
-6.0172067 2.6010265 1.7868128 33
-6.0369053 2.5858264 2.030699 20
-6.0285583 2.5838227 2.2739716 19
-14.377759 6.769649 2.4365003 1
-5.9696565 2.7061327 1.5490963 5
-6.0276737 2.6072385 2.0308225 20
-6.0115309 2.6239221 1.7876894 38
-6.0299935 2.6097541 2.2771704 19
-6.0112047 2.6255198 2.0291674 22
-5.9960217 2.7435906 1.5553781 5
-14.302299 6.7991128 2.4301374 1
-6.0093703 2.64838 1.7893196 33
-6.022449 2.6318917 2.2778091 17
-11.21533 5.1484494 2.4505627 6
-14.275826 6.845295 2.4299543 1
-6.0054078 2.648397 2.0301821 20
-6.0107112 2.6744399 1.7917036 27
-6.0414076 2.6656051 2.2861345 14
-0.39586294 0.20675692 0.47306859 62
-11.219511 5.1959653 2.4544835 0
-14.176423 6.8594565 2.4202335 1
-0.38814595 0.20326346 0.4383862 63
-6.004879 2.6736107 2.0325327 18
-6.0011692 2.6957552 1.7918302 27
-6.0495853 2.6948066 2.2913878 6
-14.146187 6.9034796 2.4195704 1
-16.947296 7.9039803 3.4417491 2
-6.0185056 2.7051892 2.0384424 11
-6.0202346 2.7298954 1.7979826 21
-13.438741 6.0035796 4.4383979 2
-14.068226 6.9271474 2.4127157 1
-16.967981 7.9901447 3.4507515 2
-6.0462193 2.7432902 2.0479109 3
-11.263379 5.1266499 2.9033892 2
-13.360976 6.0256128 4.422277 1
-16.987898 8.072731 3.4594328 2
-11.237972 5.1183786 3.3507674 2
-11.223729 5.1566114 2.8991086 14
-11.261498 5.131866 3.817569 4
-17.005661 8.1547232 3.4678068 2
-13.766581 6.3731804 3.4398434 6
-11.227798 5.1592813 3.3527751 11
-11.231871 5.1639709 3.8142085 13
-13.116056 6.0745697 3.8318136 2
-17.036976 8.2399197 3.4783242 2
-13.172064 6.1036987 4.3861766 1
-13.713689 6.4076481 3.4337349 12
-13.055597 6.102726 3.8223038 3
-17.05755 8.3240948 3.4873235 2
-14.551077 6.7859497 1.8883357 2
-13.101313 6.1272812 4.3721023 1
-13.700487 6.4633875 3.4363062 13
-17.113235 8.4259329 3.5024869 1
-12.976369 6.1245422 3.8083584 3
-14.471686 6.8144579 1.8835846 2
-13.004977 6.1412406 4.3508601 1
-13.681111 6.5133715 3.437356 17
-17.136526 8.512495 3.5121102 1
-13.671576 6.5651073 3.4402773 17
-12.941254 6.1672163 4.3388324 1
-3.1967611 1.551493 -0.062911585 3
-12.88306 6.1391673 3.7908499 3
-14.381473 6.8373599 1.8778162 2
-12.818385 6.1613011 3.7799871 4
-13.841053 6.9465013 2.9436104 0
-13.648294 6.6132989 3.4405763 17
-3.1487343 1.5419401 -0.055219159 3
-12.880991 6.1944685 4.3278308 1
-4.3693385 2.146415 0.075463846 2
-13.629552 6.660727 3.4416161 17
-12.793946 6.2056971 4.3086061 1
-12.747347 6.1827602 3.7678046 4
-13.738779 6.9561996 2.930357 0
-3.1432126 1.5532523 -0.055149615 3
-4.3366146 2.1497855 0.078068994 2
-12.677413 6.2015743 3.7556059 5
-3.1769867 1.5829971 -0.062069815 3
-13.609459 6.7104921 3.4426715 17
-12.698914 6.2152495 4.2873435 1
-4.3503962 2.1758094 0.076017775 2
-3.1394196 1.5787355 -0.056282081 3
-12.606399 6.2222333 3.7434187 4
-5.836143 2.9069734 0.15817945 47
-12.656034 6.2498007 4.2814665 1
-13.59679 6.7669735 3.4456277 15
-4.3854632 2.2125969 0.071817644 2
-12.564564 6.2600713 4.2612276 1
-12.527302 6.2411861 3.7294648 4
-13.583342 6.8201632 3.4481943 11
-3.2042458 1.6256635 -0.068908401 3
-4.4025111 2.2407231 0.069411971 2
-17.394054 9.1031418 3.5921292 1
-12.465044 6.2653208 3.7195017 3
-13.546884 6.8618579 3.4458597 8
-12.503196 6.2875576 4.2502346 1
-4.0428429 2.3357029 -0.072063692 13
-17.361824 9.1644058 3.5925279 1
-12.390586 6.2829337 3.7064216 2
-12.43601 6.3090014 4.2371736 1
-13.524304 6.9104896 3.4465435 5
-4.0345259 2.3501511 -0.071965531 13
-17.358946 9.2373028 3.5978432 1
-12.341606 6.3103023 3.6995621 2
-13.494047 6.95222 3.4453254 5
-0.3639431 0.24186298 0.57870692 19
-12.369946 6.3278608 4.2240982 1
-3.9818752 2.3380878 -0.065428048 12
-12.289111 6.3356423 3.6918094 1
-12.365825 6.3781023 4.2294979 1
-17.350641 9.3114882 3.6025636 1
-13.469401 6.9997702 3.4456344 3
-17.404657 9.4194584 3.6183941 1
-12.225071 6.3574743 3.6813996 1
-12.274517 6.3861823 4.20925 1
-13.439863 7.0478115 3.4452038 2
-12.170273 6.3865128 3.6736746 0
-17.383533 9.4913635 3.6212914 1
-12.206165 6.4083552 4.1962004 1
-13.411409 7.0933633 3.4447594 1
-12.625867 7.3547831 0.74476868 2
-17.370728 9.5639734 3.6254053 1
-12.054444 6.3804135 3.6498945 0
-12.132117 6.4243712 4.1810818 1
-13.311179 7.0977893 3.4284551 1
-13.249177 7.1219854 3.420449 2
-17.338579 9.6220999 3.6257942 1
-12.565306 7.3792043 0.7444582 2
-12.01228 6.4098396 3.6448126 0
-12.01485 6.4142756 4.1525998 1
-11.955163 6.4338002 3.6361806 0
-12.487496 7.3931327 0.7438392 2
-17.325232 9.6946964 3.6299117 1
-13.184639 7.1505384 3.4124713 2
-12.416624 7.410676 0.74334419 2
-11.876297 6.4484391 3.6222122 0
-13.100637 7.1651063 3.3999505 2
-12.299033 7.3969135 0.7419641 3
-11.815752 6.4698286 3.6126859 1
-13.023584 7.1829572 3.388938 3
-12.224907 7.4114466 0.74139988 3
-3.9503446 2.490201 -0.070990235 13
-11.758628 6.4927454 3.6040506 1
-12.967194 7.2117748 3.3824525 2
-11.813337 6.5257907 4.1208744 1
-12.328492 7.4226775 2.2644887 1
-12.587598 7.3979344 1.2577865 2
-12.157667 7.4296894 0.74096137 3
-3.8741229 2.4623191 -0.06098913 12
-12.870867 7.2150455 3.3668902 3
-11.693258 6.5110936 4.0913525 1
-11.694662 6.5115485 3.5936325 2
-12.108824 7.4558692 0.74081463 3
-12.237608 7.4272022 2.2556801 1
-12.465035 7.3855948 1.2524569 2
-3.8653612 2.4761791 -0.060889412 12
-11.611431 6.5165534 3.5778475 2
-11.626281 6.5278268 4.078279 1
-12.805923 7.2383037 3.3585143 5
-12.153634 7.4353142 2.2478268 1
-12.353024 7.3786073 1.247726 2
-3.7961936 2.4517767 -0.051883411 11
-12.439312 7.3194375 2.784956 1
-11.544142 6.5326715 3.5665326 2
-11.566067 6.5479817 4.0672579 2
-2.627094 1.5204409 -0.089723624 2
-12.735849 7.2582693 3.3490074 5
-12.077842 7.4449258 2.2409101 1
-12.293941 7.3995233 1.2459924 2
-12.401478 7.3562675 2.783092 0
-3.8142376 2.4824479 -0.055751923 12
-11.476886 6.5483875 3.5552073 2
-12.67432 7.2827191 3.3413763 5
-2.5021718 1.4621328 -0.062673457 2
-11.472231 6.5487256 4.0459518 2
-12.015635 7.4624777 2.2359114 1
-3.8459108 2.5211668 -0.061593726 12
-12.233547 7.422298 1.2442741 2
-12.60726 7.3007002 3.3322203 5
-11.42332 6.5718107 4.0379925 2
-11.42997 6.5753202 3.5492389 3
-3.1005654 1.8173056 -0.067652278 3
-4.5051618 2.64378 0.045820355 3
-2.4969332 1.4711711 -0.062611513 2
-11.960559 7.4870515 2.2321286 1
-12.153974 7.4301391 1.2413307 2
-0.3893486 0.30071884 0.45034617 57
-3.0944014 1.8278878 -0.067580134 3
-11.370658 6.5922298 3.5396857 3
-12.532129 7.3165541 3.3215694 2
-11.353119 6.5850878 4.02388 2
-4.558218 2.6951108 0.039506868 3
-1.8400242 1.1038464 -0.077231832 1
-2.4882646 1.4782401 -0.061779596 2
-11.880221 7.4955173 2.2247424 5
-12.074485 7.4375296 1.2383854 2
-0.35828894 0.2827974 0.45480862 61
-3.0878749 1.8390135 -0.067504361 3
-12.463829 7.3359594 3.3124275 5
-1.8162136 1.0985942 -0.070931382 1
-12.658322 7.4142661 0.23264582 3
-11.300077 6.604939 3.5274694 3
-11.296341 6.6057215 4.0138755 4
-7.9262438 4.656745 0.015529431 6
-2.520565 1.5084821 -0.070202567 2
-4.4867697 2.6750984 0.046033036 3
-12.034569 7.4717679 1.2378756 2
-11.017788 7.0092568 2.105448 10
-7.9166331 4.6888757 0.015287584 6
-12.407389 7.3619695 3.3059273 5
-11.246373 6.627079 3.5197115 3
-12.528626 7.3982234 0.23528053 3
-11.236222 6.624074 4.0028434 4
-1.818923 1.1091291 -0.072970942 1
-11.991173 7.5037031 1.2371643 2
-10.96785 7.0321617 2.1021206 14
-16.010492 9.8575954 3.4703271 1
-3.5277233 2.3266642 0.58607614 3
-11.179225 6.6409926 3.5083852 3
-12.48181 7.4302511 0.23604934 3
-7.8622046 4.6945591 0.017867958 6
-11.172785 6.6401434 3.9907806 4
-10.91746 7.0517993 2.0985391 14
-3.4758544 2.3109252 0.58535087 2
-15.975619 9.9140072 3.4707208 1
-11.12217 6.660511 3.4997325 2
-12.342184 7.4067173 0.2389086 3
-11.119344 6.6617541 3.9818017 4
-12.533871 7.4896755 1.7733278 1
-7.8730154 4.7387881 0.01632328 6
-10.870822 7.0763383 2.0956917 15
-15.994222 10.003699 3.4810145 1
-3.5110972 2.3518975 0.58625823 3
-11.086368 6.6897941 3.496419 1
-7.9152741 4.800261 0.012819476 6
-12.320604 7.4191303 1.7548591 1
-11.03723 6.6632385 3.9635565 2
-12.259029 7.4131212 0.2405083 3
-3.5707965 2.3201478 0.73747402 1
-10.807508 7.0898013 2.09044 14
-3.4192989 2.3093433 0.5847736 2
-12.184923 7.4273911 0.24189179 3
-7.9119344 4.8365917 0.012146054 6
-12.232918 7.4255748 1.7490181 1
-3.5171278 2.3038192 0.73483378 3
-10.742573 7.1018004 2.0849473 14
-11.029949 7.0221519 2.575408 9
-3.4510164 2.348197 0.58562022 2
-12.159973 7.4682784 0.24217698 3
-12.179395 7.4521661 1.7465911 1
-7.8948016 4.864634 0.012340889 6
-0.34742156 0.28352889 0.52683264 63
-3.4971724 2.3088222 0.73421627 1
-10.967998 7.0347252 2.5685556 13
-10.676034 7.1123509 2.0792129 12
-0.36833405 0.2742146 0.61864603 22
-3.5876641 2.2527642 0.43596995 1
-4.5661263 2.8742874 0.031487614 3
-7.868228 4.8849354 0.013176839 6
-12.103368 7.4618025 1.7417541 1
-10.896527 7.0435629 2.5601671 14
-3.4688573 2.3082695 0.73309052 1
-10.626076 7.1335373 2.0758789 14
-10.993114 6.8418865 3.4974818 0
-2.9782 1.890196 -0.056144949 3
-12.034196 7.4751725 1.7376006 1
-2.4472754 1.560884 -0.062776417 2
-13.8578 8.6762047 3.6781483 1
-7.8993263 4.9408717 0.010331751 6
-4.5559115 2.8905747 0.031603307 3
-10.63341 7.1902275 2.0807071 12
-3.4372497 2.3053486 0.73176295 1
-10.835083 7.0584087 2.5536354 17
-10.945701 6.8662381 3.4915056 1
-2.1072576 1.3611351 -0.079186216 1
-2.9530239 1.8894167 -0.052589905 3
-1.793514 1.1650066 -0.074694507 1
-13.793814 8.7041826 3.6709311 1
-4.582737 2.9301672 0.027804777 3
-11.987434 7.5050106 1.7358512 1
-2.4350309 1.5655854 -0.061173618 2
-10.639205 7.2489123 2.0855527 9
-3.4190359 2.3110502 0.73124373 1
-0.35403234 0.29471719 0.52705598 61
-10.793539 7.0858774 2.5508151 14
-2.0298104 1.3231958 -0.059184555 1
-2.9429393 1.8979383 -0.051880617 3
-1.7664343 1.1571871 -0.067352623 1
-3.5380564 2.2752366 0.4368189 100
-11.026003 7.0216789 3.0476725 9
-10.901555 6.8924327 3.4864206 2
-2.4294298 1.5743916 -0.061110701 2
-4.5824213 2.9529166 0.026854252 3
-10.659487 7.3177958 2.0925634 4
-3.3945875 2.3116112 0.73031557 1
-10.745327 7.1087976 2.546756 14
-2.0250638 1.3305774 -0.059131548 1
-2.9261575 1.9021941 -0.049907666 3
-3.5231943 2.2836318 0.43706223 100
-3.6159749 2.332973 0.89293975 1
-10.878778 6.9319601 3.4871397 4
-10.953102 7.029985 3.0369823 10
-1.7622737 1.1636587 -0.067307353 1
-3.5966249 2.3291934 0.28348765 13
-10.691809 6.8165126 3.9088602 1
-2.4171655 1.5789868 -0.059508197 2
-4.5920744 2.9821393 0.024838034 3
-10.689234 7.3936634 2.101022 1
-3.3863471 2.323782 0.73040456 1
-10.680614 7.1205664 2.5396013 14
-10.899702 7.0476155 3.0304358 16
-10.616713 6.8191013 3.8926587 2
-2.9293568 1.9191073 -0.051729828 3
-10.869009 6.9797859 3.4914317 7
-2.0268598 1.3421435 -0.060892202 1
-2.4148262 1.5898411 -0.060215164 2
-4.5848284 3.0006769 0.024599664 3
-1.7580901 1.1701012 -0.067260392 1
-3.6026142 2.3426921 0.89251977 3
-3.7746122 2.7517889 -0.06908869 13
-10.705515 7.4607854 2.1075587 1
-10.628719 7.137763 2.5345972 24
-3.3416648 2.311306 0.72826022 1
-2.0206499 1.3481021 -0.060388215 1
-2.9228542 1.9291259 -0.051657971 3
-10.843413 7.065825 3.0235231 24
-10.850438 7.0193815 3.4930329 9
-3.3980165 2.2378306 0.43972838 1
-10.543765 6.8252087 3.8774967 2
-4.5947599 3.0292232 0.022579856 3
-3.5758157 2.3437543 0.89073122 1
-1.7603796 1.1807069 -0.069297783 1
-2.3992374 1.5922151 -0.057843272 1
-3.6971867 2.7165899 -0.058626913 12
-10.63953 7.1995292 2.5416846 17
-3.3037167 2.3030355 0.72652102 1
-3.2686305 2.3318236 1.012727 2
-2.0141802 1.3543984 -0.059882525 1
-2.3971226 1.6026032 -0.058553703 2
-10.79371 7.0879998 3.0181251 19
-2.9143145 1.9385716 -0.051266223 3
-10.843568 7.0693178 3.4982219 11
-3.3866868 2.2478397 0.43989241 1
-1.7498666 1.182632 -0.067169741 1
-3.5143297 2.3212905 0.88534844 1
-10.470909 6.8309112 3.8623323 4
-4.6006775 3.0565171 0.020921206 3
-3.6746802 2.7205055 -0.056552764 12
-3.3020942 2.3194034 0.72701621 1
-3.2310722 2.3229957 1.0084823 1
-10.67294 7.276967 2.5531101 17
-10.807095 7.1001272 3.4953709 10
-3.5394444 2.3556285 0.88885963 1
-2.9140134 1.9533916 -0.052455511 3
-2.4209716 1.6305975 -0.065418743 2
-1.9995385 1.3553425 -0.057110336 1
-10.742346 7.1088538 3.0123448 18
-3.3418603 2.235899 0.44082198 1
-10.419182 6.8499055 3.8538532 6
-4.6197672 3.0926514 0.017842932 3
-3.4800169 2.3252711 0.28925055 10
-1.7423819 1.186931 -0.066082284 1
-3.6650128 2.7336738 -0.056452475 12
-10.689618 7.3436055 2.5614421 16
-3.2790432 2.3210132 0.72618985 3
-3.206584 2.3231132 1.0061611 1
-3.337229 2.2500858 0.44083211 1
-10.747733 7.1157918 3.4862647 7
-2.9136443 1.9682235 -0.053642724 3
-2.0044434 1.3690528 -0.05977628 1
-10.681143 7.1229134 3.0042973 18
-10.36584 6.8675485 3.8448608 9
-3.4483886 2.3223581 0.29085296 9
-3.5310466 2.3683 0.88895196 1
-1.7477968 1.1996825 -0.069160968 1
-4.6253824 3.1201475 0.016187385 3
-3.6941504 2.7743692 -0.062273853 12
-3.2707722 2.3327789 0.72627771 1
-10.696192 7.4037337 2.5679171 16
-3.201534 2.3369164 1.00673 1
-2.9197907 1.9874542 -0.056095902 3
-2.0092778 1.3828133 -0.062441282 1
-10.691646 7.1332688 3.4780531 4
-10.317336 6.8881249 3.8374088 10
-1.753144 1.212484 -0.07223922 1
-3.2992294 2.2421391 0.44160622 1
-4.6076803 3.1322174 0.017018409 3
-10.646115 7.1540871 3.0023005 19
-3.6273813 2.7444046 -0.053303208 11
-3.390204 2.3015802 0.29418051 8
-3.5226052 2.3809433 0.88904285 1
-3.2608247 2.3433659 0.72626287 1
-3.6531119 2.7828732 -0.058631416 12
-10.718714 7.4752455 2.577493 17
-3.2683711 2.2378144 0.44222197 1
-3.1867528 2.3437665 1.0058538 1
-10.245925 6.890533 3.8222239 10
-10.654647 7.2117109 3.0101311 17
-10.67124 7.174262 3.4796679 5
-2.8995697 1.9891833 -0.053490218 3
-1.7809045 1.2403436 -0.082606055 1
-3.4610629 2.358191 0.88365918 1
-3.4052448 2.3292863 0.29275915 8
-4.6758566 3.2020912 0.0086198309 3
-10.702106 7.2470074 3.4951236 11
-10.74735 7.551538 2.5883105 16
-3.2296453 2.3389072 0.72492743 1
-3.1398349 2.3587584 0.58281493 1
-3.260396 2.2495475 0.4423084 1
-3.171963 2.3505399 1.0049772 1
-3.6654353 2.8126519 -0.061979681 12
-10.195848 6.9094329 3.8142564 10
-4.6881347 3.2335999 0.0062526017 3
-10.671387 7.2779455 3.0202496 19
-3.4294999 2.3550301 0.88135493 1
-3.2050467 2.338901 0.72399729 1
-3.4050219 2.3555348 0.87972939 1
-10.694187 7.2968211 3.5003154 15
-3.2457621 2.2567544 0.44254676 1
-3.0510156 2.3106158 0.5812943 1
-10.152168 6.9324217 3.8083446 12
-3.6174703 2.7970273 -0.055964451 12
-10.764265 7.6201577 2.5969627 14
-3.1443324 2.3478858 1.0021727 1
-10.697529 7.3510466 3.0326416 18
-0.37163666 0.30636427 0.47077507 58
-3.0688672 2.3401287 0.58188981 1
-3.1203783 2.3468587 0.99984539 1
-0.33839947 0.28358299 0.43892226 63
-10.669952 7.3356662 3.5010405 18
-3.4065044 2.3744745 0.8808468 1
-3.234421 2.2661498 0.44270861 1
-3.1950898 2.3492355 0.72398305 7
-10.726521 7.4266319 3.0457945 19
-10.785668 7.6924262 2.6065471 14
-10.09568 6.9464507 3.798317 12
-3.5660112 2.7793348 -0.049453869 11
-3.0481453 2.3410115 0.58171344 1
-3.1024356 2.3509765 0.99848455 1
-0.33730993 0.28502151 0.43893427 63
-3.2065918 2.2641363 0.44324994 1
-10.643971 7.3733277 3.5013189 18
-3.4276061 2.4069881 0.88402033 1
-3.1899555 2.3630483 0.72427386 4
-10.745428 7.4958057 3.0566792 19
-10.83243 7.783289 2.6210945 11
-1.7949966 1.2878953 -0.092827946 1
-10.05196 6.9689503 3.7924032 12
-3.6757317 2.8840399 -0.06807179 13
-3.0944753 2.3615568 0.99856669 1
-3.0270381 2.342324 0.58154064 1
-3.1851866 2.3762715 0.72456098 4
-0.33621705 0.28646779 0.43894467 63
-10.624267 7.4153209 3.5033882 18
-3.1886704 2.2688015 0.4435631 1
-2.059448 1.4816109 -0.084761351 1
-10.896337 7.8872757 2.6390567 1
-10.76076 7.5629525 3.066808 20
-2.4705451 1.7668115 -0.0879829 2
-9.9796209 6.9714131 3.7772238 10
-3.3076105 2.3421624 0.87246096 1
-1.7332461 1.2548462 -0.074039169 1
-3.5870211 2.8364487 -0.055655826 12
-3.0737722 2.3625731 0.99672025 1
-3.1654499 2.3794417 0.72393441 1
-3.0182757 2.35375 0.58162993 1
-10.598007 7.4528451 3.5036652 17
-3.1904163 2.2871318 0.44342273 1
-1.712912 1.2501374 -0.068786614 1
-15.296436 11.132234 3.4974117 2
-2.3741472 1.7127935 -0.066383749 2
-10.775752 7.6303034 3.0769405 20
-2.0158224 1.4623263 -0.073838949 1
-9.9311533 6.9900217 3.769768 9
-3.2633026 2.3289447 0.86878073 1
-0.34087306 0.29421836 0.47365895 62
-3.5769467 2.8493106 -0.055554986 12
-3.0463419 2.3592546 0.99391246 1
-3.1381226 2.3759823 0.72279412 1
-3.0257666 2.3767636 0.58203727 1
-15.211164 11.148519 3.4884977 2
-1.9628013 1.4360222 -0.060201384 1
-2.8818126 2.084003 -0.059269417 3
-10.803226 7.7069454 3.0901043 16
-10.573204 7.4913554 3.5043955 17
-0.33974633 0.29567432 0.47367004 62
-3.1822665 2.2985909 0.44350815 1
-3.2550004 2.3406506 0.86886805 1
-2.3359332 1.6987987 -0.05863034 2
-1.7052661 1.2542003 -0.067699134 1
-9.8921623 7.0150928 3.7653952 12
-3.5668266 2.8621294 -0.05545311 12
-3.1268775 2.3843093 0.72267318 1
-3.0248742 2.3611221 0.99207109 1
-2.9824731 2.3607647 0.58141017 1
-15.111242 11.157673 3.4771185 2
-2.8582802 2.0829597 -0.056034487 3
-10.852673 7.7998323 3.1085773 10
-1.9544816 1.4409258 -0.059241816 1
-10.545088 7.5275488 3.5042288 17
-3.190378 2.3216023 0.44321641 1
-3.5571709 2.8742759 -0.055356763 12
-1.6944628 1.2559812 -0.065570042 1
-3.2401516 2.3477225 0.8682704 1
-2.326663 1.7049894 -0.057796698 2
-9.8357763 7.027657 3.7553618 7
-3.1199815 2.3967335 0.72286218 1
-3.0227616 2.3768184 0.9931215 1
-15.04042 11.183573 3.4709942 3
-2.9677489 2.3665764 0.58136505 1
-1.9366415 1.4389941 -0.055566531 1
-3.1430867 2.3051212 0.44420919 1
-1.6836704 1.2577077 -0.063440897 1
-3.5935335 2.9241312 -0.062637091 13
-10.946242 7.9252744 3.137661 3
-2.3237662 1.7157075 -0.058501288 2
-3.2123158 2.3454659 0.86630064 1
-10.518432 7.564774 3.5045085 17
-2.8251536 2.0748851 -0.050907258 3
-9.7841454 7.043282 3.7468698 9
-14.974347 11.212691 3.4657953 3
-3.095505 2.3959062 0.72192746 9
-3.0080054 2.3828223 0.99224293 1
-2.9467261 2.3673847 0.58118963 1
-1.9378136 1.4506122 -0.057323348 1
-2.8177598 2.0850635 -0.050828971 3
-10.491647 7.6018991 3.5047913 19
-3.1251428 2.309396 0.44452167 1
-13.262462 9.6618958 3.696485 3
-1.6728859 1.2593724 -0.061312839 1
-9.7325249 7.0586457 3.7383764 6
-3.5119417 2.8798697 -0.051216934 11
-3.1587994 2.3327084 0.30440184 3
-3.1877723 2.3453677 0.86467201 1
-2.3144524 1.7218393 -0.057669017 2
-14.915751 11.251223 3.4624794 3
-3.0057824 2.3985095 0.99329334 1
-2.9198725 2.3625941 0.58087981 1
-1.9357724 1.4599696 -0.058174081 1
-2.80074 2.0882585 -0.048857469 3
-3.192327 2.3661566 0.86613172 1
-3.0877974 2.299468 0.44528475 1
-10.467887 7.6412196 3.5059662 19
-1.6683663 1.265512 -0.061265524 1
-9.6856136 7.0771351 3.7314289 6
-3.1666522 2.3557999 0.30341393 3
-2.3114812 1.7325388 -0.058373366 2
-13.237801 9.7155905 3.6991155 3
-3.4857686 2.8806138 -0.048649989 11
-14.844459 11.27996 3.4566805 3
-2.9365141 2.3929996 0.58148474 1
-2.9691074 2.3872647 0.98903471 1
-3.0606511 2.2958405 0.44581586 1
-9.6477509 7.0993757 3.7270412 6
-13.198829 9.7552843 3.6979396 3
-2.7964888 2.1006968 -0.049412288 3
-10.44083 7.6781764 3.5062485 19
-1.9211086 1.4601394 -0.055405222 1
-3.1550419 2.3648174 0.30371553 3
-2.2894468 1.7293377 -0.05446659 1
-1.6638249 1.2716374 -0.061218411 1
-3.5283849 2.9350936 -0.056916408 12
-3.1613536 2.3611794 0.86381757 1
-3.7471004 2.8173964 0.097160317 2
-2.954792 2.3924747 0.98814988 1
-14.764866 11.306163 3.4496577 3
-2.9217458 2.3985682 0.58143908 1
-1.9349732 1.480657 -0.060783446 1
-2.8021028 2.1196365 -0.051861148 3
-13.16117 9.7994871 3.6975381 3
-3.1245334 2.3589976 0.30530187 3
-3.0460336 2.3021021 0.44605076 1
-10.415009 7.7131872 3.5065172 18
-9.5945816 7.1128311 3.7180312 6
-3.7471912 2.8372655 0.096197806 2
-3.1433034 2.3654501 0.86287463 1
-3.505686 2.9376845 -0.054846849 12
-2.2895939 1.7422935 -0.055939294 1
-1.6623729 1.2800413 -0.06221227 1
-2.9524841 2.4080365 0.98920107 1
-14.688854 11.330527 3.4429245 2
-10.385936 7.745801 3.5058906 19
-13.131395 9.8459206 3.6986361 3
-3.0370529 2.4223564 0.7207467 122
-9.553566 7.1323643 3.7126124 6
-3.0286098 2.305356 0.44635651 1
-1.926544 1.4853905 -0.05982329 1
-2.7818615 2.1203303 -0.049259473 3
-2.9190054 2.4146221 0.58165842 1
-3.1033056 2.3607061 0.30624694 3
-2.2868371 1.7525197 -0.056646269 1
-1.6797336 1.3019308 -0.069449015 1
-3.1320913 2.3738003 0.86261487 1
-3.4830117 2.9401431 -0.052777939 12
-10.356762 7.7782979 3.505266 19
-2.9377062 2.4136884 0.98832023 1
-3.0257132 2.4302666 0.72062403 122
-3.007997 2.3061235 0.44673672 1
-13.095173 9.887537 3.6982191 3
-9.4892893 7.1343799 3.6994662 7
-2.9015226 2.4170413 0.58154273 1
-10.232689 7.968914 2.5662057 1
-2.7841816 2.1369498 -0.051077336 3
-1.9183718 1.4897405 -0.058866728 1
-3.0761261 2.3569672 0.30761382 3
-3.1112728 2.3749602 0.86132342 1
-2.2808936 1.7604015 -0.056585018 1
-1.6598186 1.2962376 -0.064201854 1
-3.4720497 2.9532647 -0.052671362 12
-2.7769516 2.1464965 -0.051004689 3
-1.9133077 1.4963958 -0.058815096 1
-2.9935353 2.4225855 0.71917546 115
-2.9997823 2.3169415 0.44682062 1
-10.338578 7.8218832 3.5082331 18
-2.2655113 1.7611893 -0.054219499 1
-1.6615791 1.3066746 -0.066237733 1
-9.4362068 7.146986 3.6904542 7
-3.0681546 2.3674715 0.30769649 3
-3.1064212 2.3879709 0.86174959 1
-10.192021 7.9953461 2.5640068 2
-2.874336 2.4122934 0.58123517 1
-2.9178572 2.4160521 0.98671883 1
-13.04592 9.9265385 3.6955621 3
-3.7966936 2.9369221 0.087665528 2
-3.4164455 2.9268537 -0.045200296 11
-2.9755256 2.4258871 0.71864653 115
-1.8799963 1.482211 -0.050618459 1
-10.143386 8.0124712 2.5599298 4
-2.9979031 2.3325653 0.4467555 1
-9.3831549 7.1593437 3.6814368 10
-2.9081399 2.4247775 0.98655748 1
-10.303283 7.8554993 3.5067413 19
-2.8564837 2.4150186 0.58112276 1
-2.7531817 2.1450911 -0.04777002 3
-13.042058 9.9963465 3.7035046 3
-3.0306618 2.3573322 0.30971479 2
-1.6566577 1.3130759 -0.066187173 1
-2.2620373 1.7721949 -0.05491998 1
-3.0784125 2.3852637 0.859779 1
-3.7894282 2.9529345 0.087417841 2
-3.4181895 2.9493513 -0.047065061 11
-10.084029 8.0238132 2.5540011 4
-2.9668863 2.4365842 0.71873415 115
-2.8964295 2.432714 0.98615956 1
-2.9717047 2.3305376 0.44725457 1
-10.269274 7.8871508 3.505235 22
-2.7612402 2.1669998 -0.050843645 3
-1.9023041 1.5106947 -0.058702659 1
-3.0349646 2.3779337 0.30894443 2
-13.006703 10.04233 3.7038653 3
-3.7978899 2.9810755 0.085404441 2
-1.6519493 1.3191575 -0.066139117 1
-2.2619526 1.7851717 -0.056392279 1
-9.3319407 7.1753774 3.6734645 12
-3.0825956 2.4059896 0.8612389 1
-2.8536124 2.4309266 0.5813418 1
-3.3931162 2.9481573 -0.044511791 11
-2.9519908 2.4422491 0.71840888 115
-10.030905 8.0397596 2.5493159 5
-2.8816333 2.4380903 0.98527682 1
-1.9030777 1.5223901 -0.060456876 1
-2.7597861 2.1817725 -0.052025393 3
-10.239812 7.9222255 3.5050709 17
-1.6533462 1.3299384 -0.068171002 1
-2.8208323 2.4201741 0.58089668 1
-2.2493556 1.7885888 -0.054791018 1
-3.0582132 2.4049377 0.85960776 1
-12.968081 10.085775 3.7034676 3
-3.0201685 2.3839788 0.30945852 2
-2.9523113 2.3326817 0.44760025 1
-9.2850704 7.1918526 3.6665099 12
-4.0014725 3.1606295 0.061486047 2
-3.4092684 2.9841774 -0.048827875 11
-2.9324393 2.4440494 0.71777689 120
-9.9716244 8.0504837 2.543385 4
-1.8976316 1.5293367 -0.060401283 1
-2.7551408 2.1941574 -0.052577525 3
-10.208686 7.9559889 3.5044606 16
-2.9345219 2.3359571 0.44790787 1
-2.8030334 2.422612 0.58078223 1
-9.2366753 7.2069097 3.6590369 13
-12.913827 10.117018 3.6992772 3
-1.6363584 1.3265562 -0.063963868 1
-2.2429724 1.7967575 -0.054726724 1
-3.0622599 2.4256644 0.86107111 1
-2.9801145 2.3703699 0.31168473 2
-2.8740406 2.4502385 0.98560882 1
-3.4443147 3.0346627 -0.056098323 12
-9.9216213 8.0683336 2.5393186 4
-2.797893 2.4347918 0.58092701 1
-2.9190974 2.4508002 0.7175557 122
-2.8596563 2.4549613 0.98472267 1
-10.177447 7.9896355 3.503849 10
-1.8875539 1.5326812 -0.058990333 1
-12.300194 9.7092714 3.5577478 2
-2.9230518 2.3440545 0.44806623 1
-2.9779716 2.3860061 0.31134269 2
-2.7286413 2.1895156 -0.048716709 3
-1.6316025 1.3325639 -0.063915245 1
-2.2427506 1.8097272 -0.056196779 1
-3.0504737 2.4342248 0.86081302 4
-9.1837158 7.2181563 3.6500165 13
-3.4095578 3.0262117 -0.052066013 12
-2.9072883 2.4587686 0.71743637 122
-9.8685513 8.0834484 2.5346282 4
-2.9135518 2.3528163 0.44818294 1
-9.1305504 7.2263107 3.6404684 10
-2.8296487 2.4473557 0.98142111 1
-12.856241 10.215427 3.7030156 3
-2.7301631 2.2066884 -0.050529078 3
-2.7887931 2.4453776 0.58101529 1
-10.126169 8.0075064 3.4974201 6
-1.8728787 1.5323527 -0.056222379 1
-3.0449395 2.4476442 0.86124456 6
-2.2332051 1.8154503 -0.055364877 1
-1.6329025 1.3433352 -0.065946363 1
-2.9380829 2.3720343 0.313566 2
-3.4107735 3.0489013 -0.053928312 12
-2.8274262 2.462168 0.9824695 1
-1.8737851 1.5436947 -0.057978794 1
-12.82012 10.260749 3.7033782 3
-2.8893104 2.4615769 0.71690571 125
-2.9036057 2.3620653 0.44830385 1
-9.8277264 8.1083078 2.532423 5
-10.065601 8.0148764 3.4878414 6
-2.7319927 2.2233982 -0.052344326 3
-2.7774897 2.4523082 0.581029 1
-9.0807037 7.2393923 3.6324768 12
-2.939456 2.3895178 0.31300545 2
-1.6250584 1.3469414 -0.064859241 1
-2.2298059 1.8259907 -0.056067117 1
-3.9562964 3.2176399 0.061940014 2
-3.0299661 2.4536486 0.86064392 6
-3.363658 3.0302632 -0.047927581 11
-2.7178998 2.2283435 -0.051006339 3
-2.8654978 2.3488221 0.44909212 1
-1.8652158 1.5481141 -0.057019416 1
-2.7415364 2.4387712 0.58051717 1
-10.006732 8.0261469 3.4791687 6
-2.8790147 2.470695 0.71688908 127
-9.7685595 8.1178885 2.5264888 7
-1.623494 1.3550295 -0.065852813 1
-9.0339022 7.2546196 3.6255171 12
-2.2174771 1.8287928 -0.054470703 1
-2.921582 2.3926301 0.31373116 2
-3.0279043 2.4689548 0.86141545 4
-2.8121791 2.4676936 0.98158985 1
-3.9231346 3.2143331 0.064524174 2
-12.782021 10.308213 3.7037585 3
-3.3890891 3.0733414 -0.05372164 12
-2.8645477 2.4753892 0.71654838 127
-2.8083487 2.481194 0.98238659 3
-2.8633714 2.3641448 0.44901741 1
-9.7155256 8.1322002 2.5217786 9
-1.8687996 1.5622466 -0.059686244 1
-2.7177799 2.4355092 0.58025897 1
-8.9810753 7.2647824 3.6164763 12
-2.7157335 2.2435794 -0.052193031 3
-12.739463 10.348362 3.7025819 3
-9.9525719 8.0437441 3.4722819 6
-2.9126418 2.4036663 0.31381014 2
-1.6123712 1.3564521 -0.063731939 1
-2.2090971 1.8360156 -0.054028668 1
-2.992233 2.4591968 0.85857105 6
-3.8900471 3.2108209 0.067095354 2
-3.3485725 3.0590606 -0.048722096 11
-2.7935066 2.4860966 0.98149985 3
-2.8435431 2.4753683 0.71580881 128
-9.6655416 8.1487885 2.517695 12
-2.858062 2.3769739 0.44902351 1
-12.701654 10.388564 3.7021542 3
-8.9342985 7.2795157 3.6095035 13
-1.853845 1.5620573 -0.056917425 1
-9.9028692 8.0617332 3.4662862 6
-3.320545 3.0545609 -0.045684393 11
-2.986577 2.4724617 0.85899812 6
-2.6862488 2.2359922 -0.047707308 3
-2.7206995 2.4563577 0.58060628 1
-2.8978784 2.409133 0.31431794 2
-1.6045074 1.3599519 -0.062646061 1
-2.2055995 1.8465078 -0.054733228 1
-3.9002726 3.2423651 0.064735033 2
-2.8286519 2.4804261 0.7154786 124
-9.6411829 8.1837873 2.5185719 17
-2.7696896 2.4831185 0.97916067 3
-1.8576053 1.5758806 -0.059578918 1
-2.8402994 2.3796868 0.4493264 1
-12.664923 10.433367 3.7025015 3
-2.7123947 2.4656756 0.58068275 1
-9.8545933 8.0777645 3.4602714 7
-2.6878779 2.2526903 -0.049524479 3
-8.8875332 7.2940178 3.6025288 12
-2.8835416 2.4139991 0.31482294 2
-1.6101193 1.3743937 -0.066237487 1
-2.2096674 1.8631954 -0.057355665 2
-2.9684925 2.4756589 0.85804826 3
-3.8856878 3.2537892 0.065197632 2
-3.3038189 3.0611551 -0.044606026 11
-9.5625143 8.1756992 2.5085754 14
-2.8167918 2.4880056 0.7153551 124
-2.8256474 2.3848519 0.44955269 1
-1.8399192 1.5727954 -0.055910457 1
-2.6813874 2.2636538 -0.049763829 3
-2.7036188 2.4754589 0.58076108 1
-2.8718629 2.4218528 0.31511796 2
-9.7867956 8.0804434 3.4488971 7
-2.7574198 2.4909723 0.97876066 4
-1.6069369 1.3812506 -0.066713132 1
-8.8407755 7.3082891 3.5955527 12
-2.2094259 1.8758051 -0.058830697 2
-2.9462359 2.4744449 0.85657865 1
-12.626181 10.480269 3.7028675 3
-3.8894973 3.2804 0.063542783 2
-3.321744 3.1003652 -0.049409367 11
-2.804915 2.4955399 0.71523041 127
-2.6624832 2.455363 0.58010489 1
-9.5035496 8.1838226 2.5026224 13
-2.7504797 2.5017226 0.97908014 8
-1.8373015 1.5820022 -0.056760948 1
-2.7955832 2.3771787 0.45015061 1
-8.8029699 7.3296986 3.5916703 12
-9.7357187 8.0993719 3.4429083 5
-2.6698823 2.2712986 -0.049054079 3
-2.9339075 2.4830444 0.8563202 1
-2.1963491 1.8792346 -0.057230338 2
-9.7104216 8.1330185 2.9794633 2
-2.8720458 2.4403505 0.31456378 2
-1.5928055 1.3800683 -0.063545428 1
-3.3335798 3.1343727 -0.053229615 12
-2.738606 2.508985 0.97867697 8
-2.647804 2.4596055 0.58005047 1
-9.4536324 8.199378 2.498533 14
-2.7930198 2.5030291 0.71510446 128
-2.7840481 2.3846962 0.45030278 1
-9.6439257 8.1328545 2.9698446 12
-8.7383766 7.3287063 3.5785029 10
-1.838852 1.5952911 -0.058964025 1
-9.6830692 8.1138248 3.4360089 6
-2.6891251 2.3036878 -0.054643825 3
-4.6721401 3.9841352 -0.029265739 3
-2.8695004 2.4558103 0.31421873 2
-2.9082022 2.4795961 0.85450703 3
-2.1926649 1.8897225 -0.057933435 2
-1.5908331 1.3884104 -0.064539239 1
-3.3049748 3.130168 -0.050189458 11
-2.730118 2.5183597 0.97875345 11
-9.4156742 8.2250328 2.4969308 15
-9.6363602 8.1300831 3.4304366 4
-1.8349301 1.6029351 -0.059365451 1
-2.6415696 2.4723327 0.58019906 1
-2.7724938 2.3921688 0.45045564 1
-4.6648216 4.0051165 -0.02984572 3
-9.5971308 8.1517553 2.9655542 11
-2.6359248 2.2748573 -0.045129273 3
-2.824475 2.4348304 0.31685299 2
-8.6990891 7.3484192 3.5741045 9
-2.1708808 1.8850781 -0.054036118 1
-1.591782 1.3992252 -0.066570289 1
-2.9024284 2.4926147 0.85493517 6
-3.294426 3.1414526 -0.050097093 11
-2.7108376 2.518893 0.97713822 13
-9.3687201 8.2427311 2.4934621 15
-2.7674589 2.4042444 0.45045769 1
-8.6551657 7.3614516 3.5676277 12
-12.483777 10.655741 3.7049844 3
-1.8172889 1.5995939 -0.055697508 1
-2.6429229 2.2971196 -0.048200794 3
-9.5911913 8.1502981 3.4257765 5
-2.1704974 1.8976425 -0.055509578 1
-1.5811166 1.3998077 -0.064447843 1
-2.8970456 2.5051112 0.85535866 6
-2.8066564 2.4372787 0.31757325 2
-4.6658068 4.0346656 -0.031475034 3
-3.2867353 3.1554034 -0.050493095 12
-2.6205328 2.4715369 0.58001399 1
-2.7442551 2.5126998 0.71379828 6
-9.5311003 8.1547356 3.416172 6
-1.8192832 1.6122195 -0.05790608 1
-2.7604241 2.4155195 0.45050025 1
-2.632149 2.3036313 -0.047498915 3
-9.3098841 8.2497568 2.4875033 14
-8.6173134 7.38205 3.5637412 12
-2.6999505 2.527817 0.97697914 16
-2.7832053 2.4339614 0.31871316 2
-1.5819926 1.4106344 -0.066478647 1
-2.1667221 1.9080741 -0.056213427 2
-12.459146 10.714721 3.7091484 3
-2.8805265 2.5091007 0.8545773 6
-4.6515131 4.0513148 -0.031342357 3
-3.2062685 3.1017992 -0.038632903 10
-2.6264362 2.4945588 0.58042598 1
-2.7412617 2.5279267 0.71429169 5
-9.2511206 8.2564869 2.4815421 13
-12.420188 10.753915 3.708719 3
-2.7244942 2.4020526 0.45123926 1
-8.579423 7.4024663 3.559855 12
-9.4904242 8.1812449 3.4133117 8
-2.6904998 2.5380316 0.97706342 17
-4.6552653 4.0835252 -0.033322833 3
-2.632544 2.3213308 -0.04930773 3
-2.8715935 2.519469 0.85466069 8
-2.1569371 1.913404 -0.055384632 1
-2.7923086 2.4600852 0.31752095 2
-1.8191545 1.6242748 -0.059655484 1
-1.5828125 1.4214798 -0.068509191 1
-2.5941157 2.4822662 0.57996792 1
-3.2384145 3.1543586 -0.045887157 11
-9.2086315 8.2744112 2.4786785 11
-2.7292995 2.5351357 0.71416527 6
-2.720485 2.4158003 0.45120877 1
-12.376233 10.792594 3.7075455 3
-2.6306827 2.3355205 -0.050492909 3
-9.4407644 8.1940279 3.4068408 7
-1.8077374 1.6255132 -0.057798944 1
-8.5180721 7.4025326 3.5477123 12
-2.7537501 2.4435625 0.31972483 2
-2.5711179 2.477509 0.57970625 1
-2.6785462 2.5450449 0.97665805 19
-2.8414729 2.5116158 0.85232693 8
-4.6453104 4.1040554 -0.033718236 3
-2.150115 1.921245 -0.055322003 1
-1.5630918 1.4147 -0.063269086 1
-3.2673652 3.2044408 -0.052649017 12
-9.1705446 8.2990608 2.4770725 7
-2.6104429 2.3346703 -0.047901101 3
-2.7080047 2.5347171 0.71342397 9
-2.5627429 2.4863241 0.57978088 1
-2.7058501 2.4203732 0.45143229 1
-1.7989872 1.6295744 -0.056842215 1
-2.146575 1.9312482 -0.05602872 2
-2.8239408 2.5135136 0.85136873 8
-1.5611987 1.4227074 -0.064263441 1
-9.3911486 8.2094936 3.4008327 6
-2.7691772 2.4744511 0.31810313 2
-8.4743433 7.4174609 3.54176 12
-2.6738465 2.5587583 0.97746545 21
-12.327292 10.830665 3.7056341 3
-4.6532655 4.140316 -0.036224674 3
-3.2817161 3.2409732 -0.056958281 12
-9.1104126 8.3036604 2.4707959 2
-2.6449006 2.5489249 0.97414815 22
-2.5626018 2.5038366 0.58005989 1
-1.7858301 1.6297516 -0.054531105 1
-2.7017493 2.434088 0.45140174 1
-8.433526 7.4347262 3.5368364 12
-2.7014778 2.5476668 0.71371537 11
-2.6017213 2.3445809 -0.047821235 3
-9.334219 8.2212706 3.3930387 6
-12.29196 10.876762 3.7067387 3
-1.5587591 1.4312919 -0.065253407 1
-2.1541233 1.9523618 -0.059793998 2
-2.720861 2.4507353 0.32095096 2
-2.820549 2.5294352 0.85214502 9
-3.2075701 3.1919131 -0.04608462 11
-2.6362803 2.5579848 0.97422373 22
-9.0825005 8.340126 2.4716942 0
-12.252497 10.915358 3.7063081 3
-2.5667107 2.5255246 0.5804404 1
-2.6870861 2.4385397 0.45162743 1
-8.4101067 7.4670968 3.5381076 10
-1.7797165 1.636622 -0.054475702 1
-2.6836038 2.5492864 0.71317637 11
-3.1911376 3.1973228 -0.045012765 11
-2.8085504 2.5369635 0.85188138 11
-9.2875662 8.2388124 3.3879228 6
-2.5963449 2.3565936 -0.048374124 3
-2.8506398 2.5998693 0.17330892 2
-1.5507358 1.4344863 -0.064168282 1
-2.1353791 1.9498247 -0.05666602 2
-2.7181339 2.4658372 0.32060516 2
-2.6214147 2.5620365 0.97333318 22
-1.7799956 1.6479852 -0.0562311 1
-2.6515727 2.5367258 0.71159983 2
-2.6724262 2.44293 0.45185116 1
-9.2394447 8.2519007 3.3818948 5
-2.6031616 2.3786211 -0.051446311 3
-2.5433102 2.520937 0.58018094 1
-8.3894548 7.5019522 3.5404122 7
-12.225637 10.969021 3.7096968 3
-2.7098005 2.4751568 0.32068104 2
-1.5484917 1.44276 -0.065159336 1
-2.1284301 1.9575888 -0.056602512 2
-2.7995193 2.5470841 0.8519637 13
-3.2476857 3.2756352 -0.056666136 12
-2.661186 2.4494319 0.45199835 1
-2.6371627 2.5403652 0.7112602 17
-2.6223402 2.5810938 0.97510999 24
-12.174195 10.996882 3.7062261 3
-8.3555737 7.5224299 3.5375409 6
-1.779922 1.6596994 -0.05798335 1
-2.5858624 2.3801351 -0.049483974 3
-9.1927919 8.2689657 3.3767781 3
-2.7790048 2.5460603 0.85065877 14
-2.1100874 1.9544907 -0.053477738 1
-1.5435871 1.4481925 -0.065115832 1
-2.7009954 2.4849341 0.32076046 2
-4.5949998 4.2056022 -0.035698548 3
-2.5137808 2.5111132 0.57978958 1
-3.1881478 3.2397866 -0.048244465 11
-1.7655971 1.6580831 -0.055224854 1
-2.577822 2.389015 -0.049411021 3
-9.1591988 8.2946329 3.3752317 1
-2.6164901 2.5389271 0.71051204 21
-2.6074309 2.5850558 0.97421902 24
-2.6465247 2.4536915 0.45222175 9
-2.683691 2.4861851 0.32147232 2
-8.3174438 7.541647 3.5336499 4
-2.5124524 2.5267262 0.58003139 1
-2.1060414 1.9647924 -0.05418079 1
-12.127555 11.036701 3.7050695 3
-4.5741997 4.2166557 -0.034862291 3
-1.5326581 1.4487135 -0.062992387 1
-2.7684588 2.5547485 0.85056698 17
-3.1766577 3.2512569 -0.048148092 11
-1.7625642 1.6671683 -0.05607409 1
-2.6118035 2.5525005 0.71090114 25
-2.6377931 2.4632418 0.45229983 9
-2.5024867 2.5339575 0.58006996 1
-10.260389 9.3492317 3.7262371 1
-2.5576119 2.3877332 -0.046820845 3
-1.5420561 1.4670415 -0.068137646 1
-2.7539048 2.5588849 0.84995401 16
-8.3022089 7.5814314 3.538017 7
-2.5892165 2.5866396 0.97284663 24
-2.6536875 2.4775786 0.32304001 2
-2.1106801 1.983 -0.057182524 2
-12.08949 11.084265 3.7061927 3
-3.1455317 3.2429688 -0.044624425 11
-4.564405 4.239172 -0.035426002 3
-2.4906278 2.5401907 0.58008015 1
-2.60272 2.561933 0.71097946 31
-2.580472 2.5955226 0.97292089 24
-2.5662069 2.4134214 -0.050512262 3
-1.7620714 1.6792065 -0.057823777 1
-10.202616 9.3662882 3.7193661 2
-2.6226819 2.4678502 0.45252696 9
-1.533689 1.470417 -0.067051038 1
-2.7472866 2.5719912 0.85038388 26
-8.2725992 7.6109629 3.537751 15
-2.6503313 2.4930246 0.32269883 2
-12.059 11.134875 3.7088223 3
-2.1119611 1.9990115 -0.059414189 2
-4.4980602 4.2082696 -0.029145513 3
-3.1948097 3.3170078 -0.05528637 12
-2.5631988 2.5960224 0.97154081 27
-2.4702525 2.5379121 0.57988453 1
-2.5936036 2.5713215 0.71105957 32
-10.164955 9.4014626 3.7187781 2
-2.6046312 2.4696739 0.45282581 9
-2.5630109 2.4285109 -0.051689275 3
-1.7529049 1.6833535 -0.056864925 1
-2.0817094 1.9854501 -0.053225014 1
-2.7406125 2.5850854 0.850815 11
-4.4568439 4.1999717 -0.025853695 3
-12.028297 11.185406 3.7114503 3
-2.632643 2.4944899 0.32341316 2
-3.1363878 3.2797344 -0.046877522 11
-1.5338565 1.4815848 -0.069077894 1
-8.261385 7.657341 3.5441995 31
-2.5680726 2.6192474 0.97404617 35
-2.5844555 2.5806966 0.71113771 33
-2.4668725 2.5525136 0.58009738 1
-10.037237 9.3500481 3.68946 2
-2.5369813 2.4216833 -0.047842935 3
-2.5914443 2.4750032 0.45301259 12
-1.7440336 1.6871299 -0.055909671 1
-11.983013 11.222489 3.7102766 3
-4.4958839 4.2661529 -0.032217383 3
-2.7123795 2.5773988 0.8486473 10
-3.1247563 3.2910135 -0.046779923 11
-8.2172575 7.6708331 3.5382395 45
-2.6267009 2.5067132 0.32327941 2
-1.5172123 1.476754 -0.064880006 1
-2.0746357 1.9930295 -0.053162154 1
-2.5559392 2.6257107 0.97363961 35
-2.5671542 2.5811994 0.7105903 35
-2.45171 2.5561929 0.580042 1
-10.091442 9.4633884 3.7166562 2
-2.5860028 2.4866345 0.4530127 12
-11.939609 11.257297 3.7090831 3
-8.1730785 7.6813307 3.5317519 34
-2.7587411 2.6643 0.17607659 2
-1.7508405 1.7054853 -0.059916515 1
-2.513922 2.4173949 -0.044626564 3
-1.5204105 1.4902573 -0.067946799 1
-3.1268833 3.3165214 -0.049127832 12
-2.6090217 2.5080247 0.32399353 2
-2.0847688 2.0166454 -0.057693455 2
-2.6886132 2.5736151 0.84699702 9
-2.5522704 2.5848744 0.71025425 36
-2.5409889 2.6293221 0.97274745 39
-2.4500842 2.5717542 0.58028454 1
-2.5746834 2.4927723 0.45315874 12
-10.073875 9.5105772 3.721421 2
-11.913245 11.308089 3.7124553 3
-8.1528912 7.7140851 3.5340438 33
-2.7207863 2.6463985 0.17966476 2
-2.5143991 2.434145 -0.04643875 3
-1.7322662 1.6995919 -0.05580594 1
-2.5889013 2.5060434 0.32491413 2
-2.0779445 2.0238571 -0.057632651 2
-2.6813676 2.5841925 0.84724718 24
-1.5181649 1.4982315 -0.068939701 1
-3.1288714 3.3420911 -0.051475089 12
-2.5430744 2.5940986 0.71033198 37
-10.0289 9.5354528 3.7181234 2
-2.4409366 2.5806222 0.58035994 1
-1.7250863 1.7042941 -0.055305209 1
-2.6668305 2.587913 0.84663039 7
-2.5119209 2.4482172 -0.047622677 3
-11.864744 11.342003 3.7105196 3
-2.7402444 2.683676 0.17623875 2
-2.5630188 2.4984732 0.32625753 2
-2.5687196 2.5048258 0.45316377 13
-2.5339558 2.6417825 0.97331595 39
-8.1199684 7.7376142 3.5322144 28
-1.513074 1.5035522 -0.068894334 1
-2.0768046 2.0364425 -0.059104614 2
-3.0759311 3.3102403 -0.044044156 11
-2.5166774 2.641983 0.97193408 35
-2.5366757 2.6061039 0.71061772 37
-1.7204143 1.7119666 -0.055702597 1
-2.5203912 2.4736516 -0.051315024 3
-9.9951792 9.5708637 3.7184157 2
-2.5424337 2.4975615 0.4536739 13
-2.4164429 2.5736613 0.58006245 1
-8.0981846 7.7716451 3.5345187 28
-1.5076972 1.5091429 -0.068848163 1
-11.830334 11.389285 3.7123878 3
-2.5801687 2.5325274 0.32443053 2
-2.6128128 2.5550218 0.84134245 6
-2.0638611 2.0385971 -0.057510421 2
-3.0696526 3.3270798 -0.044925325 11
-2.5128219 2.65676 0.97298437 37
-2.5330451 2.6209307 0.71111226 42
-1.7199323 1.7236741 -0.057453364 1
-2.4916286 2.4636414 -0.046843644 3
-9.9585218 9.6034756 3.7178099 2
-2.4031279 2.5780876 0.58003569 4
-1.4855571 1.4986786 -0.062576257 1
-2.5306611 2.5039794 0.45382342 15
-2.0537641 2.0434 -0.056682453 2
-2.603719 2.564455 0.84142083 30
-2.5653961 2.5363286 0.32493141 2
-8.0762625 7.8056374 3.5368226 30
-3.0366898 3.3144379 -0.040923875 11
-11.785247 11.43039 3.7119889 3
-2.5006065 2.6629901 0.97257614 37
-2.5068598 2.6130576 0.70994413 50
-2.3967228 2.5896809 0.58017975 6
-1.7193912 1.7354002 -0.059204303 1
-2.5217545 2.5131404 0.45389876 23
-8.0430746 7.8288441 3.5349934 28
-2.4824324 2.473119 -0.046765521 3
-9.9256649 9.6430988 3.7190142 2
-2.5869586 2.5674219 0.84063739 54
-2.0461218 2.0512662 -0.056616541 2
-1.4743671 1.4990844 -0.060453549 1
-2.5516143 2.5419044 0.32533044 2
-3.0357764 3.3369756 -0.042782448 11
-11.756129 11.482897 3.7153816 3
-2.9053183 2.9026234 0.15264763 2
-2.4891648 2.6135759 0.70939785 53
-2.4828725 2.6634476 0.97119606 35
-2.5042131 2.5138898 0.45419121 20
-11.720394 11.525055 3.7164705 3
-2.3971508 2.6085145 0.58049506 9
-9.8904781 9.6736889 3.7183936 2
-8.0125942 7.8546152 3.5341952 28
-3.0065832 3.0212736 0.13905887 2
-1.6961166 1.7257322 -0.053737838 1
-3.0239444 3.3479054 -0.042686053 11
-2.476474 2.4848588 -0.047316764 3
-2.0388162 2.0587208 -0.056554087 2
-2.5749593 2.5739903 0.84036905 46
-2.5368481 2.5455592 0.32583138 2
-1.4856339 1.5206913 -0.066630647 1
-2.4868438 2.6297252 0.70999521 61
-2.5085776 2.5350969 0.45394012 23
-2.3801057 2.6080282 0.58036149 15
-11.68731 11.569849 3.7183213 3
-8.005538 7.9004469 3.5416551 33
-9.8496199 9.6987152 3.7159762 2
-2.4788823 2.6781633 0.97224683 34
-2.9765277 3.0119863 0.14159894 2
-2.473731 2.498908 -0.048500359 3
-1.6986235 1.7398288 -0.056392882 1
-2.5719628 2.5883989 0.84113681 22
-2.0346589 2.0685298 -0.057259116 2
-1.4749434 1.5204997 -0.064511493 1
-2.5282497 2.5542798 0.32590359 2
-3.0120747 3.3587914 -0.042589676 11
-2.4624794 2.5046489 -0.047801372 3
-1.6955024 1.7484891 -0.057243638 1
-2.4774904 2.6387131 0.71007383 61
-11.632476 11.597279 3.7148588 3
-2.5139334 2.5573552 0.32640019 2
-9.8181076 9.7362318 3.7171645 2
-2.4824739 2.5273151 0.45444801 22
-1.480794 1.5365297 -0.068616517 1
-2.3708317 2.6166503 0.58043718 18
-2.5660546 2.6000125 0.84155816 66
-2.9516947 3.0086696 0.14344162 2
-2.0164692 2.0645549 -0.05413907 1
-7.9775772 7.9287629 3.5418928 34
-2.4720876 2.6900029 0.97281206 30
-2.9793284 3.3456604 -0.038591839 10
-2.4711661 2.7071645 0.97434515 29
-1.6892629 1.7547218 -0.05719037 1
-2.4848349 2.5475683 0.45423836 30
-9.7947607 9.7818775 3.7210493 2
-2.4563813 2.5163507 -0.048353203 3
-2.3615274 2.6252434 0.58051229 24
-2.4681041 2.6476796 0.71015215 66
-2.6394303 2.717927 0.18101457 2
-2.5893795 2.6415226 0.84562498 18
-11.599839 11.646632 3.7174904 3
-2.00633 2.0691457 -0.053310703 1
-2.5218477 2.5833411 0.32521024 2
-7.9412861 7.9488292 3.5390277 34
-1.4588376 1.5256859 -0.062347248 1
-2.9941573 3.3857892 -0.043380089 11
-2.4574671 2.7117617 0.97369266 27
-1.6857592 1.7636809 -0.058039289 1
-9.7601748 9.8164787 3.721339 2
-2.4531674 2.6508355 0.70981264 78
-2.4390538 2.5168757 -0.046395216 3
-2.356261 2.6382091 0.58069175 27
-7.9158955 7.9796414 3.5402992 33
-2.4602215 2.5410163 0.45470688 26
-2.5785706 2.6494658 0.84553063 6
-2.0045183 2.0820162 -0.054778516 2
-1.4561175 1.5338109 -0.063337699 1
-8.399848 8.5155993 2.8495462 2
-2.5848362 2.6822472 0.18669946 2
-2.4928896 2.5726998 0.32676467 2
-2.992789 3.4083614 -0.045235362 11
-2.4387109 2.6534717 0.70946944 77
-2.3446467 2.6433682 0.58069468 36
-2.4397132 2.711921 0.97231197 24
-2.43011 2.5257165 -0.046320088 3
-1.6684747 1.7588214 -0.054380096 1
-8.3862753 8.5056095 3.284178 6
-2.4483657 2.5470781 0.45485461 30
-1.4533588 1.5419457 -0.06432835 1
-2.5564857 2.6460762 0.84405023 10
-2.0054095 2.0976896 -0.057010826 2
-2.480926 2.578881 0.3270537 2
-7.8958344 8.0158644 3.5436373 36
-8.3585653 8.5369978 2.847147 20
-2.6168001 2.7346141 0.18153085 2
-2.9642158 3.4019275 -0.042206168 11
-2.3379409 2.6548178 0.58083951 42
-2.4233358 2.7134507 0.97117406 21
-2.4292746 2.662303 0.70954597 82
-8.2074585 8.4404192 2.813483 9
-2.4463263 2.5630686 0.4547517 35
-7.8756204 8.0520496 3.5469749 34
-1.6550401 1.7583313 -0.052071784 1
-2.4179075 2.5321429 -0.045613542 3
-2.6656392 2.8038547 0.17426085 2
-8.3423548 8.5242844 3.2803996 8
-2.4684944 2.5854659 0.32734457 2
-1.4502853 1.5503448 -0.065316647 1
-2.0003245 2.1081598 -0.057709325 2
-2.9969893 3.4630659 -0.050407972 12
-2.4222155 2.7305622 0.97270685 19
-2.4225364 2.6740134 0.70983189 91
-2.3231363 2.6573703 0.58077681 39
-8.2680779 8.5622282 2.8388739 2
-1.6572658 1.7724674 -0.054725766 1
-2.414891 2.5461235 -0.046797201 3
-2.4288173 2.5633478 0.45504227 33
-8.2891426 8.5272894 3.2725511 14
-2.6339481 2.790158 0.17713931 2
-7.8444233 8.0771561 3.5461788 34
-2.4625576 2.5968134 0.32720679 2
-1.4528582 1.5639846 -0.06837976 1
-2.5050385 2.6322925 0.84021848 37
-1.9900709 2.1126571 -0.056881677 2
-2.9847152 3.4738526 -0.050310224 12
-2.4151754 2.7422628 0.97327232 16
-2.4130273 2.6827798 0.70990902 96
-2.4197016 2.5721447 0.45511791 36
-2.4017105 2.5506248 -0.045780666 3
-1.6590987 1.7869414 -0.057376571 1
-2.3132162 2.6662145 0.58085531 33
-8.3415976 8.6986895 2.8680792 3
-8.216814 8.5133438 3.2588739 6
-1.9801875 2.1167486 -0.05605863 2
-1.4340708 1.555261 -0.063153073 1
-2.5852771 2.7595553 0.18212023 2
-7.821239 8.1104546 3.5484824 30
-2.4547176 2.6071615 0.32717797 2
-2.9567049 3.4666872 -0.047285736 11
-2.3958364 2.6822779 0.70935714 100
-2.4040916 2.7495322 0.97310674 3
-8.333086 8.6936445 3.307646 2
-2.3926473 2.5593345 -0.045705505 3
-1.6513702 1.7916374 -0.056872297 1
-2.5616813 2.754523 0.18395093 2
-2.4036102 2.5737119 0.45537177 32
-1.4285125 1.5605782 -0.06310688 1
-8.3639116 8.7833986 2.8831911 6
-1.9781094 2.1296196 -0.057524413 2
-2.4825885 2.6456313 0.83984888 43
-2.4454489 2.6160519 0.3272545 2
-2.3090591 2.6805696 0.58107001 27
-7.784482 8.129796 3.5456157 30
-2.9444182 3.4773443 -0.047189102 11
-2.3862979 2.690954 0.70943463 100
-2.3832183 2.7468417 0.971241 6
-8.3179464 8.7973576 2.8792543 4
-2.4082952 2.5968626 0.45509127 47
-1.6395805 1.7920913 -0.055017885 1
-1.4256116 1.5686524 -0.064096451 1
-2.3008561 2.6904376 0.58118063 16
-2.3780818 2.5623107 -0.044376049 3
-8.3306999 8.7526312 3.3173339 4
-2.4306207 2.6191421 0.3277525 2
-7.7691059 8.1712675 3.5510235 30
-1.9759673 2.1425097 -0.058990784 2
-2.4828472 2.6646667 0.84114295 100
-2.5518968 2.7637968 0.18403013 2
-2.9269042 3.4819493 -0.046118274 11
-2.3767307 2.6995933 0.70951128 100
-2.376092 2.7584395 0.97180516 3
-1.6399117 1.8051829 -0.057217415 1
-2.3771551 2.5795193 -0.046182796 3
-2.2952528 2.7032921 0.58135933 4
-2.389411 2.5954442 0.45541555 60
-1.4226723 1.5767365 -0.065086693 1
-1.968341 2.1497297 -0.058928374 2
-2.4623578 2.6621208 0.83983046 22
-2.4171786 2.6236076 0.32814497 2
-8.342226 8.8852024 2.8951335 4
-8.3118544 8.7947836 3.3216314 3
-7.7375298 8.1959667 3.5502262 28
-2.5420799 2.7730267 0.18411018 2
-2.9016402 3.4774334 -0.04358333 11
-2.372489 2.714133 0.71000546 100
-8.3756495 8.9804201 2.9132907 3
-2.3724015 2.594949 0.4556998 70
-2.3728571 2.7744775 0.97310132 1
-7.7046704 8.2163734 3.5483811 28
-1.6321329 1.8098052 -0.056713969 1
-8.3236523 8.8694525 3.336266 2
-2.3598428 2.579529 -0.044227023 3
-2.2738087 2.6980553 0.5811221 1
-2.4556308 2.673928 0.84025568 100
-1.4170378 1.5820121 -0.065040492 1
-1.9417949 2.1369543 -0.053514976 1
-2.5267742 2.7764165 0.18488996 2
-2.4105973 2.6352694 0.32801101 2
-2.879019 3.4757955 -0.041537151 11
-2.3747799 2.7964935 0.97537029 1
-1.6260018 1.8155168 -0.056664124 1
-2.3576996 2.5977213 0.45591655 70
-8.3948584 9.0645533 2.9280305 3
-8.3633184 8.9712057 3.3598802 2
-2.4058008 2.6479375 0.32776776 2
-2.34302 2.5790339 -0.042276513 3
-2.3490162 2.7082934 0.70904171 105
-7.672956 8.2408199 3.5475831 28
-2.5201235 2.7880158 0.1846175 2
-2.265528 2.7078202 0.58123225 1
-1.4087396 1.5844544 -0.063958503 1
-1.934189 2.1440501 -0.053453863 1
-2.4379218 2.6741085 0.83928978 28
-2.8974636 3.5225542 -0.04729186 12
-2.3473601 2.7257497 0.70974487 106
-1.6288362 1.8314716 -0.059763215 1
-8.4282761 9.1647272 2.9469709 4
-8.3821659 9.054883 3.3772175 2
-2.3473344 2.6019757 -0.04533466 3
-2.3517897 2.790134 0.97301191 1
-2.3689172 2.6282125 0.45546153 22
-7.6490788 8.2736216 3.5498872 30
-2.4966812 2.7825286 0.18644354 2
-1.3980865 1.5837692 -0.061841596 1
-2.3936651 2.6537297 0.32805493 2
-1.9349787 2.159384 -0.05568723 2
-2.2845969 2.7493825 0.58207381 1
-2.8977437 3.5482087 -0.049632609 12
-8.4217386 9.1616716 3.4017487 2
-2.3717992 2.6500058 0.45521984 8
-1.6130321 1.8274733 -0.056558698 1
-2.3323748 2.7282789 0.70940322 102
-1.4029373 1.6002879 -0.065939508 1
-8.4504423 9.2537241 2.9628625 3
-2.3600614 2.819663 0.97650099 1
-1.9353011 2.1750832 -0.057915244 2
-2.4152765 2.6869135 0.83891881 18
-2.3327198 2.6047015 -0.044006869 3
-2.4867992 2.7915628 0.18652382 2
-2.3760903 2.653614 0.3287608 2
-7.6119251 8.2921867 3.5470195 28
-2.8482833 3.5118842 -0.042236518 11
-2.2670319 2.748558 0.58194011 1
-2.3669109 2.6625917 0.45518616 24
-8.4803705 9.3487425 2.9806497 3
-7.591917 8.3263178 3.5503459 27
-1.6065145 1.833415 -0.056505825 1
-2.3266299 2.7412307 0.70979393 91
-2.3655651 2.8462753 0.97950381 1
-8.4395361 9.2459173 3.4190919 2
-2.3288181 2.6189799 -0.045184564 3
-2.4795723 2.8035178 0.18625291 2
-2.3653073 2.6607604 0.32894215 2
-1.9249021 2.1792741 -0.057089958 2
-1.394603 1.6026556 -0.064857572 1
-2.4070706 2.6971171 0.8391698 33
-2.2753754 2.7781305 0.58250499 1
-2.7851868 3.461009 -0.032396961 10
-8.4690151 9.3403816 3.4400225 2
-2.3413057 2.650342 -0.050124668 3
-1.6003042 1.8390317 -0.056455255 1
-8.5107269 9.4484301 2.9992206 3
-7.565074 8.3560324 3.5516169 27
-2.3603654 2.6733296 0.32869929 2
-2.3168845 2.7496731 0.70986915 57
-2.3915329 2.8971171 0.98640698 1
-2.4082472 2.7175891 0.8406381 28
-1.9038997 2.1718194 -0.053208489 1
-1.3967003 1.6163924 -0.067919441 1
-2.4642603 2.8065934 0.18703137 2
-2.2551966 2.7741585 0.58230019 1
-2.8605485 3.5789092 -0.049348731 12
-2.2642961 2.8029869 0.58284837 1
-1.5963705 1.8478154 -0.057312973 1
-2.3133075 2.6383588 -0.045675699 3
-8.5015373 9.4424372 3.4627504 2
-1.8912822 2.1726177 -0.05163227 1
-2.3802943 2.7052383 0.83826536 31
-7.5303216 8.3770866 3.5497649 25
-1.3756328 1.6041442 -0.061669298 1
-2.35221 2.6833725 0.32865867 19
-2.3149588 2.7671287 0.71056205 37
-8.5335455 9.5441608 3.0162601 3
-2.4659479 3.0057263 1.002565 1
-2.446296 2.8066313 0.18814786 2
-2.8585489 3.6010025 -0.051217757 12
-2.2696717 2.8296623 0.58333975 1
-1.5950028 1.8594899 -0.059064399 1
-7.5032759 8.4066114 3.551018 25
-2.3012168 2.7709763 0.71032006 21
-2.2770214 2.6178241 -0.039341003 3
-8.5574703 9.6386738 3.0332906 3
-8.5369787 9.5521383 3.4872906 2
-1.8989376 2.1973846 -0.056153726 2
-2.3408597 2.6908433 0.32883856 29
-2.4389851 2.8184605 0.18787201 2
-2.3595064 2.7024639 0.83694798 4
-1.3696159 1.609511 -0.06162449 1
-2.8357921 3.5989802 -0.049181245 12
-2.2914321 2.6526 -0.044907842 3
-2.2769284 2.8599045 0.58390564 1
-2.2900693 2.7778089 0.71028537 13
-8.5912781 9.7452116 3.053376 2
-1.5776452 1.854043 -0.055411071 1
-2.3299685 2.6978419 0.32901457 33
-8.5630283 9.6491051 3.5082257 2
-2.3645291 2.7273278 0.8389343 13
-7.4772043 8.4402618 3.5533175 27
-1.8937371 2.2072465 -0.056858744 2
-1.3715988 1.6232389 -0.064688683 1
-2.4263313 2.8243182 0.18829486 2
-2.7807231 3.5566258 -0.04081456 11
-2.2698131 2.8708477 0.58404374 1
-1.363236 1.6254468 -0.063610055 1
-2.3148293 2.7010915 0.4556475 138
-8.6270409 9.8550529 3.0742254 2
-2.2892368 2.7967849 0.71108878 7
-8.5807285 9.7376318 3.5264642 2
-2.2898824 2.6697757 -0.04671533 3
-1.5788038 1.8686022 -0.058063056 1
-2.3203816 2.7062974 0.32908469 36
-1.8911026 2.2200499 -0.058328055 2
-2.4083965 2.8241475 0.18941486 1
-7.4447813 8.4638567 3.5524986 27
-2.7730796 3.5728612 -0.041701496 11
-2.2798007 2.9039078 0.58467758 1
-8.6211357 9.8526783 3.5528033 2
-1.5669849 1.8685813 -0.056213815 1
-2.287015 2.8142583 0.71178836 3
-2.2804012 2.6780946 -0.046645947 3
-8.6569586 9.9593515 3.0935543 2
-2.3054841 2.7087231 0.32957482 29
-2.297298 2.7004957 0.45592776 126
-2.7684598 3.5917068 -0.043079458 11
-2.3852434 2.817883 0.1912321 1
-2.3649001 2.7668197 0.84169 31
-1.872813 2.2151973 -0.055216573 2
-7.4199572 8.496006 3.5547869 27
-1.3651017 1.639197 -0.066672713 1
-2.2728903 2.8155999 0.71143281 1
-2.2895856 2.9370794 0.58531147 1
-2.2903345 2.7118392 0.45592722 119
-1.562894 1.8772905 -0.057064563 1
-8.6582651 9.9652205 3.5782447 2
-8.6914043 10.069901 3.1144133 2
-1.3516093 1.6355578 -0.063523762 1
-1.8571695 2.2131894 -0.05286859 1
-2.360323 2.7813818 0.84245843 24
-2.2682881 2.6834092 -0.045950819 3
-2.7852209 3.6391239 -0.048832566 12
-7.382267 8.5135717 3.5518966 27
-2.3142745 2.738131 0.32817814 21
-2.3700087 2.8205233 0.19200167 1
-2.2641575 2.825382 0.71160913 1
-1.5587602 1.8860021 -0.057915702 1
-8.7046328 10.157055 3.129169 2
-2.2786334 2.9458067 0.58538735 1
-8.6870356 10.069308 3.6009912 2
-2.2561672 2.6886706 -0.045256335 3
-2.3399601 2.7779295 0.84113491 6
-2.7405307 3.6085241 -0.042418744 11
-1.8570268 2.2288771 -0.055101272 2
-2.4094663 2.8864245 0.1854503 2
-1.345769 1.6405841 -0.063481241 1
-2.3032365 2.745023 0.32835335 2
-7.3521519 8.5397091 3.5521131 28
-2.2719066 2.8551726 0.71314853 1
-2.2936022 2.9849534 0.58616149 1
-8.7228298 10.182574 3.626441 2
-2.2440383 2.6938787 -0.044561546 3
-1.5443959 1.8829056 -0.055167925 1
-1.8516672 2.2386484 -0.055807374 2
-8.7531681 10.286128 3.1546137 2
-7.3270035 8.5716 3.5543988 28
-2.2856565 2.7443082 0.32905173 2
-2.3731179 2.8361189 0.84695983 1
-1.3399127 1.6455959 -0.063438989 1
-2.7277467 3.6184185 -0.042332098 11
-2.4666417 2.973824 0.1764615 2
-2.2810526 2.9897289 0.58615893 1
-2.2718823 2.8757849 0.71405894 1
-8.7805262 10.391773 3.173955 2
-2.2447581 2.714026 -0.046994627 3
-1.8513734 2.2543678 -0.058039267 2
-1.5313416 1.8812104 -0.052869633 1
-1.3340381 1.6505781 -0.063396528 1
-2.2717412 2.7488308 0.45585796 1
-8.7452326 10.281429 3.6473937 2
-7.2941675 8.5946045 3.5535803 28
-2.3630366 2.8447261 0.84703082 15
-2.5387297 3.0798709 0.16538562 2
-2.2772074 2.7541308 0.32901692 2
-2.7457943 3.6696455 -0.048565496 12
-2.2793005 2.9057331 0.71559846 1
-2.2877209 3.020021 0.58672726 1
-2.2567923 2.7509873 0.45606658 1
-2.2855406 2.7837038 0.32762101 2
-8.7847538 10.401341 3.6746488 2
-1.5360101 1.9002206 -0.056869935 1
-2.2453673 2.7342255 -0.049429558 3
-2.3451638 2.8441937 0.84605658 10
-1.3356615 1.6643655 -0.066458642 1
-7.2763033 8.6351452 3.5589719 30
-8.8199291 10.51272 3.1971176 2
-1.8382626 2.2551725 -0.056456417 2
-2.6924012 3.2838602 0.14316635 2
-2.5946631 3.5002918 -0.02074918 9
-2.2843719 3.0377972 0.5870105 1
-2.2790115 2.9264374 0.71650904 1
-1.5317556 1.9088778 -0.057721451 1
-7.2382789 8.65207 3.5560794 30
-8.8560686 10.631068 3.2195187 2
-8.815979 10.512717 3.6992083 2
-2.2743652 2.7904732 0.32779673 2
-1.8277062 2.258904 -0.055635344 2
-2.3350565 2.8527029 0.84612852 6
-2.2280083 2.7333388 -0.04748353 3
-2.2573378 2.771415 0.45585704 1
-1.3247293 1.6634352 -0.064345889 1
-2.7242973 3.3454866 0.13732648 2
-2.5390468 3.4527555 -0.011912952 8
-2.2885957 2.9596493 0.71826184 1
-8.8852015 10.734582 3.2388449 2
-2.2901707 3.0686469 0.58758336 1
-2.7130291 3.3548315 0.13740641 2
-2.2695863 2.8048577 0.32744831 2
-8.8565645 10.636383 3.7273707 2
-2.2157652 2.7384076 -0.046789967 3
-2.265476 2.8010607 0.45544085 1
-1.5249525 1.9145365 -0.05767291 1
-2.317219 2.8520224 0.84515309 1
-1.3113368 1.6594983 -0.061198909 1
-1.8221986 2.2686148 -0.056341715 2
-7.2126484 8.6836214 3.5583644 30
-2.5274236 3.4614913 -0.011835961 8
-2.2736359 2.961293 0.71790904 1
-8.8951893 10.751333 3.7537096 2
-2.201956 2.7395961 -0.045476992 3
-1.5150692 1.9151123 -0.056279436 1
-1.3159106 1.6757641 -0.065301239 1
-1.8124235 2.2716017 -0.055527236 2
-2.3259897 2.8809848 0.8476615 1
-2.2580659 2.8092077 0.32772014 2
-2.2641993 2.8176935 0.45529479 1
-7.18749 8.7095804 3.559593 30
-8.9205675 10.858253 3.2620292 2
-2.7290757 3.3984032 0.13365999 2
-2.2982094 3.1027577 0.58822745 1
-2.5157728 3.4701829 -0.011759117 8
-2.2928293 3.0071578 0.72050399 1
-2.2541909 2.8259201 0.45536429 1
-1.5020297 1.9132165 -0.053983849 1
-7.1616206 8.7410059 3.5618758 30
-8.9645634 10.989819 3.287498 2
-8.9199553 10.862358 3.7773943 1
-2.1892235 2.7449698 -0.044780683 3
-2.3279595 2.9051743 0.84948152 1
-2.2704999 2.8455267 0.32591376 2
-1.3022345 1.6719898 -0.062152613 1
-1.7964271 2.2695067 -0.053179014 2
-2.7094412 3.3990228 0.13478783 2
-2.2968895 3.1238234 0.5885852 1
-2.5034754 3.4792962 -0.011678835 8
-2.2994049 3.0374777 0.72204846 1
-2.2543051 2.8464653 0.45515758 1
-8.9947891 11.102013 3.3083742 2
-7.1233459 8.7574091 3.5589828 28
-8.9608212 10.990192 3.806469 2
-2.1945295 2.7712419 -0.048463527 3
-2.275605 2.8722908 0.32473221 2
-2.2745631 2.8613389 0.84361726 30
-1.5010602 1.9265759 -0.056181785 1
-1.3036304 1.6857904 -0.065214619 1
-1.7858622 2.273062 -0.052359615 1
-2.6722057 3.3779376 0.13835095 2
-2.2954514 3.1449265 0.58894169 1
-2.4911473 3.4883575 -0.011597003 8
-2.2984345 3.0584371 0.72296143 1
-8.9905224 11.101766 3.8310328 1
-2.2492485 2.8608618 0.45508906 1
-9.0322905 11.228302 3.3323228 1
-1.4970051 1.9348757 -0.057036363 1
-2.1751919 2.7665908 -0.045899309 3
-2.2861116 2.904911 0.32312891 2
-7.0923753 8.7826586 3.5591941 28
-1.2951717 1.6876583 -0.064137585 1
-1.782745 2.2857015 -0.05382967 2
-2.3112648 3.1880074 0.58979535 1
-2.6727691 3.4030793 0.13669345 2
-2.2896221 2.9004428 0.84717935 16
-2.4781702 3.4978333 -0.011512893 8
-2.3076916 3.2055972 0.59007901 1
-9.0519848 11.25764 3.868217 1
-2.3016856 3.0861528 0.72430176 1
-1.4974768 1.9494982 -0.059685819 1
-2.1603978 2.7683744 -0.044581238 3
-1.7750233 2.291913 -0.053775262 2
-1.2918828 1.6952479 -0.065131962 1
-2.2793446 2.9187689 0.45405376 1
-7.0613208 8.8077908 3.5594046 28
-2.2908809 2.9318483 0.3219471 2
-6.9706588 8.7547226 2.7061524 2
-2.6507168 3.4003184 0.13816673 2
-2.436044 3.4646103 -0.0051203039 7
-1.4832004 1.9459205 -0.056939505 1
-2.3224916 3.2493286 0.59093797 2
-2.2689812 2.9270546 0.45412433 1
-7.0374432 8.8418236 3.5627246 28
-2.2999022 3.1075974 0.72522008 1
-2.3090005 2.9666564 0.85291147 1
-2.3049743 2.9717128 0.31993669 2
-2.1575065 2.7858665 -0.046385616 3
-9.0664406 11.36103 3.8892145 1
-6.9421697 8.7824936 2.7071238 11
-1.2782609 1.6912785 -0.061984409 1
-2.6610358 3.4379258 0.13511971 2
-1.766466 2.2987571 -0.053717196 2
-6.9810319 8.8319111 3.1320527 5
-2.2835307 2.9665554 0.45350537 1
-9.1327858 11.600364 3.4018977 12
-2.6271794 3.4189591 0.13832764 2
-7.0158315 8.8788309 3.5670791 33
-2.2912886 3.1191328 0.72550333 1
-2.3364305 3.2936327 0.59180087 2
-1.4674067 1.941038 -0.05374404 1
-2.1624098 2.8122463 -0.050067209 3
-2.2944243 2.9800866 0.32000834 2
-1.2794635 1.7051058 -0.065045789 1
-1.7582923 2.3052406 -0.053661499 2
-2.3059301 2.9843571 0.85403287 1
-9.0676622 11.519444 3.91855 3
-6.9860115 8.9024467 3.5672791 28
-2.2760069 2.9775705 0.45350447 1
-6.963376 8.9308739 2.7327378 11
-2.591017 3.3966749 0.1418827 2
-1.4705285 1.9584075 -0.057293616 1
-2.3096755 3.1652675 0.7281006 1
-2.3253322 3.3016851 0.59187227 2
-1.2712818 1.7066194 -0.063972116 1
-2.1406524 2.8042486 -0.046879034 3
-2.3107386 3.0110235 0.85619766 1
-2.3141472 3.0255709 0.31757566 2
-1.7456244 2.3052208 -0.052083053 1
-1.4626956 1.962057 -0.05679987 1
-2.322983 3.2051721 0.73027766 1
-2.1360879 2.8178587 -0.048063796 3
-2.2852197 3.0109856 0.45302474 1
-6.9550624 8.9244204 3.1455221 9
-6.9088135 8.9261885 2.7256882 22
-2.4808159 3.280478 0.15586589 2
-2.3228014 3.0471375 0.8594119 1
-1.7426995 2.3174803 -0.053554911 2
-1.2654967 1.711128 -0.063932799 1
-6.9449635 8.9150591 3.563345 27
-2.2891231 3.0147169 0.31889504 2
-2.3323834 3.3360381 0.59251982 2
-1.4533064 1.9644043 -0.055853613 1
-2.116354 2.8131926 -0.04549754 3
-2.279453 3.0255847 0.45295918 1
-2.3116081 3.2136016 0.73035175 1
-2.3177731 3.0733972 0.31563437 2
-6.9175053 8.9413986 3.1434791 3
-1.2570114 1.7128206 -0.062857203 1
-6.9110618 8.9366207 3.5625191 25
-2.3316467 3.0806506 0.86228168 1
-1.7392992 2.3300674 -0.055023473 2
-9.2794266 12.043968 3.4883206 2
-2.4783704 3.3025041 0.15455739 2
-2.3112111 3.3315094 0.59230947 2
-2.3073306 3.2316253 0.73105836 1
-2.1063688 2.8209109 -0.045432013 3
-9.0146036 11.704419 3.9454861 1
-1.2509001 1.7175173 -0.062815912 1
-2.2858665 3.0559838 0.45255089 1
-1.4475038 1.9713362 -0.056256101 1
-2.3378382 3.1111231 0.86480296 1
-6.8759084 8.9565487 3.561172 24
-1.7281929 2.3336771 -0.054203913 2
-2.3110082 3.3561783 0.59274185 2
-2.3063204 3.0822382 0.31570995 2
-9.3067169 12.171659 3.5115454 2
-2.4417679 3.2803526 0.15811302 2
-2.319504 3.2721879 0.73324317 1
-2.2817941 3.0742164 0.45242006 1
-2.0958571 2.8289676 -0.04536134 3
-1.4377528 1.9738814 -0.055308107 1
-2.3707545 3.4657435 0.59504014 2
-2.3335443 3.1294868 0.86592954 1
-6.842658 8.9821167 3.5613921 22
-8.9735641 11.740955 3.9466727 1
-1.2515441 1.7316076 -0.065874629 1
-9.3592339 12.329241 3.5424037 2
-1.7170849 2.3372409 -0.053383883 2
-2.4204557 3.2765424 0.15958002 2
-2.3167593 3.1195185 0.31391343 3
-2.3361275 3.3193395 0.7358495 1
-8.9229116 11.764955 3.9442542 1
-2.2897534 3.1083419 0.4519473 1
-9.4059954 12.481073 3.5717413 2
-1.2450582 1.7365257 -0.065831646 1
-1.4351069 1.985669 -0.057055485 1
-1.7040045 2.3373067 -0.051803835 1
-2.0949113 2.8495424 -0.047789883 3
-2.3056924 3.1279378 0.31398562 3
-2.3485386 3.1731651 0.86985523 1
-6.7917008 8.9845877 3.5538342 21
-2.4256988 3.3075409 0.15722568 2
-2.3852339 3.4119539 0.741413 1
-2.0824122 2.8540349 -0.047098391 3
-1.4233207 1.984786 -0.055212006 1
-2.2859707 3.1262274 0.45181462 1
-8.8766422 11.790301 3.9427214 2
-1.6980695 2.3467047 -0.052511528 2
-2.44788 3.7226813 -0.031109121 10
-1.2365261 1.738106 -0.064756244 1
-9.4399776 12.617725 3.5972593 2
-2.3090763 3.1554017 0.3128112 3
-6.7459154 8.9901886 3.5478218 16
-2.346925 3.1943679 0.87132931 1
-2.4379468 3.3481655 0.15383005 2
-2.4010947 3.4595342 0.74402332 1
-2.2946761 3.159672 0.45133671 1
-2.4820135 3.8002176 -0.041220721 11
-9.4894991 12.771955 3.627352 4
-8.8347292 11.816998 3.9420764 2
-2.4099622 3.334233 0.15633227 2
-6.7064137 9.000576 3.5438702 16
-2.0603974 2.8458524 -0.043910332 3
-1.4232917 1.9994071 -0.057860203 1
-2.3956304 3.2823689 0.88015288 1
-1.2256721 1.7365643 -0.062647529 1
-1.6897269 2.3529525 -0.052455705 2
-2.3146999 3.1861312 0.31142792 3
-8.7904081 11.840435 3.9405289 2
-2.4467943 3.5495489 0.74938083 1
-2.2792354 3.1611891 0.45154199 1
-9.4724522 12.838442 3.6360409 12
-6.5060511 9.1158972 2.3054035 1
-6.6634479 9.0061522 3.5383635 15
-2.0508029 2.8529952 -0.043848366 3
-1.4071851 1.9919438 -0.054222323 1
-2.2728686 3.1525204 0.31420037 3
-2.4299927 3.3511732 0.8868776 1
-1.6888418 2.3682842 -0.054688513 2
-2.4663475 3.8059189 -0.040653806 11
-1.2221045 1.7440166 -0.063642666 1
-2.4005177 3.3461716 0.15606277 2
-8.7625475 11.890287 3.9462023 1
-1.4027721 2.000042 -0.055076916 1
-6.4323902 9.0812082 2.2943094 13
-2.4337542 3.7846539 -0.036209632 11
-2.3765204 3.4768991 0.7441783 1
-2.0553248 2.8791285 -0.047530647 3
-2.2847016 3.1919508 0.45113671 1
-2.5575838 3.8712652 0.6033482 4
-1.2185014 1.7514634 -0.064636625 1
-1.6808462 2.3741965 -0.054637648 2
-2.4044118 3.3403671 0.88485003 1
-2.2979622 3.2084801 0.31115198 3
-6.6258426 9.0220261 3.5359755 16
-9.4178543 12.864122 3.6340487 12
-2.3957462 3.3644969 0.15509805 2
-2.5445547 3.8800602 0.60342753 4
-2.4222193 3.5667913 0.74953568 1
-2.4291043 3.8067336 -0.038068566 11
-6.3877058 9.0863295 2.2910581 17
-1.3979642 2.0083935 -0.055929549 1
-6.5836239 9.0315256 3.531513 15
-2.282865 3.2131245 0.45093742 1
-8.7230759 11.929073 3.948287 1
-2.0375633 2.8774667 -0.045589432 3
-1.2188255 1.7655877 -0.067695446 1
-2.400291 3.395705 0.15274578 2
-9.3619909 12.883152 3.6308932 8
-2.4203877 3.387975 0.88913202 1
-2.2765348 3.2043786 0.31206003 3
-1.6649922 2.3712177 -0.05229615 2
-2.5129535 3.8627102 0.6029346 4
-2.4095716 3.5755715 0.74961412 1
-2.2620244 3.2085061 0.45128292 1
-6.531146 9.0268297 3.5223825 15
-6.3578892 9.1122141 2.2918854 19
-7.535872 10.465836 3.0410018 3
-2.4003932 3.7922902 -0.034592506 10
-8.6855545 11.966208 3.9503558 1
-1.392759 2.0169835 -0.056777816 1
-1.6588837 2.3805108 -0.053002384 2
-2.0296884 2.8880968 -0.046148662 3
-2.276957 3.2287798 0.31109372 3
-2.3484447 3.3495989 0.15871911 2
-1.2011108 1.7545663 -0.062486369 1
-2.4248683 3.4192233 0.89166272 1
-2.4622059 3.8148115 0.60178524 4
-6.3250399 9.1304197 2.2914479 19
-1.3916667 2.0297894 -0.058979526 1
-2.2741334 3.2490938 0.45067424 1
-2.3325036 3.3512359 0.15948384 2
-7.5219049 10.524329 3.0488856 9
-8.6476965 11.998534 3.9515107 0
-2.0036931 2.8727636 -0.041717723 3
-6.4924145 9.040616 3.5194716 16
-2.2543433 3.2204752 0.31220153 3
-1.1948549 1.7590792 -0.062446885 1
-2.3971112 3.818083 -0.036932848 11
-1.6573489 2.3961492 -0.055232503 2
-2.4549642 3.4859874 0.89804572 1
-6.2769756 9.1301832 2.2872498 20
-7.4893117 10.557357 3.050647 10
-2.0004344 2.8896859 -0.043523673 3
-1.3696129 2.0144172 -0.053095743 1
-8.5916309 12.010158 3.9463656 0
-2.2649462 3.2606056 0.45067909 1
-1.1888939 1.7633294 -0.062407132 1
-1.637769 2.3860304 -0.051374134 1
-2.341027 3.3647718 0.30355909 7
-2.4432178 3.4944384 0.89811987 1
-6.4604573 9.0636349 3.5196729 13
-2.3554151 3.4083097 0.15435874 2
-2.3814418 3.8234391 -0.036367312 11
-2.455363 3.7232969 0.75767606 2
-6.2469726 9.1557112 2.2880747 21
-1.6430119 2.4112148 -0.0558878 2
-2.3535969 3.8082383 -0.032898244 10
-1.3624401 2.0195136 -0.053050395 1
-1.9832804 2.8873663 -0.041588169 3
-1.1848581 1.7709395 -0.063401073 1
-8.5560226 12.050029 3.9493356 1
-2.2347674 3.2428012 0.451296 1
-7.4565749 10.59027 3.0524092 9
-6.4239144 9.0802784 3.5177975 15
-2.3294861 3.397372 0.15651402 2
-2.3556969 3.8398204 -0.036215197 11
-6.1922793 9.1453209 2.2819915 20
-1.365417 2.0388837 -0.057045639 1
-8.5292873 12.102511 3.9559104 1
-1.6298912 2.4108758 -0.054311544 2
-1.982193 2.9074886 -0.044018038 3
-2.3427086 3.4416537 0.15277688 2
-2.432786 3.5445633 0.29334223 13
-1.1830227 1.7816865 -0.065427922 1
-2.3158693 3.3813777 0.44865569 1
-6.3828592 9.0904646 3.5138483 13
-7.4146366 10.610275 3.0511096 9
-6.1526909 9.1531487 2.2796645 19
-2.3399842 3.84501 -0.035650637 11
-1.9809902 2.9276483 -0.04644829 3
-1.3424228 2.0216737 -0.050715078 1
-2.3419719 3.4423747 0.30046821 9
-8.4753008 12.11677 3.9516654 1
-7.3794193 10.639745 3.0521054 9
-6.3373575 9.0941591 3.5078237 15
-2.3373652 3.4599509 0.15181291 2
-1.6213232 2.4168832 -0.054257952 2
-1.1699816 1.776654 -0.062287197 1
-6.1225729 9.178237 2.2804902 20
-5.5337405 8.6245642 1.7896622 22
-7.3504577 10.674244 3.0546198 9
-2.3520696 3.4829423 0.44704074 1
-6.2957292 9.0997057 3.5028238 15
-1.9592714 2.9187112 -0.043266483 3
-2.3193748 3.8438289 -0.034113303 10
-8.4369879 12.153107 3.953732 1
-1.3452903 2.0410349 -0.054708909 1
-2.4552662 3.6176317 0.90790164 1
-1.6194953 2.432508 -0.056487132 2
-1.1658645 1.7842153 -0.063280359 1
-2.3660324 3.5273461 0.14565298 2
-2.3778589 3.5196207 0.29619172 12
-6.0851669 9.1890669 2.2787893 20
-5.4892716 8.6225719 1.786654 33
-2.4058774 3.5867417 0.44515753 2
-1.3417279 2.0505996 -0.056012459 1
-7.3216882 10.71321 3.0579093 3
-1.9494354 2.9255147 -0.043204941 3
-8.4028959 12.191062 3.9566851 1
-2.3705676 3.5343821 0.29584995 12
-6.2558422 9.1109467 3.4993894 12
-2.3892307 3.5863445 0.1403572 2
-1.1639165 1.7949458 -0.065306947 1
-1.6175778 2.4481533 -0.058716562 2
-2.4948339 3.7017181 0.91604817 2
-2.3050833 3.8526824 -0.03403135 10
-6.0439501 9.1975279 2.2764692 19
-5.460958 8.6454382 1.7873231 30
-8.3598461 12.220765 3.9569476 1
-1.332213 2.0523937 -0.055069465 1
-1.9356902 2.9277675 -0.042205662 3
-2.4011235 3.6054685 0.29199249 14
-2.4170485 3.6542041 0.13420147 2
-2.4238031 3.6399341 0.44432285 18
-7.3438287 10.826537 3.0788078 2
-1.6003908 2.4409091 -0.055622663 2
-1.1622301 1.805469 -0.067335881 1
-6.2192435 9.1267786 3.4975097 10
-2.2921267 3.8606362 -0.033955671 10
-5.4276896 8.6571856 1.7865113 30
-5.9983907 9.1992149 2.2728922 18
-1.3216032 2.0525434 -0.053678509 1
-7.3829441 10.966132 3.1058319 3
-1.9230709 2.931591 -0.04151877 3
-2.4063873 3.6421196 0.44453612 2
-2.2894976 3.8854923 -0.036302503 11
-8.2990618 12.224633 3.9499907 1
-6.1848011 9.1456528 3.4966676 7
-2.5819941 3.8835187 0.93375158 2
-2.4063964 3.6405449 0.29041493 15
-1.5939375 2.4500458 -0.056329049 2
-1.1514241 1.8034638 -0.065229535 1
-2.4153001 3.6794505 0.13254929 2
-5.3922772 8.6654654 1.785207 30
-5.5519271 8.5896978 2.1530633 29
-7.4143219 11.091796 3.1297882 2
-2.2661347 3.8764176 -0.033806469 10
-2.4491768 3.731468 0.4429599 2
-6.1432228 9.1505356 3.4916654 4
-1.3142961 2.057471 -0.053633202 1
-1.1362994 1.7950112 -0.061057135 1
-8.2142258 12.192768 3.9331098 2
-1.5763999 2.442945 -0.053232409 2
-1.921556 2.9517076 -0.043949757 3
-2.4679966 3.7856786 0.12241523 2
-2.4383843 3.7153668 0.28635442 18
-5.3538136 8.6755199 1.7839206 33
-5.5200648 8.6104221 2.1532507 35
-2.4560735 3.7701945 0.44243288 2
-8.1995115 12.259112 3.9441817 1
-1.3160664 2.0750575 -0.057181269 1
-1.9116112 2.9583869 -0.043889031 3
-8.6822205 13.065969 3.5875325 6
-2.2524114 3.8846543 -0.033727553 10
-6.1152072 9.1787395 3.4939339 3
-2.4571471 3.7701354 0.2835339 19
-2.468564 3.8140502 0.12041543 2
-1.1298989 1.7992945 -0.061018076 1
-1.5699164 2.4520218 -0.053940345 2
-2.5612717 3.9548175 0.43894428 2
-8.6351442 13.090241 3.5866423 12
-6.0886908 9.2057943 3.4961913 1
-1.1281109 1.8097622 -0.063046679 1
-1.9055161 2.9719481 -0.045071576 3
-1.2978314 2.0637724 -0.052649342 1
-5.3153529 8.6853762 1.7826345 30
-1.5703858 2.4705882 -0.056933664 2
-3.3526776 5.1738677 -0.02034227 3
-2.5104427 3.8786397 0.27740946 23
-2.2549415 3.9201269 -0.03752315 11
-5.4853573 8.6234102 2.1521714 31
-1.286534 2.0618856 -0.050811693 1
-2.5516884 3.9707532 0.43889323 2
-5.2778754 8.6898451 1.7808372 30
-7.5966554 11.537066 3.7281206 2
-7.0086284 10.658449 3.9582014 1
-5.4521561 8.6352959 2.151082 33
-1.8823726 2.9588382 -0.041272618 3
-2.5261321 3.9305367 0.27479962 25
-8.5791903 13.106035 3.5834682 11
-1.123798 1.8172275 -0.064039744 1
-1.5594333 2.4731216 -0.056119446 2
-2.224879 3.9009941 -0.033572976 10
-3.3387737 5.1925688 -0.020925662 3
-5.4146895 8.6403885 2.1487353 33
-7.5065031 11.489189 3.7076039 1
-1.2888606 2.0813246 -0.054804638 1
-1.8827605 2.9822166 -0.044324484 3
-2.5221083 3.9546938 0.27395266 25
-5.2451143 8.7052326 1.7805209 30
-1.1155159 1.8180327 -0.062970243 1
-2.5024092 3.9265628 0.44005057 2
-5.5764399 8.5719938 3.2786248 4
-1.5402697 2.4622107 -0.052266061 2
-2.2010143 3.8919642 -0.031074686 10
-5.5594387 8.6073904 2.5267963 30
-3.2985981 5.1712251 -0.017358823 3
-5.3736234 8.6429291 2.1457553 31
-5.2066326 8.7076788 1.7784666 28
-2.4808428 3.9239018 0.44035795 2
-1.2835931 2.0894027 -0.055666462 1
-2.1979303 3.916723 -0.033431839 10
-5.5429649 8.5869522 3.2772331 25
-1.8824779 3.0059865 -0.047384016 3
-5.51618 8.6073895 2.522366 25
-5.5529518 8.6018171 2.9005795 11
-3.2933438 5.2031231 -0.019337073 3
-1.5332382 2.471472 -0.052981965 2
-1.1002408 1.8095113 -0.05880687 1
-2.5139639 3.9743066 0.2734088 26
-5.1733174 8.7185049 1.7776272 28
-2.7458191 4.5860066 0.80564862 3
-5.3394651 8.6596575 2.1452885 35
-2.2099061 3.9694099 -0.039653976 11
-1.8589032 2.993001 -0.043589596 3
-5.5172415 8.6134005 2.8984792 17
-1.2757874 2.0944433 -0.055625301 1
-1.5372999 2.4968936 -0.05749774 2
-5.4836345 8.6237192 2.5217559 25
-1.0937916 1.8136666 -0.058772251 1
-2.8771112 4.5483866 0.99755955 2
-3.2749519 5.214972 -0.019241989 3
-5.5047708 8.5979109 3.2742848 30
-5.1384544 8.7300978 1.7767981 14
-2.7763116 4.6703486 0.81040365 3
-5.3047075 8.6719398 2.1441853 31
-5.4510489 8.6399126 2.5211461 25
-5.4825721 8.6264715 2.896831 15
-1.8482872 2.9998186 -0.043534089 3
-1.0936146 1.8275433 -0.06183615 1
-1.5263034 2.4992833 -0.05669041 2
-1.2619946 2.0893779 -0.052893396 1
-2.1813316 3.9537363 -0.03619644 11
-3.2672546 5.2435293 -0.020875158 3
-5.4701905 8.6109962 3.2723653 28
-5.168416 8.8508005 1.7916765 2
-5.2720041 8.6874475 2.1437094 31
-5.4431005 8.6285744 2.8924675 15
-3.2389731 5.2378707 -0.019056616 3
-5.441278 8.6294584 3.2725148 30
-2.142513 3.9164181 -0.029842848 10
-5.4220471 8.6583338 2.5212934 31
-1.83978 3.0099244 -0.044101875 3
-1.2545605 2.0940974 -0.052854184 1
-1.517427 2.5049243 -0.056643043 2
-1.0954357 1.8446915 -0.065930717 1
-5.2137113 8.9991808 1.8104856 2
-5.4120407 8.6436825 2.8917115 15
-5.2346025 8.6918116 2.1413379 31
-5.4081535 8.6413221 3.2705851 31
-2.1683853 3.9929857 -0.039452869 11
-1.2453923 2.095264 -0.051920149 1
-1.8254054 3.0096552 -0.042802993 3
-1.5005521 2.4970009 -0.053557925 2
-5.3862185 8.6693115 2.5195343 39
-1.0891918 1.8486198 -0.065897487 1
-3.2140875 5.2394028 -0.017924964 3
-5.2596374 9.1470633 1.8292892 2
-2.1510816 3.9935527 -0.038421728 11
-5.2054396 8.7095051 2.1414824 33
-5.370398 8.6491337 3.2671039 42
-1.0684991 1.8296591 -0.058638372 1
-1.825802 3.032733 -0.045864437 3
-5.379415 8.6596203 2.8909643 18
-1.2487078 2.116184 -0.056366917 1
-1.4854004 2.4925983 -0.05123125 2
-5.3457246 8.6761093 2.5166311 39
-3.2009766 5.2616854 -0.018863475 3
-5.2990155 9.2894182 1.8471229 1
-5.1685557 8.7178755 2.1397464 31
-2.1253788 3.9805672 -0.035453908 11
-1.2397702 2.1194444 -0.055878833 1
-5.3362494 8.6659002 3.2662282 31
-5.345212 8.6764174 2.8902216 18
-1.0616536 1.833899 -0.058602363 1
-1.8124133 3.0364089 -0.045183115 3
-5.3098907 8.6867952 2.5148675 36
-1.4844329 2.5116935 -0.054224111 2
-3.1886797 5.28336 -0.019806538 3
-5.145874 8.7498274 2.1424129 15
-5.3308477 9.4244986 1.8637414 22
-2.1093738 3.9848285 -0.034903057 11
-5.2745562 8.6947145 2.5127132 34
-5.3035784 8.6815977 3.2653432 31
-1.7969449 3.0366871 -0.043881323 3
-1.2195212 2.1044455 -0.050456874 1
-5.3047967 8.6831284 2.8867712 16
-3.1880841 5.2662497 1.0662969 2
-1.4775825 2.52053 -0.054938383 2
-1.0568279 1.8414015 -0.059598494 1
-3.1679208 5.2914414 -0.019368358 3
-5.2913723 9.4287291 1.8619248 24
-5.1925607 8.898941 2.1667857 11
-2.0971785 3.9960074 -0.035321213 11
-1.7887883 3.0463119 -0.044452079 3
-2.7425978 4.6026578 0.42904669 3
-5.2633848 8.68116 2.8814962 14
-1.2124088 2.108793 -0.050420661 1
-5.2397394 8.70679 2.5113316 33
-5.2668128 8.6905975 3.2623789 33
-3.1501544 5.3022709 -0.019279223 3
-5.2760286 8.6926241 1.420661 7
-1.052294 1.8487023 -0.060598072 1
-1.4686313 2.5260065 -0.054892536 2
-5.2725067 9.2406454 1.0884719 2
-5.2561331 9.4441051 1.8615901 24
-5.2252374 9.0263805 2.1870711 9
-2.0546641 3.9512806 -0.028003989 10
-5.2084827 8.7211552 2.5107079 33
-5.2240739 8.682332 2.877125 15
-3.1282256 5.3062229 -0.018500887 3
-5.2376361 8.7083988 3.2625222 30
-1.0520828 1.8623738 -0.063661426 1
-1.2130361 2.1266456 -0.053968463 1
-1.7748965 3.0478199 -0.043463282 3
-1.4519213 2.5177741 -0.051808581 2
-5.2416692 8.7019701 1.4199249 28
-5.2244635 9.4618673 1.8617381 24
-5.2706513 9.173666 2.2111287 10
-5.3325086 9.4204006 1.0985332 15
-5.1969528 8.7033215 2.8781707 13
-5.1923685 8.6996889 3.2543561 31
-2.074508 4.0217433 -0.036640164 11
-5.1670556 8.7185879 2.5062509 33
-3.1083567 5.3135152 -0.018068131 3
-1.7605363 3.0472655 -0.042167872 3
-1.2078706 2.1343033 -0.054829519 1
-5.2093801 8.7146053 1.4195384 28
-1.4474995 2.5296214 -0.053287216 2
-1.0417703 1.8595635 -0.061566066 1
-5.1888676 9.4725962 1.860903 24
-5.3332911 9.3564949 2.2414904 12
-2.0273719 3.9658613 -0.02787913 10
-5.2972822 9.4359093 1.0984772 23
-1.7482359 3.0500255 -0.041494384 3
-5.1591597 8.7101355 2.8751583 13
-1.1986483 2.1352658 -0.053896584 1
-1.0314906 1.8566899 -0.059469268 1
-1.4389664 2.5347199 -0.053244665 2
-5.1719227 8.7185717 1.4182732 28
-3.1059122 5.3520851 -0.020738386 3
-5.1604271 8.777422 2.5155988 13
-5.1556406 8.7082272 3.2513912 25
-5.1410336 9.4649944 1.8573709 22
-5.2597489 9.4434061 1.0979832 21
-5.0775452 9.4960117 0.71865195 21
-5.3376446 9.4405403 2.2536051 27
-2.0485895 4.0399599 -0.036996372 11
-1.1850573 2.129735 -0.051169273 1
-5.1703539 8.7987394 2.8942735 6
-1.7374216 3.0564477 -0.041440617 3
-5.139091 8.7335587 1.418071 26
-5.1852722 8.8277321 3.283216 10
-1.4339913 2.5468071 -0.054719057 2
-3.0707641 5.3358316 -0.017885998 3
-5.2105165 8.9325371 2.546798 12
-1.0288379 1.8672386 -0.061499912 1
-5.2261329 9.457715 1.097917 21
-5.0999908 9.4693775 1.8555557 20
-5.0383458 9.5035381 0.71858168 21
-5.2857251 9.4269276 2.2477806 25
-2.0177057 4.0157833 -0.03258251 10
-1.1754956 2.1308248 -0.050235178 1
-5.2058244 8.9294233 2.9246807 6
-1.734638 3.0764377 -0.043877576 3
-1.4229475 2.5487537 -0.053914741 2
-1.0221857 1.8711445 -0.061466634 1
-5.245647 9.0644379 2.5726326 11
-5.1468968 8.8169689 1.4249076 5
-5.222981 8.9624968 3.3197176 9
-3.051908 5.3468933 -0.01779541 3
-4.9951787 9.4994221 0.71828228 22
-5.0684605 9.4910164 1.8562001 20
-5.1849837 9.462348 1.0972186 18
-5.2424407 9.4241629 2.2441506 25
-5.2904387 9.2110071 2.6019135 11
-2.0163095 4.0478144 -0.035900414 11
-5.2493229 9.0756044 2.9591534 6
-1.7337362 3.0998523 -0.046935745 3
-1.1718646 2.1419706 -0.051989947 1
-5.1885519 8.958889 1.4377333 4
-5.2656832 9.1076269 3.3593395 9
-1.0155201 1.8750359 -0.061434146 1
-1.4039494 2.5371106 -0.050071124 1
-3.0229845 5.340673 -0.01598081 3
-5.1477308 9.4738092 1.0969449 18
-4.9607296 9.5154543 0.71839422 22
-5.2011609 9.4246569 2.2411492 22
-5.0293059 9.4985752 1.8548758 20
-5.2974157 9.2279654 2.9954305 5
-1.1646271 2.1461565 -0.051954594 1
-1.729266 3.1161532 -0.048751596 3
-2.0219884 4.0940127 -0.041151192 11
-5.2248487 9.089983 1.4494972 4
-5.3090596 9.2522249 3.3989558 9
-0.9994362 1.8620065 -0.056243055 1
-1.4052811 2.5590322 -0.05382799 2
-5.340847 9.3768625 2.6350479 7
-3.0140791 5.3688245 -0.017616183 3
-4.9974551 9.5155954 1.8550174 20
-5.1736469 9.4535313 2.2431891 23
-4.9271579 9.5331278 0.71854246 22
-5.1047015 9.4746323 1.0960299 18
-1.1648005 2.1640432 -0.055502906 1
-2.007504 4.1013942 -0.041086987 11
-5.5694022 9.7776556 3.5564904 19
-1.7018501 3.0954635 -0.043719091 3
-5.3568444 9.4096546 3.0389531 2
-5.3184814 9.4145908 2.6394203 11
-0.99053615 1.8626555 -0.055177294 1
-5.2680569 9.2422438 1.4632168 6
-1.3957411 2.5645199 -0.053781871 2
-2.9891663 5.3693061 -0.016491786 3
-4.9527121 9.5123491 1.852216 22
-5.1364527 9.4650183 2.2420824 22
-5.071269 9.4928045 1.09618 15
-4.8898249 9.5435905 0.71854216 22
-1.9750595 4.073308 -0.036193859 11
-5.2810626 9.4223242 2.6372669 13
-5.5348558 9.7974596 3.5566504 19
-5.7289467 10.135067 3.2279234 1
-1.6987367 3.1154346 -0.046153929 3
-1.150901 2.1584997 -0.052775409 1
-5.3138576 9.3974409 1.4772851 15
-2.9780664 5.3939486 -0.017783515 3
-1.3827283 2.5628989 -0.052219763 2
-0.99543959 1.8865384 -0.061334997 1
-5.0356598 9.5029411 1.0958946 18
-4.9172897 9.5264606 1.8518739 22
-5.0973406 9.4729042 2.2403445 27
-4.853405 9.5556936 0.71857673 22
-1.9909241 4.1408553 -0.044339903 12
-5.247788 9.4411316 2.6374173 18
-1.1358953 2.1490672 -0.049155511 6
-1.6823843 3.1110783 -0.044239465 3
-3.117898 5.6437221 0.41186619 3
-5.7759223 10.296631 3.2660265 2
-2.9677904 5.4180284 -0.019077513 3
-5.5097985 9.8339167 3.5620048 18
-0.9944548 1.9004085 -0.0643977 1
-1.3716884 2.5646379 -0.051417299 2
-5.2836442 9.4215403 1.4779679 16
-5.0021238 9.5208578 1.0960463 18
-4.8845816 9.5457497 1.8522651 24
-4.8123984 9.5587425 0.71842712 22
-5.0601277 9.4841013 2.2392356 27
-3.1244752 5.6996846 0.41109636 3
-5.8333864 10.478956 3.309556 3
-5.2132359 9.4537334 2.6364119 21
-5.4767981 9.8525248 3.5621552 18
-2.9379287 5.4073272 -0.016925992 3
-1.6655326 3.106951 -0.042321697 3
-1.1301682 2.1567423 -0.050014507 6
-5.2481332 9.4324894 1.4774059 18
-1.3630373 2.56949 -0.051376481 2
-1.9497471 4.0948057 -0.037033781 11
-0.98612326 1.9006402 -0.063335307 1
-4.8490624 9.5596209 1.8519204 24
-4.9629154 9.5280991 1.0955524 18
-5.0226965 9.490798 2.2374854 28
-4.7759571 9.5705538 0.71846032 22
-5.1776991 9.4644842 2.6350222 28
-5.4380703 9.8609028 3.5591903 18
-3.2029257 5.8849163 0.4078874 3
-5.8887382 10.660105 3.3526344 3
-2.9236486 5.4243665 -0.017532004 3
-1.6627895 3.1265779 -0.044760142 3
-0.97402704 1.8941005 -0.060210466 1
-1.1247849 2.1641903 -0.050875977 6
-1.3524529 2.5708878 -0.05057564 2
-5.2087035 9.4363241 1.4761424 16
-1.917701 4.0663204 -0.032143481 10
-4.9910493 9.5121651 2.2382646 28
-4.921864 9.5316505 1.0948435 18
-4.8135066 9.5733566 1.8515745 24
-1.6560985 3.139313 -0.045955479 3
-4.7394996 9.5822277 0.71849227 22
-1.1231546 2.1784434 -0.053529326 4
-3.2500141 6.0188508 0.40567863 3
-5.9410362 10.842782 3.3957279 3
-5.1310015 9.4588518 2.6298029 31
-0.96949422 1.9010022 -0.061210331 1
-1.343781 2.5756795 -0.050535545 2
-5.1731882 9.4469824 1.4755808 18
-5.4013557 9.8768654 3.5583084 18
-2.9006398 5.4279284 -0.016755858 3
-1.9040315 4.0729938 -0.032085091 10
-4.8863873 9.5456381 1.0947775 18
-4.7689381 9.5692701 1.8487664 24
-4.9556141 9.5264482 2.2377813 28
-3.2981277 6.1567039 0.40340495 3
-5.9949431 11.031082 3.4401791 2
-1.6240031 3.1073415 -0.039064009 3
-1.1116452 2.1758542 -0.05170105 1
-0.95899171 1.8979342 -0.059115767 1
-4.7048001 9.5973377 0.71859872 23
-1.3422188 2.5944483 -0.053530186 2
-5.10042 9.4822779 2.6311038 33
-2.8814588 5.438395 -0.016669068 3
-5.3683271 9.899457 3.5595033 18
-3.2867632 6.1329575 0.15921991 36
-5.1398439 9.4654102 1.4757304 18
-1.9069381 4.1156993 -0.036850836 11
-4.920146 9.540596 2.2372978 28
-4.7315955 9.5791798 1.8479259 24
-4.8490362 9.555954 1.0944952 18
-4.6700587 9.6123123 0.71870518 23
-1.1029724 2.1783466 -0.0512174 1
-1.6186694 3.123739 -0.040878583 3
-6.056941 11.236976 3.4891562 2
-5.0631924 9.4935417 2.6297169 33
-3.3567989 6.3160424 0.40073869 3
-2.8679354 5.4593039 -0.017616004 3
-0.95037824 1.8982131 -0.058053493 1
-5.3426208 9.9354763 3.5648568 19
-1.329241 2.5925643 -0.051969189 2
-1.8759086 4.0865397 -0.031965617 10
-5.1045241 9.4802198 1.4755266 18
-3.332068 6.2674971 0.15213218 32
-4.8189616 9.5803404 1.0950671 21
-4.8791704 9.5441093 2.2349231 28
-4.6290331 9.6101809 0.71846724 23
-4.6995573 9.5995884 1.8485609 24
-6.1194272 11.446887 3.5390394 3
-1.0998706 2.1910849 -0.053422093 1
-1.6151249 3.1436124 -0.043315504 3
-3.4172471 6.481133 0.39798117 2
-5.0672626 9.491394 1.4749694 18
-1.3144249 2.5871665 -0.049649201 1
-5.3056855 9.9510994 3.5639713 19
-0.95098597 1.9154398 -0.062147725 1
-3.5038342 6.6378584 0.13129395 21
-5.0259433 9.504653 2.62833 35
-2.8448756 5.4626303 -0.016841017 3
-1.8607284 4.0937548 -0.031901769 10
-4.8418493 9.5544672 2.2338078 30
-4.6639123 9.6127758 1.848212 24
-5.0148993 9.5113907 0.34184292 12
-4.5933867 9.6231003 0.71853322 23
-4.7833476 9.5939522 1.0949974 23
-4.9885149 9.5112648 2.6261678 45
-5.2668014 9.9588099 3.5610013 18
-1.0939252 2.198673 -0.05428141 1
-6.1159177 11.537248 3.5572932 7
-2.821831 5.4658642 -0.016067242 3
-3.5002251 6.6873856 0.12924431 20
-1.6058522 3.1530561 -0.04388712 3
-0.94416356 1.9190716 -0.062115517 1
-1.3070977 2.5955393 -0.050367113 2
-5.0280933 9.4989014 1.4740603 24
-4.6299362 9.625021 1.8478528 24
-4.5576625 9.6314726 0.71851635 23
-4.8063216 9.568203 2.2333217 30
-4.7369285 9.5860271 1.0936435 23
-1.5878037 3.1447351 -0.041352563 3
-4.9775958 9.5221853 0.34212166 21
-1.082829 2.1957219 -0.052455883 1
-5.2261739 9.967329 3.5580354 6
-6.0836401 11.569899 3.560626 10
-3.4796741 6.7028642 0.12913603 20
-4.9466619 9.5134211 2.6228597 45
-2.7979019 5.4649749 -0.014953439 3
-4.991755 9.5115423 1.4736773 22
-1.3034252 2.6108181 -0.052601844 2
-0.93187475 1.9124585 -0.058990844 1
-1.8619987 4.1720982 -0.040467449 11
-4.5855532 9.6200953 1.8450408 26
-1.0713782 2.1929295 -0.050628982 1
-4.9421396 9.5363827 0.34233463 21
-4.7057829 9.6082859 1.0941063 26
-4.5237136 9.652153 0.71873707 23
-4.770751 9.5818033 2.2328343 28
-4.9112444 9.5275526 2.6222389 44
-0.92721081 1.9192603 -0.059991926 1
-5.1999955 10.002992 3.5633848 18
-6.0446191 11.594931 3.5617077 9
-3.4485507 6.7012014 0.13006209 20
-1.5748112 3.1471202 -0.040682241 3
-4.9598675 9.5284414 1.4738156 22
-2.7841406 5.4856749 -0.015902422 3
-1.2982911 2.6223843 -0.054080468 2
-1.8305553 4.1428862 -0.035582125 11
-4.5515776 9.6320639 1.8446795 28
-4.6735764 9.6242208 1.0942404 26
-1.0653893 2.2004433 -0.051490158 1
-1.5636578 3.1529326 -0.040631622 3
-4.8776031 9.5450459 2.6223824 45
-6.0054975 11.619846 3.5627861 10
-4.9047976 9.5469027 0.34260988 21
-4.4862447 9.6610575 0.71872604 23
-4.7351522 9.5952826 2.2323456 30
-3.4230375 6.7100539 0.13036911 20
-1.2835139 2.6168077 -0.051761821 2
-5.1682453 10.028338 3.5656152 18
-2.7647603 5.4957304 -0.015818793 3
-4.9225316 9.539052 1.4732556 22
-0.91858208 1.9193943 -0.058929794 1
-1.8192103 4.1568255 -0.036487989 11
-4.6317072 9.624754 1.0934169 23
-4.5141673 9.6455088 1.8443346 28
-1.5561261 3.1657321 -0.041825995 3
-4.8600812 9.5430937 0.34314597 18
-1.0548693 2.199297 -0.050112177 1
-5.9608793 11.634265 3.5611517 9
-4.6924667 9.5944757 2.2293358 28
-1.2633605 2.6007044 -0.04716824 1
-0.92066121 1.9400615 -0.0640544 1
-4.4453688 9.6625786 0.71856558 23
-4.8402948 9.555438 2.6209905 44
-3.3956659 6.7152724 0.13087957 20
-5.1346006 10.050152 3.5668066 18
-4.8851814 9.5495253 1.4726933 22
-2.7344003 5.4844589 -0.013670234 3
-1.8012204 4.1562653 -0.035462979 11
-4.5994458 9.640461 1.0935483 23
-4.6585422 9.6068287 2.2288382 30
-4.4784298 9.6580257 1.843978 28
-4.4096017 9.6748295 0.71862602 23
-1.0541909 2.2171566 -0.053659443 1
-4.8264184 9.5604191 0.34328896 21
-5.9251671 11.665814 3.5640383 9
-1.5467138 3.175 -0.042397831 3
-4.8423429 9.549242 1.471071 21
-4.7976141 9.555212 2.6172955 45
-2.7240806 5.5120935 -0.015308064 3
-3.368304 6.7203526 0.13139217 21
-0.90666914 1.9298526 -0.059899304 1
-5.0902596 10.051246 3.561759 18
-1.2631207 2.6228867 -0.050921194 2
-1.7832559 4.1556339 -0.034439534 11
-4.5602322 9.646059 1.0930463 23
-4.6228881 9.6198959 2.2283475 28
-4.4409719 9.6668196 1.8431302 28
-1.0409886 2.210743 -0.050938725 1
-0.89803827 1.9298868 -0.058837447 1
-4.7908797 9.5740824 0.34349456 21
-5.8875275 11.693784 3.5660212 9
-4.3737993 9.6869287 0.71868676 23
-3.3454871 6.7342386 0.13138951 20
-1.2555969 2.6311173 -0.051639505 2
-4.8050137 9.5594063 1.4705073 24
-1.5336657 3.1772041 -0.04172786 3
-5.0565157 10.072788 3.5629494 18
-4.7603245 9.5652962 2.6159012 44
-2.6884177 5.4899368 -0.012128543 3
-1.7895867 4.2093263 -0.040650554 11
-4.588903 9.6319904 2.2278492 27
-4.4043493 9.6772623 1.8425267 30
-4.5210519 9.6559286 1.0927628 23
-5.8497729 11.721637 3.5680015 9
-1.0401731 2.2286105 -0.054486111 1
-1.5152671 3.1687806 -0.039194535 3
-4.7535057 9.5840206 0.34376603 21
-4.7247891 9.5787582 2.615274 44
-4.3412924 9.7061882 0.71889687 23
-2.6725943 5.5067821 -0.012734884 3
-4.7712741 9.5765209 1.4706492 22
-1.2444841 2.632323 -0.050840739 2
-3.3181047 6.73912 0.13190082 21
-0.89291328 1.9367923 -0.059838187 1
-5.0191898 10.087343 3.5620573 19
-1.7602537 4.183208 -0.036251698 11
-4.5566154 9.6519041 2.2286181 24
-4.4818635 9.661232 1.0922559 23
-4.3701925 9.6929874 1.8426608 30
-1.0270025 2.2221031 -0.051764917 1
-1.5111247 3.1885273 -0.041631635 3
-5.8049006 11.735456 3.5663633 9
-4.3037629 9.7143898 0.71888137 23
-4.7161236 9.5938225 0.34403703 21
-3.2880476 6.7385516 0.13271603 21
-4.9887576 10.115566 3.5653248 19
-4.6892128 9.5920849 2.6146448 44
-0.89295501 1.9540442 -0.063931957 1
-1.2298557 2.6264534 -0.048523508 1
-4.7392707 9.5970984 1.4711424 22
-2.6620066 5.5342941 -0.01437455 3
-1.8099096 4.3348517 -0.055484179 13
-4.44947 9.6808367 1.0926063 23
-4.505538 9.6368876 2.2230864 24
-4.3343387 9.7049589 1.8423033 30
-4.6536074 9.6052752 2.614017 45
-0.88255399 1.9505632 -0.061840177 1
-1.5033441 3.2012031 -0.042826194 3
-1.2257826 2.6416173 -0.050760254 2
-1.0225762 2.2329881 -0.053520959 1
-4.2645917 9.7188263 0.71878731 24
-4.6778364 9.6016827 0.34434023 24
-5.761735 11.752576 3.5656304 4
-2.6283679 5.515326 -0.0115412 3
-4.6965108 9.5961647 1.4695157 24
-3.2633705 6.7486043 0.13291524 21
-4.9564724 10.140237 3.5675511 18
-1.7550796 4.2504187 -0.043370601 12
-4.4161592 9.6985188 1.0928494 26
-4.4715195 9.6529589 2.2232213 24
-4.6127601 9.603405 2.6103096 46
-4.6421361 9.6103563 0.34460244 24
-4.3000894 9.7204294 1.842437 30
-4.9173274 10.146626 3.56457 18
-1.0163616 2.2403691 -0.054381914 1
-1.490253 3.2032332 -0.042157453 3
-5.7288718 11.790515 3.5703208 9
-4.2303123 9.7340527 0.71892023 48
-0.87389767 1.9504914 -0.060779013 1
-1.218143 2.6497471 -0.051479507 2
-4.65382 9.5950432 1.4678899 24
-3.2421925 6.7657065 0.13270698 21
-2.6071367 5.5212536 -0.011117377 3
-1.7008631 4.1656651 -0.031261627 10
-1.0173615 2.2615545 -0.058825817 1
-5.6876202 11.806341 3.5695779 9
-4.4374409 9.66891 2.223357 23
-4.1928663 9.7374353 0.7188192 24
-1.4846736 3.2191305 -0.043975595 3
-4.266592 9.7375975 1.8428156 26
-4.6082377 9.6269274 0.34473944 24
-4.5754209 9.6127853 2.6089108 46
-4.3769312 9.7034111 1.0923395 26
-2.5833964 5.5194621 -0.010010439 3
-4.8814874 10.164124 3.5647161 19
-3.212491 6.7624249 0.13361827 21
-1.2139119 2.6649048 -0.053715635 2
-4.6182046 9.6080732 1.4676731 22
-0.86525482 1.9503882 -0.059718519 1
-1.7063359 4.2194228 -0.037471462 11
-4.5448823 9.6318417 2.6098056 46
-4.574244 9.6389341 0.3449353 24
-4.8473887 10.180646 3.5648527 19
-5.644248 11.823044 3.5688405 9
-4.339386 9.711771 1.0920433 28
-4.3983259 9.6740007 2.2215974 24
-4.1617165 9.7597551 0.71909928 24
-0.99571681 2.2373621 -0.051631086 1
-1.4715456 3.221086 -0.043307848 3
-4.589478 9.630887 1.4685107 24
-3.1816592 6.759593 0.13453358 22
-2.5845845 5.5719304 -0.014056395 3
-0.86034518 1.9570428 -0.060721509 1
-1.1980768 2.655093 -0.050642908 2
-1.6513292 4.1305623 -0.024882894 10
-1.4641247 3.2334027 -0.044505417 3
-0.98309612 2.2304308 -0.048914216 1
-5.6012311 11.835095 3.5671868 10
-4.5402465 9.6552649 0.34507152 24
-4.8147774 10.204875 3.5670755 18
-3.1546688 6.7614818 0.13513558 22
-4.365828 9.6932659 2.2223632 24
-4.3034806 9.7236176 1.0919619 28
-4.1241217 9.7672844 0.71907848 24
-4.5554948 9.6472626 1.4686455 26
-4.5091691 9.6488409 2.6099498 45
-2.5700336 5.5920925 -0.015008816 3
-0.85672605 1.9673252 -0.062752642 1
-1.192054 2.666688 -0.052122109 2
-1.6504769 4.1696248 -0.029164946 10
-3.1677518 7.4888568 1.5327353 108
-4.4959145 9.6542206 0.3455371 27
-4.3217883 9.6872892 2.2187104 23
-5.5573616 11.855965 3.5673628 9
-4.4700742 9.6542759 2.6077805 46
-4.2691736 9.7389832 1.0920938 28
-1.4520932 3.239105 -0.044455137 3
-4.0912452 9.7856903 0.71928376 24
-0.97812128 2.2414093 -0.050669737 1
-3.1304634 6.7752028 0.13513368 22
-4.519733 9.6599169 1.4684278 26
-1.1809019 2.6676195 -0.051323023 2
-0.85138434 1.9741205 -0.063753024 1
-4.7835755 10.236818 3.5713863 19
-2.5366914 5.5725536 -0.012179699 3
-1.6478546 4.2050824 -0.032965288 11
-4.2381573 9.7571249 1.0924319 28
-3.1358049 7.4874935 1.5311103 117
-0.97514337 2.255718 -0.053321503 1
-3.1047206 7.5498204 0.67339683 60
-1.4439864 3.2516463 -0.045650311 3
-5.5205054 11.886291 3.5702415 10
-4.4584618 9.6630278 0.34580216 27
-4.2859664 9.6991215 2.2182102 24
-0.83940887 1.9669285 -0.060632568 1
-1.1680844 2.664958 -0.049767479 2
-4.4368167 9.6720114 2.6082964 48
-4.4771328 9.6580372 1.4667941 26
-2.5203767 5.5889745 -0.012790174 3
-3.1099458 6.793685 0.13482049 22
-4.739181 10.236394 3.5663285 18
-1.6209574 4.181747 -0.029054953 10
-3.1015742 7.4805136 1.5287436 106
-4.1940947 9.7503242 1.0912749 26
-0.8356818 1.9771788 -0.062664457 1
-5.4835 11.916502 3.5731173 9
-1.4291198 3.2498541 -0.044362724 3
-4.4243798 9.6789484 0.3459349 27
-0.96547377 2.2559075 -0.052392803 1
-4.2533436 9.7180252 2.2189717 24
-3.0572104 7.5112038 0.67247754 61
-4.4001932 9.6824913 2.6072795 46
-4.7071209 10.262022 3.5690701 16
-2.5123475 5.6234193 -0.015116514 3
-3.082587 6.7976584 0.13532279 22
-4.4396691 9.6667967 1.4662209 22
-1.1494786 2.6497879 -0.045558419 1
-1.6121273 4.202457 -0.030927639 10
-4.1581068 9.7616529 1.0911883 26
-3.2203314 7.4733739 1.8244479 22
-3.0720665 7.4843435 1.5278574 116
-4.3902473 9.6947489 0.34606633 27
-5.4398046 11.932455 3.5723751 10
-0.95909476 2.2631445 -0.053256478 1
-3.0314648 7.5240602 0.67261136 61
-1.4142848 3.247999 -0.043074638 3
-0.8286429 1.9804159 -0.06263613 1
-1.1475035 2.6701646 -0.048933331 1
-4.4055591 9.682642 1.4663534 22
-2.4941449 5.6361523 -0.01538293 3
-4.3643661 9.6946335 2.6066413 46
-4.6684484 10.273536 3.5676503 12
-3.0569155 6.8051376 0.13562047 22
-1.5691968 4.1383739 -0.021720095 9
-3.1939282 7.4849453 1.8245475 45
-3.0456305 7.4953942 1.5279542 103
-4.1236668 9.7765045 1.0913169 28
-1.4027772 3.2532556 -0.043029074 3
-0.94942492 2.2632651 -0.052328058 1
-3.9407279 9.8138638 0.71918738 24
-4.3285146 9.706625 2.6060059 46
-5.3960609 11.948257 3.5716326 9
-4.3510594 9.6995173 0.34639284 27
-1.1445795 2.6887672 -0.051927548 2
-3.0270679 6.8034358 0.13642888 23
-0.82320619 1.9871399 -0.063637234 1
-4.3713899 9.698369 1.4664857 24
-4.6402197 10.30772 3.5729909 18
-2.4791782 5.6560855 -0.016337005 3
-1.5494318 4.1291175 -0.019742247 9
-4.088397 9.7893982 1.0913372 2
-3.1596186 7.4783196 1.8214914 29
-3.0168779 7.5008612 1.5273119 111
-4.3152027 9.7114182 0.34658808 30
-1.3928845 3.2620752 -0.043604013 3
-3.9068699 9.8298054 0.7193495 24
-5.3538928 11.967431 3.5717938 9
-0.93976557 2.2633543 -0.051400743 1
-4.2958593 9.7256508 2.6069045 45
-0.81613356 1.9903406 -0.063609205 1
-4.3338661 9.7067318 1.4659082 24
-1.1382904 2.7002397 -0.053406712 2
-4.5982261 10.311954 3.5694885 16
-3.0038769 6.8161607 0.13641934 22
-2.4346726 5.6105566 -0.011107861 3
-1.5377282 4.1422482 -0.02065257 9
-3.0906136 7.5247841 0.95837724 3
-2.9926484 7.5172415 1.5281459 76
-4.2776775 9.7195377 0.34684646 33
-1.5252498 4.1513548 -0.021084627 9
-5.3180542 12.000683 3.5755725 8
-3.8677249 9.8326578 0.71924591 24
-1.3780808 3.2600567 -0.042317633 3
-4.2930593 9.7076817 1.4646239 22
-4.2583189 9.7338295 2.6054955 44
-2.4213462 5.633954 -0.012406508 3
-1.122257 2.6902089 -0.050335839 2
-0.93812525 2.2811701 -0.05494722 1
-2.9781752 6.8233342 0.13671626 23
-0.80269653 1.9794081 -0.059458464 1
-4.5626016 10.330102 3.570147 18
-3.055567 7.5156369 0.95727223 31
-3.8362625 9.8495197 0.71941423 24
-2.9631159 7.5206409 1.5272359 63
-2.4127142 5.6682482 -0.014751737 3
-0.93002087 2.2847602 -0.05492764 1
-1.3649248 3.2615747 -0.041665256 3
-5.2757044 12.019588 3.5757029 4
-4.2450275 9.7384672 0.34688678 30
-2.955719 6.8377242 0.13658252 22
-4.2207775 9.7418528 2.6040628 45
-4.2365861 9.6973524 3.3788426 12
-0.79722744 1.9860561 -0.060472019 1
-1.1111116 2.6908545 -0.049552467 2
-4.2571778 9.7193584 1.464376 24
-4.2107902 9.7492113 0.34705597 30
-3.864517 9.8407211 1.8365248 22
-3.0787096 7.5084791 1.8211184 100
-4.1865311 9.7525806 2.6033983 38
-3.025974 7.5192614 0.95692486 3
-4.2024856 9.7081995 3.3779058 22
-0.9140203 2.2705021 -0.050426215 1
-1.3565637 3.2738922 -0.0428675 3
-2.9251337 6.8337555 0.13747725 23
-0.79015929 1.9891564 -0.060448155 1
-1.1110913 2.7166061 -0.054068331 2
-4.2228861 9.7345676 1.4644848 24
-2.3990784 5.6916165 -0.016061116 3
-1.3243742 3.6198392 0.5925563 1
-3.834466 9.8612394 1.837608 30
-3.9408629 9.8249722 1.0904837 8
-4.1505384 9.7639322 2.6027381 41
-0.9094823 2.2809708 -0.052189406 1
-1.3534669 3.2968042 -0.045935098 3
-4.1748071 9.7606106 0.34722733 33
-4.177269 9.7381639 2.9882009 18
-3.0506654 7.5159092 1.8205688 19
-2.3736453 5.6852565 -0.014626779 3
-2.9054167 6.8510985 0.13714197 23
-4.1689739 9.7249775 3.3785336 36
-1.2990869 3.6850786 0.041637346 3
-4.1869345 9.7460175 1.4642389 24
-1.1030269 2.724407 -0.054794177 2
-0.78773218 2.0028567 -0.063514367 1
-3.8011215 9.8786507 1.8382037 30
-0.90137637 2.2844696 -0.052162275 1
-3.0180771 7.5122957 1.8181244 19
-3.908462 9.844615 1.090911 27
-4.135129 9.7352123 2.9837844 17
-1.3354999 3.2873487 -0.043414477 3
-2.8796461 6.8579063 0.13742244 23
-4.1361661 9.7434072 3.3796818 22
-4.132442 9.7571917 0.34765679 42
-4.1526804 9.7565851 1.463987 24
-4.1145163 9.7751627 2.602077 38
-1.0891553 2.7175634 -0.052490506 2
-0.77942145 2.0022192 -0.062460683 1
-2.3347042 5.6499367 -0.010444315 3
-1.2860404 3.6899407 0.041675266 3
-3.7629619 9.8786306 1.8365746 28
-3.8739789 9.8541956 1.0907935 27
-1.3254143 3.2959638 -0.043997508 3
-0.89787596 2.2986853 -0.054819684 1
-2.9885449 7.5158534 1.816942 26
-4.0980363 9.7719469 0.34776491 45
-4.38377 10.414709 3.5722713 4
-0.7677145 1.9946119 -0.05934684 1
-2.3428066 5.7244287 -0.016559059 3
-1.0779619 2.7180743 -0.051700432 2
-4.1182523 9.7714176 1.4640931 26
-2.8522882 6.8609571 0.13790606 23
-1.2723266 3.6949878 0.041715071 3
-3.733109 9.9050732 1.8383999 30
-3.8333116 9.8532219 1.0900351 30
-3.1163979 7.5329819 2.4205961 4
-1.3137375 3.300915 -0.043959696 3
-4.0667043 9.793972 0.34774041 3
-0.88512582 2.2913773 -0.052108519 1
-3.0820303 7.5203824 2.1169329 21
-0.76213014 2.0011673 -0.060353026 1
-2.8265107 6.8675652 0.13818507 23
-2.9634788 7.5302906 1.8176521 29
-4.0829964 9.7843027 1.464023 9
-1.0713953 2.7293932 -0.053186074 2
-2.3133123 5.7109165 -0.01443868 3
-3.1185658 7.5426612 2.7269852 5
-1.2598994 3.6995142 0.041751627 3
-3.6892767 9.8899536 1.8347945 28
-3.7988262 9.8625259 1.0899173 2
-2.938211 7.5404272 1.817727 16
-3.0837224 7.5298233 2.4170573 11
-0.87622577 2.2929914 -0.051635824 1
-3.0888984 7.5269513 1.2449893 4
-1.2943733 3.2876227 -0.040821105 3
-1.0632365 2.7370691 -0.053911977 2
-3.0621083 7.5004072 0.38814107 2
-3.0829122 7.532506 2.7208257 11
-3.0668044 7.5586472 2.1227772 11
-0.75801164 2.0112634 -0.062389217 1
-2.8038168 6.8814626 0.13805452 23
-2.2824125 5.6935654 -0.011974892 3
-1.2602847 3.7415826 0.036974885 3
-3.6540344 9.9075518 1.8353907 26
-3.8213582 9.8395405 2.2114666 27
-3.0616181 7.5517139 2.4198527 4
-3.0294919 7.4966578 0.3884792 21
-2.2729447 5.7276478 -0.014314662 3
-1.2918535 3.3143499 -0.044507701 3
-0.8673268 2.294575 -0.051162213 1
-2.7749214 6.8805232 0.13874 23
-3.9664197 9.8096685 2.5974996 16
-3.0637243 7.5614305 2.7261074 4
-3.056169 7.5233731 1.2436526 38
-1.0489889 2.730232 -0.051607698 2
-0.74936521 2.0106683 -0.061336137 1
-1.233692 3.7089071 0.041825876 3
-3.7898138 9.8562136 2.2121923 28
-3.6496623 10.002435 1.8463422 2
-0.86363995 2.3087249 -0.053818677 1
-4.9463496 12.188065 3.5826242 1
-1.2740802 3.3045681 -0.041989103 3
-3.0068417 7.5168204 0.38839608 2
-3.9325364 9.8256721 2.597986 27
-0.74073267 2.0100341 -0.060283504 1
-3.0349398 7.5472546 1.2449718 7
-2.7521558 6.8942404 0.13860932 23
-4.2378159 10.480086 3.5737553 9
-1.0363023 2.7269633 -0.050062343 2
-2.2572358 5.7469931 -0.015283746 3
-1.2199073 3.7137585 0.04186504 3
-3.7535958 9.8661013 2.2116597 28
-0.8569113 2.3156745 -0.054687519 1
-3.91239 9.8125458 0.34882754 3
-4.9062853 12.2129 3.5845599 2
-1.2638685 3.3130062 -0.042573467 3
-3.89343 9.8288317 2.5957801 33
-2.7308433 6.9115844 0.13827382 23
-1.0266273 2.7308917 -0.050030738 2
-0.7335794 2.0129397 -0.060260568 1
-4.2008157 10.495222 3.5738635 9
-3.9347785 9.8180075 1.4621353 14
-2.2145255 5.6997838 -0.010078292 3
-1.207419 3.7181118 0.041898705 3
-3.7219377 9.8825655 2.2123837 28
-1.1265266 3.3259962 0.95926303 1
-0.84575659 2.3117585 -0.052872818 1
-3.8875244 9.8506393 0.34851244 66
-0.72496468 2.0122354 -0.059207976 1
-1.025785 2.7566524 -0.054548535 2
-3.8978944 9.8265476 1.4617049 24
-1.2476834 3.3067424 -0.040676486 3
-3.8572693 9.839118 2.5951116 28
-2.706449 6.9214549 0.13834485 23
-4.8558712 12.212306 3.5801609 3
-2.2018008 5.7263446 -0.011733673 3
-4.1637559 10.510209 3.5739725 9
-1.1942583 3.7226427 0.04193598 3
-3.685653 9.8921967 2.2118504 27
-1.1018953 3.2947848 0.95460844 58
-3.8242757 9.8522234 2.595207 31
-3.8537834 9.862011 0.34863907 66
-4.1364107 10.544065 3.5797975 4
-1.2374411 3.3150978 -0.041262172 3
-3.8639696 9.8423347 1.4619831 26
-0.83028632 2.2969396 -0.048376035 1
-4.8185787 12.244059 3.5839057 3
-1.0189277 2.7678425 -0.056034066 2
-2.6768241 6.9182639 0.13912845 23
-0.72068173 2.0222642 -0.061244931 1
-2.190388 5.7565956 -0.013733249 3
-1.1810822 3.7271435 0.041969631 3
-3.648998 9.9060535 2.2119515 25
-1.0788364 3.2671893 0.95044518 9
-0.82685041 2.3108752 -0.051035423 1
-4.7746606 12.253134 3.5822105 3
-1.2248284 3.3158398 -0.040609054 3
-2.6506865 6.9200296 0.13960345 24
-3.817538 9.8720884 0.348802 18
-3.7909329 9.8695526 2.5960765 33
-2.1754401 5.7753053 -0.014706214 3
-4.0998917 10.560635 3.5804238 9
-0.714912 2.0286922 -0.062252603 1
-1.0076612 2.7680736 -0.055246323 2
-3.8321872 9.8635731 1.4627911 26
-1.1678884 3.7315841 0.042006321 3
-3.609889 9.9080229 2.2101521 31
-3.7549899 9.8751326 2.5946314 31
-4.0595303 10.561976 3.5768812 10
-4.7299948 12.266515 3.5814266 3
-0.99833453 2.7717202 -0.055218 2
-1.0513515 3.2938883 0.58535808 1
-0.70805448 2.0313654 -0.062230811 1
-0.82006454 2.317713 -0.05190431 1
-1.2130815 3.3204341 -0.040573191 3
-1.08454 3.3219931 0.95714182 54
-3.7991271 9.8766212 1.4628834 26
-1.1390084 3.6867955 0.048293263 2
-4.6931176 12.293429 3.5842566 3
-1.2541122 3.4666526 0.45952919 1
-1.2276864 3.3910673 -0.051703166 3
-0.81789738 2.3352673 -0.055457909 1
-3.5735559 9.9172421 2.2096169 30
-3.7159004 9.8775997 2.5924196 31
-1.0700676 3.3165281 0.95593929 66
-4.0201426 10.571072 3.5754244 9
-0.99817306 3.1768079 0.58295631 1
-3.758496 9.8753624 1.4615647 26
-0.98565429 2.7682054 -0.053673845 2
-0.69942427 2.0305622 -0.061179273 1
-1.1520647 3.7702837 0.038224854 3
-3.9874654 10.591939 3.5776033 9
-3.681376 9.8865767 2.591743 30
-1.23527 3.4524617 0.45988214 1
-0.80749798 2.3329844 -0.054091528 1
-1.1872921 3.3219125 -0.039266542 3
-3.5399117 9.9337616 2.2103422 30
-1.0537587 3.3074548 0.95424294 87
-0.97350347 2.7644522 -0.05213077 2
-0.69117016 2.0295756 -0.060128693 1
-4.6511345 12.313778 3.5852826 1
-1.2389222 3.4614041 0.33016324 2
-1.2932239 3.6381052 0.18431069 2
-3.7239628 9.8844566 1.4613006 26
-0.98890764 3.1883793 0.58313906 1
-1.1288807 3.7444191 0.042108867 3
-0.79545635 2.3250434 -0.051385466 1
-1.1789272 3.333539 -0.040474437 3
-4.6161065 12.345917 3.5894697 4
-1.2201713 3.4471507 0.33121386 2
-3.9500678 10.606193 3.5777061 9
-3.5028424 9.9408894 2.2094867 6
-1.0291774 3.2738912 0.9493385 68
-3.6898043 9.8996582 1.4615735 3
-0.68532455 2.0359159 -0.061135922 1
-3.6433439 9.8967419 2.5910745 30
-0.96369576 2.768173 -0.052102339 2
-0.97816789 3.1919627 0.5831688 1
-1.2558372 3.5797715 0.19017716 2
-1.1149646 3.748894 0.04214425 3
-1.1665294 3.3382094 -0.040439352 3
-0.79090929 2.3392358 -0.054042391 1
-4.5634942 12.344958 3.5850656 4
-0.94729179 3.1347742 0.58197725 1
-3.9107523 10.621018 3.5778124 9
-0.67808086 2.0386345 -0.06111503 1
-0.95664811 2.779213 -0.053589545 2
-1.0138041 3.2686017 0.94813538 24
-3.608037 9.9141235 2.5919421 28
-1.2473311 3.5956788 0.18918532 2
-1.1618364 3.9423294 0.018127453 5
-0.77987391 2.3350134 -0.052230161 1
-0.92373121 3.1003842 0.58124506 1
-1.0769931 3.3038931 1.0794648 1
-1.0059355 3.2816749 0.94940001 34
-3.879998 10.653105 3.583117 9
-4.5191121 12.365677 3.5860929 4
-1.156873 3.3502259 -0.041644257 3
-1.2332213 3.596628 0.18956241 2
-3.5757606 9.9344244 2.5935724 28
-0.94355232 2.7756991 -0.052044515 2
-0.67316657 2.0487003 -0.063151851 1
-1.2597005 4.3028388 -0.027049555 10
-0.99674505 3.2909713 0.95016927 2
-1.0204186 3.2468228 0.70425278 1
-3.535043 9.9263201 2.5894301 26
-1.0587529 3.2893403 1.0763381 1
-4.4741364 12.378154 3.5853019 4
-0.77251107 2.3418696 -0.053098686 1
-0.91710365 3.1193311 0.58157986 1
-1.1477394 3.3620048 -0.042850163 3
-0.93370682 2.7793148 -0.052017093 2
-0.66052443 2.0368686 -0.059012264 1
-1.217755 3.5937581 0.190283 2
-1.2515415 4.3303113 -0.029897241 10
-0.98260576 3.2872143 0.94921196 1
-0.76661164 2.3502331 -0.054417901 1
-1.0561169 3.3194873 1.0807906 1
-4.4366503 12.404289 3.5881274 4
-1.1350733 3.3624117 -0.042199437 3
-3.5020094 9.9445257 2.5906751 27
-1.0050622 3.2393613 0.70363533 1
-3.8007596 10.669832 3.5801923 9
-0.65327716 2.0394955 -0.058991391 1
-0.89873987 3.0999882 0.58115059 1
-0.9292326 2.7976539 -0.055018477 2
-1.1881431 3.5514753 0.19460052 2
-1.2420431 4.3539839 -0.032264657 11
-1.0004883 3.2619379 0.70474255 1
-1.0242007 3.0997739 0.46653754 1
-0.75031722 2.3312242 -0.049029969 1
-4.3968554 12.431097 3.5909581 4
-1.0456184 3.3272305 1.0814544 5
-1.1271874 3.3778436 -0.04402649 3
-0.96304995 3.2684884 0.9462797 19
-0.91447115 2.7862656 -0.051962871 2
-3.7670276 10.694344 3.5834117 9
-0.6503244 2.0528731 -0.06206052 1
-0.9009825 3.1454034 0.58201665 1
-3.4644907 9.955863 2.5903864 26
-1.1855972 3.5840998 0.19206496 2
-1.2090166 4.2975979 -0.024535144 10
-0.97637421 3.227833 0.70261562 1
-0.74728072 2.3488598 -0.0525827 1
-1.0249645 3.3050077 1.0770617 22
-0.92011023 3.1738434 0.93346816 5
-1.0132064 3.1036713 0.46656767 1
-3.7331665 10.71874 3.5866327 9
-0.87554574 3.1030483 0.58112901 1
-4.3481774 12.440235 3.5892632 4
-3.4300063 9.9701347 2.5908606 30
-1.1093143 3.3674302 -0.041513443 3
-0.64525515 2.062871 -0.064097285 1
-0.90673363 2.7973535 -0.053449418 2
-1.1742307 3.592324 0.19175558 2
-1.1869996 4.2793126 -0.021613473 9
-1.0150778 3.312454 1.0777225 60
-0.96989238 3.246747 0.70350736 1
-3.3978746 9.9855347 2.5917137 31
-0.99489522 3.0867884 0.46694726 15
-3.6914744 10.721174 3.5836043 9
-0.926732 3.2341592 0.94090593 1
-0.85512757 3.0758429 0.58054572 1
-0.73981583 2.3556068 -0.053452592 1
-1.0914749 3.3548634 -0.038692746 3
-4.3055844 12.459421 3.5902798 4
-0.63662946 2.0618062 -0.063047409 1
-0.89419824 2.7934308 -0.05190742 2
-1.0805973 3.3137207 0.8318882 1
-1.1601985 3.5929844 0.19213217 2
-1.191732 4.348299 -0.029754193 10
-1.0014691 3.3106885 1.0768051 29
-0.9479844 3.2202301 0.70181286 1
-0.85058266 3.0981143 0.5809527 1
-1.0808355 3.3606532 -0.03897237 3
-4.2644629 12.475868 3.590836 3
-0.90111238 3.1922343 0.93500614 1
-3.3536556 9.9717522 2.5864174 30
-0.73315185 2.3620534 -0.05432475 1
-1.0294147 3.2187657 0.34571373 1
-3.6523509 10.730732 3.58266 9
-0.88558429 2.8005877 -0.052637991 2
-1.1563661 4.2841563 -0.021063417 9
-0.62547112 2.0533988 -0.059938841 1
-1.0451626 3.2501183 0.82553542 1
-1.1409832 3.5785165 0.19387807 2
-0.99278665 3.3238952 1.0784143 19
-0.73366898 2.3907285 -0.060559105 1
-4.2248979 12.503964 3.5941167 4
-0.84534478 3.1205564 0.58136237 1
-0.92442435 3.185801 0.69968474 1
-1.0728014 3.3759556 -0.040800918 3
-0.61726773 2.052125 -0.058890305 1
-0.8671757 2.7778504 -0.047312837 1
-0.91076833 3.2640035 0.94392544 1
-1.044637 3.2840157 0.82840216 1
-1.1617372 4.3569832 -0.029683853 10
-1.0310141 3.2604485 0.34371114 2
-3.6188829 10.756597 3.5863972 10
-3.3236771 10.004823 2.5907388 15
-1.1334481 3.5979116 0.19254132 2
-0.83482993 3.1236656 0.58138698 1
-0.87901568 3.1989527 0.9350602 1
-0.91072375 3.1817324 0.6992808 1
-0.71636033 2.3677866 -0.054279279 1
-3.5852721 10.782362 3.5901327 9
-1.0596089 3.37836 -0.040458214 3
-0.60710365 2.0474086 -0.056810752 1
-4.1773143 12.516116 3.5933216 4
-0.85492784 2.7757943 -0.04614979 33
-1.013069 3.2316253 0.8231135 1
-1.1296093 3.6286318 0.1901769 2
-1.1382928 4.3388729 -0.026760669 10
-0.81813031 3.1077099 0.58103079 1
-0.97099566 3.3391433 1.0797385 1
-0.89587653 3.1737883 0.69866139 1
-0.94911081 3.0960522 0.46715838 114
-4.1328769 12.522902 3.5916123 4
-3.5428944 10.782393 3.5865808 7
-1.1161435 3.628906 0.19055018 2
-1.0526905 3.3973618 -0.04290593 3
-1.123719 4.3429556 -0.026728433 10
-0.70378941 2.3596692 -0.051574789 1
-0.83880538 2.7604883 -0.042337149 45
-0.9926737 3.2090709 0.82065982 1
-0.60723573 2.0718226 -0.062966369 1
-0.80099219 3.0876732 0.58059633 1
-0.85687321 3.2055278 0.93511313 1
-0.88870543 3.1885154 0.6993351 1
-4.0989232 12.560951 3.5976005 1
-0.93552244 3.0900137 0.46734443 117
-3.5091825 10.801784 3.5887504 10
-1.0288464 3.3966022 1.2200048 2
-1.0475084 3.4199111 -0.045975972 3
-0.69952863 2.3734071 -0.054235026 1
-0.9591493 3.3428524 1.0797675 1
-0.98691303 3.2277801 0.82210612 1
-0.59656304 2.0631487 -0.059860714 1
-0.82329094 2.7449472 -0.038527317 37
-1.097066 3.6141994 0.19229364 2
-1.1062491 4.3395452 -0.025732767 10
-0.86554313 3.2774084 0.94403362 1
-1.0322933 3.4124312 -0.044087403 3
-0.69029832 2.3723264 -0.053320959 1
-4.0527744 12.570029 3.5963459 4
-0.92643809 3.0993023 0.46727619 118
-0.87159163 3.172833 0.69828296 1
-0.81895953 2.7629092 -0.04153271 16
-0.58898497 2.0636017 -0.059327591 1
-0.96978337 3.2124479 0.82035983 1
-3.4704471 10.812534 3.5883193 9
-1.0137607 3.3932476 1.2184969 4
-0.79113585 3.0987878 0.58077788 1
-1.1113812 3.7017319 0.18479294 2
-1.1086473 4.4088674 -0.033871043 11
-0.82037836 3.1623647 0.92874134 1
-0.85860509 3.168385 0.69787526 1
-0.68428797 2.3824735 -0.05508643 1
-0.77852947 3.0940213 0.58064848 1
-0.91297537 3.095257 0.46742994 123
-3.4334788 10.82864 3.5894501 9
-1.0196034 3.416558 -0.04405674 3
-4.003799 12.577817 3.5946438 4
-0.57947898 2.0605869 -0.057763662 1
-1.0860862 3.6679976 0.18824783 2
-0.99991733 3.3914993 1.2173724 42
-0.82448363 2.8147974 -0.051348906 2
-0.95410782 3.2049809 0.81932443 1
-1.0747787 4.348062 -0.025664562 10
-0.84282738 3.1563754 0.69703865 1
-0.76755363 3.0970576 0.58067304 1
-0.82215178 3.2154937 0.93519408 1
-1.0075057 3.4204431 -0.044027027 3
-0.67002648 2.368624 -0.051042158 1
-0.57214916 2.0629346 -0.057744522 1
-0.81149352 2.8086567 -0.049431488 2
-3.9635999 12.60512 3.5979152 0
-0.90450209 3.1084571 0.4673011 124
-0.98074579 3.3728642 1.2127856 78
-0.94640774 3.2200086 0.82041681 1
-3.3951142 10.847087 3.5911038 10
-1.1309712 3.8544428 0.17184891 2
-1.0683081 4.3826447 -0.029478107 10
-0.82658237 3.1403122 0.69598383 1
-0.79736459 3.1688447 0.92879432 1
-0.75868225 3.107769 0.58085179 1
-0.6627934 2.3749964 -0.051914122 1
-0.91865194 3.172389 0.81565374 2
-0.99778527 3.431818 -0.045236297 3
-0.89227158 3.1081336 0.46738994 125
-0.97760636 3.4046948 1.2185856 36
-0.81105345 2.8417587 -0.055464521 2
-0.567155 2.0726209 -0.059784371 1
-3.3562448 10.857415 3.5906723 9
-1.1191174 3.8644216 0.17136735 2
-1.0407752 4.34058 -0.023677975 10
-0.81876963 3.1550307 0.69665772 1
-0.7924788 3.1948943 0.93178505 1
-3.3219709 10.882359 3.5944026 10
-0.56210089 2.0822952 -0.061823927 1
-0.65669471 2.385072 -0.053680874 1
-0.87766308 3.100116 0.46760732 126
-0.80097598 2.8449116 -0.055438682 2
-0.92115933 3.2196209 0.81976211 1
-0.73929143 3.0819271 0.58030194 1
-0.98918235 3.4469385 -0.047066148 3
-1.1024938 3.8591325 0.17225558 2
-1.0303764 4.3637676 -0.026048785 10
-0.8059237 3.154525 0.69646835 1
-0.77068251 3.1596935 0.92686713 1
-0.73148119 3.0943456 0.5805161 1
-0.86430717 3.0958571 0.46776074 127
-0.64533323 2.3783846 -0.05142574 1
-1.0045635 3.5377457 1.3803048 1
-0.97463697 3.4431608 -0.045797378 3
-0.78623056 2.8330233 -0.052386716 2
-0.89908874 3.1889222 0.81659502 1
-1.0835905 3.8461576 0.17382728 2
-0.55125433 2.0735085 -0.058718 1
-3.2784116 10.877677 3.5898015 9
-1.0120187 4.356132 -0.024575189 10
-0.79149377 3.1461263 0.69584513 1
-0.85387683 3.0990381 0.46778476 127
-0.71796638 3.087548 0.5803479 1
-3.2459004 10.901781 3.5935276 10
-0.7558136 3.1513572 0.92541093 1
-0.97318822 3.4801097 1.365384 30
-0.96591562 3.4582341 -0.047628343 3
-0.64145648 2.3958695 -0.054979566 1
-0.54387814 2.0757513 -0.05869928 1
-1.0070217 4.3983221 -0.029350756 10
-0.77848679 2.8436046 -0.053876851 2
-1.0665193 3.838815 0.17488489 2
-0.89128482 3.20381 0.81768698 1
-0.78140026 3.1530614 0.69608599 1
-0.74417335 3.1503325 0.92493898 1
-0.96089542 3.4817755 1.3649586 39
-0.71102393 3.1058605 0.58067852 1
-0.84288645 3.102344 0.46781042 127
-0.94856006 3.4428279 -0.04450392 3
-0.63167673 2.3927131 -0.053621098 1
-1.056462 3.8522184 0.17405859 2
-3.2068589 10.911596 3.5930903 9
-0.98387396 4.3713183 -0.02547654 10
-0.53537446 2.0742798 -0.057653163 1
-0.7706778 2.8541663 -0.05536687 2
-0.87760836 3.199614 0.81700325 1
-0.77127117 3.1599603 0.69632614 1
-0.83129299 3.1016147 0.46789739 127
-2.9226294 10.093642 3.3598704 31
-0.72796559 3.1340439 0.92249137 1
-0.62317836 2.3952365 -0.053599525 1
-0.93750095 3.4502554 -0.045095574 3
-0.86110741 3.1837537 0.8152532 1
-0.75768781 2.8457429 -0.053073559 2
-0.53168964 2.0874774 -0.060723618 1
-0.69753647 3.0989771 0.58051014 1
-1.0411385 3.8504903 0.17460243 2
-0.96467394 4.3596325 -0.023522874 10
-0.75694394 3.1514096 0.69570172 1
-0.71982336 3.1484377 0.92399859 1
-0.92701262 3.4574652 -0.045689072 3
-0.81690609 3.093323 0.46811312 127
-0.6173054 2.4050913 -0.055368163 1
-0.68416798 3.0899568 0.58030152 3
-1.0332026 3.871474 0.17309202 2
-2.8880868 10.10787 3.3609881 22
-0.52535975 2.0933545 -0.061733913 1
-0.74537307 2.8411775 -0.051536284 2
-0.84529108 3.1717939 0.81385899 1
-0.9511041 4.3710427 -0.024453416 10
-2.8487916 10.099221 3.3558509 4
-0.74679172 3.1582253 0.69594234 1
-0.7081638 3.149349 0.92377436 1
-0.67128581 3.0849068 0.58017004 5
-0.91256213 3.4534361 -0.044422653 3
-1.0228006 3.8868926 0.17209639 2
-0.61149222 2.4169352 -0.057582282 1
-0.82789773 3.1519604 0.8117522 1
-0.51503855 2.084276 -0.058630239 1
-0.73909891 2.8552709 -0.053785142 2
-0.94474447 4.413343 -0.029228356 10
-0.60225952 2.4155242 -0.05667007 1
-0.89657402 3.4415765 -0.041919339 3
-0.69996327 3.1616273 0.92503184 2
-0.50762457 2.0863981 -0.058613013 1
-0.72680336 2.8506274 -0.052248642 2
-0.66176581 3.0933955 0.58030766 10
-0.77926725 3.2426963 1.0566915 1
-0.73254955 3.1495624 0.69531816 1
-0.82113177 3.17049 0.81319737 1
-1.0018414 3.8679752 0.17417967 2
-0.93630576 4.4479098 -0.033041351 11
-0.68684 3.1566894 0.92406577 5
-0.77282858 3.2648246 1.059878 1
-0.72637665 3.1717787 0.69642138 1
-0.65453291 3.1115789 0.58063745 13
-0.9317522 3.6160138 1.5326536 2
-0.58856517 2.4031806 -0.05307414 1
-0.87778187 3.426369 -0.038794458 3
-0.50088853 2.0923216 -0.059623953 1
-0.71726036 2.8574083 -0.052982632 2
-0.80714196 3.1661665 0.81251311 1
-0.98761719 3.8698814 0.1743799 2
-0.89765251 4.350821 -0.020521833 9
-0.71273142 3.1628888 0.69579476 1
-0.67658132 3.1632609 0.92458296 2
-0.64165682 3.1064057 0.58050483 17
-0.91372705 3.6009943 1.5274731 4
-0.74925125 3.2219872 1.0523133 1
-0.58045679 2.4054506 -0.05305637 1
-0.8747744 3.4600313 -0.043722723 3
-0.4944894 2.0981104 -0.06063531 1
-0.71030533 2.8715875 -0.055230688 2
-0.97286284 3.8698082 0.17475086 2
-0.80021572 3.1846519 0.8139587 1
-0.89182019 4.3969064 -0.025777932 10
-0.66397029 3.1601512 0.92386389 1
-0.6995663 3.1579444 0.69538569 1
-0.57347214 2.4134319 -0.054377463 1
-0.86252338 3.4634104 -0.043696832 3
-0.62837106 3.0992186 0.58033508 23
-0.73190469 3.2019868 1.0485409 1
-0.48533836 2.092613 -0.058561817 1
-0.78629422 3.1761072 0.81291527 1
-0.69540113 2.8553195 -0.051424988 2
-0.89889932 3.5970664 1.5254159 2
-0.95237333 3.8485303 0.17700166 2
-0.87114716 4.3770752 -0.022867844 10
-0.6564067 3.178242 0.92586273 1
-0.72111106 3.2047129 1.0485631 1
-0.68932456 3.1645885 0.69562376 1
-0.61782688 3.1036913 0.58039355 32
-0.56490195 2.4157596 -0.054358419 1
-0.84860969 3.4630992 -0.043051094 3
-0.47650713 2.0909994 -0.057515115 1
-0.68580264 2.8620038 -0.052159514 2
-0.77341551 3.1754825 0.81258428 1
-0.9418475 3.8637333 0.17600344 2
-0.8455807 4.3338585 -0.017075688 9
-0.70974338 3.207541 1.0485808 1
-0.67668599 3.1614883 0.69531715 1
-0.64558065 3.1827812 0.92612714 2
-0.60637975 3.1042099 0.58037144 37
-0.73833638 3.1089518 0.46836951 1
-0.55488306 2.4144018 -0.053450946 1
-0.83327645 3.4549341 -0.041173331 3
-0.84510392 4.4029865 -0.02522126 10
-0.92817545 3.8673332 0.17602651 2
-0.46605858 2.0817897 -0.05441748 1
-0.75386268 3.147717 0.80976188 1
-0.67871118 2.8760905 -0.054412749 2
-0.69836301 3.2103469 1.0485997 1
-0.66547203 3.1641693 0.69533509 1
-0.62986583 3.1660104 0.92367214 3
-0.72220945 3.0925133 0.46870476 1
-0.82064241 3.4541793 -0.040534027 3
-0.59926897 3.1242161 0.58073461 43
-0.54723644 2.4184294 -0.053881876 1
-0.91517037 3.8707252 0.17604794 2
-0.66449136 2.8635952 -0.051368717 2
-0.74780846 3.1699302 0.81155676 1
-0.82709408 4.3946009 -0.023758145 10
-0.46162605 2.0949461 -0.057489913 1
-0.65425014 3.1668124 0.69535381 1
-0.68323958 3.1977506 1.0460889 1
-0.61732703 3.1627192 0.92294747 1
-0.73308814 3.1572993 0.81015384 1
-0.58605731 3.116863 0.58055878 83
-0.53913921 2.42256 -0.054314975 1
-0.81040645 3.4650156 -0.041751705 3
-0.90048087 3.870379 0.1764124 2
-0.45356899 2.0930493 -0.056448448 1
-0.80431676 4.3587532 -0.018935004 9
-0.65782303 2.8775191 -0.053622324 2
-0.67281353 3.2043061 1.0467391 1
-0.64482635 3.1772056 0.69580323 1
-0.5717783 3.1015208 0.58022726 71
-0.60653371 3.1671338 0.92321229 1
-0.79813832 3.4681728 -0.041731682 3
-0.52956361 2.4209921 -0.053406738 1
-0.44708973 2.0986965 -0.057463378 1
-0.78890908 4.3618784 -0.01891423 9
-0.72587049 3.1756094 0.81159431 1
-0.64761883 2.8801336 -0.053604472 2
-0.88971543 3.8854418 0.17540865 2
-0.59530044 3.16957 0.92322838 1
-0.65782076 3.1915944 1.0442261 1
-0.68296224 3.0736518 0.46920076 1
-0.6335575 3.1797822 0.69582033 2
-0.78665537 4.4271097 -0.02657678 10
-0.78780013 3.4789457 -0.04295022 3
-0.52000672 2.419385 -0.052498061 1
-0.63547516 2.8751047 -0.052074239 2
-0.43867272 2.0968359 -0.056421496 1
-0.87017894 3.8656731 0.17748149 2
-0.71263981 3.1707494 0.8109017 1
-0.58461684 3.1718514 0.92324388 1
-0.55438298 3.1255774 0.58064401 76
-0.5142116 2.4308741 -0.05471693 1
-0.77034956 3.4588661 -0.039216481 3
-0.61964875 3.1706231 0.69518816 1
-0.6456039 3.1903672 1.0436112 1
-0.67786276 3.0996518 0.46883953 1
-0.86289257 3.8920889 0.17545052 2
-0.69848806 3.1619647 0.80985516 1
-0.43121421 2.0986915 -0.056407914 1
-0.62623167 2.8814609 -0.05281359 2
-0.76867986 4.4265842 -0.026074443 10
-0.54250085 3.1239147 0.58058357 58
-0.75999117 3.4695561 -0.040435523 3
-0.50324452 2.423526 -0.052469019 1
-0.60753876 3.1692061 0.69498938 2
-0.63516152 3.1967933 1.0442612 1
-0.68830895 3.1665211 0.81005037 4
-0.66686916 3.1023431 0.4688572 1
-0.42041644 2.0854232 -0.052281089 1
-0.84724075 3.8876779 0.17615584 2
-0.6184051 2.8914704 -0.054310407 2
-0.74482328 4.3866839 -0.020772437 9
-0.53197485 3.126018 0.58059835 61
-0.59941357 3.1832359 0.69565356 3
-0.65399051 3.0972114 0.46900147 1
-0.41665268 2.1022434 -0.056383558 1
-0.62468457 3.2031827 1.0449104 1
-0.49371597 2.4218173 -0.051561017 1
-0.75142986 3.4878926 -0.042892572 3
-0.60537505 2.8825037 -0.052024309 2
-0.83718061 3.906467 0.17480911 2
-0.67754692 3.1711881 0.81024522 10
-0.74841481 4.4870305 -0.032757811 11
-0.57115501 3.2759526 0.93565685 1
-0.58896232 3.1895542 0.69588751 3
-0.60735899 3.1786921 1.0404992 1
-0.48693004 2.4314563 -0.053334836 1
-0.51901048 3.1244874 0.58053797 57
-0.73908091 3.4908469 -0.042874251 3
-0.64485753 3.107604 0.46889186 1
-0.71390736 4.3843789 -0.019776139 9
-0.82426578 3.9135904 0.17448793 2
-0.40917486 2.1040156 -0.056370497 1
-0.59515321 2.8849502 -0.052009672 2
-0.662117 3.1564479 0.80866343 13
-0.54457259 3.2003119 0.92577827 1
-0.57821643 3.1918161 0.69590217 4
-0.70829642 4.4418979 -0.026478937 10
-0.47472054 2.4182963 -0.049748015 1
-0.50792938 3.1266232 0.5805524 57
-0.72491086 3.4860561 -0.041616973 3
-0.62471646 3.0712409 0.46953839 1
-0.65000671 3.1552022 0.80832511 19
-0.40080583 2.1020138 -0.055330284 1
-0.58402532 2.8835289 -0.05123673 2
-0.79785562 3.8624241 0.17929371 2
-0.5652768 3.1863434 0.69548434 5
-0.53437042 3.2144337 0.92727989 1
-0.59608275 3.2336407 1.0487545 1
-0.49684218 3.1287205 0.58056659 43
-0.46877325 2.4316788 -0.052413955 1
-0.62640148 3.1283083 0.46867406 1
-0.70722413 3.4658136 -0.037885748 3
-0.39158085 2.0962057 -0.053260557 1
-0.57291418 2.8820684 -0.050465219 2
-0.64106601 3.1674981 0.80922967 16
-0.79036975 3.8927419 0.17692117 2
-0.6952678 4.4643703 -0.02885915 10
-0.55454016 3.1885204 0.695499 4
-0.59980375 3.3054979 1.0601588 1
-0.48776078 3.1385376 0.58073461 43
-0.51623052 3.1815369 0.9228428 1
-0.46013731 2.4336414 -0.052400958 1
-0.69934005 3.4878674 -0.040962212 3
-0.63205111 3.1797676 0.81013519 10
-0.60911483 3.1035206 0.46913016 1
-0.56443983 2.8920467 -0.051961504 2
-0.38756588 2.1129792 -0.057363607 1
-0.7826848 3.9230556 0.1745479 2
-0.67869556 4.4672561 -0.028839603 10
-0.54401886 3.1946893 0.69573188 3
-0.47933775 3.1522613 0.58097965 47
-0.56332475 3.1880012 1.0405606 1
-0.50935251 3.207072 0.92582524 1
-0.59636813 3.098166 0.4692716 1
-0.44893461 2.4241612 -0.04970824 1
-0.68698871 3.4906378 -0.040943988 3
-0.62033457 3.1803656 0.80997372 4
-0.76537812 3.9105382 0.17593449 2
-0.37920424 2.1108773 -0.056322373 1
-0.55762368 2.9096768 -0.054973405 2
-0.65228611 4.4073043 -0.021140777 10
-0.55258048 3.1901784 1.0405746 1
-0.49926743 3.212965 0.92633426 1
-0.5323236 3.2010567 0.69596416 3
-0.46479294 3.1386113 0.5806855 40
-0.67378068 3.4895015 -0.040308431 3
-0.44200626 2.4336703 -0.051481728 1
-0.58795136 3.1122952 0.46909857 1
-0.37086359 2.1087584 -0.055282846 1
-0.75322294 3.9213233 0.1752696 2
-0.60948318 3.1847997 0.8101669 4
-0.5439238 2.896606 -0.051932465 2
-0.63800383 4.4177265 -0.022082239 10
-0.54126108 3.1924355 1.0405897 1
-0.49056768 3.2266459 0.92783082 1
-0.52172482 3.2071607 0.69619483 2
-0.53199017 2.8911576 -0.05040548 2
-0.36254352 2.1066005 -0.054242902 1
-0.43336388 2.4355409 -0.051468711 1
-0.45276201 3.1386802 0.58066136 38
-0.73686171 3.9125872 0.1763123 2
-0.66100621 3.4902451 -0.039981063 3
-0.59691525 3.181407 0.80965048 5
-0.62493312 4.4359632 -0.023986699 10
-0.50795639 3.1934977 0.69534248 3
-0.47507825 3.2092476 0.92537153 1
-0.5655942 3.1129839 0.46919173 1
-0.42595971 2.4410934 -0.052349467 1
-0.64679539 3.4811623 -0.038109683 3
-0.52425653 3.1716008 1.036809 1
-0.71799749 3.8880289 0.17872281 2
-0.44297954 3.1484687 0.58082873 36
-0.35747281 2.1195328 -0.057317197 1
-0.52419478 2.9048631 -0.05266007 2
-0.58563066 3.1838155 0.80966532 10
-0.60489297 4.4110036 -0.020609023 9
-0.49719647 3.1954916 0.69535637 2
-0.55755973 3.1269064 0.46901739 1
-0.41409126 2.4276447 -0.048765123 1
-0.63771266 3.4992144 -0.040568959 3
-0.52712965 3.2474585 1.0488468 1
-0.46584591 3.2269592 0.92736661 1
-0.35031128 2.121033 -0.057307228 1
-0.51602334 2.9146008 -0.054159731 2
-0.57408309 3.1821682 0.8093242 11
-0.70664412 3.9025729 0.17771493 2
-0.43247414 3.1542778 0.58091938 31
-0.59678262 4.4564762 -0.025874265 10
-0.4865804 3.2014813 0.69558656 2
-0.5161863 3.2495167 1.0488602 1
-0.62673974 3.5055075 -0.041171767 3
-0.40668812 2.433151 -0.049647346 1
-0.54325658 3.1135025 0.46928409 1
-0.69628507 3.9189005 0.17653537 2
-0.45240107 3.2171721 0.92589521 1
-0.56360275 3.1884015 0.8096959 11
-0.34276789 2.1225863 -0.057296552 1
-0.50331146 2.9051855 -0.051876165 2
-0.42129052 3.1561198 0.58093137 26
-0.5846011 4.4824386 -0.028738081 10
-0.53355896 3.1195428 0.46923387 1
-0.505234 3.2515373 1.0488733 1
-0.5532558 3.1925297 0.80988711 12
-0.61276126 3.5002754 -0.039918222 3
-0.33790502 2.1353991 -0.060372192 1
-0.47605863 3.2114699 0.69603354 1
-0.49352831 2.9071686 -0.051863961 2
-0.39959589 2.4425392 -0.051420934 1
-0.67892849 3.9040606 0.17809077 2
-0.44099021 3.2190812 0.92590708 1
-0.40883335 3.150008 0.58079004 23
-0.56022972 4.4218302 -0.021042835 10
-0.39135686 2.4441714 -0.051409505 1
-0.60175902 3.5064931 -0.040523075 3
-0.48666313 3.2147586 1.0425594 1
-0.5232724 3.1256561 0.46918491 1
-0.48475379 2.9169185 -0.053362213 2
-0.32653272 2.1179469 -0.055218093 1
-0.54232216 3.1967382 0.81007886 21
-0.4641009 3.2135491 0.69604832 1
-0.39915192 3.1575994 0.5809173 20
-0.43148765 3.2326937 0.92740381 1
-0.66289979 3.8990648 0.1787913 2
-0.54460108 4.4241004 -0.021026671 10
-0.48158199 3.2557724 1.0489005 1
-0.50575197 3.1005366 0.46963978 1
-0.31936601 2.1232808 -0.056235731 1
-0.38292897 2.4517756 -0.05273686 1
-0.45069098 3.2036848 0.69541019 1
-0.47163883 2.9074728 -0.051079858 2
-0.42064807 3.238431 0.92791253 2
-0.52812159 3.1873417 0.80902678 25
-0.58810228 3.5091627 -0.040505823 3
-0.38825753 3.1612933 0.58096743 16
-0.65283793 3.9212759 0.17709987 2
-0.53062439 4.4381132 -0.022452015 10
-0.41187716 3.2538662 0.92965555 27
-0.37672144 3.1569581 0.5808624 15
-0.46608043 3.2384174 1.0457515 1
-0.37349066 2.4496086 -0.051832002 1
-0.49924305 3.1261964 0.46927783 1
-0.63749665 3.916048 0.1777987 2
-0.43998918 3.2095184 0.69564015 1
-0.57493716 3.5076554 -0.039872024 3
-0.31145129 2.1228313 -0.055712163 1
-0.46354541 2.9210188 -0.053336158 2
-0.51794273 3.1953776 0.80957508 24
-0.51577115 4.4521999 -0.023877591 10
-0.36668453 3.1665006 0.58102953 15
-0.49091721 3.1399593 0.46910167 1
-0.62937415 3.9459112 0.1754227 2
-0.56397676 3.5177503 -0.041094601 3
-0.36407241 2.4474094 -0.050928373 1
-0.50808507 3.2053382 0.81030065 22
-0.45789903 3.2598403 1.0489284 1
-0.42989504 3.2192593 0.69608593 2
-0.45173973 2.9152484 -0.051811289 2
-0.30497396 2.1299419 -0.057244826 1
-0.4952957 4.4188895 -0.019542592 9
-0.47601101 3.1182966 0.46949062 1
-0.42094287 3.2328303 0.69674766 1
-0.55285978 3.5238214 -0.041699968 3
-0.44334659 2.9247763 -0.053311307 2
-0.35652354 2.4527628 -0.051810954 1
-0.29848135 2.1350601 -0.058263507 1
-0.35601982 3.1720729 0.58111739 11
-0.60834712 3.9092088 0.17885399 2
-0.49873412 3.2151771 0.81102341 20
-0.44633391 3.2617583 1.0489413 1
-0.47865087 4.413065 -0.018569715 9
-0.34929183 2.4600132 -0.053140983 1
-0.5374974 3.5065243 -0.038592923 3
-0.28988981 2.1287541 -0.056197099 1
-0.48576698 3.2053783 0.8099696 20
-0.46424511 3.1163406 0.46956638 1
-0.40824813 3.2267365 0.69632554 1
-0.42948502 2.907326 -0.049517546 2
-0.42969424 3.2324545 1.0438896 1
-0.34311238 3.1657801 0.58097535 8
-0.59036011 3.8921497 0.1805784 2
-0.46654066 4.4426312 -0.021915322 10
-0.39798293 3.2323451 0.69655395 1
-0.42376921 3.2653999 1.0489632 1
-0.34045935 2.463557 -0.053575881 1
-0.47313455 3.2035792 0.80962634 19
-0.52446043 3.5088351 -0.038577769 3
-0.45610842 3.1380866 0.46926484 1
-0.28058973 2.1225507 -0.054130945 1
-0.33161879 3.1653259 0.5809468 3
-0.42345229 2.9363184 -0.054799885 2
-0.57251805 3.8709764 0.18264209 2
-0.45132366 4.448524 -0.022383206 10
-0.38534269 3.226156 0.696132 1
-0.35303143 3.2544029 0.92872268 129
-0.41218543 3.2671964 1.0489773 1
-0.32248312 3.1826673 0.58126646 5
-0.32927737 2.4536223 -0.050886355 1
-0.44103387 3.1203885 0.46959224 1
-0.5147875 3.5305629 -0.04165788 3
-0.27398658 2.131547 -0.056178447 1
-0.4130432 2.938123 -0.054788247 2
-0.46086287 3.2036948 0.80946153 15
-0.562805 3.8968806 0.18060589 2
-0.43748102 4.4661837 -0.024289697 10
-0.37620711 3.2436342 0.69700992 1
-0.40117645 3.2688746 1.0489877 1
-0.34175399 3.2579236 0.92898083 124
-0.43196282 3.1340873 0.46941572 1
-0.49964699 3.5171018 -0.039169967 3
-0.31119773 3.1841159 0.5812766 2
-0.31958625 2.4493394 -0.049537878 1
-0.45217478 3.2213302 0.81089801 13
-0.26835144 2.144259 -0.059254367 1
-0.54836321 3.8952372 0.18096174 2
-0.39999813 2.9243994 -0.051751487 2
-0.42580855 4.5035329 -0.028596375 10
-0.40409428 3.3682675 1.0648216 1
-0.36358187 3.23736 0.69658792 1
-0.33122951 3.2673118 0.92998081 125
-0.30929205 2.4411612 -0.047295216 1
-0.29867461 3.1756012 0.58109343 1
-0.25882182 2.1340818 -0.056160036 1
-0.39156249 2.9377503 -0.054009188 2
-0.44075057 3.2232397 0.81090909 12
-0.48913455 3.5308659 -0.041012824 3
-0.53521955 3.901406 0.18063481 2
-0.40989456 4.5053434 -0.028584903 10
-0.35098287 3.2350805 0.69638157 1
-0.31989419 3.2707593 0.93023914 129
-0.30719241 2.4829812 -0.056661371 1
-0.47853556 3.5446043 -0.04285647 3
-0.28837508 3.1849055 0.58125794 1
-0.42707714 3.2113392 0.80967659 9
-0.4052732 3.1100779 0.46987778 1
-0.24999015 2.1276901 -0.054094616 1
-0.52078986 3.899662 0.18098927 2
-0.38051707 2.935564 -0.053241402 2
-0.39476448 4.5070004 -0.028573718 10
-0.36637542 3.2739279 1.0490198 1
-0.3395125 3.2366319 0.69639134 2
-0.39791569 3.131479 0.46957564 1
-0.30829418 3.2722032 0.93024886 129
-0.46165365 3.5192833 -0.038513139 3
-0.37011266 2.9372225 -0.053230636 2
-0.24424998 2.1403389 -0.057170879 1
-0.29562151 2.4670467 -0.052633192 1
-0.41662732 3.2190607 0.81022084 6
-0.50516373 3.8899846 0.18202725 2
-0.27708188 3.1862392 0.58126646 1
-0.37633529 4.4849954 -0.02568231 10
-0.29645622 3.2716267 0.93001103 125
-0.32985476 3.2520041 0.69715935 1
-0.38742462 3.1371586 0.46952286 1
-0.44799948 3.5094078 -0.036646426 3
-0.28610221 2.4606385 -0.050839484 1
-0.4944723 3.9077351 0.18067279 2
-0.26736927 3.2014384 0.58154672 1
-0.3603031 2.9427204 -0.05397654 2
-0.23604397 2.1377056 -0.056134403 1
-0.40643817 3.2287178 0.81094337 6
-0.36289874 4.5103393 -0.028551666 10
-0.37626103 3.1347911 0.469596 1
-0.27765939 2.4638908 -0.051276542 1
-0.44031614 3.5425584 -0.041584283 3
-0.25548983 3.1926942 0.58136153 1
-0.34256518 3.2771738 1.0490413 1
-0.32085118 3.2732794 0.69825393 1
-0.2853131 3.2769358 0.93051434 124
-0.22940479 2.1426246 -0.057155356 1
-0.34921274 2.9364626 -0.052455094 2
-0.39556161 3.2303731 0.81095457 5
-0.48180819 3.9176741 0.18000205 2
-0.33918974 4.4249005 -0.017984143 9
-0.42898169 3.5482352 -0.042191144 3
-0.36514595 3.1364372 0.46960577 1
-0.26992127 2.4689865 -0.052161362 1
-0.31170526 3.2945549 0.6993463 1
-0.46737716 3.9157305 0.18035591 2
-0.22349149 2.1552222 -0.060232263 1
-0.38498542 3.2379942 0.81149799 4
-0.24374628 3.1899405 0.58129257 1
-0.34053096 2.9496591 -0.054713037 2
-0.27346864 3.2762828 0.93027604 129
-0.32392347 4.4303508 -0.018453116 9
-0.35345539 3.1340773 0.46967933 1
-0.41811568 3.5617893 -0.044036683 3
-0.37407762 3.2395744 0.81150901 4
-0.33003691 2.9472179 -0.053948052 2
-0.21399057 2.1409798 -0.056111742 1
-0.26227272 2.4779692 -0.053937756 1
-0.26437914 3.2952523 0.93251181 124
-0.30384752 3.3276837 0.70108968 1
-0.45407665 3.9216399 0.18002631 2
-0.37398672 3.339308 1.1809469 1
-0.23325826 3.1990635 0.58145624 1
-0.31441113 4.4990301 -0.0266014 10
-0.25456756 2.4869323 -0.055715095 1
-0.34400991 3.1475213 0.46950084 1
-0.25290498 3.2984698 0.93276823 127
-0.22208723 3.1961687 0.58138597 1
-0.40972811 3.6030507 1.501022 1
-0.29158822 3.3251078 0.70088154 1
-0.40212318 3.5440989 -0.040932197 3
-0.30767965 3.2816103 1.0490708 1
-0.36054084 3.3292665 1.1786467 1
-0.20545392 2.1382813 -0.055075061 1
-0.35978138 3.2255132 0.81009609 2
-0.31906539 2.948771 -0.053938091 2
-0.43965778 3.9195957 0.1803797 2
-0.29398811 4.449017 -0.020353498 9
-0.21075517 3.1972668 0.58139318 1
-0.23999316 3.2878299 0.93129152 127
-0.27710494 3.3026333 0.6995908 1
-0.33229333 3.1491256 0.46951124 1
-0.24263768 2.4688959 -0.051241677 1
-0.30914825 2.9540987 -0.054684378 2
-0.19917166 2.1488991 -0.057638381 1
-0.34873053 3.3308532 1.1786566 3
-0.38850161 3.5379934 -0.039683636 3
-0.29322276 3.2594826 1.0452816 12
-0.3505204 3.242882 0.81152862 2
-0.42684373 3.9293592 0.17970791 2
-0.27892876 4.4582787 -0.021304924 10
-0.22852525 3.2849824 0.93080467 129
-0.20089981 3.2142508 0.58171147 1
-0.26510915 3.2959228 0.69916511 1
-0.23542772 2.4816761 -0.053913523 1
-0.32218099 3.1585383 0.46939486 1
-0.27938387 3.2412167 1.0421252 1
-0.37859711 3.5592663 -0.042766992 3
-0.19230206 2.155664 -0.05917285 1
-0.29919782 2.9593976 -0.055432152 2
-0.33691698 3.3324018 1.1786662 3
-0.33955315 3.2483833 0.81189495 2
-0.41345224 3.9351201 0.1793775 2
-0.26413274 4.4714484 -0.022735432 10
-0.21801144 3.2979624 0.93229651 128
-0.25638333 3.324975 0.7006911 1
-0.18879373 3.2073119 0.58156389 1
-0.40052894 3.9447978 0.17870517 2
-0.18463826 2.156671 -0.059166212 1
-0.24819772 4.4607449 -0.021287957 10
-0.36548641 3.5569878 -0.04213728 3
-0.32803476 3.2498989 0.81190318 2
-0.26788613 3.2425163 1.0421339 4
-0.28667811 2.9451902 -0.052398492 2
-0.31098175 3.1599896 0.46940508 1
-0.32855174 3.3611598 1.1840668 1
-0.22611226 2.4789565 -0.053012297 1
-0.25255159 3.3976498 0.70460021 1
-0.20795454 3.3168271 0.93453211 122
-0.25310045 3.2083776 1.0364444 1
-0.17725357 3.2062998 0.58153242 1
-0.21878494 2.4916744 -0.055682901 1
-0.35289827 3.5585887 -0.042127714 3
-0.314246 3.2335808 0.8103112 1
-0.27673122 2.9504197 -0.053146597 2
-0.31806871 3.374316 1.1863885 1
-0.23389311 4.4817324 -0.02367902 10
-0.1745322 2.1384692 -0.054017153 1
-0.38366058 3.9227922 0.18076305 2
-0.19567032 3.3119543 0.93379641 127
-0.23497649 3.3432143 0.70157319 1
-0.25417379 3.3274188 1.0554434 1
-0.16768718 3.2291651 0.58196473 1
-0.20898402 2.4850295 -0.053889744 1
-0.33885509 3.5483902 -0.040264018 3
-0.31309441 3.4342132 1.1979518 1
-0.21554713 4.4472151 -0.019352721 9
-0.30424812 3.2468603 0.81138825 1
-0.28954059 3.1707151 0.46929699 1
-0.35008311 3.651716 1.5120163 42
-0.26771343 2.9634128 -0.055407215 2
-0.16692759 2.1394114 -0.054011326 1
-0.3707214 3.9323633 0.18009134 2
-0.23894371 3.2892859 1.0491197 1
-0.18375912 3.3109825 0.93355542 124
-0.22999039 3.4159179 0.70548368 1
-0.15681267 3.2300367 0.58197016 1
-0.20300248 4.4838929 -0.023664232 10
-0.28065664 3.1919131 0.46899217 1
-0.16024314 2.1480052 -0.056061611 1
-0.19784306 2.466732 -0.049419127 1
-0.2590791 2.9802735 -0.058423165 2
-0.32535464 3.5420399 -0.039016008 3
-0.2945849 3.3810534 1.1871753 1
-0.2922594 3.2443016 0.81104034 1
-0.3572666 3.9379435 0.17975876 2
-0.18643372 4.4610882 -0.020778 10
-0.21127504 3.345463 0.70158845 1
-0.2350415 3.3690512 1.0617878 1
-0.14596221 3.2388813 0.58213192 1
-0.17089033 3.2980983 0.93183136 129
-0.313728 3.5513594 -0.040245209 3
-0.1895362 2.4716303 -0.050305735 1
-0.26751372 3.1773279 0.46925038 1
-0.2480621 2.9776015 -0.057658691 2
-0.15260488 2.148896 -0.056055147 1
-0.28434801 3.3980055 1.1902654 1
-0.28306124 3.2654307 0.81282836 1
-0.32307628 3.6451697 1.5094296 5
-0.162101 3.3286574 0.93554831 125
-0.13491295 3.2456923 0.58225453 1
-0.19623819 3.3107162 0.69964433 1
-0.16947268 4.4422369 -0.018372534 9
-0.1449648 2.1497557 -0.05604868 1
-0.30115604 3.552783 -0.040236685 3
-0.27103797 3.2627897 0.81248111 1
-0.23443434 2.9514749 -0.052358136 2
-0.1820697 2.4842412 -0.052976273 1
-0.25580695 3.1746156 0.4693206 1
-0.2848438 3.426928 0.3448571 2
-0.15029876 3.3295448 0.93555504 125
-0.18348464 3.2997923 0.69900054 1
-0.12340747 3.2464931 0.58225995 1
-0.15624179 4.4867554 -0.023644052 10
-0.17369166 2.4851594 -0.052970655 1
-0.13770424 2.1505551 -0.056043133 1
-0.2887826 3.5501618 -0.039609868 3
-0.24511492 3.1757762 0.46932831 1
-0.32364193 4.013782 0.17364094 2
-0.22492029 2.9564643 -0.053107262 2
-0.26004636 3.2640059 0.8124873 1
-0.13807277 3.324446 0.93482006 130
-0.17041595 3.2768128 0.69770753 1
-0.11221706 3.2432082 0.58218992 1
-0.14080437 4.4955401 -0.024596846 10
-0.23469064 3.1849077 0.46921131 1
-0.16446106 2.4822123 -0.052069973 1
-0.2758027 3.5475607 -0.038982309 3
-0.21568067 2.9692938 -0.055367731 2
-0.13005815 2.1513617 -0.056035437 1
-0.2497348 3.2771194 0.81356448 1
-0.10276778 3.267843 0.58265775 1
-0.15911493 3.2817135 0.69792891 1
-0.12682033 3.3331773 0.93581408 115
-0.2247687 3.1939559 0.46909174 1
-0.12491439 4.4963579 -0.024594203 10
-0.26324347 3.5488451 -0.03897642 3
-0.1552505 2.4792328 -0.05117147 1
-0.12240829 2.1521378 -0.05603056 1
-0.20515496 2.9703753 -0.055362441 2
-0.23811591 3.2783108 0.81357026 1
-0.3103821 4.1713276 0.16034245 2
-0.091647841 3.2765112 0.58281505 1
-0.14926831 3.3064888 0.69923502 1
-0.14650565 2.4761803 -0.050274774 1
-0.25092265 3.5460978 -0.03835322 3
-0.21111587 3.1711833 0.4694725 1
-0.28698903 4.0734677 0.16888256 2
-0.19539598 2.9792376 -0.056870155 2
-0.22688584 3.2834427 0.8139298 1
-0.11475653 2.1528983 -0.056026623 1
-0.10786418 4.4892125 -0.02363099 10
-0.078296602 3.2452068 0.58219922 1
-0.13754702 3.3073401 0.69923782 1
-0.13845441 2.484787 -0.052055713 1
-0.23911676 3.5551667 -0.039584544 3
-0.27366325 4.0867057 0.167863 2
-0.203991 3.2160463 0.46878916 1
-0.21620351 3.2884662 0.81429112 1
-0.18461944 2.9723778 -0.055353187 2
-0.10785035 2.1574411 -0.057050787 1
-0.089476079 4.4303894 -0.016430765 9
-0.12667909 3.3120849 0.69945902 1
-0.066792585 3.2458079 0.58220208 1
-0.076457597 4.4786038 -0.022187499 10
-0.12998764 2.4894872 -0.052943945 1
-0.22689082 3.5602651 -0.040198773 3
-0.099472001 2.1504469 -0.054989517 1
-0.17372595 2.9694374 -0.05459192 2
-0.19078976 3.1971714 0.46910691 1
-0.2038154 3.2816141 0.8135851 1
-0.25642857 4.0562191 0.17059968 2
-0.1152712 3.3088374 0.69924486 1
-0.083803415 3.3934047 0.94300455 1
-0.056220815 3.278352 0.58282381 1
-0.059011545 4.411695 -0.014028375 9
-0.17738055 3.1742542 0.46948701 1
-0.16389012 2.9781966 -0.056100138 2
-0.21359608 3.553503 -0.038956556 3
-0.09216693 2.1549821 -0.056014691 1
-0.1211487 2.4902709 -0.052940287 1
-0.19323289 3.2945585 0.81465715 1
-0.24274689 4.0653872 0.1699207 2
-0.1040284 3.3175313 0.69968176 1
-0.071972013 3.3979859 0.94350207 1
-0.047278631 4.5074515 -0.025543079 10
-0.045648102 3.302845 0.58329117 1
-0.16911706 3.2110739 0.46892729 1
-0.11165148 2.4832547 -0.05115084 1
-0.20035377 3.5467069 -0.037715994 3
-0.084177561 2.151783 -0.05498283 1
-0.15333255 2.9790957 -0.056095507 2
-0.18526432 3.3392353 0.81857419 1
-0.23507033 4.1499796 0.1627564 2
-0.030991444 4.4682145 -0.020743636 10
-0.09364479 3.3421457 0.70098591 1
-0.060431294 3.4223793 0.94647384 1
-0.033139884 3.2833419 0.58290631 1
-0.15766636 3.2039771 0.46905622 1
-0.17148794 3.3163795 0.81644362 1
-0.18907008 3.5634816 -0.040185392 3
-0.10346439 2.4917464 -0.052932944 1
-0.077780232 2.1678271 -0.059092801 1
-0.14340694 2.9877911 -0.057603791 2
-0.21703222 4.107408 0.16651672 2
-0.082446486 3.3547719 0.70163816 1
-0.022085682 3.2837629 0.58290803 1
-0.047788884 3.4110169 0.94499123 1
-0.094758585 2.4885149 -0.052036643 1
-0.1770882 3.5644174 -0.04018176 3
-0.014418838 4.5004358 -0.024580872 10
-0.20264888 4.1004882 0.1672027 2
-0.14630772 3.2048538 0.46906054 1
-0.069773406 2.1645756 -0.058060516 1
-0.13160431 2.9729507 -0.054575343 2
-0.15972888 3.3173027 0.81644815 1
-0.070154466 3.3474028 0.70120734 1
-0.011562166 3.3001328 0.58321911 1
0.0007810145 4.4968143 -0.024099987 10
-0.037732717 3.4630678 0.95142782 1
-0.086501673 2.4969568 -0.053818587 1
-0.16476332 3.5693142 -0.040797457 3
-0.13407734 3.1937244 0.46925092 1
-0.061887212 2.1574066 -0.056000751 1
-0.12217496 2.9815402 -0.056084905 2
-0.14766805 3.3062298 0.81538385 1
-0.18981171 4.1253681 0.16515853 2
-0.00045295578 3.3004804 0.58322102 1
-0.025928659 3.4595332 0.95093542 1
-0.05806895 3.3559844 0.70164251 1
0.016021989 4.5328655 -0.028419271 10
-0.12469305 3.2224464 0.4688167 1
-0.077637434 2.4975884 -0.053815655 1
-0.13820741 3.3388648 0.81823349 1
-0.15101884 3.5544429 -0.038319334 3
-0.053396042 2.1463933 -0.052913085 1
-0.11133014 2.9783742 -0.055325609 2
-0.17495547 4.1223817 0.16550222 2
-0.013113411 3.4242291 0.94648159 1
0.011300598 3.3208132 0.58360916 1
-0.046175748 3.3565159 0.70164472 1
-0.11384173 3.2231784 0.46881932 1
0.032802485 4.4815116 -0.022181237 10
-0.16260938 4.1471334 0.16345705 2
-0.047065109 2.1661901 -0.058051169 1
-0.067725033 2.4826353 -0.050242718 1
-0.10090515 2.9810569 -0.055700835 2
-0.12690632 3.3476267 0.81894869 1
-0.13843599 3.5552986 -0.038316283 3
-0.0015819725 3.4245782 0.94648254 1
0.02266633 3.313086 0.58345497 1
-0.035670724 3.3769333 0.70272988 1
-0.10223915 3.2118897 0.46901003 1
-0.14796272 4.1360464 0.16448329 2
-0.059352767 2.4831691 -0.050239813 1
-0.040242732 2.1743772 -0.060105171 1
-0.12523092 3.5363472 -0.035220981 3
0.048999105 4.4499393 -0.018342724 9
-0.090993494 2.9836636 -0.056076583 2
-0.11588828 3.3523395 0.81930685 1
0.011161841 3.4249287 0.94648278 1
-0.024009438 3.369374 0.70229834 1
0.034173194 3.3253224 0.58368838 1
-0.050977681 2.4836874 -0.050237358 1
-0.11381274 3.5449634 -0.036455739 3
-0.09156476 3.22456 0.46882364 1
-0.032898363 2.1748281 -0.060102575 1
-0.080709748 2.9803574 -0.055318478 2
-0.1053242 3.3649678 0.82037628 1
0.063721597 4.4778838 -0.021702861 10
-0.1315438 4.1050591 0.16721596 2
0.022872811 3.4172661 0.9454937 1
-0.01332943 3.389725 0.70338333 1
0.045827877 3.3335302 0.58384281 1
-0.043157715 2.501704 -0.054251347 1
-0.10282752 3.5733051 -0.0407832 3
0.079302676 4.5335712 -0.028421668 10
-0.093625136 3.3696358 0.82073492 1
-0.079023957 3.2052398 0.46913895 1
-0.084090471 3.4537416 1.1980463 1
-0.069700032 2.9731271 -0.053803019 2
-0.024724452 2.1675606 -0.058043662 1
-0.11796957 4.1377163 0.16448778 2
-0.0013238952 3.3701191 0.70230037 1
0.034760516 3.4294121 0.94697922 1
-0.069535539 3.2417855 0.46857855 1
-0.089969747 3.5700438 -0.04016266 3
-0.033860229 2.4943998 -0.052463736 1
0.057935294 3.3576977 0.58430749 1
-0.082322419 3.3822308 0.82180488 1
-0.060207725 2.993305 -0.057581633 2
-0.01618995 2.1525397 -0.053928595 1
-0.10521907 3.8956501 1.5720499 2
-0.10294494 4.1304884 0.16517211 2
0.010697354 3.3904254 0.7033847 1
0.04709693 3.417717 0.94549412 1
0.069381662 3.3418167 0.5839985 1
-0.024519945 2.485121 -0.050231334 1
-0.058045354 3.2423625 0.46857959 1
-0.086690754 3.7999129 1.5459939 4
-0.069735385 3.3828716 0.82180685 1
-0.090328082 4.1749759 0.16141719 2
-0.075921282 3.554929 -0.03768694 3
-0.058986962 3.4549732 1.1980489 1
-0.0083457995 2.1568148 -0.054955516 1
-0.048678327 2.9860282 -0.056067549 2
0.08054176 3.3578932 0.58430737 1
0.02216717 3.4146729 0.70468557 1
0.060231328 3.3821554 0.9410404 1
-0.015076969 2.4816561 -0.049336091 1
-0.063338682 3.555516 -0.037684791 3
-0.03827709 2.9904468 -0.056821961 2
-0.076397464 4.1955147 0.15971324 2
-0.046736721 3.4555099 1.1980495 1
-0.058483683 3.3993654 0.82323116 1
-0.00085741427 2.1610308 -0.055980675 1
0.03434433 3.4109249 0.70446992 1
0.092424005 3.3659377 0.58446109 1
0.071128868 3.4418087 0.94846267 1
0.14153546 4.263361 0.004201205 7
-0.0064318422 2.4859443 -0.050227758 1
-0.051087927 3.5639656 -0.038921226 3
-0.035402723 3.4795322 1.2026728 2
-0.046949975 3.4118354 0.82430065 1
-0.060182426 4.160264 0.16278552 2
0.0068260524 2.1613708 -0.055979226 1
-0.027677787 2.9909182 -0.056820881 2
0.082226142 3.5411091 0.96083719 1
0.046431389 3.4111373 0.70446891 1
0.10495773 3.3739357 0.58461583 1
0.15548971 4.2353973 0.0075585423 6
-0.024240304 3.4956546 1.2057556 2
-0.046202984 4.1607709 0.16278647 2
0.014966174 2.1500912 -0.052892964 1
0.0014786972 2.5096736 -0.055582218 1
-0.016619418 2.9795706 -0.05455222 2
-0.038319215 3.5605147 -0.038301017 3
-0.0339147 3.3884449 0.82216585 1
0.094773486 3.5411487 0.96083593 1
0.058082927 3.4472466 0.70641941 1
-0.011712693 3.4725075 1.2011344 2
0.11691366 3.3738947 0.58461493 1
-0.2727499 10.625632 3.388761 1
-0.032225039 4.1612391 0.16278523 2
-0.026485965 3.5649068 -0.038919155 3
0.021532632 2.1696713 -0.058032896 1
0.01029209 2.5002415 -0.053349148 1
-0.0065859309 2.9799323 -0.054549526 2
-0.022506842 3.3888636 0.82216763 1
0.069932796 3.4194086 0.70490193 1
-0.00013003153 3.4767776 1.2019044 2
-0.23249173 10.480146 3.3491509 3
0.1079514 3.5411406 0.96083444 1
-0.018015748 4.1536798 0.16346899 2
0.12883078 3.3698144 0.58453542 1
0.0026839136 3.0038254 -0.059086479 2
0.018660335 2.5024676 -0.053793814 1
0.029238949 2.1583283 -0.054946836 1
-0.0141183 3.5534508 -0.037063543 3
-0.011486612 3.4011962 0.82323563 1
0.081901766 3.4474435 0.70641863 1
-0.19397119 10.361527 3.3168354 3
0.027551169 2.4871325 -0.050222497 1
-0.0023992613 3.5617156 -0.038300343 3
0.12019617 3.48949 0.95439893 1
0.14017434 3.3696918 0.58453459 1
0.013368465 2.9845004 -0.055304758 2
8.1388687e-05 3.3975685 0.82287967 1
0.036302518 2.1662836 -0.057002623 1
0.012908634 3.4732041 1.2011338 4
-0.003133506 4.1759925 0.16159102 2
0.09411449 3.4474866 0.70641756 1
0.024521025 3.4773915 1.2019053 2
0.13202783 3.4318357 0.94722229 13
0.15211523 3.3695347 0.58453172 1
-0.15225302 10.227412 3.2803504 4
0.044587616 2.1587691 -0.054944575 1
0.024475176 2.9847939 -0.055304591 2
0.036725666 2.4912751 -0.051113822 1
0.012724281 3.397913 0.82287955 1
0.010840536 3.5620644 -0.038300291 3
0.011676409 4.1743379 0.16176032 2
0.14348221 3.4237814 0.94622844 23
0.16511445 3.4253063 0.58561343 1
0.10693357 3.4434843 0.7062 1
0.22812945 4.2099752 0.010422224 6
0.03663281 3.489413 1.2042149 2
0.044911444 2.5012212 -0.053346235 1
0.022988683 3.5544367 -0.03706402 3
-0.1152349 10.183844 3.268357 27
0.052262999 2.1589398 -0.054943345 1
0.024944056 3.3902292 0.82216817 1
0.035310727 2.9732568 -0.053035859 2
0.026016371 4.1985297 0.15971115 2
0.15587081 3.4394801 0.94820744 28
0.1190901 3.4354544 0.70576388 1
0.17769845 3.4450424 0.58599764 1
0.035713639 3.5467813 -0.035826948 3
0.053861547 2.4974971 -0.05245233 1
0.2438231 4.2333078 0.0075382194 6
0.045177016 2.9813113 -0.054547966 2
0.059627451 2.1552281 -0.053914707 1
-0.079236925 10.180682 3.2673073 30
0.036660802 3.3745277 0.82074398 1
0.04973508 3.4817717 1.202673 2
0.040582906 4.2186909 0.15800235 2
0.13100648 3.4753067 0.70792997 1
0.16790557 3.4313216 0.94721484 31
0.19032508 3.4847436 0.58676839 1
0.062728778 2.4976449 -0.052452303 1
-0.043595869 10.200563 3.2725115 31
0.048839074 3.5509415 -0.036446553 3
0.061687347 3.517246 1.2096061 2
0.048614446 3.4145746 0.82430089 1
0.056213338 2.9854136 -0.055304341 2
0.067615077 2.1592274 -0.054942574 1
0.055860616 4.184989 0.16090378 2
0.20205036 3.4844203 0.58676547 1
0.18034215 3.4429619 0.9486981 41
0.14336859 3.4791708 0.70814472 1
0.27781633 4.3313808 -0.0044683786 8
-0.0077749635 10.216457 3.2766716 31
0.069834001 4.1970739 0.15987684 2
0.061449785 3.5471435 -0.035828631 3
0.072192334 2.4841201 -0.049327891 1
0.066616207 3.0012631 -0.058329657 2
0.06085375 3.4027824 0.82323295 1
0.075291716 2.1593289 -0.054942563 1
0.1918278 3.4387097 0.94819939 6
0.2143933 3.484041 0.58676291 1
0.15613513 3.5069525 0.70965952 1
0.026410472 10.224477 3.2787485 31
0.0805391 2.4880915 -0.050220557 1
0.29312593 4.330729 -0.0044740224 8
0.072209291 3.4148428 0.82429987 1
0.073287405 3.5591104 -0.037685946 3
0.084690616 4.1931658 0.16021611 2
0.082618318 2.1555307 -0.053913761 1
0.076753825 2.9974263 -0.05757476 2
0.22673424 3.4836156 0.58675981 1
0.088893428 2.4959402 -0.052005921 1
0.08527194 3.5552225 -0.03706836 3
0.16809541 3.4827716 0.70835608 1
0.062463671 10.228531 3.2797825 31
0.089974612 2.140111 -0.049800694 1
0.089516155 3.3061242 0.46764347 1
0.086916402 2.981776 -0.054551251 2
0.083648063 3.4268694 0.82536572 1
0.099511638 4.2171092 0.15816446 2
0.30367672 4.230865 0.0075187171 6
0.098453782 3.5370882 1.2134534 2
0.23907365 3.4831514 0.58675545 1
0.1815404 3.5583973 0.71247071 1
0.10122775 3.2981439 0.46776637 1
0.15803783 3.4559705 1.0732388 9
0.097751319 2.4979181 -0.052453913 1
0.098549895 10.232463 3.2808144 31
0.098485939 3.5513058 -0.03645315 3
0.096401043 3.4269056 0.82536376 1
0.11450832 4.2429891 0.15594289 2
0.097955838 2.1478662 -0.051857315 1
0.09800943 2.985728 -0.055307943 2
0.32374278 4.3292713 -0.0044854456 8
0.19351326 3.558104 0.71246862 1
0.17036559 3.4596949 1.0738683 22
0.10561669 2.159452 -0.05494196 1
0.10703741 2.4881527 -0.050221357 1
0.11103499 3.5433791 -0.035217118 3
0.33358791 4.22932 0.007508066 6
0.10857944 3.4428389 0.82678449 1
0.13650288 10.247851 3.2849708 30
0.10859033 2.9857223 -0.055309806 2
0.1134396 3.2821217 0.46801442 1
0.12960753 4.2568579 0.15474421 2
0.20611528 3.557755 0.71246421 1
0.18358631 3.526567 1.0846258 1
0.35357949 4.32763 -0.0044980771 8
0.11572945 2.4647298 -0.044866774 1
0.12352496 3.535418 -0.033982825 3
0.11331591 2.1632884 -0.05597106 1
0.11917204 2.9856703 -0.055311214 2
0.14474124 4.264698 0.15405841 2
0.17265534 10.247683 3.2849584 28
0.12087145 3.4587252 0.82820588 1
0.21871808 3.5573599 0.71246117 1
0.20723517 10.270547 3.2912011 30
0.37623984 4.4456196 -0.018902997 9
0.13623545 3.5550723 -0.03707749 3
0.13342141 3.4905035 0.83104956 1
0.12472086 2.4899998 -0.050671004 1
0.12979305 2.9895105 -0.056068163 2
0.12097204 2.1593633 -0.054943539 1
0.15990463 4.2704911 0.1535423 2
0.23131843 3.5569265 0.71245694 1
0.20723924 3.5022256 1.0808218 1
0.13321899 2.4976954 -0.052456748 1
0.14808311 3.5470355 -0.035844207 3
0.39298767 4.4604754 -0.020831482 10
0.24335599 10.262383 3.2891033 27
0.17540778 4.3380117 0.14773437 2
0.1285013 2.1476719 -0.051858585 1
0.14028339 2.9815357 -0.054558281 2
0.1454834 3.466465 0.82891285 1
0.21965073 3.5018349 1.0808177 14
0.24391814 3.5564392 0.71245289 1
0.14195839 2.4897673 -0.050673231 1
0.40984285 4.4752612 -0.02275815 10
0.16070527 3.5507898 -0.036465146 3
0.15038544 2.9853148 -0.055317242 2
0.13587914 2.1553075 -0.05391717 1
0.27996287 10.284981 3.2953429 24
0.15792415 3.514091 0.83317995 1
0.1861396 4.1145859 0.16684958 2
0.23279732 3.5211275 1.0839778 14
0.17327237 3.5505617 -0.036468979 3
0.15048587 2.4740193 -0.047103819 1
0.14361849 2.1590312 -0.054945588 1
0.16092704 2.9831545 -0.054940548 2
0.4250854 4.4662213 -0.021805642 10
0.17705412 3.6151114 0.33642295 2
0.17037514 3.5138714 0.83317602 1
0.34190342 11.51209 3.626754 4
0.19982651 4.0784044 0.16991745 2
0.2455952 3.5285385 1.0852391 14
0.42115492 13.345875 3.6265247 2
0.38023427 11.501578 3.6241302 4
0.21440536 4.1099148 0.16718225 2
0.15120482 2.1549947 -0.053918097 1
0.44207263 4.4808917 -0.023734478 10
0.18546516 3.534471 -0.033997308 3
0.15931505 2.4757731 -0.047551624 1
0.17145287 2.9809549 -0.05456527 2
0.19038856 3.6367915 0.33530602 2
0.1828222 3.5136056 0.8331725 1
0.46626782 13.360309 3.6301312 2
0.25766292 3.5181386 1.0836536 3
0.22760181 4.0895963 0.16888511 2
0.41929644 11.519893 3.629323 4
0.1974559 3.5381274 -0.034619845 3
0.19464894 3.5133114 0.83316976 1
0.15858521 2.1586819 -0.054947868 1
0.16787292 2.4833648 -0.049339991 1
0.18122631 2.9708936 -0.052677479 2
0.20311916 3.6544414 0.3343924 2
0.45727921 4.4717498 -0.022782743 10
0.33473265 3.5891237 0.96769911 3
0.34941486 3.4770598 0.5867126 1
0.51396346 13.378431 3.6346414 2
0.17648299 2.4909134 -0.051126286 1
0.19164354 2.9843462 -0.055327509 2
0.20923327 3.5338354 -0.034005933 3
0.16541584 2.1430242 -0.05083631 1
0.21565861 3.6620643 0.33398432 2
0.4594436 11.503261 3.6251359 4
0.23919196 4.0054812 0.17605044 2
0.474397 4.4862971 -0.024712108 10
0.35666767 3.7229242 0.98451704 6
0.36710286 3.5479474 0.58809662 1
0.18519343 2.4867375 -0.050236035 1
0.56071603 13.365206 3.6318991 2
0.2214724 3.5255296 -0.032772038 3
0.50007254 11.503877 3.6256363 6
0.24475469 3.8091476 1.2673373 2
0.22869055 3.6636343 0.33387855 2
0.20169134 2.9683127 -0.052306935 2
0.17367882 2.1620965 -0.055979073 1
0.25532064 4.0567474 0.17160521 2
0.49128133 4.4968233 -0.026161071 10
0.3702808 3.7279384 0.98525155 8
0.19358724 2.4747357 -0.047560293 1
0.26966706 4.0561776 0.17159997 2
0.18108109 2.1541007 -0.053924244 1
0.25824535 3.80862 1.2673324 10
0.21257675 2.9777417 -0.054198977 2
0.23402596 3.52706 -0.033086065 3
0.54085684 11.508192 3.6271782 4
0.24165826 3.6631608 0.33387426 2
0.60768145 13.359624 3.6309679 2
0.50637686 4.4954982 -0.026170425 10
0.38363263 3.7289534 0.98549259 1
0.33296734 3.5757971 0.71371692 1
0.32195553 3.7738912 1.1250877 2
0.20237175 2.474395 -0.047562383 1
0.24707465 3.5403883 -0.03525627 3
0.65476692 13.357773 3.6309416 2
0.18858474 2.1499441 -0.052897669 1
0.58152211 11.508519 3.6276774 6
0.22312991 2.977335 -0.054203372 2
0.28633806 4.1073222 0.16715407 2
0.25545868 3.6826055 0.33285773 2
0.27313557 3.8394103 1.2734888 2
0.5104261 4.3675237 -0.010818509 8
0.33483326 3.7652104 1.1238154 2
0.39464757 3.7002382 0.98202175 1
0.21167265 2.485707 -0.050244007 1
0.74672985 13.397223 3.1513634 1
0.26013333 3.551697 -0.037116978 3
0.70114642 13.340188 3.6272879 2
0.26813212 3.6740549 0.33325741 2
0.62192881 11.502896 3.6266143 6
0.19656694 2.1573462 -0.054956421 1
0.23324841 2.9670787 -0.052316949 2
0.30240777 4.1384892 0.16441612 2
0.52394599 4.3462906 -0.0084279059 8
0.40987733 3.7248995 0.9852314 1
0.34662399 3.7407157 1.1200119 4
0.74892497 13.353562 3.630888 2
0.22049701 2.485307 -0.05024752 1
0.24376282 2.9666007 -0.052321184 2
0.20368716 2.145416 -0.051873606 1
0.67793298 11.148758 2.709985 3
0.31642091 4.125814 0.16543354 2
0.2727052 3.5511158 -0.037122417 3
0.28191736 3.6894035 0.332443 2
0.66211832 11.493279 3.6245074 6
0.5410983 4.3625598 -0.010598025 8
0.36449024 3.806814 1.1307646 2
1.0741662 11.279116 1.9304569 11
0.79639268 13.358981 3.6326742 2
0.28241718 3.4293599 0.46558383 1
0.22971819 2.4926531 -0.052035302 1
0.28445873 3.5346999 -0.034653571 3
0.2117082 2.1527588 -0.053932369 1
0.2552833 2.9856908 -0.056105856 2
0.70305288 11.498957 3.6265683 6
0.32880542 4.085237 0.16884165 2
0.97880226 15.886928 3.641561 5
0.55610365 4.3570375 -0.010128088 8
1.1112235 11.267899 1.9294406 11
1.0332325 15.905444 3.6457665 5
0.34253049 4.0844469 0.1688377 2
0.9150368 11.219633 2.3218036 8
0.84434348 13.372013 3.6362751 2
0.74359143 11.496771 3.6265457 6
0.21915017 2.148499 -0.052905001 1
0.23792782 2.4805026 -0.049357772 1
0.26478791 2.9655137 -0.052327182 2
0.29631755 3.5221932 -0.032800756 3
0.29523605 3.4406734 0.46539274 1
0.57022816 4.3435559 -0.0086964732 8
1.1527786 11.284026 1.931887 11
0.95533115 11.226546 2.3233604 17
0.88865584 13.361693 3.6344321 2
0.22663036 2.1519539 -0.053936251 1
1.0893826 15.904048 3.6461148 6
0.24640547 2.4819825 -0.049807709 1
0.30931351 3.5412571 -0.03590044 3
0.27557036 2.9786727 -0.054977667 2
0.35697511 4.0835752 0.16882972 2
0.78256345 11.502273 3.6286058 6
0.58118719 4.3024192 -0.0039063245 8
1.1936828 11.292132 1.9333396 12
0.32088163 3.4692016 0.46491069 71
0.99521339 11.227421 2.3239648 17
0.88056898 12.474259 3.4281251 4
0.32209119 3.5444372 -0.036524508 3
0.25557458 2.4872952 -0.051150776 1
1.2780143 11.416006 0.74079114 11
1.147728 15.935741 3.653008 6
0.28516048 2.9623668 -0.05195846 2
0.23499064 2.1630733 -0.057024505 1
0.37299061 4.1065207 0.1667722 2
0.82324451 11.501756 3.6291006 4
0.60024768 4.3342471 -0.0079990998 8
1.2368455 11.321795 1.9375136 13
1.1136467 11.334787 1.1363862 2
0.26465884 2.4906259 -0.052046914 1
1.2044038 15.939796 3.6545119 8
1.0357722 11.236022 2.3258352 17
0.33197585 3.4504535 0.4651863 41
0.98411506 13.375271 3.6389048 2
1.3103964 11.338232 0.73933291 12
0.33283025 3.5160394 -0.032199688 3
0.3346155 3.5747259 0.83916134 1
0.24168204 2.1471543 -0.052912317 1
0.29617155 2.9695356 -0.053475339 2
0.86379915 11.499156 3.6290736 3
0.38585874 4.081686 0.1688129 2
0.6272428 4.4310451 -0.020012921 9
1.0761199 11.264328 2.3308687 18
1.1500832 11.293374 1.1342983 9
1.2775681 11.325639 1.938471 13
0.34461495 3.4556088 0.46508595 15
1.3538375 11.365731 0.73991579 12
0.27270019 2.4783654 -0.049371876 1
0.30696514 2.9727561 -0.05423665 2
0.34582031 3.5230958 -0.033444364 3
1.0307192 13.364331 3.6370575 2
0.24931517 2.1466541 -0.052915659 1
1.2619843 15.95539 3.658324 8
0.90514845 11.507964 3.6321723 4
0.48726991 5.2731085 0.066335425 3
0.64819151 4.4725337 -0.025306463 10
1.1910146 11.301557 1.1349167 11
1.3185376 11.3313 1.9396768 12
1.1172434 11.276567 2.3333716 14
1.0775344 13.357098 3.6361191 2
0.2823393 2.4894207 -0.052055944 1
0.35914648 3.5340359 -0.035307083 3
0.35934821 3.4886391 0.46454498 8
0.31778428 2.9759319 -0.054998137 2
1.315655 15.917965 3.651736 4
0.94488251 11.493524 3.6290181 4
0.49981284 5.1922483 0.07315471 3
1.3961372 11.381123 0.74026805 12
0.25777996 2.1576874 -0.056004517 1
0.66666371 4.4982696 -0.028679384 10
1.1595565 11.300461 2.3377709 15
1.2324247 11.313549 1.1357522 11
1.3604432 11.344707 1.94187 15
0.37105533 3.5252271 -0.034076624 3
1.122823 13.330297 3.6306429 2
1.4380966 11.392388 0.74054331 11
0.2911754 2.4887757 -0.052060425 1
0.32862765 2.9790707 -0.055760525 2
0.37308729 3.5056617 0.46425623 10
0.51497036 5.1510873 0.076559164 2
0.98481494 11.4828 3.6269038 4
1.3623742 15.796233 3.6285875 2
0.26603135 2.1648364 -0.058064941 1
0.68002188 4.4765587 -0.026290491 10
1.1990083 11.292747 2.3371065 14
1.2743433 11.329368 1.136803 11
1.4035778 11.367835 1.945297 15
1.1704223 13.334387 3.6324241 2
0.38353243 3.5242641 -0.034084741 3
0.30000991 2.4880922 -0.05206424 1
1.403685 15.61958 3.594661 2
0.38550103 3.5046873 0.464248 10
0.40301728 3.735661 0.32965159 2
1.4782264 11.387613 0.74050939 11
0.52851903 5.0940032 0.081328921 2
0.27251169 2.1488359 -0.053954832 1
0.33887568 2.9743416 -0.055009797 2
1.0240697 11.464228 3.6227069 4
0.68957978 4.4272633 -0.020541264 9
1.2411808 11.312413 2.3408701 14
1.5183047 11.398846 0.74078161 11
1.3176551 11.356965 1.1385009 14
1.445967 11.382891 1.947736 13
1.4475031 15.485887 3.5692029 2
0.39535254 3.5153732 -0.032854062 3
0.3091647 2.4912658 -0.052961707 1
1.2180707 13.338326 3.6341999 2
0.28046918 2.1520729 -0.05498622 1
1.0580316 11.383954 3.601836 3
0.3481192 2.957839 -0.051991176 2
0.39791325 3.5036745 0.46424043 11
0.41356716 3.7027295 0.33126166 2
0.54478377 5.072619 0.083024725 2
0.70736963 4.4409056 -0.022474658 10
1.091127 11.323002 3.5861745 3
0.41336119 3.5444949 0.46357426 8
1.2826921 11.324045 2.3433695 14
1.5615035 11.417597 0.74120814 11
1.4866416 15.340573 3.5414364 2
1.4889514 11.401742 1.9506686 13
1.3572336 11.348653 1.1382509 11
1.2664365 13.349846 3.6377907 3
0.40950257 3.5340054 -0.035955478 3
0.35860154 2.9569521 -0.051996343 2
0.31784105 2.4885809 -0.052520026 1
0.28778917 2.147583 -0.05396178 1
0.42423892 3.6737545 0.33267021 2
0.5587436 5.0273757 0.086770043 2
0.72251529 4.434823 -0.02200851 10
1.526383 11.391152 1.9498922 11
0.32466498 2.4703732 -0.048505504 1
0.42102864 3.5290229 -0.03534434 3
0.42772561 3.5633008 0.4632521 1
1.6048456 11.436188 0.74163407 10
1.3976674 11.348138 1.1384324 11
1.3247237 11.339467 2.3464987 14
1.5300678 15.222283 3.5190594 2
0.90065026 8.785058 0.072631948 7
1.3114861 13.349788 3.6386607 2
1.1282618 11.288685 3.5778086 4
0.57225525 4.990109 0.089832991 2
1.119229 11.329817 1.5346292 1
0.36908194 2.9560342 -0.052003458 2
0.29611447 2.1546135 -0.056022279 1
0.72973835 4.3736525 -0.01481893 9
1.5690576 11.405779 1.9523264 11
1.4413807 11.375252 1.140129 11
1.3567015 13.326061 3.6340904 2
0.43351907 3.5278842 -0.035353117 3
1.5730417 15.1078 3.4974508 2
1.3659923 11.346881 2.3483634 13
0.33271199 2.4618132 -0.046724979 1
0.43883693 3.546201 0.46349558 1
0.93048584 8.7702694 0.073215164 7
1.6478055 11.45065 0.74198145 10
1.1540217 11.292654 1.5315759 15
0.38013026 2.9668567 -0.054278679 2
0.58601433 4.9487672 0.093236059 2
0.30303508 2.1501081 -0.05499756 1
1.167887 11.283095 3.577255 6
0.74577379 4.3753457 -0.015311623 9
1.483295 11.402445 1.1418262 11
1.6118525 11.420213 1.9547646 11
1.4073396 11.354146 2.3502262 14
1.6881351 11.445149 0.74194294 10
1.2072481 11.309154 3.1635299 1
0.45373598 3.5688853 0.46310943 1
0.34370503 2.4842706 -0.052088112 1
0.38950753 2.9541364 -0.052016113 2
1.2452712 11.324104 2.7523379 22
0.95906371 8.7434597 0.074403405 7
0.31104848 2.1532409 -0.056030668 1
0.59868449 4.8994584 0.097322725 2
1.1947764 11.298792 1.5324336 13
0.44447869 3.5109692 -0.03288611 3
1.2097385 11.300421 3.5829542 10
0.75296676 4.3180814 -0.008602377 8
1.6552904 11.438446 1.9576931 11
1.52544 11.413374 1.1426554 11
0.35155058 2.4737146 -0.049861461 1
1.2502521 11.336223 3.1707478 13
1.449212 11.3652 2.3527198 12
0.45769656 3.517601 -0.03413216 3
0.31793547 2.1448004 -0.053977594 1
1.73239 11.467239 0.742441 10
0.3999781 2.9531105 -0.052022956 2
1.2856002 11.323912 2.7530746 5
1.2511452 11.311848 3.5870876 18
1.234992 11.298845 1.5327564 13
0.98706186 8.7125683 0.075795472 7
0.60894305 4.830297 0.10311818 2
0.76444733 4.2962613 -0.0062141335 8
1.5656539 11.408312 1.1426171 13
1.4896574 11.380238 2.3558495 13
1.6991589 11.458477 1.9608688 12
1.7745174 11.473302 0.74263275 10
0.32595918 2.1478722 -0.055010613 1
1.0135939 8.669673 0.077794626 7
0.47055811 3.5202711 -0.034760956 3
0.36133879 2.4825177 -0.05209884 1
1.2896125 11.326302 3.1693547 2
1.6850593 14.650491 3.4102952 3
1.2916273 11.313504 3.5886173 13
1.2778792 11.324525 1.5353891 15
0.61957914 4.7690454 0.10823171 2
0.41003934 2.9481325 -0.051272679 2
0.77592659 4.2703719 -0.0033463105 7
1.7400963 11.456727 1.9613227 13
1.6100233 11.434773 1.1443108 13
1.5327162 11.398818 2.3596077 11
1.3377092 11.34013 0.34012675 3
0.36994374 2.4796519 -0.051657971 1
1.8196501 11.498996 0.74320775 9
0.48386469 3.5268085 -0.03600616 3
0.33338991 2.1451521 -0.054500576 1
0.63465494 4.7513595 0.10958397 2
1.7244973 14.535603 3.3886883 3
0.42258617 2.9665606 -0.055062082 2
1.3184247 11.326258 1.5358888 13
1.3333961 11.326536 3.5932713 12
1.5497113 13.355542 3.6452637 4
1.0471699 8.6942282 0.076350436 7
0.78533882 4.2326999 0.00096112589 7
1.5759133 11.417222 2.3633666 12
1.651906 11.441291 1.1449194 11
1.8599448 11.50506 0.74339998 9
1.7827708 11.466609 1.9632609 11
0.49634504 3.525454 -0.036017112 3
0.37788564 2.4709477 -0.04987748 1
1.3614032 11.349653 1.5383406 13
1.0666881 8.5915995 0.081385083 7
1.5939602 13.32523 3.6393263 3
1.37989 11.355586 0.3397772 3
1.7640393 14.428434 3.3686213 3
0.4322333 2.9576151 -0.053557135 2
1.3750566 11.337502 3.5974033 12
0.34165505 2.1500933 -0.056048609 1
0.64733481 4.7138295 0.11264641 2
0.79385036 4.1910906 0.0057508303 6
1.6171919 11.419818 2.3645928 12
1.9035553 11.518577 0.74374086 9
1.6955132 11.459515 1.1461785 11
1.8273005 11.48813 1.9666803 13
0.38843229 2.4854643 -0.053456414 1
0.50882429 3.5240533 -0.036026686 3
1.6442671 13.348935 3.6460829 4
1.4212682 11.362964 0.33955038 3
0.80331886 4.161345 0.0090996576 6
0.34995672 2.1549983 -0.057595484 1
0.44271487 2.9564364 -0.053563941 2
1.4036615 11.364958 1.5400807 12
1.1011033 8.6238718 0.079536401 7
1.4176899 11.355982 3.6036191 12
0.65787381 4.6604376 0.11707491 2
1.8005414 14.30169 3.3447022 2
1.8693681 11.505853 1.9696069 12
1.9472823 11.531932 0.74408269 8
1.7375741 11.465705 1.1467881 11
1.6595733 11.430073 2.3670847 12
1.6903862 13.335711 3.6442263 4
0.51897204 3.5029812 -0.032941334 3
0.39634067 2.4766967 -0.051675454 1
1.4631932 11.374143 0.33926201 3
1.8328329 14.14759 3.3153934 3
0.81937301 4.1666861 0.0081247091 6
0.45503592 2.9708309 -0.056598652 2
0.35558367 2.136847 -0.052972306 1
1.4591035 11.362813 3.6067076 12
1.1253545 8.5687418 0.08214049 7
0.67240614 4.6426353 0.11842788 2
1.4437099 11.360316 1.5400443 13
1.9136049 11.523088 1.9725327 11
1.5036912 11.389379 0.33891237 3
1.7031301 11.448021 2.3708379 12
1.8679609 14.044366 3.2960975 2
1.4981012 11.36589 3.6087568 12
1.7802793 11.475699 1.1476121 11
1.9930662 11.556957 0.7446543 8
0.36364603 2.1397831 -0.054005865 1
1.7392813 13.34551 3.6478086 4
0.53328568 3.5171826 -0.035426915 3
0.82038748 4.0859141 0.017716898 5
0.40677956 2.4891994 -0.054807771 1
1.150686 8.5254393 0.084138066 7
0.68383026 4.6010656 0.12183189 2
1.4851807 11.367402 1.5410733 12
0.46319243 2.9500759 -0.052823827 2
1.8204561 11.481888 1.1482207 11
1.955469 11.524508 1.9734766 12
2.0337164 11.562411 0.74484259 8
1.9048691 13.940769 3.2767994 3
1.5473229 11.412169 0.33843234 3
1.7834767 13.336127 3.6468573 4
0.54363847 3.5039582 -0.033578429 3
1.7474012 11.469694 2.375226 12
0.69927299 4.5991077 0.12181687 2
1.54059 11.380087 3.6139259 10
1.1777323 8.5100126 0.084718429 7
0.41372365 2.4765604 -0.052134149 1
0.4741348 2.9526906 -0.053587426 2
0.37173352 2.1426823 -0.055038892 1
1.527709 11.382232 1.5428137 13
0.8348549 4.0793314 0.018181514 5
1.8645349 11.499478 1.1494763 11
2.0778019 11.575265 0.74518114 7
1.9980055 11.529684 1.9749155 12
1.8304634 13.330153 3.6468098 4
0.42151859 2.4677248 -0.050354704 1
0.55856466 3.5219903 -0.03668445 3
1.7901146 11.479477 2.3777153 12
1.5900956 11.426846 0.33807901 3
1.5696135 11.40707 1.5454412 15
0.7065962 4.5298214 0.12761363 2
1.9379773 13.813735 3.2528808 3
1.5836978 11.397949 3.6201389 12
1.2025903 8.4665747 0.086714052 7
0.48357582 2.9475384 -0.05283913 2
0.37995487 2.1494532 -0.057102576 1
0.83785635 4.0142374 0.025852863 4
2.0411935 11.550696 1.9783351 11
1.9093711 11.520833 1.1509471 13
2.1206286 11.580079 0.74536586 7
1.8303066 11.485492 2.3795733 12
1.6669254 11.462006 2.7885439 2
1.8769286 13.320135 3.6458573 4
0.4328348 2.4859171 -0.054827053 1
0.57155085 3.5242839 -0.037313312 3
1.6308752 11.425526 0.3379747 3
1.6259223 11.40801 3.624265 12
1.2350703 8.482461 0.085671805 7
1.6129335 11.425541 1.5475351 15
0.49350783 2.942292 -0.052091189 2
0.38709074 2.1446376 -0.056079552 1
0.71991032 4.5079279 0.12930791 2
0.84841412 3.9921105 0.028240103 4
2.085917 11.567299 1.9812551 10
1.8713866 11.483272 2.3801625 11
1.9543849 11.542029 1.1524159 13
2.1655538 11.58437 0.745547 7
1.6732864 11.43592 0.33768404 3
0.58295858 3.5147929 -0.0360872 3
0.50340503 2.9370203 -0.051344424 2
1.707872 11.460328 2.7892737 4
0.39471439 2.1436226 -0.056084558 1
0.44113404 2.4808803 -0.053941052 1
1.9238725 13.313822 3.6458099 4
1.6682415 11.417893 3.6283922 12
1.6534628 11.422141 1.547672 13
1.2563021 8.4151001 0.088883132 8
0.73528832 4.501792 0.12963484 2
0.85886401 3.9739923 0.030147495 4
1.9936563 11.539727 1.1525904 12
2.1300974 11.579802 1.9836818 10
1.91493 11.496509 2.3832796 11
1.9729491 13.322787 3.6493866 4
0.59211648 3.4895992 -0.032383408 3
1.718029 11.462023 0.3371371 3
2.2113602 11.604599 0.74603677 7
0.44940227 2.4758184 -0.053055234 1
0.51381451 2.9355915 -0.051352333 2
0.40233749 2.1425846 -0.056089822 1
1.7499421 11.466291 2.7915409 4
1.6959071 11.432417 1.549051 12
1.2898555 8.4386864 0.087435611 8
1.7122625 11.439099 3.6356449 12
0.7597034 4.5587106 0.12449317 2
0.86612535 3.9362259 0.03445645 3
2.0375986 11.552714 1.1536256 14
1.9623525 11.532956 2.3901944 10
2.1743329 11.58007 1.9846195 10
0.87474614 3.9102852 0.037324019 3
0.45819199 2.4745872 -0.053061668 1
1.7618319 11.480024 0.33671725 3
1.3007975 8.303978 0.094090581 8
2.0187929 13.30844 3.6475239 4
1.7575417 11.467774 3.64498 13
2.256608 11.620705 0.74645007 6
0.60727203 3.507422 -0.035489686 3
1.7415295 11.464217 1.5523852 13
0.40995437 2.1415229 -0.056095894 1
0.5253312 2.9419065 -0.052874409 2
1.7914946 11.468206 2.7930377 9
0.77639252 4.5603242 0.12413494 2
2.0035262 11.54228 2.3926806 10
2.0830109 11.573412 1.1550925 14
2.220118 11.600051 1.9880326 11
2.2992015 11.633102 0.74678791 6
0.46640959 2.469461 -0.0521756 1
0.61738825 3.4899895 -0.033024698 3
0.88154763 3.8725073 0.041634135 3
1.8028487 11.478088 0.33661038 3
2.0639837 13.290071 3.6447544 4
1.3347373 8.3313293 0.092440315 8
1.783946 11.472203 1.5535858 12
0.53575718 2.9404094 -0.052884288 2
1.8022075 11.490556 3.6527498 13
1.821391 11.392343 2.7791364 10
0.78656131 4.5185275 0.12753773 2
0.41756925 2.1404305 -0.056101542 1
2.0461686 11.547224 2.394532 10
2.1265259 11.582132 1.1559099 14
1.8436465 11.488173 0.33631665 3
2.345453 11.652821 0.7472741 5
2.264622 11.612065 1.9904552 11
1.8463848 11.301196 2.7621574 10
1.8415617 11.490549 3.6542721 12
0.62738824 3.4725347 -0.030559806 3
0.47575504 2.4720314 -0.053075761 1
2.0980124 13.198355 3.6247637 4
1.8279083 11.489866 1.5556756 11
1.3682832 8.3546076 0.090990588 8
0.8872959 3.8308368 0.046423387 3
0.54501301 2.9311032 -0.051379908 2
0.80557299 4.5357909 0.12581258 2
0.42517981 2.1393149 -0.056107972 1
2.0902004 11.559798 2.3976467 10
2.3836782 11.64134 0.74714971 5
2.3086593 11.632098 1.9938685 10
0.6402666 3.4785786 -0.031810183 3
2.1297145 13.110764 3.6056821 4
2.1735744 11.598175 1.1571563 14
1.886561 11.497783 0.33602196 3
0.48290947 2.463074 -0.05129781 1
1.8755137 11.227166 2.7486398 22
1.4005355 8.3779802 0.089541741 8
1.8841337 11.497742 3.6578732 13
0.82639742 4.5688438 0.12272108 2
0.55599791 2.9334209 -0.052145775 2
0.43219957 2.1343467 -0.055084422 1
0.89922959 3.8202908 0.047368333 2
1.8689976 11.487682 1.555985 11
2.3541634 11.647655 1.996784 11
2.4332862 11.676404 0.74794203 5
2.1350331 11.576086 2.4013948 10
0.49286202 2.4694335 -0.053092465 1
2.2151437 11.594763 1.1573244 10
1.9295583 11.507258 0.33572304 3
1.9240619 11.487621 3.656785 15
1.9093 11.493533 1.5570085 11
2.1613233 13.011229 3.5838759 4
0.65042901 3.4630077 -0.029654309 3
1.4306884 8.3773031 0.08930739 8
0.56831449 2.9474084 -0.055181064 2
1.9169641 11.232493 2.7509055 15
0.43940794 2.1332459 -0.055091541 1
0.83936363 4.5466151 0.12441324 2
0.90534329 3.7825112 0.051677376 2
2.393914 11.643979 1.9972292 10
2.2583129 11.611225 1.1585733 8
2.4783874 11.687735 0.74827415 5
1.9535828 11.510722 1.5590955 11
0.66551411 3.4786217 -0.032452267 3
1.9610242 11.25317 2.7562501 14
2.1813457 11.587963 2.4045055 10
1.9764912 11.540262 0.33504495 3
0.50101119 2.4641883 -0.052205227 1
2.1934934 12.919312 3.5638838 4
1.4506439 8.3134413 0.092314675 8
1.9713526 11.523088 3.6682003 24
0.84763855 4.4968123 0.12849987 2
0.57813674 2.9418867 -0.054434493 2
0.44638047 2.1282368 -0.054068867 1
0.91772139 3.7717531 0.052623421 2
2.4403918 11.663109 2.0006375 8
2.3036695 11.627124 1.159821 10
2.016408 11.541833 0.33487448 3
2.5260277 11.710656 0.74883604 4
2.0029378 11.272073 2.7612102 10
2.0086832 11.509187 3.6660712 27
0.50912523 2.458941 -0.051321298 1
0.68039453 3.4922264 -0.034941837 3
2.2199607 12.796583 3.5366421 4
2.2271543 11.607791 2.4088845 10
1.4877704 8.3559456 0.089850061 8
1.9986596 11.531675 1.5615354 12
0.86551815 4.5059686 0.12745622 2
0.59047312 2.9518244 -0.05671382 2
0.45582366 2.1384668 -0.057162229 1
0.92275208 3.7341101 0.05693325 2
2.3478682 11.647182 1.1612846 10
2.4842627 11.668447 2.002315 9
2.057724 11.538978 0.33476564 3
2.5680921 11.705984 0.74885815 4
2.0463285 11.286613 2.7653975 7
2.2674594 11.60841 2.4101021 10
0.51999795 2.4729543 -0.054901101 1
0.69475949 3.5058701 -0.037430219 3
2.2479012 12.701081 3.5157487 4
1.5071037 8.3000851 0.092452161 8
2.0499032 11.50623 3.6670659 27
2.0419276 11.540665 1.5629104 12
0.59833288 2.9346039 -0.053697232 2
0.88482881 4.5228968 0.12573043 2
0.46278888 2.1334033 -0.056139451 1
0.9290579 3.7001958 0.060762193 2
2.5310175 11.687223 2.0057209 9
2.3919704 11.654893 1.1620994 8
2.1014302 11.549781 0.33443215 3
0.5271309 2.4618652 -0.052676447 1
0.70649755 3.4998789 -0.036822971 3
2.276778 12.601341 3.4939435 4
2.0835791 11.551802 1.564464 13
2.3098345 11.608503 2.4113154 9
0.46934253 2.1283851 -0.055117462 1
0.60854387 2.9348779 -0.05408638 2
2.0898106 11.495525 3.6659772 31
1.5356829 8.2911568 0.092621922 8
2.0908124 11.294847 2.7684259 8
0.93711376 3.6780612 0.063149795 2
0.89528781 4.488728 0.12844805 2
2.6155791 11.716363 0.74918491 4
2.3546925 11.632096 2.4163263 7
2.4369352 11.666373 1.1631268 12
2.5771191 11.701925 2.0086331 9
2.1473224 11.572223 0.33391139 3
2.1309974 11.49229 3.6669693 30
0.53687835 2.4661286 -0.05402438 1
2.6615837 11.73919 0.74974453 4
2.3078682 12.504992 3.4730442 4
1.5705277 8.3094168 0.091370262 8
0.71950477 3.4976335 -0.036837209 3
2.1347837 11.310977 2.7729976 7
0.47662261 2.1232171 -0.054095902 1
0.62082088 2.9407303 -0.055610798 2
2.1318107 11.575827 1.5672536 13
0.94721919 3.6594853 0.06505502 2
2.4820154 11.677676 1.1641537 14
2.3995006 11.643502 2.4194365 12
2.7081139 11.753558 0.75014949 4
2.6249948 11.714067 2.0112932 10
0.95680779 3.6450486 0.066481844 2
0.5460698 2.4645214 -0.054033466 1
2.1760881 11.588239 1.5689807 13
0.72909462 3.4798939 -0.034373548 3
2.177475 11.319213 2.7760289 8
2.3367703 12.412824 3.4530513 3
2.1972072 11.603986 0.33322507 3
0.48620918 2.1333172 -0.057189867 1
0.6298604 2.9311736 -0.054108206 2
1.0886123 5.3650808 0.051460899 3
1.5962809 8.2845573 0.092348069 8
2.1735435 11.484737 3.6669183 28
2.7544584 11.776005 0.75070858 4
2.4475219 11.670224 2.4250736 11
2.5288177 11.696627 1.1656122 12
2.6701393 11.732736 2.0147004 10
2.2384336 11.598518 0.33314365 3
0.55271953 2.4514503 -0.051362529 1
2.2202508 11.327314 2.7790558 20
1.1060869 5.3537564 0.052121915 3
2.2154164 11.485003 3.6689515 28
2.3555715 12.26887 3.4208257 6
1.6276382 8.2910662 0.091703132 8
0.74354345 3.4893405 -0.036244363 3
0.49379334 2.1319544 -0.057196334 1
2.2219193 11.60833 1.5714169 13
0.6402483 2.9293058 -0.054118831 2
0.96145636 3.6072605 0.070791371 2
2.4910185 11.673529 2.4269178 11
2.5749662 11.711481 1.1668539 12
2.7175052 11.750781 2.0181024 10
2.2805517 11.60903 0.33280987 3
2.2658739 11.360678 2.787091 6
2.2531719 11.474111 3.6678615 27
0.56213456 2.453687 -0.052264865 1
2.3859103 12.191957 3.4044602 7
0.75589091 3.4870722 -0.036258139 3
2.8018653 11.773478 0.75079799 4
1.6531891 8.2660255 0.09268152 8
0.50137365 2.1305759 -0.057203811 1
0.64775544 2.9119573 -0.051102623 2
1.1190234 5.3188801 0.054836258 3
2.2639122 11.60669 1.5718992 12
0.96770906 3.5772049 0.074139178 2
2.7629516 11.769098 2.0215085 10
2.620404 11.722267 1.167878 10
2.5377851 11.692152 2.4312885 11
2.8475938 11.791675 0.75127965 4
0.57258701 2.4636452 -0.054953635 1
0.76835424 3.4887593 -0.036890153 3
2.4165254 12.13072 3.3917203 5
2.3270657 11.630755 0.33228666 3
2.4466817 12.079411 2.9321294 7
1.1383824 5.3232951 0.054130185 3
2.2950718 11.474085 3.6698935 30
1.6838624 8.2764978 0.091837689 8
2.3062818 11.606871 1.5725577 12
0.97470456 3.5510085 0.077008076 2
0.66247118 2.933188 -0.055654448 2
0.50751138 2.121577 -0.055153936 1
2.58389 11.706717 2.4350276 13
2.3690343 11.638988 0.33198071 3
2.8943975 11.813596 0.75183576 4
2.4696445 11.982961 2.9143748 8
2.6659527 11.73286 1.1689029 12
2.3320215 11.459133 3.6677601 30
0.66936398 2.9158881 -0.052638803 2
2.4429479 12.038377 3.3717294 6
1.7122668 8.2669916 0.092002414 8
0.97898918 3.5172453 0.080838248 2
0.57985467 2.4543259 -0.053175416 1
0.77619767 3.4631281 -0.033188254 3
2.3489029 11.619017 1.5742836 11
0.51467669 2.1202204 -0.055161078 1
1.1556304 5.3118114 0.054792196 3
2.81301 11.778073 2.0239148 10
2.7103989 11.747646 1.1701443 12
2.4681468 11.954069 3.353555 6
1.1773742 5.3278131 0.053059526 3
0.58850771 2.4546411 -0.053631712 1
2.856029 11.784442 2.0258353 10
0.79166126 3.4802547 -0.036298856 3
2.9406667 11.823152 0.752159 4
2.631794 11.728827 2.4400303 13
2.4956396 11.893772 2.8981552 8
2.373913 11.458831 3.669791 28
2.4146898 11.654501 0.33154848 3
1.739177 8.2576437 0.092171647 8
0.52370596 2.1263549 -0.057226367 1
0.68197536 2.9254425 -0.054919582 2
2.3944521 11.634514 1.5763617 12
0.99143815 3.5141537 0.080822371 2
2.8977613 11.784849 2.0270145 9
2.7579279 11.765687 1.1715983 14
2.6773381 11.739171 2.443135 12
2.4918249 11.854027 3.3317513 6
0.59186304 2.426163 -0.04738611 1
0.79931277 3.4545736 -0.032597814 3
2.4588943 11.661989 0.33124197 3
0.69259644 2.9273548 -0.055688065 2
2.5245688 11.821843 2.8854012 9
0.53088778 2.1249456 -0.057234041 1
1.7517197 8.1696072 0.096393861 8
2.9879797 11.836444 0.75255674 4
2.4150722 11.454581 3.6707792 27
1.1937883 5.3122988 0.05406145 3
2.4400401 11.660029 1.5793278 13
0.99502057 3.4763956 0.085131407 2
2.7174935 11.734379 2.4437127 11
3.0314133 11.842281 0.75280505 4
2.9490263 11.815489 2.0321436 10
0.60281426 2.4358969 -0.05007641 1
2.5195286 11.776882 3.3153861 6
0.81154066 3.4521143 -0.03261137 3
2.5031793 11.669312 0.33093405 3
2.8094699 11.790864 1.173481 12
2.5542204 11.755638 2.8738005 10
1.7556323 8.0424652 0.10264298 8
2.4554479 11.446381 3.6707282 27
0.70218718 2.9214203 -0.054942876 2
2.4866846 11.679077 1.5817591 13
0.53844446 2.123435 -0.057241678 1
1.2077839 5.2809286 0.056432258 3
1.0123122 3.4924653 0.082711317 2
2.998189 11.836279 2.0360334 10
2.7623296 11.740537 2.4461842 12
3.0809011 11.862961 0.75335473 4
2.8534558 11.801228 1.174504 14
2.5508206 11.692144 0.33037019 3
0.62017679 2.4761355 -0.059914988 1
0.5444243 2.1143274 -0.055191316 1
0.7125392 2.9193046 -0.054955088 2
2.5502987 11.716833 3.303097 4
0.82456523 3.4534731 -0.033245601 3
2.5302594 11.682339 1.5827687 12
1.8182693 8.2008524 0.094086021 8
2.4965894 11.441853 3.6717141 30
2.5883555 11.702366 2.864892 6
1.0211352 3.475811 0.084376916 2
1.2256032 5.2731228 0.056750707 3
3.0425758 11.845829 2.0384452 11
3.1315534 11.887308 0.75398088 4
2.8996153 11.810934 1.1755229 14
0.62574285 2.459048 -0.056350183 1
2.5953274 11.699113 0.33006299 3
2.8163891 11.776845 2.4537084 13
2.5369205 11.433372 3.6716602 31
0.72502685 2.9247317 -0.056481104 2
0.83371449 3.4334033 -0.030473985 3
0.55072188 2.1051307 -0.053141646 1
2.5912244 11.696311 3.3003194 8
1.0375324 3.4879205 0.082436547 2
2.6333168 11.710846 2.8682969 12
1.8527715 8.214015 0.093030579 8
2.5792341 11.700602 1.5851964 13
1.24506 5.2730541 0.056383487 3
3.0891511 11.854663 2.0408585 12
2.9449427 11.816581 1.1763299 12
2.8629951 11.798512 2.4587128 13
3.1794171 11.899819 0.75438184 4
2.5772192 11.424768 3.6716089 30
2.6817734 11.744516 2.8767133 2
2.6416047 11.71374 0.32963061 3
0.85252601 3.4617186 -0.03544056 3
0.62998903 2.4342301 -0.050996203 1
2.6349168 11.698936 3.3029859 4
1.0509138 3.4884536 0.08194121 2
2.6254804 11.715202 1.5872748 13
0.73621929 2.9263706 -0.057248075 2
1.2662436 5.280683 0.055336945 3
0.55982971 2.1111009 -0.055205557 1
1.8808782 8.2039223 0.093197227 8
2.9920499 11.838072 1.1780044 12
3.1377842 11.871032 2.0442586 11
2.9109516 11.815639 2.4630837 13
3.2263811 11.908295 0.7547043 4
3.3990698 14.991576 4.0889397 0
0.86627722 3.4688661 -0.037003398 3
2.689729 11.736002 0.32907024 3
0.63819897 2.4324658 -0.051005051 1
1.2778803 5.2495522 0.057710845 3
2.6199815 11.427332 3.6746817 30
1.9049174 8.1823368 0.093975134 8
3.8349106 16.721703 3.8782284 8
1.0632597 3.4851027 0.081926428 2
2.6714234 11.727681 1.5891759 12
0.56816131 2.1132693 -0.056242332 1
0.74323124 2.9087861 -0.054231554 2
3.0394986 11.851114 1.1792431 12
3.1885598 11.894895 2.048646 11
2.7350981 11.75464 0.32857519 3
3.274482 11.920451 0.75510246 4
2.9553556 11.817246 2.4649234 13
3.898648 16.743635 3.8850803 13
2.6599348 11.426425 3.6767144 30
3.4425406 14.938082 4.0789051 1
0.64683461 2.4305806 -0.051013928 1
0.87855583 3.4661639 -0.037016466 3
1.93724 8.1915541 0.093127109 8
1.2955341 5.2415066 0.058031261 3
2.7149947 11.738502 1.5908999 12
0.75302619 2.9066381 -0.054242458 2
0.57613742 2.1154864 -0.057278216 1
1.0809184 3.5008481 0.079504929 2
3.0014818 11.834527 2.4692938 13
3.2345002 11.899346 2.0505619 10
3.0861073 11.86011 1.1802635 14
1.9655513 8.1892958 0.092888713 8
3.4968438 14.945854 4.0833707 0
2.6967812 11.402322 3.6724973 31
0.65674943 2.4363699 -0.052810885 1
0.89021116 3.4635637 -0.037030414 3
3.322705 11.932415 0.7554996 4
2.7773802 11.74923 0.32845715 3
0.58280891 2.110045 -0.056256417 1
0.7633267 2.9043429 -0.054253321 2
2.7589805 11.740927 1.5919104 12
1.3131729 5.2293162 0.058691435 3
3.9670336 16.744152 3.8880725 9
1.0889962 3.482116 0.081412047 2
3.1308351 11.861173 1.180853 14
3.0479348 11.843434 2.4723985 13
3.2856202 11.922784 2.054949 10
3.3742104 11.955752 0.75612611 4
3.5205853 14.796588 4.0506806 0
2.827126 11.766571 0.32795569 3
4.0266166 16.74646 3.8910754 8
2.7381208 11.388936 3.6713998 31
1.3270792 5.2097349 0.060038168 3
1.107866 3.5015407 0.078510225 2
0.66931999 2.4475224 -0.055948339 1
0.58722734 2.0932102 -0.052149128 1
0.77413428 2.9019082 -0.054266736 2
0.90192103 3.4528005 -0.035806958 3
2.8068638 11.750478 1.5936271 12
1.9928044 8.1625891 0.093862832 8
3.0944855 11.852178 2.4755018 12
3.1806099 11.881407 1.1825213 14
3.3307281 11.923057 2.0563681 11
3.6118598 14.963407 4.093195 0
2.8728907 11.784663 0.32745925 3
4.0622268 16.647373 3.873683 6
3.4227228 11.967319 0.75652158 4
2.7762556 11.380083 3.6713495 27
1.3427097 5.1978807 0.060699869 3
0.78301209 2.8958325 -0.053519722 2
2.0155742 8.1367874 0.094842196 8
0.91443062 3.4539835 -0.036441095 3
2.8538799 11.774372 1.5965931 13
0.5969308 2.1028874 -0.055244245 1
0.67225951 2.4228432 -0.050595514 1
1.1224688 3.50563 0.077530816 2
3.2315829 11.905292 1.1844033 14
3.1450548 11.876054 2.4811304 13
3.380079 11.938438 2.0597649 10
3.4702668 11.974845 0.75684142 4
3.6564519 14.916887 4.0849686 0
0.60403436 2.1012354 -0.055251438 1
0.93015063 3.4685595 -0.039241988 3
2.9245887 11.817661 0.32670516 3
4.0969024 16.534147 3.8535981 6
0.67908382 2.4152446 -0.049263176 1
1.3629316 5.2012482 0.059992146 3
2.9015479 11.800025 1.5997344 15
2.8217351 11.393184 3.6775429 31
0.79548067 2.9050255 -0.055803072 2
2.040046 8.1187086 0.095415406 8
1.135374 3.5060277 0.077034444 2
3.2817302 11.925117 1.1860696 14
3.4285011 11.94982 2.0626655 12
3.1908681 11.880595 2.4835989 13
0.93964809 3.4541183 -0.037398767 3
0.69221681 2.4321759 -0.053742304 1
3.5200953 11.989872 0.75731134 4
3.7108221 14.91191 4.0867066 0
2.9690228 11.81935 0.32645702 3
0.61331159 2.1069927 -0.057318289 1
4.1317739 16.424734 3.8342786 3
0.80209905 2.8873105 -0.052786518 2
1.3784503 5.1851902 0.060994446 3
2.951503 11.825012 1.6028699 18
2.8628061 11.387332 3.67853 36
2.0742955 8.1351681 0.09415812 8
1.1540011 3.5233266 0.074370638 2
3.2397616 11.896425 2.487962 13
3.4813633 11.976276 2.0675414 12
3.0161982 11.840788 0.32589519 3
3.3299775 11.937037 1.1872998 12
2.8995523 11.372448 3.6769145 30
3.2123444 12.491348 3.0424702 4
0.70917785 2.4641845 -0.061794873 1
0.95750916 3.4742041 -0.041131746 3
0.61897099 2.0976822 -0.055267941 1
3.767992 14.918068 4.0911636 0
3.5700777 12.004693 0.75778222 4
2.99457 11.820733 1.6033462 17
2.1077313 8.1475935 0.093104511 8
0.81419951 2.8924694 -0.054312989 2
1.3895413 5.1516795 0.063539118 3
1.1664693 3.5196221 0.074353643 2
3.81791 14.905769 4.0910945 0
0.7052964 2.4129686 -0.050187305 1
2.139837 8.1602478 0.092051871 8
2.9386997 11.358812 3.6758187 28
0.96442986 3.4521611 -0.038047541 3
3.5333536 11.998705 2.0719216 11
3.0627353 11.84991 0.32551843 3
3.3772941 11.944892 1.1883178 12
3.2898288 11.915868 2.4929585 13
3.61921 12.02377 0.7583304 4
1.4112076 5.164753 0.061975542 3
3.2366648 12.402343 3.0266356 7
0.82728714 2.9014065 -0.05659657 2
3.0419593 11.833726 1.6054161 17
0.62643069 2.0958743 -0.055276562 1
1.1795022 3.5177698 0.074095488 2
3.4246938 11.952568 1.1893338 8
3.3390276 11.931315 2.4973187 13
3.8751817 14.911533 4.0955486 0
0.97568136 3.4452891 -0.037443161 3
0.71243626 2.4051735 -0.048855763 1
3.6694891 12.038194 0.75879961 4
3.2613714 12.317117 3.0115712 4
3.1093652 11.858822 0.3251408 3
3.5800338 12.001832 2.0738323 11
2.1695781 8.1569214 0.091807999 8
0.63257074 2.0903714 -0.054254562 1
3.09128 11.862487 1.6089104 17
0.83226442 2.8799367 -0.05282281 2
2.9825287 11.363776 3.6799269 31
1.4274679 5.1524134 0.062635571 3
1.1954643 3.5253625 0.072634697 2
3.6268978 12.013031 2.0767336 10
3.2850223 12.229967 2.9961216 2
0.72097647 2.4030292 -0.048866291 1
3.4743609 11.967753 1.1907793 10
3.9277079 14.898204 4.0954728 0
3.3873401 11.942723 2.5010493 12
0.99570847 3.4728458 -0.042415407 3
3.7222083 12.060081 0.75941855 4
3.1389747 11.875099 1.6109792 16
2.1953471 8.138011 0.092377968 8
0.64382255 2.1034958 -0.058380831 1
3.0225804 11.353606 3.6798687 34
0.84636003 2.8925917 -0.055864226 2
3.1556039 11.865627 0.32479656 3
1.4476662 5.1554565 0.061924942 3
1.2067554 3.5177274 0.07309711 2
3.6782444 12.031032 2.0806186 10
3.5252678 11.986564 1.192441 10
3.2064533 11.889668 0.32416254 3
3.7658317 12.051139 0.75942653 4
1.0060155 3.4620545 -0.041193284 3
0.73048687 2.4046264 -0.049769733 1
3.4347136 11.950163 2.5041454 13
3.9723396 14.85452 4.0881505 0
0.65033501 2.0978532 -0.057360042 1
3.323112 12.199762 2.9922118 10
0.85661107 2.8899713 -0.05587643 2
3.0645475 11.350775 3.6818945 33
2.2210138 8.1190186 0.092947036 8
1.4679009 5.1584182 0.061215915 3
3.1858015 11.883651 1.6126925 16
1.2204012 3.5176229 0.072597876 2
3.5764546 12.013458 1.1945348 12
3.7297599 12.048826 2.0845017 11
3.4800272 11.94981 2.505976 12
3.8188448 12.072614 0.76004422 4
0.74100453 2.4099669 -0.051568452 1
1.0172609 3.455044 -0.040589549 3
3.7343404 13.740867 3.8235705 0
3.250366 11.886449 0.32397264 3
3.2317066 11.888171 1.6140506 16
3.3706589 12.205444 2.9956114 7
0.85636795 2.847434 -0.047939125 1
0.65583181 2.0884488 -0.055309728 1
3.1006107 11.325381 3.6776707 36
1.4819968 5.1382027 0.062559918 3
2.2496305 8.1115465 0.092904635 8
1.2382783 3.5327976 0.070174061 2
3.6243646 12.020366 1.1955484 12
3.7814507 12.066401 2.0883849 12
3.5351627 11.983448 2.5134959 13
4.0849919 14.857109 4.0952411 0
2.27408 8.0885258 0.093676895 8
1.5022221 5.1410327 0.061849494 3
3.1425211 11.322255 3.6796949 34
0.87405044 2.8732512 -0.053632334 2
3.2974021 11.894632 0.32359362 3
3.8720534 12.093854 0.76066142 3
4.3519044 15.654774 3.6983004 5
0.74755502 2.4001913 -0.049791761 1
1.0284716 3.4480085 -0.039985098 3
3.2797332 11.900219 1.6161176 17
0.66325831 2.0865083 -0.055318635 1
1.2556728 3.5439134 0.068230495 2
3.5840554 12.0023 2.5184875 13
3.6746438 12.034742 1.1969894 12
3.8315513 12.078073 2.0915253 13
4.1403737 14.854333 4.0978799 0
0.75403976 2.3903964 -0.048014984 1
1.0437695 3.4561915 -0.041861687 3
3.9266536 12.118697 0.76135278 3
3.3466268 11.910361 0.32308576 3
4.3789449 15.53756 3.6774473 5
0.66765624 2.0733447 -0.05223963 1
0.88525993 2.8743305 -0.054402549 2
3.1834404 11.315257 3.6806762 34
1.5161488 5.1207232 0.063194327 3
3.3320487 11.927464 1.6196022 16
2.2963066 8.0577374 0.094853759 8
1.2725515 3.5509684 0.066767678 2
3.9732621 12.124926 0.76166767 3
3.6363435 12.024111 2.5241089 13
3.7250609 12.048913 1.1984321 10
3.8829663 12.093335 2.0951581 11
4.4157357 15.458192 3.6642859 5
1.054957 3.4490626 -0.041257598 3
0.75892186 2.3749464 -0.044896625 1
4.1751194 14.776223 4.0824022 0
3.4002602 11.941306 0.32232255 3
3.2263985 11.315559 3.6837387 34
2.3236449 8.0461416 0.095014639 8
3.3824811 11.946811 1.6223757 16
0.68217432 2.0974529 -0.059453979 1
0.89856511 2.8829346 -0.056687579 2
1.5353013 5.119585 0.062825046 3
1.2863691 3.5506127 0.06626717 2
3.6820805 12.023 2.525938 14
4.0233245 12.134109 0.7620526 3
3.7756281 12.062877 1.1998719 10
3.9327404 12.102707 2.0980511 11
3.4466026 11.94508 0.32200226 3
4.241827 14.814375 4.0950031 0
4.4413633 15.340959 3.6434326 5
0.68963104 2.0954223 -0.059463028 1
0.77309591 2.3933008 -0.049823508 1
0.90457273 2.865 -0.05367149 2
1.0692832 3.4533324 -0.042514659 3
3.4320312 11.962082 1.624797 17
1.5490417 5.0991955 0.064169072 3
2.3573749 8.0575399 0.093956538 8
3.2694008 11.315695 3.6868021 31
1.3027226 3.5577445 0.064803779 2
3.9841151 12.123887 2.1024287 10
3.8286822 12.084256 1.2017444 10
3.7324088 12.036839 2.5302932 13
4.2908206 14.788517 4.0922055 0
4.0768762 12.146174 0.76251125 3
0.78106451 2.3890698 -0.049387779 1
3.4924803 11.946726 0.3217158 3
1.0782861 3.4385169 -0.040671691 3
0.91472805 2.8621743 -0.0536846 2
4.4727054 15.246398 3.6271939 5
0.69184941 2.0747566 -0.054325458 1
2.3759885 8.0149775 0.095743701 8
3.3071821 11.297076 3.6846602 31
3.4795649 11.969508 1.6265035 16
1.561563 5.0749369 0.065855742 3
1.3153136 3.5535171 0.064783975 2
4.0378132 12.144173 2.1068001 11
3.7851768 12.058033 2.5359111 13
3.8759937 12.086364 1.2025356 12
4.4990544 15.136721 3.6078804 5
4.1321983 12.170123 0.76319855 3
3.5439262 11.967442 0.32110766 3
4.3461318 14.784969 4.094841 1
1.0882835 3.427485 -0.039450184 3
3.5271828 11.976739 1.6282123 16
0.79061759 2.3904314 -0.050292492 1
0.69710803 2.0652614 -0.052276392 1
0.92595148 2.8631005 -0.05445664 2
1.5828127 5.0812793 0.06480062 3
2.4064379 8.0146351 0.095293112 8
3.3459289 11.28208 3.6835549 33
1.3317556 3.5605235 0.063320458 2
3.596236 11.998156 0.32034233 3
3.9293768 12.107318 1.204407 12
3.3869371 11.282331 3.6866205 31
4.0876641 12.14469 2.1086979 12
4.1304708 13.694561 3.316283 2
3.8369784 12.075242 2.5408952 13
1.0954655 3.4069321 -0.036677785 3
4.4014626 14.781223 4.0974751 0
0.79639637 2.3786569 -0.048069466 1
4.1839275 12.182466 0.76365709 3
3.5760105 11.98762 1.6302732 15
0.93828279 2.8677506 -0.055985216 2
0.70981789 2.0817437 -0.057432905 1
2.421309 7.9604754 0.097689994 8
1.6018803 5.0798831 0.064431719 3
1.3508736 3.5749488 0.060894396 2
3.9795921 12.124935 1.2060632 12
3.8889334 12.092215 2.5458813 13
0.80770707 2.3875673 -0.050761372 1
4.1288619 13.6716 3.8320389 1
1.1085893 3.4093113 -0.037624344 3
4.1416836 12.164549 2.1130681 12
2.4434555 7.9373665 0.098462284 8
3.6486521 12.020337 0.31970218 3
4.557611 14.953902 3.5765636 6
1.6075509 5.0366726 0.067831792 3
3.4277942 11.274454 3.6875982 33
4.2383637 12.202149 0.76426727 3
3.6294355 12.013595 1.6337528 17
0.71396285 2.0684807 -0.054354165 1
0.94623786 2.8572786 -0.054484714 2
1.3608896 3.5630705 0.061835673 2
4.0345716 12.149271 1.2081441 12
4.5853519 14.855514 3.5595555 6
0.8134129 2.3757503 -0.048538607 1
2.4708586 7.9272079 0.09851864 8
1.1184056 3.3981922 -0.036401916 3
4.4873595 14.69917 4.0846357 1
3.6966875 12.026981 0.31931511 3
3.4697347 11.270116 3.6896176 34
3.9374926 12.09768 2.548969 13
4.1958938 12.184158 2.1174371 12
0.95474064 2.8506973 -0.053740766 2
3.6798351 12.036151 1.636881 17
0.72534418 2.0812747 -0.058481831 1
1.624186 5.027554 0.068146825 3
4.2890944 12.210251 0.76465011 3
1.3755236 3.5663478 0.060853735 2
3.9888215 12.118683 2.5545866 13
3.7419226 12.023868 0.31908733 3
4.0844579 12.149885 1.20893 10
0.82353187 2.3788605 -0.049891781 1
4.5560145 14.739669 4.098134 1
1.1361296 3.4135385 -0.039518893 3
4.612462 14.757089 3.5425508 6
0.72941148 2.0679843 -0.05540245 1
0.96371418 2.8439436 -0.052997962 2
4.2490072 12.199789 2.1213114 11
1.6431023 5.0260034 0.067777045 3
2.501687 7.9284134 0.097966723 8
3.5061088 11.247141 3.6864309 34
3.7268147 12.038797 1.638229 19
4.3425579 12.225711 0.76518261 3
1.3901551 3.5674753 0.060110774 2
4.0436826 12.142559 2.5608311 13
4.5999551 14.69787 4.0917091 3
0.83027619 2.3707273 -0.048561558 1
4.6389284 14.658658 3.5255461 6
4.1372886 12.166165 1.2105807 12
3.7773263 12.052681 1.6406436 19
1.144753 3.3985624 -0.037676677 3
3.7959623 12.049253 0.31838065 3
4.3035727 12.218958 2.1256781 10
3.5480037 11.242538 3.6884472 30
2.5202868 7.8893776 0.099549599 8
0.73676771 2.065779 -0.055411972 1
0.97837114 2.855948 -0.056042287 2
1.6679125 5.0434251 0.065693356 3
4.3974957 12.244732 0.76578891 3
1.4088783 3.5797431 0.057923824 2
4.3518128 12.219151 2.1275754 10
3.8442991 12.055331 0.31799042 3
0.74411345 2.0635576 -0.055422116 1
0.83926874 2.3700409 -0.049020555 1
0.98617929 2.8453598 -0.054541394 2
3.8303404 12.073977 1.6437649 17
1.1637759 3.4175565 -0.041414112 3
2.5209246 7.793088 0.10418315 8
4.0972152 12.154221 2.5651767 12
4.6292658 14.609422 4.0739655 4
3.5876243 11.230393 3.6883826 33
4.1902814 12.182224 1.2122298 12
1.6892895 5.049314 0.064637676 3
4.6764874 14.597702 3.5162308 5
4.4504676 12.264269 0.76639903 3
1.423646 3.5828288 0.056941111 2
0.84884399 2.3711736 -0.049926087 1
1.1729224 3.4043934 -0.039882939 3
3.8997576 12.100526 3.4667089 2
4.2395864 12.186725 1.2132323 10
4.1474929 12.162624 2.5688941 11
4.5084686 12.290361 0.76715523 3
4.4053712 12.234117 2.131448 11
3.8915362 12.05739 0.31766394 3
3.6295199 11.225454 3.6904008 30
1.4329276 3.5709767 0.057883579 2
0.75490367 2.0723765 -0.058520366 1
0.99743527 2.8460116 -0.0553151 2
1.6986915 5.0171394 0.067007795 3
3.8823619 12.09125 1.6465294 16
3.9443741 12.108014 3.0078096 7
2.5651188 7.8379288 0.1012894 8
3.990885 12.113841 3.0115876 8
4.4595852 12.257119 2.1363084 11
1.1915283 3.4213507 -0.043310486 3
0.85843825 2.3722763 -0.050832819 1
4.1991353 12.174575 2.5732393 11
1.4553144 3.5923254 0.054491632 2
3.9423945 12.087143 3.4666362 5
4.2993369 12.221239 1.215956 12
3.9279349 12.024961 0.31791264 3
3.9309428 12.09691 1.6482317 15
3.6679099 11.209362 3.6892912 30
2.5987833 7.8482785 0.10022783 8
4.5571871 12.289857 0.76738077 3
1.0027897 2.8278778 -0.052298348 2
0.75762129 2.0553505 -0.054412447 1
1.6993703 4.9583845 0.071778774 3
3.7042577 11.193735 3.6881886 30
3.9816091 12.054034 0.31714013 3
3.9882131 12.09097 3.4706445 4
2.6091909 7.7904701 0.10282933 8
0.76691508 2.0605407 -0.056481846 1
0.86644191 2.3697553 -0.050844144 1
1.0123101 2.8248844 -0.052313384 2
3.9774783 12.103065 1.6499344 16
1.2006238 3.4101896 -0.042087924 3
4.5148239 12.275375 2.140672 11
4.3528357 12.236636 1.2176024 10
4.6135006 12.309837 0.76802212 3
4.2509193 12.186304 2.5775859 11
1.7131866 4.9413905 0.072778091 3
1.4736496 3.6024208 0.052544348 2
4.7505655 14.302314 3.4652174 8
0.8724556 2.3596566 -0.049067982 1
4.5729427 12.300861 2.1460204 10
4.4003797 12.241249 1.2186038 12
4.0141501 12.009915 0.31757966 3
3.741323 11.173693 3.6860392 33
4.0344982 12.126621 1.6534024 17
1.20964 3.39486 -0.040248699 3
4.7752109 14.207609 3.4489822 10
4.5734873 13.740365 3.8771279 4
4.3079672 12.212762 2.5844586 13
1.0240351 2.825264 -0.053086665 2
0.77460957 2.0580938 -0.05649285 1
2.6269147 7.7469959 0.10461289 8
1.7287723 4.9300394 0.073263884 3
1.4927127 3.6121979 0.050594162 2
1.9811076 5.0112839 0.62091476 7
4.4528279 12.252435 1.2200347 10
4.6210494 12.298153 2.1476676 9
4.0622954 12.006813 0.31731167 3
3.7850826 11.167556 3.6880507 34
4.800488 14.116637 3.4335146 10
1.2253522 3.4022303 -0.042127367 3
4.0908527 12.15438 1.6572293 17
1.0364943 2.829484 -0.054616969 2
4.3626633 12.231518 2.5900655 13
0.88004148 2.3531191 -0.048187025 1
0.78192919 2.0557327 -0.05650248 1
4.660223 13.841181 3.9055669 2
2.6592076 7.7532778 0.10375249 8
1.7449232 4.9205313 0.073578313 3
1.509791 3.6184196 0.049127188 2
1.9733843 4.9373221 0.61952096 7
4.6746154 12.316511 2.1520317 8
4.5134835 12.285974 1.2227547 12
4.4140725 12.247061 2.5950439 13
4.7704678 14.009969 3.9507527 9
4.1349087 12.083902 0.31570309 3
1.2286793 3.3720269 -0.037805524 3
0.88471758 2.3392885 -0.045517005 1
3.826884 11.161889 3.6900647 34
2.6575255 7.6570835 0.10838789 8
4.8289409 14.036798 3.4203575 10
1.7616637 4.9128613 0.073721461 3
4.146194 12.178146 1.6606976 17
0.79167122 2.0606956 -0.058572639 1
1.0514692 2.8411229 -0.057662651 2
1.5218668 3.6116209 0.049345363 2
4.5662704 12.296703 1.2241817 12
1.9916933 4.9304018 0.61948836 7
4.4624925 12.246748 2.5974925 12
1.2456461 3.3830502 -0.040304985 3
0.89674175 2.3476415 -0.048212402 1
4.8210521 13.997194 3.9515715 8
4.197948 12.19032 1.6631044 17
4.854353 13.94953 3.4056594 10
1.534736 3.6087301 0.049082953 2
2.6794159 7.6329465 0.10915521 8
3.8649855 11.14512 3.6889532 27
4.1812863 12.081051 0.31543568 3
1.7732379 4.8900433 0.075234704 2
1.0552942 2.8191712 -0.053890377 2
0.80145502 2.0656147 -0.060643241 1
2.001009 4.9973373 1.1835635 3
4.6183953 12.311775 1.2258261 10
4.5203271 12.272253 2.6043611 13
2.0019124 4.9050984 0.61907887 6
0.90758342 2.3522406 -0.050013367 1
4.2251034 12.070463 0.31529549 3
4.8452358 13.906793 3.9333773 6
1.2601634 3.3865173 -0.041564398 3
4.8779345 13.858537 3.3901951 10
1.5578039 3.6295042 0.045689929 3
2.7063212 7.6238542 0.10910899 8
3.9061339 11.13734 3.6904464 10
4.2434411 12.183418 1.6637373 16
1.7969898 4.9029989 0.07349176 3
1.0652872 2.8158293 -0.053906415 2
0.80135834 2.0412037 -0.054475393 1
4.6685867 12.320993 1.2271481 2
1.9989723 4.9365721 1.1763779 3
4.572989 12.282681 2.6087 13
2.0177851 4.8946905 0.61897177 6
4.8713746 13.823768 3.9169919 7
1.5743506 3.6336069 0.044461746 3
1.267011 3.3675122 -0.039103884 3
4.9009333 13.76757 3.3747292 8
0.9184683 2.3567886 -0.051814049 1
1.0714414 2.8013012 -0.051648609 2
4.276732 12.08237 0.31477243 3
1.8143057 4.8970346 0.073463105 3
2.7279913 7.599566 0.10987763 9
0.81237769 2.049721 -0.057575393 1
4.2966905 12.198967 1.6664952 15
3.9384639 11.10386 3.6846516 4
1.9961181 5.0433745 0.8095625 3
4.6290622 12.308498 2.6155701 13
2.0334775 4.8864403 0.61890316 6
2.0056784 4.9021392 1.1726468 3
1.0891013 2.8201616 -0.056210227 2
0.81713474 2.0399356 -0.055527326 1
4.3153052 12.056334 0.31488705 3
1.2841202 3.3783441 -0.041604009 3
0.92044592 2.3355157 -0.04735636 1
4.8969951 13.740728 3.900609 6
1.5827138 3.6173942 0.04588335 3
3.9845891 11.110393 3.6903062 6
4.9318299 13.700653 3.3642635 11
4.3527184 12.221821 1.6699604 17
2.7403178 7.5488157 0.1120706 9
1.8335825 4.8966546 0.072917432 3
1.9842722 4.9582524 0.80501479 2
4.6826148 12.326681 2.6211746 13
2.0522165 4.8833599 0.61894715 6
2.0157762 4.876955 1.17015 3
4.3543034 12.038446 0.31487885 3
4.9480715 13.601269 3.3468804 6
4.0352659 11.135656 3.7011666 7
1.2731441 3.3089495 -0.030770499 3
0.93003076 2.3363261 -0.048262939 1
4.9207883 13.653996 3.8833203 6
1.6030625 3.6305625 0.043451235 3
4.4089532 12.244441 1.6734242 19
0.8295061 2.0520194 -0.059657376 1
1.099749 2.8185568 -0.056605455 2
2.7616155 7.5244598 0.11283769 9
1.8522124 4.8943119 0.072546005 3
4.730886 12.323474 2.6233039 3
2.0336037 4.8742671 1.1706109 3
2.0605178 4.8542376 0.61846131 6
1.9876858 4.9121265 0.80272287 2
0.93921518 2.3372517 -0.049170349 1
4.9344516 13.547939 3.8610578 4
1.2849326 3.3069108 -0.031099498 3
4.4074297 12.053581 0.31428865 3
4.9581113 13.478907 3.3248835 12
1.8659316 4.8809719 0.073202118 3
4.071269 11.112708 3.6984932 9
4.4640675 12.263033 1.6765356 17
1.615904 3.6252902 0.043426834 3
1.1044831 2.8002484 -0.053590681 2
0.83422166 2.0421932 -0.057608686 1
2.048619 4.8619356 1.1698409 3
2.0167594 5.0309153 1.3794944 4
2.0028803 4.8999062 0.8023693 2
2.0761604 4.8436475 0.61835349 6
0.9475162 2.3343103 -0.049182624 1
4.9445562 13.426428 3.8351696 8
1.2986444 3.3083336 -0.032049783 3
1.1125848 2.7932138 -0.05284844 2
0.8411203 2.0397615 -0.057619542 1
1.6388352 3.6458719 0.04003191 3
4.9988656 13.443359 3.3209512 10
1.8811243 4.8691444 0.073686525 2
1.8874838 4.9352708 0.25210518 41
4.4254541 11.97068 0.31536576 3
4.103229 11.078731 3.6926987 12
4.5118227 12.267185 1.6782304 17
2.0142422 4.8805366 0.80158579 2
2.0643165 4.8514171 1.1693156 21
2.0015008 4.9353228 1.3643103 14
2.0978229 4.8478055 0.61854827 6
0.95580572 2.3313527 -0.049196485 1
4.4716954 11.966716 0.31509489 3
1.3224965 3.3375659 -0.037651017 3
1.1251658 2.7970569 -0.054380748 2
0.84442645 2.0262733 -0.054541133 1
4.9905171 13.405706 3.8341751 6
5.0204768 13.356084 3.3062575 10
1.654829 3.6477773 0.039045513 3
4.1462412 11.07552 3.6957486 12
1.8962582 4.8572755 0.074170865 2
4.5658937 12.281615 1.6809831 16
1.8939804 4.8989553 0.25370553 40
2.0724819 4.8224583 1.1663243 18
2.0256259 4.8589554 0.80069405 14
5.0165343 13.338152 3.8214185 7
1.9521066 5.0013328 0.43401095 3
2.0125208 4.9120679 1.3614367 18
2.1141803 4.8389411 0.61847723 6
1.915328 4.8587637 0.073454522 3
4.1966629 11.098248 3.706085 12
5.0446672 13.284417 3.2946434 10
0.96140093 2.3210454 -0.047421135 1
1.341121 3.3518281 -0.04077322 3
1.6739757 3.6569371 0.037092902 3
4.6201091 12.295807 1.6837366 18
1.9126586 4.8964128 0.25346944 40
1.1418451 2.8119013 -0.058186047 2
0.8529644 2.0273018 -0.055581715 1
2.1327317 4.8377571 0.618559 6
2.0196598 4.8817906 1.3573027 13
2.0472229 4.863318 0.80130738 8
5.029952 13.237704 3.8005147 7
1.9465729 4.9351764 0.43500936 2
5.0642877 13.201735 3.2807217 10
4.2472887 11.120727 3.7164233 12
2.0925417 4.8228712 1.1672779 21
0.96720034 2.3127038 -0.046092372 1
1.9360497 4.9090824 0.25242078 40
1.3510171 3.3439865 -0.040171862 3
4.6764746 12.321769 1.6875553 21
1.932487 4.8523831 0.073424265 3
1.1485845 2.8010819 -0.056687281 2
0.86383957 2.0356879 -0.058682725 1
1.6922815 3.662071 0.035621371 3
2.0252998 4.8456569 1.3522211 13
1.9520382 4.8968716 0.43552434 2
0.87207115 2.0367756 -0.059723437 1
2.1513765 4.8343024 0.61860245 6
2.0629141 4.8527784 0.80105966 20
1.9440897 4.8805175 0.25361508 40
5.0546622 13.161982 3.7859437 7
0.97295451 2.3043518 -0.044763964 1
1.3636492 3.3435259 -0.040811948 3
4.294631 11.127824 3.7225921 12
1.1525089 2.7828801 -0.053670578 2
2.1126287 4.8232093 1.1682315 21
1.946793 4.8384938 0.074079044 2
1.7014151 3.6494808 0.036561649 3
2.1318831 4.8238292 1.1691856 18
2.169235 4.8289409 0.61860639 6
0.98941451 2.3231804 -0.050143782 1
2.080056 4.8458829 0.80102807 8
1.9693307 4.8903685 0.43549263 2
2.0453537 4.8462338 1.3534517 27
4.3557954 11.170831 3.7391663 1
2.0012455 4.9300165 1.553434 11
1.7168745 3.6514242 0.035574295 3
1.3788748 3.3462663 -0.042074084 3
1.9930997 4.9557095 1.7510825 2
0.87420976 2.0194933 -0.055616777 1
1.9968511 4.9822669 0.99303722 2
1.1614755 2.7753429 -0.052930772 2
1.9593546 4.8662434 0.25399002 39
1.9667352 4.8394494 0.073361292 3
2.1520243 4.8240013 1.1701393 18
2.0971763 4.838932 0.80099458 37
2.0595229 4.8320842 1.3521568 32
1.740422 3.6714427 0.032176044 3
1.0008639 2.3272007 -0.051947251 1
1.175525 2.7826314 -0.05522155 2
1.9959424 4.9272337 0.98840255 7
1.3893075 3.3380949 -0.041475262 3
0.88139284 2.016794 -0.055628169 1
2.1934738 4.8359957 0.61887288 7
2.0059037 4.8903952 1.5464847 11
1.9874679 4.8834767 0.43545905 2
1.9896704 4.8945045 1.7374727 7
1.9751073 4.8559928 0.25416112 39
1.9893974 4.8890991 1.9306152 7
1.9773443 4.8161683 0.074874781 2
2.1141806 4.8341036 0.80107492 34
2.1698492 4.8186116 1.1703551 10
2.2256408 4.865685 0.61959732 7
2.0795798 4.8325157 1.3533894 37
1.7534072 3.6656799 0.032153882 3
1.0006928 2.3022256 -0.046591464 1
1.4018334 3.3354161 -0.041803937 3
2.0047143 4.8768482 0.43543044 2
1.9942853 4.8551726 1.7292984 7
0.88856626 2.0140636 -0.05563781 1
1.1825553 2.7715299 -0.053719923 2
1.9926984 4.8464541 1.920182 10
2.011194 4.9149971 0.98784173 4
2.0160294 4.8654289 1.5426128 11
1.9965894 4.8605685 0.25352156 40
1.9950789 4.8114252 0.074674338 2
2.133568 4.8325653 0.80136698 20
2.092144 4.8146062 1.3514665 23
2.0294774 4.8517337 1.5410485 17
2.2508645 4.8765354 0.61994332 7
2.0196199 4.8667665 0.43546769 2
2.190084 4.8164558 1.1710621 3
1.7729181 3.6743543 0.030202327 3
2.0019262 4.8221674 1.9149524 10
1.0117055 2.3063436 -0.048392449 1
2.0234816 4.895298 0.98657429 7
2.0152109 4.8576317 0.25328851 40
1.9972284 4.812243 1.7202194 7
1.4107621 3.323493 -0.040581685 3
0.90275556 2.029319 -0.060798563 1
2.0120692 4.8047667 0.074646682 2
1.1745141 2.722019 -0.044261746 1
2.2801797 4.8986139 0.62051636 7
2.1060348 4.8024969 1.3504922 18
2.2141786 4.8276825 1.173498 3
2.1521964 4.8291001 0.80155194 14
1.7842636 3.6648722 0.030662034 3
2.0368059 4.8600268 0.43543872 2
2.0148213 4.8095498 1.721097 16
2.0429819 4.8358564 1.539098 23
1.4241139 3.3246417 -0.041529465 3
1.0194875 2.3033259 -0.04840485 1
2.0168362 4.8101134 1.9133624 15
2.0315101 4.8512473 0.25326088 40
2.0237534 4.7872953 0.07564798 2
2.0407777 4.8885422 0.98654604 7
1.1935385 2.7420053 -0.049203511 2
0.90572095 2.0157266 -0.057718229 1
5.396441 11.828985 0.76352501 3
1.8098687 3.6881204 0.026783431 4
2.2432206 4.8475103 1.1771653 3
2.177098 4.8402662 0.80259544 17
2.1275923 4.8063836 1.3523561 18
2.0480244 4.8383799 0.43566695 2
1.0291107 2.3037319 -0.049310975 1
0.90681446 1.9986986 -0.053608075 1
1.4307553 3.3071618 -0.039377291 3
2.0303762 4.7992072 1.7201637 9
2.0534642 4.8126512 1.5356113 22
2.0324552 4.7602134 0.077508062 2
1.2071363 2.7493215 -0.051491808 2
2.0412254 4.8259158 0.25425193 39
2.0468605 4.8561611 0.98404008 11
2.0281012 4.7890368 1.9091731 22
5.3392129 11.779335 2.1197519 7
5.4405475 11.815805 0.76355815 3
2.1957738 4.8366423 0.80277973 11
2.1453462 4.8010807 1.3526419 13
1.8195651 3.6749184 0.027723931 4
2.0473385 4.7924395 1.7201341 16
1.4424616 3.3024991 -0.039396979 3
2.0666139 4.8352394 0.43557385 2
2.0704718 4.8057938 1.5355823 16
2.0642531 4.8339162 0.25340709 40
2.0610361 4.8419414 0.98330253 11
1.0365649 2.2986877 -0.048877243 1
2.0392385 4.767952 1.9049822 25
0.91536695 1.9994671 -0.054648649 1
1.2198193 2.752733 -0.053023331 2
2.0440006 4.7405086 0.078680746 2
5.3907852 11.789002 2.1233709 9
5.5003686 11.837029 0.76430613 3
2.176295 4.8265867 1.3582913 13
2.216047 4.8366089 0.8031792 5
2.0605993 4.7765851 1.7178427 14
2.0632112 4.782639 0.25582588 38
2.0836911 4.8283401 0.43554431 2
2.081146 4.8424392 0.98398107 21
1.454898 3.299623 -0.039725285 3
1.8450204 3.6937506 0.024323696 4
2.0568218 4.7629352 1.9054741 20
1.2310569 2.7524548 -0.0537972 2
0.92684388 2.0073738 -0.057750028 1
2.0934341 4.8134041 1.5386263 17
2.05391 4.717103 0.080196723 2
1.0425272 2.2900026 -0.047548506 1
5.4494724 11.808357 2.1284654 11
5.5549822 11.85167 0.76490611 3
2.2435217 4.8551574 0.80465162 2
2.1964846 4.8265576 1.3595222 9
1.4725885 3.3094983 -0.04222732 3
2.0767372 4.7679076 1.7173613 19
1.0476962 2.2795017 -0.045771688 1
2.1037965 4.8287745 0.43538573 2
2.0877163 4.7942147 0.25477687 39
2.1059248 4.7955356 1.5362912 16
2.0817626 4.7757068 1.9111664 22
2.0598574 4.6844893 0.082570471 2
1.2423079 2.7521315 -0.054570455 2
0.93545228 2.0080688 -0.058791351 1
2.0990126 4.8373294 0.98412848 26
1.8536338 3.6765623 0.025744781 4
2.2816613 4.8973088 0.80752069 3
5.616889 11.876016 0.76572549 3
5.5100079 11.831044 2.1340537 13
2.1192296 4.8202395 0.4353905 2
2.2245932 4.8445415 1.3639088 9
2.1296239 4.8069453 1.5401062 17
2.0992882 4.7726698 1.9121792 25
1.487335 3.3119884 -0.043488473 3
0.94555449 2.0122926 -0.06086234 1
1.0625157 2.2923968 -0.049810603 1
2.0980835 4.771759 1.7200464 23
2.1138594 4.8093662 0.25352269 40
2.1168661 4.83215 0.98427635 21
2.0710001 4.6647463 0.083744086 2
1.2460438 2.7336268 -0.051554024 2
1.8760592 3.6901128 0.023068476 4
5.5728183 11.863436 2.1408756 13
5.3938723 11.808012 1.2147707 8
5.6743445 11.884598 0.76623988 3
2.2456303 4.8483057 1.3657724 4
2.1378057 4.8168449 0.43529496 2
2.1299934 4.8026423 0.25349483 40
1.4969453 3.3037312 -0.042886354 3
2.1094189 4.7496357 1.9074678 20
2.1201479 4.7794685 1.7236384 19
1.0649812 2.2766142 -0.046690769 1
2.1496751 4.8070569 1.5416118 17
1.2572503 2.733247 -0.052328605 2
0.94375825 1.9879595 -0.054692473 1
2.092144 4.6688328 0.082684867 2
2.1339383 4.8250737 0.9842459 21
1.8968735 3.6999762 0.020874431 5
5.6271381 11.871175 2.1444881 10
5.4453115 11.811213 1.2159793 12
5.3579655 11.811831 2.5840805 17
1.0836953 2.2983837 -0.052967366 1
2.1378016 4.7741799 1.7240599 14
2.1602905 4.8225665 0.43503976 2
1.5040152 3.2879202 -0.041044172 3
5.7370639 11.903748 0.76698118 3
2.151686 4.8219619 0.9845714 21
1.2649271 2.7257886 -0.05158646 2
0.9534862 1.9922919 -0.0567642 1
2.1352699 4.7639213 1.9136792 20
2.1469557 4.7955217 0.25346458 40
2.1798778 4.8283648 1.5477273 17
1.9179922 3.7118461 0.018440237 5
2.1266792 4.7039747 0.078705728 2
5.4997225 11.826068 1.2178317 12
5.6819854 11.874108 2.1476038 9
5.4019928 11.79874 2.5849459 13
1.0826724 2.2734358 -0.047611676 1
2.1836309 4.830039 0.43475083 2
2.1566772 4.7674308 1.9167699 12
2.1647367 4.787972 0.25343281 40
0.95941073 1.9856094 -0.055744853 1
1.2766174 2.7251146 -0.052360203 2
2.1578231 4.7720394 1.7253863 9
2.1992791 4.8264761 1.5488493 23
1.931119 3.7054694 0.018415451 5
2.1758349 4.8290629 0.98595375 14
1.5193436 3.2900219 -0.04230731 3
2.1575294 4.7297792 0.075585261 2
5.5613747 11.850601 1.2203255 12
5.4565711 11.808848 2.5899143 13
5.7403374 11.883955 2.1517045 7
6.2699389 12.797295 0.78625637 3
2.2249036 4.8410711 1.5534289 23
2.2126107 4.8502531 0.43423501 2
2.1888802 4.7956572 1.9271424 10
1.091151 2.2698369 -0.047625665 1
2.1774223 4.729857 0.074868642 2
2.1777861 4.7719717 1.7271655 9
2.1911714 4.8027186 0.2521776 40
1.5247209 3.2705479 -0.039844796 3
1.9547994 3.7203982 0.015496394 5
2.1992106 4.8364105 0.98733807 9
1.286279 2.7210009 -0.052376792 2
0.97412413 2.0003579 -0.060907237 1
5.5075645 11.816093 2.5942535 13
5.6182327 11.863987 1.2221738 10
6.3301892 12.81264 0.78691941 3
6.2109609 12.761275 2.2750342 8
1.1003665 2.2701268 -0.048533347 1
2.2337449 4.8520026 0.43404126 3
2.2047274 4.7900448 1.7334706 7
1.5388771 3.2730498 -0.041104559 3
2.2523019 4.856957 1.5583928 12
2.1957016 4.728406 0.07432355 2
2.2120235 4.8024893 1.9312726 7
2.2376738 4.8653064 0.24826783 43
0.97506958 1.9831369 -0.056797709 1
2.2242553 4.8473048 0.98907626 7
1.9697294 3.7174509 0.014989045 5
1.2927889 2.7096539 -0.050877325 2
5.5673671 11.836523 2.6011109 14
5.6841178 11.890598 1.2248757 12
6.2800307 12.789824 2.2818384 8
2.2629437 4.8741612 0.43349451 3
5.3063068 11.781539 3.5095432 3
6.3928747 12.826622 0.78757697 3
5.3421111 11.761765 3.0388091 11
5.1323061 11.376861 3.8686507 9
2.2083275 4.7141352 0.074981719 2
0.98177183 1.9802485 -0.056809522 1
1.1084307 2.2666345 -0.04854669 1
1.3034947 2.709291 -0.051651258 2
1.5504636 3.2680113 -0.041126061 3
1.9929398 3.7325056 0.012070635 6
2.2429318 4.8456912 0.9895767 4
2.2645254 4.879724 0.24701163 43
5.6323719 11.867428 2.609859 13
5.3599834 11.796199 3.5176077 21
5.3999467 11.785421 3.04757 20
6.3436446 12.812005 2.287662 8
5.194736 11.414734 3.8847003 7
2.2923119 4.8961763 0.43294606 3
2.2339318 4.7289238 0.072891071 3
1.1160791 2.2632942 -0.048559859 1
1.5566413 3.2523558 -0.039283216 3
6.4610496 12.851076 0.788459 3
2.3052626 4.9272537 0.24391708 45
0.98690063 1.9737884 -0.055789169 1
1.312621 2.7052922 -0.051666394 2
5.740036 11.89523 1.2262881 10
2.2777779 4.8804379 0.99361491 2
2.0169342 3.747107 0.0091504315 6
2.3202579 4.912199 0.43249306 3
5.4657536 11.820402 3.0590117 21
0.99988222 1.9849786 -0.059923094 1
1.5691956 3.2511153 -0.039923187 3
5.4047332 11.784782 3.5193377 17
1.323338 2.7048533 -0.052440707 2
5.6947265 11.886301 2.6167097 13
1.1221241 2.2563679 -0.047677524 1
6.3983669 12.809619 2.2902792 7
5.2484136 11.426758 3.8934629 6
2.3185179 4.9126172 0.24429423 45
5.3885112 11.784315 1.6657282 15
2.2522757 4.725059 0.072516799 3
5.7948098 11.902415 1.2278118 2
6.5258965 12.868061 0.78918886 3
2.0476336 3.7760489 0.0043035704 6
5.4607215 11.798072 3.5273969 18
6.2669878 12.781269 1.281232 6
1.5839609 3.2531767 -0.041185338 3
1.1285341 2.2492478 -0.046796292 1
5.091753 9.9074774 0.72745687 17
5.4162402 11.689676 0.31179544 3
1.339398 2.714889 -0.055490769 2
5.5237103 11.837233 3.0666108 21
5.4464116 11.801996 1.6691837 19
1.0069455 1.9818349 -0.059933729 1
6.4681258 12.837255 2.2970812 6
2.2656476 4.7102637 0.073172398 2
2.3325667 4.8975506 0.24467045 45
5.3078251 11.450849 3.9058661 5
5.7581339 11.906678 2.6238742 8
2.0536876 3.7551184 0.0062050442 6
5.5813947 11.858312 3.0749829 20
5.4336929 11.624629 0.31255978 3
5.3670487 11.479095 3.9193127 5
2.2822788 4.7026701 0.073140636 2
1.1381419 2.2492075 -0.04770482 1
5.5233583 11.825246 3.5390792 17
2.3781135 4.9514699 0.24116421 47
5.1148891 9.8667231 0.72689712 17
5.5102878 11.832131 1.6738735 20
6.334672 12.80625 1.283928 6
1.5971189 3.2515719 -0.041827239 3
1.3473927 2.7069886 -0.05474956 2
1.0107903 1.9716432 -0.057884932 1
8.7989473 18.154242 3.7332428 2
2.0639594 3.7408826 0.0071420795 6
1.6047455 3.2394195 -0.040605862 3
5.4163976 11.479841 3.9249535 5
1.1449169 2.2440009 -0.047271449 1
5.5751767 11.833667 3.5457845 15
5.1633787 9.8802385 0.7274645 17
5.4695816 11.594952 0.31267369 3
3.1046185 6.481719 0.15448353 32
8.8819513 18.171377 3.7413173 4
2.3005688 4.6986184 0.072765544 3
1.0137682 1.9596918 -0.05532036 1
1.3471358 2.6812248 -0.050216824 2
6.399085 12.823768 1.2861915 6
5.5652828 11.842039 1.676621 19
5.6376829 11.864732 3.0806568 20
2.0944929 3.7652771 0.0027721014 7
5.4985576 11.550679 0.31304604 3
1.1512457 2.2368147 -0.046389889 1
6.7918715 12.953108 0.79248506 2
5.6349564 11.853242 3.5556531 14
1.6162127 3.2341516 -0.040626451 3
1.0212053 1.9584249 -0.055847619 1
5.4650059 11.47864 3.9300735 6
5.6200066 11.856278 1.6797242 17
8.4167366 17.053761 3.5481966 1
3.1454899 6.5068378 0.15239304 31
6.4637032 12.840961 1.2884573 6
1.3549875 2.6733005 -0.049476057 2
2.3213818 4.6977205 0.072044499 3
5.698257 11.879795 3.0882492 18
2.1220305 3.7867026 -0.0011140665 7
5.1625152 9.8572273 1.893635 121
6.5244665 12.855437 1.2905104 2
5.5242105 11.494534 0.31360936 3
6.8581896 12.963846 0.79313189 2
9.0654573 18.222757 3.7612314 4
5.6986995 11.875098 3.5664206 14
1.624876 3.2214224 -0.039407004 3
1.0268818 1.9515589 -0.054829709 1
1.1562804 2.2259068 -0.04461509 1
5.6824431 11.875562 1.6835248 19
5.5189795 11.483287 3.937268 5
3.1525719 6.4594631 0.15438889 32
1.3716129 2.6829238 -0.052528102 2
2.3413892 4.6971292 0.071325101 3
5.7535648 11.888481 3.0943077 4
2.1504047 3.8076167 -0.0050004325 7
5.2254858 9.8940878 1.9011931 119
5.0877051 9.8873835 1.1135099 2
9.1436052 18.219494 3.7661417 2
1.1679188 2.2290783 -0.046418592 1
1.6402344 3.2229576 -0.040671572 3
5.9966822 12.389401 3.7038269 15
7.1109333 14.616137 3.690239 2
5.5813503 11.505138 3.9496601 4
5.5684171 11.478104 0.31345689 3
5.748508 11.901738 1.688032 19
6.9339857 12.991982 0.7941494 2
3.1753478 6.4487338 0.15434362 32
1.3777653 2.6713719 -0.051027711 2
1.0374793 1.9551513 -0.056902792 1
2.3545363 4.6820674 0.071980216 3
2.1619813 3.7969346 -0.0045466321 7
5.1234965 9.8760576 1.1137619 15
5.2859378 9.920907 1.9075159 119
5.0720401 9.9215508 2.2904088 1
6.9979992 13.008012 0.79487681 2
1.1783568 2.230633 -0.047776062 1
1.6482342 3.210443 -0.039451782 3
2.1842213 3.8075106 -0.0069854758 8
7.1538501 14.573791 3.6862907 4
1.0444351 1.9518861 -0.056914665 1
1.3838487 2.6598237 -0.049528919 2
6.0605254 12.410818 3.7145922 15
5.5932531 11.426388 0.31395951 3
2.371069 4.6741686 0.07194721 3
5.6335764 11.510222 3.9568594 4
6.7368708 12.942941 1.2995471 2
5.1141124 9.9181509 2.2928591 22
5.6366849 11.418835 0.31368536 3
7.066371 13.026084 0.79567254 2
5.6905994 11.529977 3.9682198 4
2.204648 3.8145032 -0.0089429403 8
7.2008781 14.546664 3.6854224 4
1.1905137 2.2356579 -0.050028566 1
6.1059289 12.393366 3.7154055 17
1.0480267 1.9416336 -0.054865867 1
1.6664679 3.2192521 -0.041956779 3
1.3915753 2.6517999 -0.04878794 1
6.2700448 12.769854 1.7772834 16
2.377099 4.6447053 0.07397712 2
6.7925067 12.939096 1.3006277 6
5.1383548 9.8837967 2.2896359 2
7.0046864 12.993107 2.3438299 9
1.6703779 3.1998382 -0.039494466 3
1.1929446 2.2215202 -0.047356255 1
5.6733756 11.392145 0.31373289 3
6.1491075 12.376782 3.7162254 17
7.1349621 13.043815 0.7964685 2
2.2200537 3.8105931 -0.0094535742 8
2.3961992 4.6442685 0.073258184 2
5.7523918 11.553701 3.9811349 5
7.248621 14.514626 3.6837797 4
6.3376541 12.794708 1.7817858 15
1.402696 2.6508238 -0.049564283 2
1.0549349 1.9383348 -0.054878384 1
6.7468143 12.934427 2.8400052 4
6.8606157 12.953329 1.3028797 6
7.0700865 13.005558 2.3488986 7
6.1926937 12.355501 3.7161345 17
1.1991214 2.21421 -0.04647604 1
7.2132998 13.078805 0.79763567 2
5.7117071 11.368952 0.31371385 3
1.6834486 3.1978831 -0.040136073 3
2.417912 4.6469216 0.072194189 3
5.8127217 11.573682 3.9930079 5
1.0648916 1.9421124 -0.056951325 1
7.3119307 14.514078 3.6890488 4
2.2509274 3.8343778 -0.013825739 8
1.4185463 2.6605942 -0.052613683 2
6.3997521 12.813188 1.7855849 15
6.8005233 12.92682 2.8427448 1
7.2838974 13.104144 0.79858297 2
6.9322109 12.979047 1.3057778 6
7.1431923 13.031708 2.3559346 8
1.6930143 3.1888015 -0.039537709 3
6.2318759 12.325353 3.7137811 19
1.2018007 2.1998947 -0.043804668 1
5.7606258 11.36711 0.31330484 3
1.0752273 1.9456894 -0.059025437 1
5.0890808 9.9441738 2.694855 4
5.8689618 11.584721 4.0022802 6
2.4352143 4.6405792 0.071988709 3
2.2722669 3.8406787 -0.015785394 9
1.4279809 2.6559913 -0.052632123 2
6.4678369 12.83744 1.7900841 17
7.3392978 13.101138 0.79893267 2
6.8802934 12.963348 2.8536737 0
7.2165666 13.057488 2.3629694 7
7.0040765 13.004397 1.3086768 6
5.1055646 9.8942099 2.6874895 22
5.8183432 11.387513 0.31250942 3
5.0790029 9.9113064 3.5041049 10
2.2780101 3.8192539 -0.013884961 8
1.0838753 1.9457495 -0.060068343 1
1.2096175 2.1960499 -0.043819085 1
5.0713806 9.8998489 3.0896339 2
1.709604 3.193835 -0.041423477 3
1.4373977 2.6513491 -0.052650109 2
6.5379457 12.864944 1.7949345 10
2.4462137 4.6217093 0.072987534 2
4.2044635 8.169219 0.051768802 6
7.2869577 13.082428 2.3697629 6
7.4145617 13.128076 0.79994816 2
1.2328056 2.2237141 -0.051890146 1
1.7185676 3.1849489 -0.040822804 3
4.2318039 8.1555157 0.051710807 6
5.1089163 9.8919392 3.0918252 6
5.1025605 9.8717709 0.33969536 3
5.112186 9.8903513 3.5029914 10
2.4698527 4.6298761 0.071407676 3
5.1546731 9.9046097 2.6935577 3
7.0705557 13.018858 1.3109303 6
9.5868082 17.993546 3.7651834 1
1.0838501 1.9285105 -0.055957865 1
1.4450327 2.6431663 -0.051909477 2
2.3131821 3.8495386 -0.019223031 9
5.0953574 9.8888693 1.5015813 4
7.3595071 13.110518 2.3770478 6
7.492044 13.158157 0.80103534 2
5.1410251 9.8657408 0.33943015 12
6.7426682 12.917529 3.3595967 6
6.044107 11.637309 4.0358248 5
1.2442341 2.2267199 -0.053696007 1
6.3641295 12.269944 3.7157705 10
1.7226781 3.1652014 -0.038361214 3
9.6075096 17.87991 3.7505441 1
7.1410041 13.040036 1.3136109 6
2.4934847 4.6357408 0.069998495 3
5.1230326 9.8615284 1.5004505 13
1.4628304 2.6562178 -0.055720989 2
1.0903705 1.9252583 -0.055969913 1
4.2605381 8.1409864 0.051649887 6
2.3307528 3.8486564 -0.020218223 9
7.4230442 13.116189 2.3813727 7
7.5619698 13.173908 0.8018254 2
1.2339838 2.1882231 -0.044756927 1
7.2055721 13.055107 1.315869 6
1.7333256 3.1598015 -0.038381822 3
6.4078546 12.254203 3.7170393 12
5.1867366 9.8693562 0.33896434 3
6.1036453 11.652478 4.0466537 5
4.2585855 8.0702343 0.054866791 6
2.347666 3.8481047 -0.021212213 9
9.644311 17.797682 3.7415788 2
7.6036668 14.463394 3.7053978 2
6.7430739 12.937705 1.8086029 3
1.0989832 1.9252548 -0.057013795 1
2.5263491 4.6591978 0.066868074 3
1.4722497 2.6514528 -0.055739027 2
7.2760849 13.080394 1.318768 6
7.4974093 13.140599 2.3884017 8
1.2489151 2.1981266 -0.048352994 1
1.7499567 3.1646223 -0.040268149 3
1.1054915 1.9219482 -0.057025798 1
6.4456372 12.221659 3.7142303 12
5.9615293 11.27881 0.31269127 3
7.6419959 13.206724 0.80298442 2
2.3565795 3.8337667 -0.020275507 9
6.8000526 12.942061 1.8111576 14
6.1695762 11.679369 4.061121 5
1.4834518 2.6501515 -0.056516197 2
9.6797209 17.713684 3.7322991 2
4.2002025 7.8846374 0.0646291 35
2.5565422 4.6749802 0.06442517 3
7.6625915 14.446091 3.7075846 4
7.3472133 13.100615 1.321444 6
7.570076 13.161196 2.3949406 6
9.6973886 17.605335 3.7182965 2
7.7064004 13.211387 0.8035472 2
2.3620632 3.8121734 -0.018374749 9
6.4908266 12.198197 3.7141342 13
1.2625188 2.2042911 -0.051054839 1
6.8681407 12.95616 1.814939 12
1.7598923 3.1550555 -0.039670553 3
5.9939418 11.239438 0.31292489 3
1.110889 1.9148433 -0.056008581 1
6.2360554 11.701448 4.074542 5
1.4915028 2.6415937 -0.055777084 2
4.2571359 7.9225979 0.06149533 7
2.5711923 4.6628361 0.064734496 3
7.7225842 14.436838 3.7113118 2
9.7239246 17.51438 3.707448 2
7.4205155 13.123975 1.3243341 6
7.6469216 13.18833 2.4024611 8
7.7809601 13.233055 0.80448157 2
2.4181497 3.8759208 -0.028543936 10
6.2970934 11.717444 4.0858893 5
6.0279069 11.208081 0.31303456 3
7.7653441 14.400968 3.7089009 2
1.2652978 2.1896822 -0.048384994 1
1.7734611 3.1524537 -0.04031565 3
1.1144496 1.9043051 -0.053960141 1
1.4990406 2.6332595 -0.055037577 2
6.5395713 12.181484 3.7158422 14
6.9345803 12.966398 1.8183656 12
2.5783074 4.6365738 0.066419102 3
4.3353691 8.0033865 0.055905394 6
9.759737 17.433842 3.6987987 2
7.4940767 13.146967 1.327224 6
7.720088 13.208233 2.4089949 7
2.4338915 3.8712087 -0.029059075 10
6.5812383 12.161699 3.7162025 17
6.057961 11.169586 0.31327242 3
1.7748033 3.129441 -0.037231237 3
1.2690387 2.178937 -0.046609029 1
7.8067703 14.356692 3.7049491 2
2.5995069 4.6388593 0.0653539 3
4.3640304 7.992764 0.055643 6
6.3510752 11.719513 4.0930762 6
1.5102204 2.631834 -0.055814173 2
1.1194173 1.8973595 -0.052942209 1
7.0044913 12.988115 1.8228544 14
7.7884946 13.219177 2.4142995 7
7.5619826 13.159191 1.3294702 6
8.7299385 15.443947 3.34131 1
2.4414151 3.852828 -0.027641291 10
1.269428 2.1611106 -0.04304269 1
1.7914766 3.1340339 -0.039117645 3
6.6222258 12.135468 3.7152045 15
6.4160986 11.741785 4.1064987 5
7.8591695 14.333031 3.7056029 4
6.1180849 11.18738 0.31246698 3
4.3874693 7.9689789 0.056093033 6
7.0761051 13.017751 1.828054 15
1.5209396 2.6306195 -0.056590654 2
1.1331189 1.9076242 -0.057078365 1
2.6272562 4.6511235 0.06325487 3
7.8667779 13.251729 2.4225585 6
8.7649193 15.379137 3.3348827 2
7.6399689 13.188437 1.3327844 6
2.4405777 3.8208861 -0.024292586 10
7.903986 14.295391 3.7031865 4
6.6612568 12.105677 3.7132998 18
6.14223 11.138074 0.3129015 3
1.288208 2.1776249 -0.048430853 1
1.8044499 3.131597 -0.03976227 3
4.4221969 7.9661994 0.055313967 6
1.1399072 1.9040269 -0.057091687 1
2.3576729 4.117342 0.11484016 2
6.4850378 11.770529 4.1220007 5
7.1465168 13.038791 1.832543 16
1.5321316 2.629118 -0.057369042 2
7.9413257 13.277064 2.4298348 7
8.7829933 15.285083 3.3230975 2
7.7162604 13.213834 1.3358846 6
6.1947989 11.145974 0.31229481 3
7.9480171 14.262429 3.7015414 4
6.5484715 11.793277 4.135427 5
6.7054949 12.09059 3.7150173 17
2.3235385 4.0225067 0.12341367 2
2.4686229 3.8363681 -0.027703367 10
1.3015307 2.1837578 -0.051132087 1
1.8117585 3.1186888 -0.038542684 3
4.4406981 7.9334855 0.056274131 6
7.213346 13.052493 1.8363236 15
1.5377009 2.6172171 -0.05587098 2
1.1466832 1.9004133 -0.057104703 1
8.0184793 13.300676 2.4371009 5
7.7864776 13.23331 1.3385593 6
8.8063841 15.201387 3.313205 3
6.2031689 11.073027 0.31319204 3
6.7496915 12.075363 3.7167339 16
2.3852952 4.102272 0.11477918 2
7.9824023 14.21215 3.6960609 4
6.6000376 11.793728 4.1420951 5
1.3163973 2.1934505 -0.054728899 1
2.4884486 3.8381968 -0.029183602 10
1.8222501 3.1130035 -0.038565509 3
7.2799745 13.070655 1.8404603 16
1.1586776 1.9071217 -0.060210653 1
4.4807177 7.9434891 0.054781836 6
1.5484068 2.6158869 -0.056647472 2
7.8548961 13.249008 1.3410219 6
8.0979252 13.327309 2.4448588 6
6.7959962 12.058784 3.7184446 16
8.8283205 15.115996 3.3029966 3
4.5092425 7.9323673 0.054515433 6
1.3096641 2.1638291 -0.048027877 1
8.0266867 14.174141 3.6936424 4
1.8231606 3.0899887 -0.035480276 3
7.3468065 13.088505 1.844596 16
1.5581692 2.6127949 -0.057044502 2
6.6734176 11.828299 4.1596723 5
1.1539226 1.8833151 -0.054036718 1
6.2557201 11.076035 0.31264493 3
2.3997936 4.0942631 0.11474753 2
2.5251234 3.866895 -0.034528468 11
7.9359751 13.280219 1.3445451 4
8.1694574 13.339954 2.4506476 7
8.8520765 15.0407 3.2943721 2
6.3044591 11.071848 0.31222817 3
6.8441672 12.045454 3.7210586 14
1.1606261 1.8796512 -0.05405071 1
1.3173537 2.159616 -0.048043482 1
1.565522 2.6042809 -0.056306094 2
1.8341022 3.0839684 -0.035503916 3
8.0698452 14.13428 3.6908402 5
4.529397 7.9029088 0.055273712 6
7.4258437 13.122169 1.8504918 15
6.7367601 11.843954 4.1715317 3
2.3751695 4.0167456 0.12160084 2
8.8834028 14.97907 3.2882669 3
8.2473631 13.362428 2.4579124 7
8.0112572 13.300746 1.3474247 6
6.8798904 12.009846 3.7177975 6
6.3434324 11.050022 0.31213814 3
1.3250271 2.1553712 -0.048059322 1
1.94227 2.887352 0.10404871 2
1.8430849 3.0744538 -0.034905802 3
1.574759 2.5991597 -0.056325547 2
7.4934907 13.134614 1.8542674 13
8.1196051 14.106233 3.6907251 5
1.1710987 1.8827063 -0.056126487 1
4.5435181 7.862978 0.056644142 6
2.3972352 4.022634 0.120193 2
6.7993441 11.857629 4.182869 3
8.0908775 13.327738 1.3507335 6
8.8969679 14.881839 3.2758539 2
8.3317566 13.39466 2.4666519 6
1.9354163 2.854131 0.10788957 2
1.5820397 2.5905879 -0.0555855 2
6.9183407 11.979221 3.7158914 1
1.3346074 2.1544924 -0.048970442 1
7.571136 13.164065 1.8598083 15
6.8697305 11.884445 4.1983643 3
1.853973 3.0683539 -0.034928765 3
4.5672684 7.8404288 0.05698986 6
2.4015553 3.9972916 0.12188216 2
8.1731529 14.084845 3.6921432 5
6.388257 11.038496 0.31185082 3
1.1758974 1.8756127 -0.055108473 1
8.1553154 13.328702 1.3524346 2
8.0092707 13.270583 2.9824581 2
8.4123039 13.419744 2.4744024 7
6.9818149 11.992455 3.7257357 2
1.8648351 3.0622218 -0.034952085 3
1.3383974 2.1434197 -0.047195256 1
6.446991 11.051072 0.31110498 3
1.5931753 2.5888295 -0.056365032 2
6.925992 11.885789 4.2060614 5
7.6411786 13.179308 1.8639336 15
1.1787453 1.8651557 -0.053060185 1
2.4196649 3.996129 0.12116248 2
8.2227345 14.056448 3.6920254 5
1.9519714 2.8577275 0.10641734 2
4.6206956 7.8697801 0.054261521 6
8.4836693 13.429255 2.4799421 14
8.1047392 13.324083 2.9974635 2
7.0201545 11.961501 3.7238283 2
1.8756797 3.0560501 -0.034975901 3
8.2781239 14.038064 3.694211 5
1.9469845 2.8279243 0.10977503 1
1.3547651 2.1543012 -0.051240675 1
4.646419 7.8504434 0.054400925 6
6.4598856 10.983717 0.31186715 3
1.6003978 2.5802083 -0.05562482 2
1.1892391 1.8680971 -0.055135056 1
7.7153907 13.201122 1.8687639 13
2.4317875 3.9845521 0.12147484 2
7.0064983 11.928666 4.2267513 5
8.5615473 13.44848 2.4869576 6
1.9544245 2.8900628 0.58321708 1
9.062953 14.803644 3.2783096 12
8.3369827 14.031059 3.6987035 5
6.5026469 10.972855 0.31158158 3
7.0738926 11.961961 3.7300625 3
7.0707006 11.94734 4.2396479 3
2.4653146 4.011178 0.11800098 2
1.1958879 1.8643072 -0.055148892 1
1.3565524 2.1398189 -0.048570763 1
1.8845176 3.0464194 -0.03437832 3
1.6095464 2.5749669 -0.055644318 2
7.7878571 13.219133 1.8732411 13
4.6640334 7.8171868 0.055363473 6
1.9548349 2.8181388 0.11023556 1
8.6425972 13.477248 2.4952152 5
7.1257319 11.958818 3.7354035 3
2.4625692 3.9758503 0.12073034 2
7.9797039 13.318985 3.5432119 2
9.1438236 14.819334 3.2870154 12
5.8040409 9.2094831 1.0985707 2
1.9668258 2.8869367 0.58327156 1
7.1321764 11.96069 4.250998 3
6.5332704 10.941106 0.31170326 3
1.3657429 2.1390176 -0.049477618 1
1.8967599 3.0439019 -0.035018459 3
1.2060921 1.8673624 -0.057221502 1
1.6301184 2.5902963 -0.060213383 2
7.8662472 13.251886 1.8791481 16
4.712419 7.8398666 0.053053357 6
1.9626352 2.8083279 0.11069946 1
8.7263021 13.504097 2.5034666 5
8.4683638 13.60265 3.0651772 3
1.3769217 2.1415482 -0.051282767 1
1.9069998 3.0379333 -0.035037853 3
7.1955929 11.981091 3.747968 3
1.2104465 1.860366 -0.0562011 1
1.6348557 2.5784547 -0.058712285 2
8.0366306 13.308143 3.5469477 5
6.5860257 10.942575 0.31116199 3
1.9683738 2.8669782 0.58295411 1
7.9449492 13.284303 1.885051 16
2.4521642 3.9264817 0.12483507 2
4.7041135 7.7660022 0.056486875 6
7.2037926 11.985845 4.2664981 3
1.9714909 2.8001676 0.11091939 1
8.8124514 13.533868 2.5122094 5
8.499609 13.546354 3.0600319 3
1.9632558 2.8369853 0.58241475 1
1.9137186 3.0248225 -0.033816073 3
1.3845307 2.1371002 -0.051297203 1
8.0996294 13.307158 3.5529854 3
6.6368217 10.940376 0.31068683 3
7.2657022 12.003011 3.7605314 3
7.2736931 12.0073 4.2809601 3
1.2150973 1.8531871 -0.055182211 1
1.6319655 2.5528376 -0.054174852 2
8.0079765 13.284114 1.887772 14
4.7600884 7.7978625 0.05355728 6
2.470145 3.9250741 0.12411854 2
1.9913375 2.8084855 0.10872363 2
8.8978386 13.561529 2.5207057 4
1.9744083 2.8321478 0.58243072 1
1.9183375 3.0083086 -0.03197217 3
8.0792856 13.297313 1.8919055 14
8.5201101 13.473219 3.0517402 12
1.6511074 2.5643322 -0.057987832 2
1.3991339 2.1443248 -0.054446403 1
1.2197105 1.845983 -0.054162636 1
8.5558367 13.955894 3.707495 6
7.3360548 12.024576 3.7730951 3
4.7978439 7.7986078 0.05247324 6
2.4881415 3.9235904 0.1234017 2
7.3378649 12.018504 4.2922988 3
2.00301 2.8054948 0.10822035 2
1.948543 2.8771718 0.70206404 1
8.9705086 13.568814 2.5262501 5
8.5504503 13.421675 3.0472305 22
1.3986973 2.1264429 -0.050877266 1
1.9228612 2.9918046 -0.030128064 3
1.9844482 2.8255918 0.5824095 16
7.4126921 12.055803 3.788367 3
5.6777978 9.1837826 0.34337246 3
1.2282778 1.8454088 -0.055207502 1
7.4102044 12.042609 4.3077974 3
8.1672659 13.337461 1.8988588 14
1.6642612 2.5656445 -0.059524432 2
8.6151781 13.942904 3.7112248 6
4.8108335 7.7581968 0.053850055 6
2.5040839 3.918627 0.12302857 2
2.0263178 2.8185592 0.10529899 2
1.9565848 2.8673398 0.70183027 1
8.5733738 13.353588 3.0398815 16
9.055336 13.594009 2.5344961 7
1.9355111 2.9888115 -0.030772036 3
8.670413 13.922992 3.7134182 6
8.2473345 13.363552 1.9043984 12
1.6713179 2.5568218 -0.058782473 2
4.8548045 7.768918 0.052149713 6
7.4693503 12.053364 3.7946029 3
1.24087 1.8513844 -0.058312859 1
1.9989001 2.8256624 0.5825364 1
2.5325332 3.9339778 0.12058771 2
5.703886 9.1539345 0.34349987 3
7.4848156 12.069647 4.3243332 3
1.4042284 2.1185961 -0.049996991 1
2.0295868 2.8019891 0.1067275 2
8.6076221 13.303804 3.0359981 14
1.9645771 2.8575051 0.70159578 1
9.1229067 13.59227 2.5388122 5
2.0073004 2.8177025 0.58247828 1
1.9491953 2.9874384 -0.031724598 3
7.5403585 12.073922 3.8071628 3
5.7403059 9.1410522 0.34329793 3
1.4137949 2.1173713 -0.050906871 1
2.5443392 3.9220681 0.1209031 2
8.7245884 13.901185 3.7152278 5
7.5657825 12.10619 4.3439841 3
1.2454425 1.8441242 -0.057294086 1
1.6742272 2.5412991 -0.056523923 2
8.3276939 13.389231 1.9099388 12
4.8717122 7.7352061 0.053115617 6
2.0575225 2.8214111 0.10283846 2
8.6052904 13.197475 3.0214069 13
2.0217681 2.8176661 0.58260387 1
1.9637983 2.8342607 0.70050693 1
9.2357674 13.657931 2.5531995 4
8.6945181 13.744318 3.6859651 2
1.9556173 2.9742565 -0.030503625 3
7.6239276 12.114021 3.8251417 3
1.4233688 2.116116 -0.051818095 1
8.4020405 13.404343 1.9144202 16
4.9031687 7.7252188 0.05264771 6
5.7493105 9.0838385 0.34395117 3
7.6450586 12.139036 4.3625946 2
2.5708632 3.9337931 0.11880565 2
1.2377961 1.8171223 -0.05008699 1
1.6791117 2.5291209 -0.055022813 2
2.6987755 3.7249479 -0.032055344 10
9.3201923 13.685061 2.5616939 5
8.6195097 13.117838 3.0118568 20
2.0385158 2.8208554 0.58280444 1
1.9595908 2.8060508 0.69909841 1
1.9598805 2.9577143 -0.028659835 3
1.6901556 2.5269427 -0.055800021 2
1.4308892 2.1115017 -0.051832128 1
1.2503909 1.8230059 -0.053193327 1
8.5944853 13.478142 3.6313901 2
7.6934223 12.130507 3.836797 3
8.4766026 13.419099 1.9188994 14
7.7164736 12.158354 4.3770475 1
2.7596967 3.7841938 -0.042236947 12
9.4062109 13.708498 2.5699356 5
1.979461 2.8145418 0.7000367 11
2.0530417 2.8206766 0.58292997 1
7.8044896 12.208102 4.4008565 1
8.6754017 13.102757 3.0145838 2
8.6626749 13.486258 3.6397257 2
1.9524854 2.9227765 -0.023396373 3
7.7672701 12.153281 3.8502555 3
1.4321766 2.0969598 -0.049159236 1
1.7053839 2.5313747 -0.058097199 2
1.2650964 1.8321009 -0.057331529 1
8.5556049 13.440259 1.9240814 2
1.9543056 2.8999381 0.22283466 1
2.763927 3.7618906 -0.040333681 11
1.990047 2.809962 0.70012367 1
9.4913778 13.729866 2.57793 4
1.4413397 2.0958495 -0.050069511 1
1.9327341 2.8698859 -0.014710817 3
7.8350511 12.170466 3.8619101 3
8.7460604 13.512378 3.6526601 4
1.9560931 2.8992767 0.46321797 1
8.7736406 13.151797 3.0295885 2
1.962569 2.9116428 0.34249866 2
7.8888783 12.246231 4.4215431 1
1.953341 2.8769915 0.22453775 1
1.7080618 2.5158079 -0.055836458 2
1.2695551 1.8247803 -0.056312609 1
2.7657418 3.7363682 -0.037947088 11
2.0100348 2.8182757 0.70106238 1
9.5779419 13.752414 2.5861695 3
8.8526793 13.170678 3.0389247 3
1.2819533 1.830706 -0.059420273 1
8.8276129 13.534802 3.6648242 2
1.9555916 2.8759496 0.46352613 1
1.4466945 2.0878849 -0.049188279 1
1.7123166 2.503854 -0.054335274 2
7.9114795 12.195793 3.8762724 3
1.9386518 2.856813 -0.013488227 2
7.9569712 12.257913 4.4339123 1
2.0056159 2.9635239 0.83069205 1
1.963535 2.8705134 0.22451597 1
1.9685832 2.8983972 0.34288934 2
2.7743313 3.7205684 -0.037009887 11
2.0177872 2.8082964 0.70082736 1
8.9252501 13.184122 3.0470085 3
9.6715536 13.784337 2.595881 3
7.9881783 12.220752 3.8906317 3
1.9549502 2.8526602 0.46383396 1
1.4583279 2.0897586 -0.050995823 1
1.947704 2.8487241 -0.013198514 2
8.9030247 13.546936 3.674686 2
1.7254448 2.504842 -0.055873379 2
1.9687365 2.8831117 0.82291454 1
1.2801244 1.8135773 -0.055306017 1
1.9585288 2.8406029 0.22690713 1
1.9658746 2.8717256 0.34409866 1
8.0273438 12.272496 4.4473209 1
2.778204 3.6983058 -0.035106476 11
9.0146627 13.216999 3.0591738 4
9.7609701 13.809261 2.6046076 5
2.0254915 2.7982914 0.70059198 1
8.067275 12.248575 3.9058936 2
1.4678742 2.0882947 -0.051906362 1
1.9651757 2.8484449 0.34510583 1
1.9585265 2.8361132 0.46401015 1
1.9481292 2.8273485 -0.01042207 2
1.7385983 2.5057552 -0.057409782 2
9.0086937 13.604703 3.6952863 2
8.087388 12.270532 4.4555354 1
1.9659632 2.8565211 0.82077771 1
1.2886809 1.8127185 -0.056350503 1
1.9598761 2.8207595 0.22826506 1
2.7836359 3.6797502 -0.033685274 11
9.1210527 13.273906 3.0760624 4
2.0580392 2.824487 0.70270175 1
9.8506842 13.833712 2.6133349 5
1.4710375 2.0769939 -0.050129242 1
1.9696714 2.8312917 0.46395651 1
1.2909157 1.8021108 -0.054300528 1
9.0932865 13.629096 3.7082148 2
1.7517766 2.5066235 -0.058948267 2
1.9782668 2.8533385 0.82110953 1
1.953828 2.8142779 -0.0091989897 2
1.9621513 2.8218777 0.34631681 1
8.1551962 12.289042 3.9247684 2
8.1750183 12.310312 4.4772553 1
1.9676789 2.8109355 0.22858845 3
2.8153751 3.6960075 -0.037585393 11
10.442758 15.107571 3.4360383 2
9.9395275 13.856108 2.6218119 6
9.1759863 13.649807 3.7203743 4
1.4773504 2.0705936 -0.049696505 1
1.9861935 2.8434484 0.82073534 1
1.9703119 2.8177006 -0.01108652 2
1.9841125 2.8314426 0.46380174 24
8.2241936 12.299749 3.9355118 2
1.9699552 2.8120332 0.34650132 5
8.2396355 12.314182 4.4875422 1
1.3036972 1.8076673 -0.057408944 1
1.9831493 2.812705 0.22770557 1
1.7606682 2.5008528 -0.058966473 2
2.8307917 3.6896951 -0.038099669 11
10.448864 15.002878 3.4226918 2
10.039041 13.892566 2.6325009 6
1.9797566 2.8032103 0.46420977 4
1.9781133 2.8078721 -0.010485877 2
1.4890147 2.0723002 -0.051504713 1
8.3019905 12.323144 3.9498641 2
1.7586949 2.4786873 -0.055188239 2
1.9843407 2.8121545 0.34606856 1
9.2698603 13.686419 3.7363675 6
1.9940735 2.8335404 0.82036102 1
1.9986519 2.8144147 0.22682115 1
1.3080019 1.8002534 -0.056389473 1
8.2979593 12.308088 4.4947143 3
2.8154666 3.6418471 -0.032326736 10
1.991421 2.8002968 0.46412355 1
10.480259 14.935648 3.4165831 3
10.131967 13.918844 2.6417124 6
9.3211031 13.663936 3.7381761 12
8.362771 12.316012 4.5060449 2
1.4909718 2.0593517 -0.049278803 1
1.994645 2.811167 -0.012373116 2
8.3648758 12.323445 3.9578948 1
1.7696683 2.4761672 -0.05596707 2
1.9996951 2.8202975 0.81963396 1
1.9965279 2.8088973 0.34584099 1
1.3122693 1.7928373 -0.05537096 1
2.004173 2.8011744 0.22748868 1
2.8615921 3.6768842 -0.039129727 11
10.22624 13.951244 2.6516662 5
2.0085185 2.8114338 -0.013638315 2
10.504514 14.858675 3.4085882 2
1.5022758 2.0612216 -0.051086344 1
2.012531 2.810266 0.4637711 1
8.4409494 12.347539 3.9722528 2
9.3835268 13.65263 3.7430463 16
8.4903917 12.411845 4.5464597 1
2.0104537 2.8092299 0.34540883 1
2.0180809 2.8014491 0.22677803 1
2.9121137 3.7184803 -0.04689851 12
2.0074704 2.8103526 0.81926012 1
1.7762603 2.4670796 -0.055225849 2
1.3143442 1.782205 -0.053320698 1
10.315118 13.970134 2.6598947 3
8.5536251 12.411098 4.5557051 1
1.3377014 1.8038044 -0.061587691 1
1.505232 2.0498857 -0.04930979 1
1.7933847 2.4745288 -0.058282658 2
10.528363 14.781693 3.400594 3
2.0206985 2.8080373 -0.01428224 2
2.020407 2.8025537 0.34538761 1
8.5150757 12.36335 3.9847963 2
2.0292368 2.813513 0.46355072 1
2.8958433 3.6711378 -0.041124888 11
2.041502 2.8144832 0.22468734 1
9.431572 13.619985 3.7429309 15
2.0258758 2.8172195 0.82064885 1
10.404245 13.988562 2.6681216 5
1.5125185 2.0449815 -0.049324207 1
2.0417898 2.8176444 -0.01741487 3
10.557504 14.712829 3.39417 3
2.0650418 2.8273857 0.22259572 1
2.028085 2.7925482 0.34557131 1
8.5916147 12.381996 3.9982438 2
2.0437281 2.8133676 0.46339667 1
2.8895628 3.6360848 -0.037286174 11
8.6409798 12.445131 4.5763764 1
1.3354166 1.7867259 -0.057473604 1
1.7977345 2.4621348 -0.056782447 2
9.4861908 13.596872 3.745116 16
2.0403581 2.817075 0.82133079 1
10.510179 14.028893 2.6797824 5
8.6772251 12.4131 4.0153017 2
9.5340328 13.563862 3.7450011 16
2.096576 2.8759575 -0.029879369 3
1.5219975 2.043283 -0.050237205 1
2.0832262 2.8493657 0.46251443 1
2.9024158 3.6263142 -0.03731779 11
10.574813 14.627827 3.3846035 3
2.0661514 2.8332832 0.8237741 1
5.3598795 7.6038823 0.044185352 6
8.7067337 12.446901 4.586659 1
1.8042452 2.4529657 -0.056040909 2
1.350534 1.7951767 -0.061614744 1
2.9112983 4.0252528 0.095615663 2
10.593699 14.551172 3.3762994 3
10.612957 14.063859 2.6907079 6
1.3569257 1.7908269 -0.061628263 1
1.5337017 2.0447385 -0.052045308 1
1.8107083 2.4437938 -0.05530094 2
2.1394119 2.9160652 -0.038924292 3
2.9225223 3.6259253 -0.038801368 11
9.5772705 13.524253 3.7433517 18
8.7609491 12.44054 4.031456 2
2.9369388 4.0317388 0.093857355 2
5.3615961 7.5493217 0.046384539 6
9.6704016 13.784101 2.0022783 8
8.7748165 12.45153 4.5979786 1
10.612266 13.965278 2.6807649 13
10.621708 14.482303 3.3698769 3
8.844964 12.467567 4.0476084 2
1.5454313 2.0461342 -0.053853121 1
2.138423 2.8927407 -0.035836801 3
2.9182568 3.5941145 -0.035445932 11
1.3522508 1.7706052 -0.056482319 1
9.6293945 13.497347 3.7447684 16
1.8261235 2.4474919 -0.057600237 2
2.94889 4.0185475 0.094168998 2
9.7508364 13.79619 2.0070889 10
5.3927722 7.5373983 0.045907393 6
8.8784933 12.506462 4.6259179 1
10.625396 13.885847 2.6737702 15
10.62255 14.376722 3.3562214 2
9.8452148 13.82742 2.014014 8
1.3607793 1.7694147 -0.057527158 1
1.5437373 2.0283482 -0.050284054 1
1.8348055 2.4414709 -0.057619665 2
2.1554925 2.8953145 -0.037727542 3
9.6837101 13.473449 3.7469509 16
5.3985996 7.4894094 0.047697607 6
8.9225454 12.4846 4.0610499 2
8.9782057 12.554505 4.6517763 1
2.995384 4.0540643 0.08930447 2
2.9512129 3.6087382 -0.039351828 11
10.648982 13.815691 2.668488 16
10.661429 14.323812 3.3529463 4
1.5486958 2.020138 -0.049403612 1
2.1703186 2.8945694 -0.038995106 3
8.9935789 12.491693 4.0717807 2
1.3715464 1.771343 -0.059604887 1
1.8446032 2.4370146 -0.058018599 2
9.9468584 13.867924 2.0219929 9
5.4342365 7.4838324 0.046809219 6
9.0515013 12.564222 4.6651716 1
9.7334146 13.442952 3.7475986 16
3.0236173 4.0633626 0.087199703 2
2.9664333 3.6018691 -0.039867841 11
10.667366 13.739245 2.6622226 15
10.618875 14.161354 3.3279645 2
1.5558767 2.0150971 -0.049419254 1
5.4443216 7.4423623 0.048185673 6
9.0897188 12.533299 4.0924454 2
2.1851649 2.8937719 -0.040263157 3
9.142972 12.598714 4.6868725 1
10.037321 13.891674 2.0282087 9
1.8464035 2.4213428 -0.05575956 2
2.9661629 3.5768013 -0.037477791 11
9.7807207 13.409081 3.7474811 16
1.3778574 1.7669194 -0.059618786 1
3.0449593 4.0628314 0.086129665 2
10.691415 13.670674 2.6571877 12
10.614332 14.051564 3.3133667 3
9.8209391 13.370387 3.7458363 18
2.9955642 3.5889535 -0.040897042 11
9.1828537 12.565374 4.6857305 1
2.1931057 2.8832755 -0.039664969 3
1.5675932 2.0163612 -0.051228989 1
9.1657467 12.545965 4.1049786 2
10.121098 13.905235 2.0333691 11
1.8549943 2.4152477 -0.055778556 2
5.4775496 7.4333177 0.047503006 6
1.3751302 1.7499226 -0.055504672 1
3.0546308 4.0460625 0.086786076 2
10.606599 13.94885 3.2994096 15
10.715116 13.602115 2.6521521 13
2.9833033 3.5479248 -0.036089871 11
1.5789784 2.0178137 -0.053036477 1
9.8679981 13.33621 3.7457187 16
9.2580833 12.585053 4.1247435 2
2.2039683 2.8779278 -0.039998736 3
3.0964315 4.0748386 0.082610361 2
5.5047741 7.4186196 0.04723439 6
9.274785 12.599063 4.7074294 1
1.3904276 1.7580155 -0.059646107 1
10.195738 13.90548 2.0371182 2
1.8773899 2.4282031 -0.060357213 2
10.624676 13.870965 3.2911043 16
10.735937 13.525464 2.646127 15
3.0083747 3.5532374 -0.038542904 11
9.346096 12.612613 4.1417913 3
2.2118316 2.8673809 -0.03940016 3
1.5815583 2.0063639 -0.051259652 1
9.9195814 13.308197 3.7471313 16
1.8763143 2.4096184 -0.0573362 2
9.3944397 12.66968 4.7415891 1
1.3918253 1.7475049 -0.057595268 1
5.5403409 7.4125166 0.046347581 6
3.1250064 4.0835967 0.080504656 2
10.644722 13.79628 3.2834291 16
10.762595 13.461597 2.6418281 16
9.9710989 13.279982 3.7485464 15
3.0058403 3.5246215 -0.035669696 11
3.1655467 4.1082096 0.07667131 2
8.1160183 10.843287 4.1422386 9
9.4228649 12.624032 4.1543221 3
5.5782976 7.4094963 0.045251213 6
2.2290127 2.8695543 -0.041291866 3
1.8918412 2.4129159 -0.059635986 2
1.5886923 2.0012126 -0.051276449 1
1.4026253 1.749251 -0.059673645 1
10.65475 13.709106 3.2732348 15
10.782747 13.38996 2.6363027 16
2.2368205 2.8589427 -0.040693101 3
9.5067816 12.644458 4.1695609 3
1.5958066 1.996022 -0.051291868 1
3.0258827 3.5236375 -0.037155699 11
10.020186 13.24842 3.7491918 16
3.1824453 4.1006608 0.076289795 2
8.1495972 10.80893 4.1400642 16
5.5877323 7.3678041 0.046627644 6
1.8980662 2.4035075 -0.058896177 2
1.4111555 1.7478225 -0.060719341 1
10.863509 13.399188 2.6432993 6
10.683645 13.646994 3.2680779 16
10.066839 13.218436 3.7498436 16
3.2057929 4.1031456 0.07487414 2
3.0332632 3.5072837 -0.036219105 11
9.6049747 12.683157 4.1902165 3
1.6052356 1.9939444 -0.052205537 1
2.2516761 2.8578 -0.04196246 3
5.6136837 7.3485379 0.04656161 6
8.1020126 10.666231 4.1015415 16
1.4150734 1.7401634 -0.059701011 1
1.9112911 2.4035263 -0.060435832 2
10.968153 13.437371 2.6549559 6
10.711008 13.583319 3.2626035 20
8.0149517 10.480501 4.0474544 17
10.115778 13.191422 3.7512612 15
3.0374005 3.4883916 -0.034798279 11
9.6919374 12.710547 4.2072654 3
5.6454835 7.3397322 0.045880076 6
1.4140033 1.7265512 -0.056618348 1
1.6166536 1.9951991 -0.054014161 1
2.2589202 2.8475089 -0.041363653 3
3.2299161 4.1049623 0.073458336 2
1.9170337 2.3943892 -0.059695672 2
11.060513 13.45459 2.6636617 7
9.7791758 12.737524 4.2243104 3
10.166959 13.162464 3.7526736 13
1.6210425 1.9870709 -0.053132728 1
2.2828109 2.8592467 -0.045122329 3
3.2557797 4.1103935 0.071695782 2
5.6579814 7.3053036 0.046849158 6
8.0471878 10.446543 4.0452833 20
10.734344 13.509957 3.2555521 18
3.0548542 3.4841785 -0.035799418 11
1.9184188 2.3786626 -0.057436347 2
1.4224863 1.7250662 -0.057663981 1
11.165693 13.486693 2.6748199 6
2.2833543 2.8390539 -0.042656671 3
1.6210221 1.9724759 -0.050459478 1
9.8736887 12.768532 4.2431564 3
1.9311973 2.3788781 -0.058975238 2
10.215675 13.130176 3.7533195 13
1.4306661 1.7237785 -0.05871008 1
3.2873027 4.1214547 0.069241934 3
5.6812897 7.2826176 0.046988696 6
2.9207141 3.3012862 -0.0082312385 8
10.757358 13.441611 3.2491341 18
12.080931 14.499664 2.8432393 1
2.3054464 2.8470917 -0.045793559 3
1.6256636 1.9640859 -0.049579702 1
10.777668 13.375134 3.2427242 15
10.257069 13.088416 3.7516642 13
9.963788 12.792849 4.2601943 3
10.010942 12.845095 4.8778663 1
1.4391593 1.7222173 -0.059756108 1
1.9372492 2.3693752 -0.05823512 2
5.7142496 7.2725282 0.046303257 6
3.305027 4.1128788 0.068857111 3
3.0361986 3.4116299 -0.027634261 10
10.864408 13.391848 3.2532954 10
12.195376 14.528698 2.8548677 1
1.4641924 1.7420332 -0.068028502 1
1.9504597 2.3691857 -0.059776291 2
1.6398007 1.968032 -0.052286852 1
2.3300376 2.8581333 -0.049554087 3
5.7472072 7.2622852 0.045617681 6
10.056566 12.819771 4.2781343 2
10.096405 12.862142 4.8953996 1
10.313885 13.061751 3.7542181 12
3.3367181 4.1236506 0.066401675 3
3.0508525 3.4043593 -0.028151242 10
12.307626 14.564391 2.8669999 1
10.972367 13.429275 3.2685742 13
1.6408144 1.9549749 -0.050060652 1
10.184495 12.881804 4.913969 1
1.4540944 1.7157027 -0.060817555 1
2.3333776 2.8406007 -0.047712013 3
10.147114 12.838317 4.2942576 2
10.373194 13.042838 3.7583098 4
1.9617014 2.365499 -0.060557675 2
5.7617736 7.2257195 0.046578374 6
3.3709843 4.137372 0.063601069 3
3.0759013 3.4090259 -0.030605962 10
12.40745 14.58436 2.8766735 1
11.076961 13.461535 3.2829075 11
1.6505195 1.9524143 -0.05097511 1
2.3361185 2.8234711 -0.045868635 3
5.7921634 7.2121077 0.046099856 6
1.4554392 1.7049127 -0.058767594 1
1.9725193 2.3620949 -0.061338179 2
10.252542 12.879557 4.316709 2
10.301396 12.932601 4.9439521 1
10.428843 13.019029 3.7612514 3
3.0951891 3.4081056 -0.032089826 10
3.4152813 4.1634068 0.05941686 3
12.528103 14.622798 2.8897762 1
11.176925 13.487099 3.2959821 5
10.32933 12.883569 4.3283248 2
10.489343 13.001126 3.7657273 3
5.8101277 7.1827321 0.046651784 6
1.6671313 1.9592525 -0.054579534 1
3.0862613 3.3737741 -0.028248345 10
2.3461196 2.8156686 -0.045895468 3
3.4424093 4.167376 0.057650685 3
1.4639107 1.703235 -0.059813749 1
1.9809014 2.3555574 -0.061358761 2
10.397327 12.960304 4.9656343 1
12.109757 14.520331 3.5171804 1
12.651759 14.658369 2.9028683 1
3.0949638 3.3608751 -0.027795063 10
10.552475 12.990936 3.7717397 3
10.43074 12.922523 4.3498755 2
10.47682 12.971206 4.981091 1
3.4738586 4.1780033 0.055195581 3
1.6656027 1.9431226 -0.05145777 1
2.3757904 2.8325384 -0.050901398 3
5.85287 7.1845412 0.045139741 6
1.9892596 2.3490033 -0.061380137 2
1.4723849 1.7015269 -0.060861308 1
12.177258 14.497859 3.5211244 2
10.559378 12.994349 4.3813548 2
10.571023 12.999791 5.0027752 1
12.78102 14.704493 2.9174364 1
10.640343 13.011 3.7854109 3
3.500407 4.1822691 0.053430416 3
1.4684834 1.68493 -0.056746222 1
1.6794816 1.947069 -0.054163989 1
2.4001563 2.8434823 -0.054662779 3
1.9922656 2.3366158 -0.059879042 2
5.8543997 7.137331 0.046932284 6
3.1206617 3.364681 -0.030251702 10
13.183092 15.600848 3.7583275 1
1.6860603 1.9418396 -0.054179482 1
12.913362 14.752897 2.9324925 1
2.4022772 2.8266234 -0.052818697 3
10.661492 13.027271 4.4019928 1
5.8707457 7.1088133 0.047488537 6
1.4741898 1.6804099 -0.056758996 1
10.670262 13.029027 5.0254903 1
2.0001447 2.3303411 -0.059897881 2
3.5277555 4.1858063 0.051664423 3
10.740676 13.040919 3.8021426 3
3.1272511 3.3481967 -0.029315704 10
13.243056 15.56089 3.7594323 1
13.349077 15.152672 3.0049384 1
2.4147823 2.8216488 -0.053467095 3
1.6855925 1.9272491 -0.051506326 1
10.761493 13.05661 4.4217257 1
10.843827 13.073317 3.8196387 3
1.4826152 1.6786374 -0.057806283 1
10.808908 13.10564 5.0648141 1
2.0133696 2.3298147 -0.061440524 2
5.9538288 7.1597905 0.042672586 6
3.5660243 4.200933 0.048511378 3
3.1364293 3.3346574 -0.028864063 10
13.284999 15.49962 3.7561464 1
13.420715 15.126955 3.0082304 1
2.0191486 2.3200967 -0.060694594 2
1.6912134 1.9202255 -0.051069684 1
1.4910425 1.6768196 -0.058847409 1
2.4272792 2.816613 -0.054108988 3
10.879147 13.106483 4.4477882 1
5.9815793 7.1423144 0.042407453 6
10.891807 13.11278 5.0802712 1
10.954659 13.109314 3.838671 3
3.6087832 4.2225819 0.044676475 3
3.1583266 3.3363006 -0.030827055 10
13.458096 15.067605 3.0056481 1
12.815695 14.835678 3.6271341 1
1.7092024 1.928215 -0.05512007 1
10.974897 13.119485 5.0957298 1
10.992144 13.144778 4.471138 1
11.056033 13.13756 3.8554108 3
2.4578769 2.8324542 -0.059116203 3
6.0105376 7.1237106 0.042137247 6
3.1567056 3.3109703 -0.028433785 10
3.6338904 4.2225361 0.043258362 3
2.0128009 2.2948928 -0.0561518 2
1.4997765 1.6747273 -0.059893295 1
13.482016 14.982738 2.99962 1
11.036092 13.10841 4.4710302 3
12.906561 14.835855 3.63643 1
11.04084 13.105026 5.103919 3
11.142827 13.152117 3.8683262 3
3.6685336 4.2352204 0.040458597 3
2.4729607 2.8302963 -0.060385674 3
2.0284739 2.2972932 -0.058452211 2
1.7164034 1.9223385 -0.05513626 1
1.4958723 1.6579694 -0.05577622 1
3.1791906 3.3119485 -0.030402675 10
6.0343509 7.1014285 0.042179614 6
11.157526 13.164462 4.4989023 1
13.000154 14.843801 3.6469915 1
11.245019 13.184275 3.8858347 3
11.196394 13.201654 5.1505227 1
13.50022 14.897307 2.9931064 1
1.7228999 1.9169968 -0.055151001 1
2.021102 2.2728281 -0.053906504 2
2.5306728 2.8799865 -0.072242998 3
6.0260301 7.0433822 0.044702705 6
3.7066166 4.2501292 0.037310828 3
1.4990093 1.6503955 -0.05475536 1
3.1752582 3.28319 -0.027525829 10
2.4919803 2.8145125 -0.060429402 3
1.7243557 1.905666 -0.053371083 1
13.039351 14.7836 3.6437135 1
2.0199134 2.2559516 -0.051262293 8
1.5045986 1.6457841 -0.054768525 1
11.314477 13.256613 4.5384989 1
13.669778 14.979735 3.0145428 1
6.0444493 7.0175147 0.045057826 6
11.302695 13.233478 5.1753182 1
11.347125 13.205935 3.9018002 3
3.7422707 4.2617822 0.034507778 3
3.1917198 3.2787583 -0.028523108 10
13.143552 14.80267 3.6567838 1
1.726094 1.8940674 -0.051592201 1
11.394327 13.247066 5.1938848 1
11.401323 13.259737 4.5519142 1
2.5356941 2.8448868 -0.068552338 3
1.5182551 1.6495106 -0.057879925 1
2.0283227 2.2489247 -0.051281907 2
6.0613403 6.9849548 0.045716163 6
3.7702746 4.2641602 0.032742832 3
11.477859 13.264823 3.92696 3
3.2360139 3.3026025 -0.034368984 11
13.242772 14.810019 3.6679637 1
1.7407643 1.8970159 -0.054299776 1
2.5740163 2.8694148 -0.075429656 3
11.524047 13.308793 4.5788717 1
2.0465114 2.2541404 -0.054341901 2
3.2252338 3.2691462 -0.030520497 10
11.596311 13.308081 3.9482884 3
1.5291532 1.6504564 -0.059957817 1
6.118432 7.0019546 0.043071896 6
11.513682 13.287485 5.2228241 1
3.800946 4.2694163 0.030630535 3
13.389529 14.864661 3.689816 1
3.2422848 3.263958 -0.03152087 10
2.5454991 2.8158665 -0.066108599 3
11.611611 13.315851 4.5931916 1
1.7449722 1.8883476 -0.053417973 1
11.702337 13.335855 3.9657855 3
2.0429852 2.2339599 -0.050938275 2
1.5249608 1.6337738 -0.055840623 1
6.1326551 6.9687276 0.04383767 6
11.610933 13.305848 5.2434645 1
3.8447599 4.2895522 0.026788076 3
13.510476 14.89432 3.7060187 2
11.726384 13.349049 5.2724118 1
11.814108 13.373975 3.9855835 3
1.7670059 1.9003068 -0.058816988 1
11.717263 13.34304 4.6138277 1
2.5166378 2.7625439 -0.05678615 3
2.0457714 2.2212527 -0.049435973 1
1.5307842 1.6288229 -0.055853836 1
6.1676826 6.9596148 0.042948455 6
3.8835123 4.3034258 0.023638766 3
3.2593381 3.2586701 -0.03251962 10
13.637114 14.93448 3.7241099 1
1.7529273 1.8712914 -0.051653497 1
2.546726 2.7783403 -0.061793823 3
11.820883 13.371706 4.63447 1
6.2014918 6.9514136 0.04206308 6
11.814078 13.354691 5.2888966 2
4.1375704 4.5630322 -0.007878677 3
11.91046 13.38877 4.0000138 3
3.276391 3.2533209 -0.033519365 10
2.0820661 2.2470102 -0.057820532 2
1.5416726 1.629676 -0.057932395 1
13.761483 14.965716 3.7409382 1
12.004692 13.405162 4.0144496 3
9.679719 10.843743 4.4034953 8
11.93234 13.403608 4.6569076 1
2.5904894 2.8083642 -0.069917783 3
1.7583002 1.8640689 -0.051219732 1
6.2655869 6.9749589 0.038900092 6
2.1000144 2.25225 -0.060882434 2
4.3070097 4.7218232 -0.027985733 3
1.5522935 1.630721 -0.060009297 1
3.2684767 3.2223268 -0.030156961 10
12.031246 13.415829 5.3395119 1
12.072836 13.471962 4.6901789 1
6.3021784 6.9693413 0.037807055 6
2.5449338 2.7379718 -0.056854665 3
13.915628 15.028273 3.7646739 1
1.7749331 1.8702788 -0.054824788 1
3.3678217 3.3777437 0.60475475 4
2.1106117 2.248219 -0.061661482 2
1.5657856 1.6343687 -0.063121691 1
12.122197 13.437366 4.0342307 3
4.3289785 4.7130237 -0.028719556 3
3.2937968 3.2253895 -0.032610934 10
3.3269143 3.3117194 0.60334635 4
14.059656 15.078337 3.7858953 1
12.234267 13.552711 4.7288494 1
2.5761595 2.7525983 -0.061865266 3
1.7922933 1.8757942 -0.05842945 1
12.227235 13.459315 4.0509558 3
2.1172872 2.2397375 -0.061299786 2
1.5613333 1.6177324 -0.059003558 1
6.3279557 6.9464726 0.037741043 6
12.150352 13.449533 5.3674026 1
4.3429432 4.6952438 -0.028416565 3
3.2996123 3.2085838 -0.031672835 10
3.3414218 3.3032877 0.60338765 4
14.142286 15.061079 3.7926629 4
1.5645206 1.6097776 -0.057984211 1
2.5515838 2.7057331 -0.053787623 3
2.1199899 2.2268567 -0.059797734 2
1.8015707 1.8728096 -0.059343092 1
12.24679 13.461718 5.3869972 2
12.300201 13.530344 4.7350402 1
12.353653 13.503994 4.0738025 3
6.2428594 6.8028846 0.046154078 6
4.3621845 4.6833243 -0.02880469 3
3.3053544 3.1917586 -0.030733328 10
12.47286 13.544316 4.0951238 3
14.230371 15.049184 3.8006866 9
3.3419013 3.2805343 0.6030668 4
12.359268 13.495584 5.4138575 3
2.5929782 2.732331 -0.061289866 3
1.7977779 1.8553239 -0.055769425 1
4.3787098 4.668386 -0.028847612 3
2.1331639 2.2256444 -0.061338894 2
6.4090009 6.938189 0.035133202 6
12.413241 13.55965 4.7574706 1
1.5728521 1.6075622 -0.059030883 1
3.3335278 3.1973598 -0.033673964 10
14.280653 15.00199 3.8005495 9
3.3386881 3.3675463 0.76691449 2
12.503212 13.567471 4.7726898 1
1.8014275 1.8468229 -0.054886665 1
2.6607082 2.7883308 -0.075025074 3
3.3788123 3.2947927 0.60368705 4
12.594869 13.581793 4.1164351 3
12.466675 13.5181 5.4376001 2
4.3951826 4.653398 -0.028890776 3
1.5863861 1.6110206 -0.062142629 1
2.1331356 2.2098434 -0.059075847 2
3.3137751 3.1553428 -0.028370522 10
3.342293 3.3475828 0.76624763 2
14.336128 14.955004 3.8010323 10
3.390471 3.2833176 0.60365564 4
12.637972 13.618569 4.8023348 1
2.6331918 2.7386203 -0.066324174 3
1.8053668 1.8380314 -0.054006055 1
6.4376616 6.8743529 0.036454238 6
2.1485484 2.2117987 -0.061376609 2
1.5944533 1.608974 -0.063188806 1
12.714348 13.610611 4.1362076 3
4.4034829 4.6295657 -0.027894706 3
3.3362725 3.1552165 -0.030340014 10
14.388721 14.904965 3.8008871 10
3.3291194 3.3104265 0.7643097 2
3.4388998 3.308521 0.60456431 4
1.815874 1.8363966 -0.055368144 1
12.794175 13.686678 4.8382878 1
2.6433756 2.7293243 -0.066349193 3
12.834496 13.643824 4.1567512 3
2.1461365 2.1927528 -0.058353275 2
3.3753066 3.1721826 -0.035219874 11
1.5899953 1.5921607 -0.059071582 1
4.4334011 4.6290607 -0.029668655 3
6.5987654 6.9975696 0.026041633 5
3.3268805 3.2848403 0.76321882 2
14.46033 14.87464 3.8051393 13
3.4487193 3.222059 -0.045919653 12
12.96067 13.687228 4.1795959 3
3.4506049 3.2968411 0.60453171 4
2.1646178 2.1971331 -0.061416939 2
1.8174266 1.8244188 -0.053589553 1
2.6342044 2.7001987 -0.06201065 3
1.5877831 1.5784899 -0.055986419 1
12.868903 13.670556 4.8471804 1
4.4551878 4.6196904 -0.030404512 3
3.3329046 3.2678545 0.76276457 2
3.428066 3.1806576 -0.040615339 11
14.51813 14.829859 3.8062479 13
2.6216795 2.6687181 -0.057046976 3
1.8262589 1.8215926 -0.054502677 1
13.013278 13.73307 4.8804345 1
6.5784035 6.8801851 0.031087179 6
4.4597282 4.5936069 -0.029061031 3
13.07083 13.707658 4.1970735 3
1.6198155 1.6015431 -0.066329591 1
2.1643679 2.1813271 -0.059153203 2
3.4272716 3.1586306 -0.03870526 11
14.573043 14.781995 3.80673 12
3.361326 3.2735789 0.76400423 2
13.230271 13.78386 4.2291012 4
1.8220475 1.8042361 -0.050928645 1
2.6880777 2.7202697 -0.070162691 3
13.139223 13.769807 4.9064636 1
2.1609502 2.1630671 -0.056128584 2
4.4814315 4.5841012 -0.029796403 3
1.6305418 1.6021488 -0.068408281 1
6.5834312 6.8371162 0.032471597 6
13.276592 13.822248 4.9370093 1
2.6482534 2.660114 -0.058965228 3
1.8281504 1.7985414 -0.050943263 1
3.4011056 3.2904677 0.76608855 2
14.611162 14.717049 3.803443 12
13.343933 13.805748 4.2473412 4
1.6256166 1.585623 -0.064290494 1
2.1524084 2.1388025 -0.051582932 2
3.4516451 3.1561639 -0.040682212 11
14.665698 14.668856 3.8039227 12
1.612308 1.5610328 -0.057073161 1
13.392632 13.846293 4.959424 1
2.671335 2.6654918 -0.062106799 3
1.8480178 1.8066282 -0.05544785 1
3.4212363 3.2873826 0.76669228 2
3.4060576 3.4253445 0.43980575 2
13.460628 13.829864 4.2663422 4
3.3622503 3.3607576 0.11417982 2
2.1759062 2.1490355 -0.056166518 2
3.4541352 3.1362705 -0.039258238 11
2.6725531 2.6479743 -0.060260858 3
1.8585006 1.8047616 -0.056810416 1
3.365386 3.3591156 0.44105604 2
14.731241 14.631626 3.8069167 12
13.576662 13.939758 5.0043926 1
3.363029 3.3379102 0.11553331 2
1.641984 1.5808449 -0.066384345 1
3.4172063 3.4151373 0.2739017 25
2.1835384 2.1418021 -0.056186602 2
13.599546 13.875837 4.2914681 4
3.4536238 3.113692 -0.037349146 11
14.785483 14.583002 3.8073967 10
1.8622134 1.7958419 -0.055928789 1
2.7011945 2.6588471 -0.064650148 3
13.693592 13.962274 5.0268044 1
13.733448 13.915418 4.3150606 4
3.3605402 3.3304832 0.44142991 2
3.3930922 3.3662853 0.2765618 24
3.3553305 3.3065536 0.11792659 2
1.6341826 1.5616084 -0.06123263 1
2.2102783 2.1542704 -0.06153287 2
3.4844589 3.1214595 -0.0407761 11
3.3499315 3.2962241 0.44193915 2
1.6397514 1.5562818 -0.06124679 1
1.8604387 1.7813445 -0.053252548 1
13.745437 13.917282 5.0275683 2
2.2261562 2.1553469 -0.063835338 2
13.859538 13.945823 4.3363528 4
14.842389 14.536925 3.8085055 10
2.7078547 2.6469331 -0.06405171 3
3.3854399 3.3347785 0.27798036 23
13.733217 13.895222 5.7434001 2
3.3614326 3.2894852 0.11858785 2
3.4984202 3.1123064 -0.041292898 11
1.9159619 1.8252591 -0.069425553 1
13.928441 14.005321 5.0716257 1
3.343338 3.2663493 0.44234723 2
14.882219 14.474056 3.8058436 10
2.7338581 2.6547327 -0.067818262 3
1.6453041 1.550939 -0.061261173 1
2.1980217 2.1115367 -0.053962082 2
14.016428 14.006168 4.3660636 2
13.874346 13.940822 5.778533 1
3.3748026 3.3005302 0.279605 22
3.3450058 3.249789 0.12201969 2
3.5240726 3.1138299 -0.043751933 12
14.939068 14.432979 3.8075855 9
3.3808467 3.2834094 0.27998656 22
14.114986 14.095001 5.1165824 1
2.7043321 2.6062336 -0.05911335 3
1.8813279 1.7773844 -0.055977635 1
1.6535544 1.5483197 -0.062308222 1
3.3675773 3.2677751 0.44201115 2
14.151704 14.043372 4.3896503 2
2.2193365 2.118175 -0.05778753 2
3.381844 3.2638116 0.11887085 2
3.5268221 3.0932374 -0.042330068 11
15.025609 14.420517 3.8159208 3
3.3847921 3.2619991 0.44184431 2
2.72194 2.6055377 -0.061009333 3
1.9151725 1.7987969 -0.06497141 1
3.4075148 3.2663839 0.11710598 2
1.6645325 1.5484025 -0.064388283 1
2.221313 2.1052363 -0.056285903 2
3.4404678 3.3199673 0.2764332 24
14.200384 14.081595 5.1281624 1
14.278266 14.149734 5.8944378 1
14.292991 14.085322 4.4147644 4
3.5490065 3.0924938 -0.044301663 12
15.120783 14.415857 3.8261375 1
16.277945 14.999606 3.2386525 2
6.6133504 6.1585536 0.99359578 3
14.352213 14.133641 5.1613913 1
3.4890475 3.3448763 0.27370787 25
2.7255707 2.5908039 -0.059786879 3
1.9243363 1.79523 -0.065885738 1
14.476645 14.16783 4.4513564 2
3.450258 3.3040586 0.44052625 2
3.4133978 3.2492108 0.11776813 2
14.303368 14.075419 5.8849578 3
2.239923 2.1089256 -0.059350036 2
1.6618482 1.5347811 -0.06130255 1
3.571775 3.0910242 -0.046275452 12
15.180369 14.37664 3.8285055 1
16.429913 15.034228 3.2551377 2
6.6350536 6.1357164 0.99353093 3
14.485162 14.165665 5.1883016 1
1.9168715 1.775174 -0.061413221 1
6.6318259 6.4174924 0.36512777 2
2.7712867 2.6177475 -0.067920424 3
14.435421 14.106867 5.9159331 3
1.6618319 1.5239198 -0.05925009 1
2.2390351 2.0931823 -0.057086684 2
14.630225 14.218981 4.4795289 2
3.4704182 3.2822571 0.1121919 2
3.4462626 2.9574714 -0.023980252 9
6.6555996 6.1139331 0.99347031 3
16.585255 15.070642 3.2721109 2
6.6354494 5.8893385 0.67772901 52
15.292984 14.367277 3.84026 1
1.9259716 1.7715881 -0.06232791 1
2.7890217 2.6167135 -0.06981571 3
14.618506 14.196912 5.2152123 1
2.238065 2.0774724 -0.054822717 2
1.6838044 1.5347548 -0.065464467 1
14.759008 14.244598 4.5008087 2
6.5615525 6.3036299 0.36726582 2
14.565114 14.134839 5.9458699 3
6.6368871 6.3953581 1.3233023 2
6.5773311 6.3234534 0.051022947 6
4.5156651 4.2767334 -0.013297068 3
3.5400403 3.019381 -0.037603177 11
6.6537318 6.0691929 0.99171442 3
18.806263 16.977449 3.6327126 2
6.6502566 5.8610663 0.67752218 52
13.219681 12.316618 3.3768222 5
6.5697503 6.269558 0.36750904 2
14.813993 14.292479 5.2628665 1
14.967502 14.351184 4.5442891 2
14.720378 14.191589 5.9861851 1
4.6646447 4.39224 -0.029628396 3
1.6975754 1.5373594 -0.068579666 1
1.9546013 1.7870165 -0.069527857 1
2.7728267 2.5825143 -0.064228646 3
3.6188273 3.0681882 -0.048799571 12
6.6508641 6.3640814 1.3221858 2
2.253881 2.0782382 -0.057125721 2
6.5996046 6.3007264 0.050958432 6
15.066414 14.350517 4.55792 2
13.289705 12.299796 3.3829758 1
6.6398959 6.0136905 0.98911411 3
14.929007 14.308365 5.2843685 1
6.5821104 6.2396564 0.36765164 2
18.842331 16.896372 3.6291091 2
3.791353 3.5240219 0.077434547 2
10.966241 10.471599 4.5671272 1
2.2524326 2.062923 -0.054862212 2
6.6406851 6.311769 1.3182666 2
2.7644887 2.5571554 -0.060510099 3
6.5862203 6.2457533 0.053385772 7
1.9690437 1.7890228 -0.072237372 1
6.6828523 5.8487387 0.67774594 52
1.6972401 1.5267022 -0.066525728 1
3.5338907 2.9724131 -0.033297822 10
13.247833 12.599135 4.7296586 2
6.6462793 6.2596021 0.36657268 2
3.7541745 3.4649849 0.08329355 2
15.748477 14.494037 3.9063494 1
1.9526266 1.7612225 -0.065071046 1
2.2707136 2.0666852 -0.057925809 2
2.7417717 2.5181882 -0.053672086 3
1.6884992 1.5080328 -0.061372735 1
6.6463661 5.9772558 0.98799396 3
18.839626 16.774858 3.6186452 2
6.569663 6.1881738 0.056020457 7
6.6934061 6.3203607 1.3220606 2
6.7004657 5.8230009 0.6776095 52
3.4993696 2.921437 -0.026047366 9
13.027644 12.305161 4.6456728 3
6.6498652 6.2212186 0.3669194 2
11.096286 10.456285 4.5892196 10
2.8388236 2.594034 -0.073034354 3
1.7019904 1.510813 -0.064486928 1
2.286207 2.0676394 -0.060229305 2
1.9811234 1.776651 -0.072270103 1
15.959248 14.58625 3.9407146 1
6.6556106 5.943543 0.9870851 3
6.7364817 5.8155346 0.6779449 51
18.89562 16.706331 3.6179719 2
15.38352 14.444931 4.6149993 2
4.7225513 4.355063 -0.031148897 3
6.7449279 5.7817283 0.67759424 52
16.092159 14.605159 3.9581318 1
18.933504 16.621876 3.6143608 2
6.6706324 5.9151959 0.98659807 3
1.9767673 1.7587255 -0.068698101 1
1.7079198 1.5046936 -0.064502656 1
15.356551 14.408629 5.3713765 1
6.6924963 6.2112741 0.36643788 2
2.2743404 2.0403438 -0.05492235 2
13.227193 12.316725 4.0245514 14
4.7379208 4.3388667 -0.031194121 3
2.8059168 2.5427411 -0.063704737 3
11.173695 10.445034 4.602056 7
6.6914768 5.8921475 0.98653406 3
16.237097 14.633939 3.9780569 1
6.7607684 5.754487 0.67742294 52
2.0057268 1.7735744 -0.075898923 1
6.5802565 6.0622249 0.36949703 2
2.82356 2.5414176 -0.065602593 3
15.452671 14.397713 5.3856492 1
2.2844493 2.0354626 -0.055703793 2
1.7132913 1.4991025 -0.064515993 1
4.7619729 4.3307776 -0.032279123 3
11.268208 10.460354 4.6232057 10
6.5888524 6.0297236 0.36970803 2
6.7765036 5.7272086 0.67725205 52
15.892725 14.619647 4.7101798 2
16.435234 14.709508 4.0092773 1
6.7122455 5.8690262 0.98647064 3
11.361114 10.477085 4.6443624 3
1.7186419 1.4935098 -0.064531505 1
2.8672078 2.5642846 -0.073115021 3
2.2945495 2.030535 -0.056485854 2
13.45417 12.43269 4.7372317 1
1.9978081 1.7536302 -0.071426034 1
7.0955987 6.5045195 0.024639444 5
4.7684894 4.3063192 -0.031283796 3
6.7199302 5.8364129 0.98556495 3
6.8002391 5.708868 0.67729759 52
1.9694753 1.7155182 -0.060666177 1
16.639984 14.789143 4.041749 1
13.495722 12.388136 4.7371054 1
15.94413 14.564151 4.7100224 2
2.8758404 2.5551057 -0.073139861 3
6.6834579 6.0748959 0.36794472 2
11.508549 10.539906 4.6846952 9
7.0880637 6.4540615 0.026647346 5
4.8042088 4.3088574 -0.03375705 3
1.7324643 1.4957795 -0.067646265 1
2.3161526 2.0362458 -0.060313195 2
6.7405005 5.8131952 0.98550105 3
6.8218813 5.6866679 0.67726916 8
16.798256 14.825519 4.0641751 1
1.9899079 1.7222329 -0.065173648 1
2.3287988 2.034235 -0.061855562 2
1.7346972 1.4877768 -0.066627197 1
11.588309 10.539062 4.7001367 3
7.1019797 6.4214263 0.027202057 5
16.139921 14.635445 4.7473445 2
4.7988257 4.2735586 -0.031374246 3
6.7519603 5.7820263 0.98480403 3
6.8312206 5.6540608 0.67695487 52
16.948454 14.858668 4.0853562 1
1.9759244 1.6972303 -0.058904722 1
11.536946 10.417977 4.6678767 1
16.33676 14.711 4.7854333 2
2.8214922 2.4685302 -0.057594631 3
1.7345775 1.4765947 -0.064575106 1
4.7932539 4.2383485 -0.028991684 3
2.292944 1.986304 -0.050454903 1
7.1640658 6.430645 0.024431482 5
6.8695507 5.6458492 0.67732096 51
6.773849 5.7600007 0.9848454 3
17.107624 14.893239 4.1077781 1
11.321714 10.149497 4.5765109 9
16.473404 14.735652 4.8082294 5
2.8682601 2.493562 -0.065731779 3
1.982272 1.6903752 -0.058922429 1
7.186717 6.4058518 0.02436378 5
1.728417 1.4605192 -0.060455445 1
3.8816833 3.386884 0.079538241 2
2.3435876 2.0182896 -0.061897926 2
6.7779965 5.7247438 0.98372895 10
17.311914 14.965771 4.1396122 1
6.9109778 5.6400118 0.67775559 51
16.44034 14.694824 5.599287 3
2.0400553 1.7311965 -0.075105324 1
2.8678589 2.4764416 -0.063884214 3
16.656866 14.795946 4.8424892 2
7.2081513 6.3822389 0.02429704 5
11.396208 10.144992 4.5903988 23
4.8579974 4.2381339 -0.033242047 3
2.3507581 2.010469 -0.06191846 2
1.7221643 1.4444999 -0.056335039 1
21.408607 17.780844 3.9372084 3
6.798171 5.7013264 0.98366481 25
17.499014 15.021549 4.1676769 1
6.9987235 5.6721125 0.67926478 50
2.8825216 2.472048 -0.065157823 3
2.0084996 1.6906096 -0.063446671 1
16.669214 14.795879 5.6541133 2
2.3487766 1.9951533 -0.059653308 2
1.7270666 1.4391499 -0.056348823 1
7.1889472 6.3200188 0.027134746 5
11.522654 10.186423 4.6229491 7
4.8729548 4.2214766 -0.033288412 3
7.0300889 5.6592689 0.67949742 49
17.678066 15.074133 4.1945028 2
21.413029 17.65778 3.9277189 3
6.8182683 5.6778364 0.9836098 21
2.0290751 1.6969419 -0.06794709 1
2.8558643 2.4308231 -0.057686787 3
1.7466297 1.4463652 -0.061524328 1
4.890842 4.2073908 -0.033672769 3
2.3646646 1.9951562 -0.061950684 2
11.587405 10.171938 4.6332188 9
7.2231569 6.3057613 0.026244698 5
7.0366311 5.6260743 0.67915714 50
6.83675 5.6529913 0.98344773 3
17.860315 15.122559 4.2213297 2
11.57505 10.092738 4.6165357 3
2.0292804 1.6850625 -0.066165224 1
2.8763254 2.4316702 -0.060205437 3
1.7546891 1.443213 -0.062570415 1
2.3599858 1.9768615 -0.058922242 2
7.2393708 6.2754903 0.026599335 5
4.9026942 4.1879835 -0.033365965 3
7.0352502 5.586637 0.67863715 50
21.131201 17.182209 3.8632979 3
18.076279 15.198005 4.2550526 2
4.9107242 4.1667747 -0.032709643 3
2.0232708 1.6683999 -0.062586941 1
2.8518519 2.3937986 -0.053361405 3
7.2363315 6.2306371 0.028204234 6
6.9265919 5.9551158 0.36574972 2
14.779404 12.825712 5.7465806 1
1.7569402 1.4349197 -0.061549421 1
2.3935716 1.9923098 -0.065795675 2
21.311808 17.212139 3.882688 3
7.0839915 5.583611 0.67921996 50
18.229494 15.218712 4.2756 2
2.8633161 2.386791 -0.054007821 3
2.0321496 1.6642792 -0.063500591 1
12.076073 10.385805 4.7692676 6
7.2371802 6.1872492 0.029598407 6
2.3647833 1.9537488 -0.056672707 2
1.773454 1.4396211 -0.065696664 1
4.9344773 4.1577396 -0.033790864 3
17.58079 15.083744 5.0138273 2
21.533024 17.273418 3.9084387 3
7.1552863 5.6002407 0.68033886 49
18.471025 15.311946 4.3143373 2
2.0410275 1.6601048 -0.064413577 1
2.8628182 2.3693964 -0.052158136 3
7.3405957 6.2327132 0.023926672 5
7.0441589 5.9724822 0.36392847 2
12.125777 10.355124 4.7738285 7
4.9763651 4.1641641 -0.036955494 3
1.7844363 1.4388752 -0.067777231 1
2.3806348 1.9535649 -0.058975905 2
21.503771 17.119886 3.8935761 3
7.0094957 5.9024968 0.36510161 2
18.64348 15.345686 4.3386426 2
12.220535 10.366544 4.7949848 4
17.982817 15.218456 5.0900073 2
17.789364 15.144337 5.9011045 2
1.7807878 1.4254664 -0.064688891 1
2.0824046 1.683859 -0.075209282 1
2.4113989 1.9661036 -0.065087609 2
2.8921986 2.3777714 -0.056549784 3
7.2958393 6.1501036 0.02843759 6
4.9637642 4.1238289 -0.033872429 3
7.0658488 5.6461468 0.99223906 3
21.556156 17.038462 3.8921733 3
18.868593 15.426877 4.3742437 2
7.0820632 5.9223351 0.36388159 2
2.900209 2.3685179 -0.05657158 3
4.9441333 4.0793271 -0.030091787 3
2.06143 1.6545273 -0.067139186 1
7.3316255 6.1390734 0.027341086 6
17.863693 15.105499 5.9081702 4
12.217296 10.290174 4.7808857 9
2.397481 1.9402088 -0.059774447 2
1.7770665 1.4121072 -0.061600737 1
21.569258 16.926174 3.8846567 3
19.033274 15.456731 4.3973007 2
18.023924 15.133659 5.940464 2
2.1059687 1.6804844 -0.078833006 1
2.9086072 2.3587499 -0.056594409 3
7.0937672 5.8901005 0.36402762 2
12.277119 10.267562 4.7890763 9
7.3196988 6.0853329 0.029565953 6
2.3680923 1.9021349 -0.05065085 1
1.8201588 1.4390891 -0.075053185 1
4.9768372 4.0777459 -0.032216169 3
19.265842 15.540439 4.4341502 2
21.603731 16.83111 3.8805661 3
2.0970492 1.6609504 -0.074356899 1
18.27413 15.236057 5.9997907 2
2.9048786 2.3387697 -0.054118879 3
2.3988879 1.9144682 -0.056762997 2
7.3778396 6.0908341 0.027010225 5
7.1574092 5.9015627 0.36301151 2
1.7809762 1.3957628 -0.059557702 1
12.341365 10.248392 4.7988205 6
4.991231 4.0606647 -0.032256592 3
19.489946 15.615339 4.4691157 2
21.615677 16.712767 3.8725514 3
18.522272 15.334381 6.0582123 2
2.1029654 1.654009 -0.074372649 1
2.9071076 2.3239238 -0.052894231 3
7.2242899 5.9152107 0.361927 2
1.8126355 1.4122509 -0.068876348 1
2.426785 1.9240866 -0.06211428 2
12.525858 10.329025 4.8505507 4
7.4177012 6.0806584 0.025700964 5
5.017839 4.0536976 -0.033684954 3
19.769325 15.715571 4.513463 2
21.652395 16.620169 3.8689489 3
7.352984 5.9794507 0.35947254 2
2.1118579 1.6495283 -0.075286135 1
7.4421926 6.0575418 0.025431059 5
2.9001446 2.3015113 -0.049794219 3
1.8295703 1.4161859 -0.073025547 1
2.4336243 1.9159858 -0.062132645 2
12.535406 10.263235 4.841115 6
5.0167589 4.0238199 -0.031990498 3
20.022528 15.80372 4.5534296 2
19.210136 15.586871 5.3184676 2
7.4317107 6.0035262 0.35811371 2
21.756481 16.579426 3.8758566 3
12.448808 10.122458 4.7990313 3
5.0302558 4.0074615 -0.032028511 3
1.8346283 1.4101772 -0.073038481 1
7.4481015 6.0190997 0.026409626 5
2.9113595 2.2942586 -0.050441656 3
2.4313452 1.900369 -0.059866093 2
2.1177349 1.6425384 -0.075302429 1
20.233171 15.856005 4.5846143 2
7.5168715 6.0322003 0.35661817 2
19.298773 15.552765 5.3274875 5
5.0777297 4.0186825 -0.035887856 3
22.09613 16.723539 3.919678 3
12.58144 10.161863 4.8331385 3
2.0780551 1.5988386 -0.061840542 1
2.9343822 2.2974453 -0.053585261 3
7.4806218 6.0047135 0.025520405 5
2.4559979 1.9075675 -0.0644539 2
1.8065356 1.3775243 -0.061677322 1
3.939431 2.7984748 -0.059298523 13
5.0818982 3.9946256 -0.034885146 3
22.237452 16.714752 3.9326985 3
7.5619149 6.0276346 0.35601017 2
19.543339 15.643853 5.3754978 2
12.432307 9.9718657 4.7698083 7
19.258322 15.51366 6.2152953 2
2.113713 1.6168944 -0.070839971 1
2.929858 2.2780867 -0.051108923 3
1.8321936 1.3889678 -0.068927512 1
2.4411111 1.8824457 -0.059138983 2
7.4665856 5.9524469 0.027749356 6
7.4928784 5.693481 1.0109955 3
7.6257019 6.0378847 0.35499153 2
17.944235 14.349752 5.809659 2
12.549924 9.9985485 4.7987318 9
2.164674 1.6469786 -0.084332965 1
2.9344609 2.2662296 -0.050506465 3
2.4596944 1.8845598 -0.062203832 2
1.8369098 1.3832616 -0.068940394 1
7.4958382 5.9354181 0.027066216 6
10.04036 7.4375134 2.0458663 1
19.677723 15.633408 5.3944383 3
5.1247129 3.9987011 -0.038053866 3
7.7147193 6.0612478 0.35348412 2
20.000212 15.77698 5.4607816 3
5.157548 3.9959762 -0.040179711 3
12.759199 10.086659 4.8571768 10
17.95709 14.246719 5.7968779 2
7.5053015 5.8982067 0.02783337 6
1.8541561 1.3866006 -0.07309024 1
2.152586 1.6248116 -0.078958645 1
2.9614077 2.2706604 -0.054277353 3
2.4682608 1.8771607 -0.062605068 2
8.1086569 5.869184 0.69603872 35
10.045558 7.3842773 2.0423586 9
17.927782 14.121012 5.7733016 8
2.1431272 1.605538 -0.074481264 1
2.9570901 2.2508454 -0.051802211 3
10.062272 7.3452139 2.0410593 10
16.157843 12.635173 4.4943399 2
7.5260787 5.8722382 0.027771223 6
12.947589 10.163391 4.9094124 5
1.8470207 1.3708984 -0.068968698 1
2.4503512 1.8493553 -0.056527782 2
10.188823 7.3440862 0.74126917 4
5.1723609 3.9773762 -0.040223587 3
2.983686 2.2555552 -0.055571519 3
16.308752 12.744294 5.2821121 3
7.7600546 5.7321649 1.0231764 69
1.8549503 1.3672318 -0.070015877 1
2.4446011 1.8314359 -0.053497527 2
2.1060307 1.5646138 -0.06191723 1
7.546762 5.8461871 0.027710171 6
10.081728 7.3055649 2.0399992 15
12.66608 9.8686171 4.8009958 4
10.274584 7.352066 0.74250156 4
5.1675658 3.9448891 -0.038181152 3
16.207573 12.578346 4.4949636 6
10.075426 7.5137496 2.4984851 4
11.418127 8.8254023 0.2740325 3
2.0901401 1.5407979 -0.055642031 1
10.126703 7.2845483 2.0428505 15
15.905077 12.327865 5.8917265 4
18.087656 14.038024 5.7901106 4
7.593554 5.8384552 0.025978368 5
2.957871 2.2181969 -0.048726223 3
20.587212 15.888186 5.5634608 3
2.4545331 1.8252857 -0.054279756 2
5.1626081 3.9124694 -0.036137458 3
1.8479223 1.351298 -0.065893814 1
10.065259 7.4485788 2.4908733 9
10.157173 7.2528553 2.0434997 8
2.1051385 1.5407177 -0.058353849 1
1.8527527 1.34523 -0.06590689 1
3.0000501 2.2349036 -0.055619743 3
10.110764 7.7443852 0.30304176 3
16.381931 12.613063 5.2764254 4
2.4703219 1.8243227 -0.056584541 2
4.0068016 2.7051544 -0.059511025 13
7.5951891 5.7974734 0.027165499 6
12.876024 9.8857431 4.8479352 7
5.1764193 3.8947477 -0.036179934 3
10.12385 7.3431997 1.1735839 2
10.03443 7.3711677 2.4795072 12
2.1198859 1.5409069 -0.061066594 1
2.9985962 2.2175531 -0.053769823 3
16.407753 12.541615 5.2708821 4
10.107904 7.6860738 0.30361086 3
1.8453364 1.3296882 -0.061782468 1
2.5141017 1.8448776 -0.065748654 2
7.6092825 5.7663035 0.027520299 6
5.1901693 3.876961 -0.036220398 3
12.88632 9.8220282 4.8395386 9
10.076415 7.6089716 0.30476725 3
10.057201 7.3339553 2.4787984 16
10.181973 7.3315449 1.1756067 19
16.285601 12.361688 5.2230067 4
12.972867 9.8204412 4.8575721 11
1.8623501 1.3330519 -0.065933652 1
2.993922 2.197825 -0.051294021 3
2.1408448 1.545741 -0.065574951 1
2.4770405 1.8030081 -0.055096816 2
7.6264205 5.7375402 0.027665732 6
10.084332 7.5624075 0.30506617 3
18.191975 13.72458 5.7642918 4
10.248548 7.3283935 1.1782624 12
13.048782 9.8102179 4.8719773 11
3.0076177 2.1930149 -0.052564535 3
2.1925874 1.5744426 -0.079072066 1
10.087802 7.3025041 2.4796574 33
7.6487999 5.7148843 0.027398231 6
2.5299945 1.8308442 -0.066548377 2
1.8668804 1.327243 -0.065946162 1
10.355762 7.3540154 1.1835483 2
10.08699 7.5093021 0.30549997 3
2.1823788 1.5557626 -0.074592829 1
3.0213172 2.1881433 -0.053835995 3
18.358469 13.750188 5.7983727 8
1.8806312 1.3284185 -0.069062129 1
24.361967 18.3242 3.1862047 5
13.077129 9.7601118 4.8697963 12
10.086351 7.2477193 2.4742453 24
7.675312 5.6932173 0.026919039 6
2.5208452 1.8105341 -0.062755913 2
21.919899 16.316959 5.8193884 3
21.38356 14.81877 3.7083921 3
10.133017 7.230608 2.4785564 20
18.387367 13.666491 5.7919064 6
2.1882021 1.5481633 -0.074610002 1
13.066774 9.6775637 4.8541398 6
3.0263088 2.1750805 -0.053235974 3
10.070737 7.4612927 1.6108425 1
10.105127 7.4653115 0.30561772 3
1.8887085 1.3242613 -0.07011129 1
7.7059588 5.6725001 0.026228871 6
10.021337 7.3542967 2.9196703 2
2.5119021 1.7899058 -0.058965039 2
10.235843 7.2535968 2.4938323 3
10.110519 7.4147072 0.30598181 3
9.990654 7.2804284 2.906219 19
13.096175 9.628581 4.8524766 3
18.497257 13.643194 5.8088603 6
3.0344105 2.1643584 -0.053260453 3
2.209626 1.5521874 -0.079121202 1
1.909169 1.3292868 -0.075296141 1
2.5340157 1.7932358 -0.062795475 2
10.091918 7.4197893 1.6100556 10
7.7131147 5.6362982 0.026999364 6
2.136554 1.4872626 -0.056665011 1
3.0353549 2.1499369 -0.052032921 3
10.117298 7.3653164 0.30631343 3
18.323267 13.419861 5.7456632 4
9.9941216 7.2294898 2.9007869 17
4.0723534 2.6095405 -0.059725624 13
9.9188337 7.2164593 3.7824764 9
7.7287664 5.608562 0.027148331 6
1.9139208 1.3230146 -0.075310372 1
2.5151365 1.766088 -0.056716289 2
10.095601 7.3681536 1.6075257 28
10.110604 7.3277631 1.6063975 28
10.016398 7.1924505 2.8999426 17
9.9993372 7.2275906 3.3477788 19
3.0875835 2.1724176 -0.060803801 3
2.5464289 1.7766844 -0.062832221 2
1.9121892 1.3124605 -0.07325498 1
7.7549634 5.5865383 0.026668612 6
10.157741 7.3407841 0.30592054 3
21.200809 14.786745 4.6035047 5
2.2258801 1.5304931 -0.079168953 1
10.005867 7.1791124 3.3422945 27
3.0569665 2.1340866 -0.05332911 3
10.243429 7.3489766 0.3045626 3
10.147673 7.3008294 1.6075408 23
2.5241919 1.7473556 -0.05599039 2
7.8198767 5.5925708 0.023687938 5
10.041727 7.1576567 2.8998611 17
9.9210892 7.1122785 3.7662542 36
1.9168833 1.3061773 -0.073269255 1
21.293289 14.740822 4.6111636 7
10.004608 7.1278472 3.3350117 27
10.350711 7.3748231 0.30272582 3
10.111942 7.1576972 2.9108613 10
9.7850685 6.9643054 3.7133338 34
3.0485332 2.1122026 -0.050228778 3
2.2313392 1.5231104 -0.079186186 1
7.8395734 5.565495 0.023624331 5
10.208884 7.2912679 1.6113011 20
2.5463169 1.7504252 -0.059821803 2
1.9121689 1.2930675 -0.070179075 1
9.9920244 7.0687413 3.3245761 29
21.546572 14.805627 4.6498384 2
10.419258 7.3721023 0.3017129 3
9.7863846 6.9162869 3.7060051 27
10.18867 7.1618838 2.9233921 14
7.8549528 5.5373893 0.023772841 5
3.1198487 2.1485066 -0.062747896 3
2.2365005 1.5160713 -0.079201579 1
10.265633 7.2808151 1.6147165 2
1.9165635 1.287097 -0.070192032 1
2.5841277 1.7652414 -0.06746354 2
3.1463947 2.1522539 -0.0665197 3
10.016918 7.0340295 3.3244944 27
7.9125443 5.5393424 0.021209933 5
1.9523839 1.3035684 -0.080550022 1
2.320955 1.565613 -0.10169186 1
27.003307 19.164665 3.4148719 6
15.389972 10.851412 0.19700053 3
10.05638 7.0568891 3.7867403 4
2.5581267 1.7342225 -0.059857104 2
2.2120333 1.4767947 -0.069344901 1
3.0927534 2.0982788 -0.054670289 3
7.9320588 5.5119491 0.021145653 5
2.490592 1.6734699 -0.042339705 1
1.9318272 1.2792684 -0.07228826 1
10.035325 6.9947486 3.3226113 29
15.428106 10.797709 0.19687346 3
16.193247 11.333535 5.7924714 2
26.999052 19.019444 3.4069614 6
2.252377 1.4941093 -0.079250604 1
3.1196008 2.10146 -0.058443327 3
7.9547448 5.4867778 0.020874217 5
10.067935 6.9654803 3.3247819 14
20.223427 13.987458 5.2843041 2
1.9458851 1.2795867 -0.07540559 1
2.4869132 1.6583858 -0.040071446 1
26.987587 18.86993 3.3983533 6
16.372358 11.374533 5.8379245 3
5.384109 3.6603062 -0.039195444 3
3.0849261 2.0615621 -0.050343063 3
2.2353337 1.4710095 -0.072972752 1
27.030958 18.759491 3.3956845 6
2.5733345 1.7062438 -0.059152603 2
1.9567999 1.2776008 -0.077488124 1
11.662952 8.0167694 4.2868867 5
7.9543962 5.4455423 0.022061598 5
27.319466 18.10479 5.7001653 12
2.2405822 1.4635992 -0.072989881 1
3.1344833 2.080369 -0.058491096 3
18.289341 12.536639 5.6191349 1
1.9708983 1.2777678 -0.080606461 1
10.41744 7.0976257 3.8718822 31
7.9998741 5.4361606 0.020328501 5
2.5794075 1.6976302 -0.059171516 2
27.014925 18.608145 3.3867283 6
27.359962 17.993895 5.6955605 4
1.9531858 1.2559464 -0.073378257 1
20.425339 13.812406 5.2967944 8
10.453592 7.0690761 3.8754234 10
8.0223179 5.4107141 0.020057069 5
2.2682912 1.4716121 -0.079299517 1
2.5725064 1.6801044 -0.056140225 2
27.065479 18.503395 3.3849351 12
3.1125565 2.0496597 -0.052889448 3
19.259386 13.107136 5.878325 9
3.1492174 2.0591772 -0.058538485 3
2.2735412 1.4640791 -0.079316229 1
19.937143 13.469343 6.0546589 7
27.081074 18.374958 3.3794727 12
8.0512877 5.3896766 0.019365609 5
1.9544916 1.2473372 -0.072357371 1
2.5914669 1.6803441 -0.05920931 2
20.473883 13.741006 5.296628 8
16.496 11.121226 5.8259945 5
27.436537 17.776714 5.6863565 4
20.636312 13.745959 5.3231978 8
3.1172559 2.0219884 -0.05106166 3
2.1980805 1.4018867 -0.056853484 1
16.422991 10.988055 5.7896028 5
27.12578 18.266733 3.3771567 12
19.41267 13.013815 5.8951178 4
8.0702715 5.3617992 0.019301953 5
1.9589573 1.2409102 -0.072371617 1
2.5844426 1.6628649 -0.056177918 2
10.401736 6.8365612 2.9207375 9
16.408335 10.899218 5.7729039 6
1.9217162 1.2064382 -0.058934957 1
18.247318 12.134863 5.5582099 1
8.1024332 5.3427396 0.018402506 5
3.1933253 2.0576963 -0.064211875 3
2.6066611 1.6651723 -0.060010549 2
2.2613199 1.4337361 -0.073055454 1
27.198198 18.177288 3.3778093 6
28.662073 18.297203 5.8938656 4
8.1269646 5.3205118 0.017923392 5
17.927607 11.834795 5.458127 1
16.235888 10.701914 5.7049212 8
1.9678192 1.228006 -0.072399616 1
2.6452627 1.6782225 -0.067656554 2
27.500778 18.241154 3.4027309 6
3.1778765 2.0170228 -0.058632657 3
2.2712746 1.4190683 -0.073087133 1
18.216436 11.935339 5.5264068 3
29.951052 19.730494 3.6535854 8
10.46289 6.7728071 2.9236257 18
1.9719973 1.221854 -0.072413124 1
2.6312926 1.6568056 -0.063098997 2
16.442869 10.756905 5.759171 11
8.1557102 5.2989626 0.017233193 5
26.004189 16.337223 5.3710914 3
2.2991457 1.4265072 -0.079398386 1
1.9537728 1.2004944 -0.065182686 1
2.7192433 1.7018892 -0.082186237 2
3.2279794 2.0344641 -0.066784061 3
17.984507 11.692375 5.4506326 1
12.373898 8.015481 0.26647654 3
17.993746 11.689517 6.2437925 5
8.1743736 5.270721 0.017167749 5
25.763601 16.059542 5.315146 3
12.447624 8.0050745 0.26541242 3
18.134668 11.704918 5.4811058 5
25.221605 16.19978 6.3297482 7
18.042517 11.636141 6.2467623 3
5.448916 3.4362941 -0.033351712 3
3.1921639 1.9955288 -0.058680337 3
2.3858593 1.4720883 -0.10189798 1
2.6266143 1.6284413 -0.059323732 2
1.9613098 1.196183 -0.066231824 1
8.1895933 5.2402186 0.017312786 5
31.214354 20.253456 3.770756 8
28.694609 17.092627 4.6115432 5
25.216162 16.077795 6.3158097 3
25.789797 15.9506 5.3093047 3
18.173763 11.644761 5.480967 7
10.208838 6.5000229 3.7354531 15
5.4604454 3.4185011 -0.033391494 3
2.2599704 1.3798198 -0.065940328 1
3.1988974 1.9852877 -0.058703445 3
1.9751098 1.1963556 -0.069349982 1
2.6486084 1.6307585 -0.063157119 2
31.231712 20.117123 3.7652793 8
8.1937056 5.2046156 0.018087247 5
28.833132 17.038782 4.6225376 5
3.1224732 1.9216734 -0.043094054 3
18.175308 11.556071 5.4700179 5
25.839096 15.856187 5.307847 3
2.2777703 1.3811228 -0.069554061 1
1.9694337 1.1839114 -0.066258505 1
2.6541276 1.6223277 -0.063175008 2
25.295837 16.004286 6.3209519 3
5.4792438 3.404021 -0.034130391 3
8.2279415 5.1884279 0.016980413 5
35.828854 22.921707 4.2366481 15
26.660265 16.240534 5.4504175 3
18.15344 11.452868 5.4527688 7
12.5066 7.8619013 0.26560536 3
3.1293025 1.9111384 -0.043117311 3
1.9834468 1.1836666 -0.069377512 1
2.3024228 1.3861254 -0.074966192 1
2.6599057 1.6134359 -0.063194126 2
25.491518 16.003767 6.3528228 4
5.4912672 3.3851895 -0.034171853 3
8.2394753 5.1556506 0.017333739 5
35.872334 22.772589 4.2325191 15
10.249614 6.4259219 3.7337379 39
27.893122 16.217882 4.4713268 4
26.737566 16.159506 5.4539623 3
24.391794 15.297173 7.1449995 7
12.497026 7.7949028 0.26626906 3
3.2195888 1.9533411 -0.058774613 3
2.3238428 1.3888979 -0.079480447 1
10.255901 6.3800302 3.7284772 28
2.6357868 1.5856407 -0.056348551 2
1.9942181 1.1812656 -0.07146053 1
8.257637 5.1271114 0.017268471 5
32.112556 20.219492 3.8343389 9
5.4795847 3.3515134 -0.031777631 3
26.730009 16.027208 5.441854 3
28.008465 16.154049 4.4794011 4
2.2462769 1.3293622 -0.057011321 1
25.636993 15.845873 6.3600502 8
18.210608 11.31147 5.4461765 7
8.2756968 5.0985126 0.017203987 5
3.2064455 1.929868 -0.05504578 3
32.166653 20.096386 3.8323379 9
12.619387 7.8107538 0.26422614 3
10.294756 6.3546548 3.7335753 4
5.4778819 3.3242764 -0.030427242 3
2.6480892 1.5809921 -0.057893623 2
1.9690055 1.1562086 -0.062160909 1
26.823597 15.955926 5.4485278 3
3.2334275 1.9315523 -0.058821421 3
2.3337367 1.3734206 -0.079513229 1
12.663845 7.7773619 0.26377851 3
32.206749 19.964733 3.8289373 9
2.6670561 1.5804185 -0.060963664 2
25.776217 15.807656 6.3789353 8
5.5065842 3.3159087 -0.032209758 3
2.0124974 1.1742519 -0.074593984 1
8.3072338 5.0782723 0.01630299 5
18.319916 11.291027 5.4649334 7
16.782154 10.328515 5.7726221 9
29.013311 16.889584 2.2762654 16
26.859249 15.849936 5.4445596 3
3.240289 1.9206352 -0.058845948 3
2.3021712 1.3431278 -0.069635943 1
24.389503 14.940439 7.1003075 3
12.575398 7.6619692 0.26604125 3
2.6827095 1.5776818 -0.063271888 2
2.0002763 1.1574533 -0.069432549 1
5.5590897 3.3219385 -0.03643151 3
25.855196 15.731772 6.3840747 8
32.253094 19.83724 3.8262355 9
19.390038 11.852347 6.5818024 8
8.3081188 5.0390158 0.017283371 5
26.908091 15.751904 5.4430971 3
25.88419 15.631572 6.3785353 12
38.763096 22.408688 2.8639727 28
19.348846 11.738662 6.5562844 6
1.9945446 1.1448063 -0.066341929 1
2.3036489 1.333441 -0.068753161 1
10.177763 6.1397719 3.2396121 1
3.2471144 1.9096854 -0.058870491 3
2.6883307 1.5686963 -0.063291922 2
32.271755 19.692997 3.8207467 9
8.3190517 5.0060806 0.017636387 5
38.837799 22.279602 2.8636835 28
19.608191 11.803216 6.6244769 6
10.22331 6.1213512 3.2462866 9
2.3115072 1.3281938 -0.069668218 1
26.016462 15.587572 6.3958898 8
8.342639 4.9828463 0.017157659 5
26.898577 15.619891 5.4309893 3
3.3143294 1.9361955 -0.070151344 3
2.653661 1.5352056 -0.054155935 2
1.9953493 1.1362369 -0.065321095 1
32.64394 19.764137 3.8515408 9
38.915955 22.143456 2.8633773 28
2.3362734 1.3326041 -0.075082138 1
27.059422 15.587092 5.4501839 7
3.2603083 1.8882658 -0.058917087 3
10.341718 6.1441159 3.2723098 3
8.3636169 4.9560018 0.016884556 5
13.997966 8.3405056 0.23847854 3
2.002528 1.1319892 -0.066369377 1
2.7227337 1.5653119 -0.068670683 2
26.195936 15.571012 6.4239321 8
36.149086 21.730335 4.2029495 15
19.35166 11.555555 6.5311251 6
38.902885 21.964602 2.8578506 28
27.173092 15.532545 5.4612494 3
10.430296 6.1481557 3.2902281 8
26.105368 15.393274 6.3908982 4
2.3577533 1.3348503 -0.07959716 1
3.267019 1.877248 -0.058940787 3
17.044544 10.087826 5.798368 8
14.027287 8.2916956 0.23836985 3
8.3879328 4.931128 0.016401073 5
36.211666 21.595455 4.2012682 15
2.0032747 1.1234013 -0.065347411 1
2.7249455 1.5541732 -0.06792824 2
39.004322 21.841908 2.8590126 28
27.141821 15.388535 5.4453893 3
2.3357189 1.3110689 -0.072416298 1
14.183774 8.3181772 0.23568365 3
26.457312 15.477015 6.4578729 4
10.413383 6.0890818 3.2797966 3
2.6967225 1.5249828 -0.060316797 2
2.0272291 1.1286553 -0.071571767 1
17.168139 10.080471 5.8256721 9
8.3846855 4.8898621 0.017590301 5
28.86944 17.064154 3.4458058 6
27.310101 15.364359 5.4664683 3
10.42139 6.0450201 3.2761171 1
14.085406 8.1938133 0.23814979 3
3.2803228 1.8551363 -0.058988571 3
2.3404069 1.3033112 -0.072433561 1
26.158907 15.178715 6.3782711 8
2.6852443 1.5059805 -0.056520835 2
2.0612271 1.1396519 -0.080902591 1
17.176933 10.004891 5.8172555 2
8.3846941 4.8506927 0.018572211 5
5.610703 3.1976101 -0.034942407 3
27.357153 15.264934 5.465003 3
14.069279 8.1185703 0.23894377 3
36.286297 21.12546 4.185061 14
2.3349736 1.2896224 -0.069750257 1
2.7211244 1.5148216 -0.063408501 2
10.429211 6.0009699 3.2724361 2
2.0152929 1.1035794 -0.065389857 1
26.161238 15.057673 6.3666153 8
3.2869153 1.84405 -0.059012897 3
18.240538 10.543664 6.1360259 5
8.4121351 4.8276858 0.017880261 5
10.332241 5.8964849 3.24086 10
2.3463261 1.2857758 -0.071567029 1
36.288036 20.956314 4.1774511 14
2.7265244 1.5057006 -0.063428171 2
2.0459859 1.1124545 -0.073684782 1
18.25493 10.399492 4.5824838 4
3.3550029 1.8685842 -0.07029853 3
18.317757 10.503167 6.1483078 7
8.4533501 4.8125477 0.016350083 5
18.270893 10.328244 4.5781512 18
15.294068 8.6931372 0.21523324 3
18.228811 10.371316 6.1098652 5
10.336106 5.850915 3.2362792 5
8.4668388 4.7812691 0.01649496 5
2.2968738 1.2468666 -0.057186943 1
36.396118 20.848997 4.1806526 14
2.7557218 1.5102587 -0.068789586 2
2.0332358 1.0960703 -0.068523258 1
2.3214216 1.251218 -0.062601358 1
10.4082 5.8466835 3.2501528 15
15.293327 8.6220016 0.21574262 3
25.690636 14.433739 6.2263308 7
8.4793701 4.7514319 0.01664244 5
18.154421 10.244677 6.0755558 4
36.424282 20.695761 4.1758361 14
2.7201784 1.4776767 -0.059651233 2
2.0304594 1.0855399 -0.066466905 1
15.308186 8.5634708 0.21590811 3
20.244905 11.344107 6.707993 2
25.762781 14.361787 6.231482 3
3.2266049 1.7514017 -0.04346453 3
2.3428557 1.2531085 -0.067116261 1
2.0442448 1.084898 -0.069585808 1
10.359211 5.7712798 3.2316256 3
2.7661901 1.4922274 -0.068828322 2
36.472477 20.562712 4.1734719 14
8.5065489 4.7279491 0.015949618 5
2.3946855 1.2724341 -0.079728216 1
10.851243 6.0017366 3.3566239 3
3.3186574 1.789385 -0.05913011 3
15.387139 8.5374146 0.21481308 3
8.5293455 4.7038546 0.01547002 5
18.086201 10.043611 6.0328364 1
36.502922 20.411499 4.1690059 14
2.7475457 1.4694897 -0.063505113 2
2.0346675 1.0705893 -0.065458849 1
